Scenario,ScenarioName,Algorithm,Seed,HV,GD,IGD,Spacing,NonDomSolutions,ParetoContribution,TimeMs,WaitingTime_Best,Energy_Best,ScoredSeeds
1,Balanced,GA_WaitingTime_Dominance,200,0.142155,0.003825,0.520261,0.004888,11,5,6215,2.034000,0.062984048,
1,Balanced,GA_WaitingTime_Dominance,201,0.131300,0.004118,0.532658,0.002200,8,0,4546,2.070000,0.063186210,
1,Balanced,GA_WaitingTime_Dominance,202,0.141879,0.004632,0.521596,0.002887,12,0,4248,2.054000,0.062987047,
1,Balanced,GA_WaitingTime_Dominance,203,0.137116,0.009861,0.524075,0.001901,15,0,4331,2.102000,0.063071110,
1,Balanced,GA_WaitingTime_Dominance,204,0.154396,0.002185,0.514691,0.004604,7,4,4051,2.060000,0.062751894,
1,Balanced,GA_WaitingTime_Dominance,205,0.152744,0.001114,0.519462,0.001878,8,2,4132,2.048000,0.062784192,
1,Balanced,GA_WaitingTime_Dominance,206,0.124352,0.017769,0.526158,0.013952,9,0,3966,2.046000,0.063314733,
1,Balanced,GA_WaitingTime_Dominance,207,0.133832,0.017346,0.521279,0.002632,14,0,4157,2.040000,0.063133772,
1,Balanced,GA_WaitingTime_Dominance,208,0.142434,0.002155,0.527661,0.001925,6,0,4033,2.094000,0.062974361,
1,Balanced,GA_WaitingTime_Dominance,209,0.143684,0.002512,0.525613,0.001776,9,0,4233,2.082000,0.062951770,
1,Balanced,GA_WaitingTime_Dominance,MEAN,0.140389,0.006552,0.523346,0.003864,,11,4391,2.034000,0.062751894,10
1,Balanced,GA_Energy_Dominance,200,0.670386,0.048056,0.086620,0.007008,81,8,5791,4.386000,0.047749904,
1,Balanced,GA_Energy_Dominance,201,0.663752,0.050790,0.089757,0.007900,84,14,6309,4.246000,0.047668823,
1,Balanced,GA_Energy_Dominance,202,0.660903,0.046850,0.098570,0.008122,91,3,5685,4.372000,0.048578448,
1,Balanced,GA_Energy_Dominance,203,0.631744,0.071996,0.110297,0.006291,90,14,5795,4.606000,0.046981777,
1,Balanced,GA_Energy_Dominance,204,0.659463,0.053273,0.093838,0.010147,86,0,5467,4.412000,0.048884587,
1,Balanced,GA_Energy_Dominance,205,0.574173,0.079374,0.168474,0.015186,90,10,5072,4.236000,0.052799077,
1,Balanced,GA_Energy_Dominance,206,0.639703,0.071182,0.114348,0.005822,88,0,5418,4.220000,0.049510916,
1,Balanced,GA_Energy_Dominance,207,0.621824,0.084914,0.110658,0.008924,75,2,5881,4.192000,0.047260939,
1,Balanced,GA_Energy_Dominance,208,0.659955,0.054482,0.093981,0.006079,104,5,5332,4.166000,0.049962177,
1,Balanced,GA_Energy_Dominance,209,0.638501,0.075558,0.108630,0.006808,105,0,6178,4.526000,0.047435093,
1,Balanced,GA_Energy_Dominance,MEAN,0.642040,0.063648,0.107517,0.008229,,56,5692,4.166000,0.046981777,10
1,Balanced,SA_WaitingTime_Dominance,200,0.111274,0.021724,0.534136,0.008665,16,0,2335,1.840000,0.063574826,
1,Balanced,SA_WaitingTime_Dominance,201,0.114541,0.027414,0.528984,0.003509,28,0,2424,1.862000,0.063442500,
1,Balanced,SA_WaitingTime_Dominance,202,0.106507,0.028462,0.536149,0.002841,20,6,2350,1.838000,0.063602724,
1,Balanced,SA_WaitingTime_Dominance,203,0.109426,0.019463,0.535813,0.002238,19,8,2298,1.926000,0.063574826,
1,Balanced,SA_WaitingTime_Dominance,204,0.116659,0.024241,0.530940,0.001654,30,0,2333,1.838000,0.063565358,
1,Balanced,SA_WaitingTime_Dominance,205,0.113478,0.015808,0.532773,0.001626,34,0,2445,1.908000,0.063567351,
1,Balanced,SA_WaitingTime_Dominance,206,0.107400,0.012373,0.535620,0.001313,28,4,2159,1.824000,0.063589900,
1,Balanced,SA_WaitingTime_Dominance,207,0.110490,0.008008,0.533470,0.001109,21,3,2287,1.888000,0.063546807,
1,Balanced,SA_WaitingTime_Dominance,208,0.140138,0.030510,0.522210,0.001993,34,0,2447,1.842000,0.063603419,
1,Balanced,SA_WaitingTime_Dominance,209,0.143719,0.035376,0.518113,0.005080,38,0,2600,1.880000,0.063457154,
1,Balanced,SA_WaitingTime_Dominance,MEAN,0.117363,0.022338,0.530821,0.003003,,21,2367,1.824000,0.063442500,10
1,Balanced,SA_Energy_Dominance,200,0.555170,0.144751,0.170254,0.003361,110,0,3256,4.566000,0.050847613,
1,Balanced,SA_Energy_Dominance,201,0.582056,0.113829,0.162026,0.003279,137,0,3302,4.242000,0.051295725,
1,Balanced,SA_Energy_Dominance,202,0.515850,0.105247,0.245873,0.002442,84,0,3434,4.412000,0.054376439,
1,Balanced,SA_Energy_Dominance,203,0.526544,0.144320,0.193577,0.004345,107,0,3020,4.486000,0.052710786,
1,Balanced,SA_Energy_Dominance,204,0.538653,0.115221,0.219621,0.003905,100,4,2676,4.214000,0.053534331,
1,Balanced,SA_Energy_Dominance,205,0.511797,0.107199,0.237345,0.002500,109,0,2911,4.188000,0.054317863,
1,Balanced,SA_Energy_Dominance,206,0.514012,0.127010,0.225160,0.002790,90,0,2883,4.432000,0.053821174,
1,Balanced,SA_Energy_Dominance,207,0.549530,0.124780,0.188990,0.002999,121,0,3127,4.424000,0.052416109,
1,Balanced,SA_Energy_Dominance,208,0.547057,0.128479,0.175213,0.003993,96,0,3280,4.694000,0.052000040,
1,Balanced,SA_Energy_Dominance,209,0.586825,0.095804,0.168545,0.002671,113,0,3156,4.522000,0.051879974,
1,Balanced,SA_Energy_Dominance,MEAN,0.542749,0.120664,0.198660,0.003228,,4,3104,4.188000,0.050847613,10
1,Balanced,NSGA-II,200,0.571962,0.013985,0.227090,0.004257,51,1,8637,2.846000,0.054302705,
1,Balanced,NSGA-II,201,0.579581,0.007452,0.252252,0.005065,46,14,8580,3.154000,0.054138843,
1,Balanced,NSGA-II,202,0.538144,0.017133,0.243143,0.003817,45,0,8073,2.864000,0.055058038,
1,Balanced,NSGA-II,203,0.546826,0.010428,0.255571,0.004958,45,0,8283,2.832000,0.054895623,
1,Balanced,NSGA-II,204,0.530475,0.013076,0.256739,0.003776,43,0,7915,2.984000,0.055220431,
1,Balanced,NSGA-II,205,0.546535,0.007582,0.248703,0.003209,49,2,7890,2.936000,0.054929030,
1,Balanced,NSGA-II,206,0.555268,0.011142,0.261531,0.002837,45,0,7808,2.892000,0.054732457,
1,Balanced,NSGA-II,207,0.529557,0.018997,0.253006,0.005250,41,0,8298,2.896000,0.055214503,
1,Balanced,NSGA-II,208,0.524666,0.016045,0.260871,0.004315,43,0,8261,2.958000,0.055322881,
1,Balanced,NSGA-II,209,0.520360,0.004378,0.273304,0.002913,43,21,7723,2.924000,0.055487391,
1,Balanced,NSGA-II,MEAN,0.544337,0.012022,0.253221,0.004040,,38,8146,2.832000,0.054138843,10
1,Balanced,SPEA-II,200,0.449896,0.014547,0.313558,0.001529,41,0,8548,2.698000,0.056907542,
1,Balanced,SPEA-II,201,0.423113,0.018759,0.324380,0.001254,47,0,8851,2.700000,0.057414416,
1,Balanced,SPEA-II,202,0.519627,0.016997,0.270829,0.005747,48,0,8881,2.756000,0.055456686,
1,Balanced,SPEA-II,203,0.318629,0.018865,0.398658,0.002471,29,0,8860,2.694000,0.059510545,
1,Balanced,SPEA-II,204,0.504875,0.002942,0.301052,0.003702,39,16,8939,2.670000,0.055871902,
1,Balanced,SPEA-II,205,0.545179,0.022549,0.244347,0.005376,55,0,9209,2.730000,0.054879529,
1,Balanced,SPEA-II,206,0.477399,0.006958,0.308608,0.002170,38,7,8082,2.706000,0.056394379,
1,Balanced,SPEA-II,207,0.476911,0.025308,0.279684,0.006762,41,0,8940,2.740000,0.056315091,
1,Balanced,SPEA-II,208,0.384195,0.020866,0.355287,0.002318,39,0,8823,2.718000,0.058195897,
1,Balanced,SPEA-II,209,0.468478,0.014202,0.299020,0.003359,46,0,8626,2.624000,0.056561360,
1,Balanced,SPEA-II,MEAN,0.456830,0.016199,0.309542,0.003469,,23,8775,2.624000,0.054879529,10
1,Balanced,AMOSA,200,0.371142,0.026785,0.346812,0.004379,49,0,6927,2.820000,0.058418212,
1,Balanced,AMOSA,201,0.355378,0.021759,0.352302,0.001916,59,0,6460,2.586000,0.058766537,
1,Balanced,AMOSA,202,0.334717,0.025179,0.370194,0.001596,43,0,6380,2.660000,0.059168417,
1,Balanced,AMOSA,203,0.366674,0.019046,0.362696,0.001725,50,0,6577,2.702000,0.058560042,
1,Balanced,AMOSA,204,0.382423,0.017644,0.357963,0.001678,47,0,6176,2.700000,0.058251439,
1,Balanced,AMOSA,205,0.369475,0.012431,0.352186,0.001833,38,0,6231,2.678000,0.058520673,
1,Balanced,AMOSA,206,0.379009,0.016517,0.352252,0.001430,42,0,6259,2.718000,0.058316885,
1,Balanced,AMOSA,207,0.389194,0.028779,0.339400,0.001305,54,0,6489,2.726000,0.058074190,
1,Balanced,AMOSA,208,0.361753,0.017088,0.363699,0.002227,43,0,6464,2.662000,0.058657543,
1,Balanced,AMOSA,209,0.365180,0.028293,0.348158,0.001643,56,0,6265,2.726000,0.058542772,
1,Balanced,AMOSA,MEAN,0.367495,0.021352,0.354566,0.001973,,0,6422,2.586000,0.058074190,10
1,Balanced,GA_WaitingTime_Dominance_PC90,200,0.163204,0.004396,0.510426,0.003045,9,0,11939,2.160000,0.062575093,
1,Balanced,GA_WaitingTime_Dominance_PC90,201,0.140470,0.006600,0.525567,0.004868,7,0,11875,2.158000,0.063005350,
1,Balanced,GA_WaitingTime_Dominance_PC90,202,0.158692,0.017003,0.495554,0.004963,24,0,11627,2.140000,0.062640221,
1,Balanced,GA_WaitingTime_Dominance_PC90,203,0.198896,0.000000,0.489474,0.005894,8,8,11732,2.164000,0.061900522,
1,Balanced,GA_WaitingTime_Dominance_PC90,204,0.152197,0.015373,0.509402,0.003589,13,0,11395,2.100000,0.062774007,
1,Balanced,GA_WaitingTime_Dominance_PC90,205,0.111824,0.022308,0.534973,0.001401,15,0,11727,2.104000,0.063539698,
1,Balanced,GA_WaitingTime_Dominance_PC90,206,0.118819,0.020388,0.530932,0.002592,9,0,10888,2.146000,0.063412641,
1,Balanced,GA_WaitingTime_Dominance_PC90,207,0.140267,0.007231,0.523767,0.001262,11,0,11771,2.124000,0.063011162,
1,Balanced,GA_WaitingTime_Dominance_PC90,208,0.159093,0.003089,0.514044,0.005122,7,0,12652,2.106000,0.062658567,
1,Balanced,GA_WaitingTime_Dominance_PC90,209,0.145307,0.003025,0.523853,0.004019,6,0,11682,2.120000,0.062917672,
1,Balanced,GA_WaitingTime_Dominance_PC90,MEAN,0.148877,0.009941,0.515799,0.003676,,8,11728,2.100000,0.061900522,10
1,Balanced,GA_Energy_Dominance_PC90,200,0.634917,0.073422,0.111121,0.009402,87,0,14109,4.468000,0.047637911,
1,Balanced,GA_Energy_Dominance_PC90,201,0.647331,0.058801,0.096135,0.011387,86,0,13229,4.458000,0.048615669,
1,Balanced,GA_Energy_Dominance_PC90,202,0.649728,0.068765,0.100726,0.005755,99,0,13490,4.318000,0.048876811,
1,Balanced,GA_Energy_Dominance_PC90,203,0.646030,0.057765,0.105431,0.006546,83,0,13579,4.184000,0.049057134,
1,Balanced,GA_Energy_Dominance_PC90,204,0.621802,0.084251,0.108699,0.010861,83,0,14220,4.898000,0.047954420,
1,Balanced,GA_Energy_Dominance_PC90,205,0.680547,0.039656,0.086696,0.006937,99,34,13713,4.352000,0.048359984,
1,Balanced,GA_Energy_Dominance_PC90,206,0.643439,0.067763,0.105514,0.004674,92,0,12136,4.140000,0.049576424,
1,Balanced,GA_Energy_Dominance_PC90,207,0.619905,0.071131,0.137735,0.009912,81,9,12413,4.382000,0.050960682,
1,Balanced,GA_Energy_Dominance_PC90,208,0.610095,0.059604,0.132357,0.004065,104,0,13520,4.258000,0.051722067,
1,Balanced,GA_Energy_Dominance_PC90,209,0.633084,0.080834,0.106053,0.006435,91,0,13381,4.190000,0.047857078,
1,Balanced,GA_Energy_Dominance_PC90,MEAN,0.638688,0.066199,0.109047,0.007597,,43,13379,4.140000,0.047637911,10
1,Balanced,SA_WaitingTime_Dominance_PC90,200,0.123065,0.018751,0.528668,0.002694,31,0,10381,2.024000,0.063574826,
1,Balanced,SA_WaitingTime_Dominance_PC90,201,0.129730,0.030206,0.514420,0.003947,23,0,10437,2.100000,0.063161753,
1,Balanced,SA_WaitingTime_Dominance_PC90,202,0.119325,0.023730,0.531056,0.002289,23,0,10766,2.114000,0.063602724,
1,Balanced,SA_WaitingTime_Dominance_PC90,203,0.135561,0.039535,0.505116,0.001699,35,0,10044,1.984000,0.063134815,
1,Balanced,SA_WaitingTime_Dominance_PC90,204,0.110791,0.013656,0.533436,0.001740,20,0,10321,2.066000,0.063565358,
1,Balanced,SA_WaitingTime_Dominance_PC90,205,0.127329,0.014753,0.530660,0.002561,23,0,10522,2.104000,0.063417459,
1,Balanced,SA_WaitingTime_Dominance_PC90,206,0.106790,0.028080,0.536079,0.001982,19,0,10180,2.002000,0.063589900,
1,Balanced,SA_WaitingTime_Dominance_PC90,207,0.110695,0.019849,0.533647,0.001729,25,0,10274,2.052000,0.063546807,
1,Balanced,SA_WaitingTime_Dominance_PC90,208,0.106179,0.024488,0.536922,0.003212,16,0,9838,2.022000,0.063603419,
1,Balanced,SA_WaitingTime_Dominance_PC90,209,0.114443,0.024852,0.529767,0.003529,18,0,9929,2.056000,0.063457154,
1,Balanced,SA_WaitingTime_Dominance_PC90,MEAN,0.118391,0.023790,0.527977,0.002538,,0,10269,1.984000,0.063134815,10
1,Balanced,SA_Energy_Dominance_PC90,200,0.542809,0.145632,0.178442,0.003139,111,0,11253,4.536000,0.051533360,
1,Balanced,SA_Energy_Dominance_PC90,201,0.530023,0.159628,0.190424,0.004109,94,0,10322,4.334000,0.052136626,
1,Balanced,SA_Energy_Dominance_PC90,202,0.523652,0.123915,0.226743,0.004059,101,0,10388,4.192000,0.053737648,
1,Balanced,SA_Energy_Dominance_PC90,203,0.548057,0.123327,0.194269,0.002283,114,0,10296,4.486000,0.052517372,
1,Balanced,SA_Energy_Dominance_PC90,204,0.518060,0.110225,0.221901,0.002247,89,0,9905,4.172000,0.053979546,
1,Balanced,SA_Energy_Dominance_PC90,205,0.490952,0.157691,0.220512,0.004744,102,0,10155,4.470000,0.053534521,
1,Balanced,SA_Energy_Dominance_PC90,206,0.515789,0.127012,0.231791,0.006083,74,0,10179,4.390000,0.053885834,
1,Balanced,SA_Energy_Dominance_PC90,207,0.538786,0.140950,0.197563,0.005015,86,0,10719,4.728000,0.052551008,
1,Balanced,SA_Energy_Dominance_PC90,208,0.505599,0.178003,0.201028,0.005803,114,0,10743,4.510000,0.052272291,
1,Balanced,SA_Energy_Dominance_PC90,209,0.555915,0.121786,0.191412,0.003018,107,0,10680,4.594000,0.052369989,
1,Balanced,SA_Energy_Dominance_PC90,MEAN,0.526964,0.138817,0.205409,0.004050,,0,10464,4.172000,0.051533360,10
1,Balanced,NSGA-II_PC90,200,0.544175,0.018306,0.241599,0.004723,45,0,15953,2.976000,0.054916048,
1,Balanced,NSGA-II_PC90,201,0.511092,0.021114,0.265350,0.003072,39,0,17126,3.010000,0.055567556,
1,Balanced,NSGA-II_PC90,202,0.474269,0.012397,0.291073,0.004428,40,0,15726,2.886000,0.056403066,
1,Balanced,NSGA-II_PC90,203,0.562809,0.012286,0.238996,0.003341,41,0,16833,3.074000,0.054518392,
1,Balanced,NSGA-II_PC90,204,0.551268,0.010192,0.249306,0.004259,44,2,16513,3.052000,0.054777414,
1,Balanced,NSGA-II_PC90,205,0.551561,0.014321,0.246366,0.017385,48,0,15919,3.104000,0.054738158,
1,Balanced,NSGA-II_PC90,206,0.548395,0.016278,0.239561,0.005907,45,0,16696,3.014000,0.054815633,
1,Balanced,NSGA-II_PC90,207,0.491793,0.032127,0.265282,0.003907,43,0,16150,3.002000,0.055897494,
1,Balanced,NSGA-II_PC90,208,0.508918,0.023786,0.252451,0.006803,44,0,16637,2.966000,0.055640449,
1,Balanced,NSGA-II_PC90,209,0.547922,0.007600,0.250803,0.005709,34,6,15419,2.946000,0.054883226,
1,Balanced,NSGA-II_PC90,MEAN,0.529220,0.016841,0.254079,0.005953,,8,16297,2.886000,0.054518392,10
1,Balanced,SPEA-II_PC90,200,0.472620,0.008891,0.301052,0.002673,33,1,15902,2.878000,0.056439456,
1,Balanced,SPEA-II_PC90,201,0.421585,0.023065,0.327419,0.001865,45,0,17432,2.896000,0.057404293,
1,Balanced,SPEA-II_PC90,202,0.453421,0.016596,0.306278,0.003017,39,0,16603,2.754000,0.056817509,
1,Balanced,SPEA-II_PC90,203,0.357240,0.017370,0.375420,0.004183,29,0,17606,2.754000,0.058741625,
1,Balanced,SPEA-II_PC90,204,0.397372,0.018068,0.329288,0.003413,37,0,17964,2.884000,0.057919285,
1,Balanced,SPEA-II_PC90,205,0.456521,0.014466,0.310503,0.002469,50,0,16974,2.744000,0.056780797,
1,Balanced,SPEA-II_PC90,206,0.491243,0.024206,0.257906,0.005988,40,0,16455,2.866000,0.056002141,
1,Balanced,SPEA-II_PC90,207,0.475929,0.025541,0.280491,0.003482,41,0,16904,2.882000,0.056314267,
1,Balanced,SPEA-II_PC90,208,0.466451,0.010410,0.312630,0.002204,35,1,16594,2.818000,0.056594859,
1,Balanced,SPEA-II_PC90,209,0.335622,0.015505,0.385923,0.002067,33,0,16683,2.784000,0.059160793,
1,Balanced,SPEA-II_PC90,MEAN,0.432800,0.017412,0.318691,0.003136,,2,16911,2.744000,0.056002141,10
1,Balanced,AMOSA_PC90,200,0.366553,0.024061,0.357305,0.002341,48,0,16900,2.810000,0.058527199,
1,Balanced,AMOSA_PC90,201,0.344496,0.019209,0.371209,0.001903,49,0,17222,2.704000,0.058992282,
1,Balanced,AMOSA_PC90,202,0.354108,0.018485,0.363059,0.001245,50,0,16176,2.722000,0.058792199,
1,Balanced,AMOSA_PC90,203,0.355617,0.015454,0.360896,0.002404,42,0,16331,2.620000,0.058793819,
1,Balanced,AMOSA_PC90,204,0.375363,0.023412,0.348885,0.002172,38,0,16404,2.790000,0.058357545,
1,Balanced,AMOSA_PC90,205,0.361065,0.003622,0.378100,0.000657,39,16,17097,2.612000,0.058715634,
1,Balanced,AMOSA_PC90,206,0.344013,0.019510,0.379781,0.001384,30,0,17090,2.720000,0.058999644,
1,Balanced,AMOSA_PC90,207,0.396760,0.015877,0.343721,0.005055,35,0,18430,2.714000,0.057968447,
1,Balanced,AMOSA_PC90,208,0.374521,0.022910,0.346481,0.001644,45,0,17414,2.684000,0.058398025,
1,Balanced,AMOSA_PC90,209,0.358750,0.010963,0.364617,0.001327,38,3,16438,2.566000,0.058756471,
1,Balanced,AMOSA_PC90,MEAN,0.363125,0.017350,0.361405,0.002013,,19,16950,2.566000,0.057968447,10
1,Balanced,GA_WaitingTime_Dominance_PC80,200,0.168398,0.008094,0.506702,0.003142,5,0,11627,2.320000,0.062459809,
1,Balanced,GA_WaitingTime_Dominance_PC80,201,0.193651,0.008315,0.487417,0.002321,9,0,11787,2.344000,0.061975732,
1,Balanced,GA_WaitingTime_Dominance_PC80,202,0.151499,0.013010,0.515003,0.001231,10,0,11147,2.404000,0.062771847,
1,Balanced,GA_WaitingTime_Dominance_PC80,203,0.172446,0.014361,0.490688,0.010417,11,0,11936,2.394000,0.062371590,
1,Balanced,GA_WaitingTime_Dominance_PC80,204,0.205443,0.008815,0.471390,0.004173,14,1,11464,2.396000,0.061741464,
1,Balanced,GA_WaitingTime_Dominance_PC80,205,0.152221,0.018724,0.502586,0.013059,9,0,11164,2.368000,0.062751937,
1,Balanced,GA_WaitingTime_Dominance_PC80,206,0.160947,0.010369,0.507235,0.004871,10,0,11101,2.300000,0.062601070,
1,Balanced,GA_WaitingTime_Dominance_PC80,207,0.163031,0.012375,0.501621,0.007789,10,0,10963,2.326000,0.062556770,
1,Balanced,GA_WaitingTime_Dominance_PC80,208,0.162504,0.009110,0.510369,0.003122,9,0,11943,2.342000,0.062569372,
1,Balanced,GA_WaitingTime_Dominance_PC80,209,0.174731,0.014466,0.494694,0.012300,4,0,12153,2.412000,0.062326367,
1,Balanced,GA_WaitingTime_Dominance_PC80,MEAN,0.170487,0.011764,0.498770,0.006242,,1,11528,2.300000,0.061741464,10
1,Balanced,GA_Energy_Dominance_PC80,200,0.589023,0.092965,0.134719,0.007473,111,0,13628,6.536000,0.049445930,
1,Balanced,GA_Energy_Dominance_PC80,201,0.541663,0.134657,0.178350,0.010146,91,0,12956,6.344000,0.051339406,
1,Balanced,GA_Energy_Dominance_PC80,202,0.524881,0.142685,0.184747,0.006449,89,0,13269,6.680000,0.051795820,
1,Balanced,GA_Energy_Dominance_PC80,203,0.471394,0.196524,0.224015,0.014449,84,0,12909,6.826000,0.051116973,
1,Balanced,GA_Energy_Dominance_PC80,204,0.513805,0.111120,0.200765,0.009624,91,0,13378,6.480000,0.053164304,
1,Balanced,GA_Energy_Dominance_PC80,205,0.524982,0.141678,0.182196,0.004762,96,0,13804,6.528000,0.051630962,
1,Balanced,GA_Energy_Dominance_PC80,206,0.537965,0.137350,0.181132,0.003659,105,0,12746,6.742000,0.051581635,
1,Balanced,GA_Energy_Dominance_PC80,207,0.525067,0.177799,0.200617,0.006709,103,0,13334,6.822000,0.050306689,
1,Balanced,GA_Energy_Dominance_PC80,208,0.576011,0.117116,0.160399,0.005024,98,0,13390,6.300000,0.050990580,
1,Balanced,GA_Energy_Dominance_PC80,209,0.547985,0.138889,0.174794,0.014604,92,0,14200,6.838000,0.050514028,
1,Balanced,GA_Energy_Dominance_PC80,MEAN,0.535278,0.139078,0.182174,0.008290,,0,13361,6.300000,0.049445930,10
1,Balanced,SA_WaitingTime_Dominance_PC80,200,0.108838,0.020413,0.535787,0.002367,14,0,10474,2.286000,0.063574826,
1,Balanced,SA_WaitingTime_Dominance_PC80,201,0.109500,0.029694,0.534650,0.003127,21,0,10147,2.336000,0.063545405,
1,Balanced,SA_WaitingTime_Dominance_PC80,202,0.106877,0.024667,0.537862,0.001922,13,0,10638,2.280000,0.063610953,
1,Balanced,SA_WaitingTime_Dominance_PC80,203,0.109004,0.022914,0.535483,0.004366,16,0,10060,2.306000,0.063574826,
1,Balanced,SA_WaitingTime_Dominance_PC80,204,0.109201,0.030490,0.534913,0.003928,24,0,9979,2.238000,0.063565358,
1,Balanced,SA_WaitingTime_Dominance_PC80,205,0.108692,0.021941,0.535617,0.003041,16,0,10274,2.360000,0.063567351,
1,Balanced,SA_WaitingTime_Dominance_PC80,206,0.106737,0.027491,0.536719,0.002482,23,0,9797,2.366000,0.063599165,
1,Balanced,SA_WaitingTime_Dominance_PC80,207,0.123670,0.029020,0.528309,0.006337,20,0,10077,2.352000,0.063546807,
1,Balanced,SA_WaitingTime_Dominance_PC80,208,0.106912,0.024585,0.536943,0.003474,29,0,10199,2.350000,0.063603419,
1,Balanced,SA_WaitingTime_Dominance_PC80,209,0.121497,0.027189,0.530366,0.003770,16,0,10013,2.226000,0.063589900,
1,Balanced,SA_WaitingTime_Dominance_PC80,MEAN,0.111093,0.025840,0.534665,0.003481,,0,10165,2.226000,0.063545405,10
1,Balanced,SA_Energy_Dominance_PC80,200,0.504135,0.172703,0.203566,0.007617,116,0,10569,5.320000,0.052381789,
1,Balanced,SA_Energy_Dominance_PC80,201,0.477253,0.193265,0.208832,0.004214,89,0,10421,4.630000,0.052364996,
1,Balanced,SA_Energy_Dominance_PC80,202,0.523448,0.147050,0.191573,0.006716,87,0,10167,4.948000,0.052046079,
1,Balanced,SA_Energy_Dominance_PC80,203,0.440781,0.222332,0.235093,0.003320,94,0,11100,5.104000,0.052712356,
1,Balanced,SA_Energy_Dominance_PC80,204,0.516092,0.178101,0.189529,0.004649,116,0,10790,5.132000,0.050617607,
1,Balanced,SA_Energy_Dominance_PC80,205,0.530739,0.163080,0.178750,0.003448,110,0,10449,4.770000,0.051040795,
1,Balanced,SA_Energy_Dominance_PC80,206,0.537950,0.134392,0.202977,0.003709,67,0,10544,5.036000,0.052724356,
1,Balanced,SA_Energy_Dominance_PC80,207,0.533478,0.178055,0.179485,0.003889,109,0,10734,4.896000,0.050416157,
1,Balanced,SA_Energy_Dominance_PC80,208,0.503732,0.179228,0.195461,0.005194,106,0,10378,4.834000,0.051471955,
1,Balanced,SA_Energy_Dominance_PC80,209,0.552162,0.130189,0.202185,0.005926,83,2,10064,4.740000,0.052413072,
1,Balanced,SA_Energy_Dominance_PC80,MEAN,0.511977,0.169839,0.198745,0.004868,,2,10521,4.630000,0.050416157,10
1,Balanced,NSGA-II_PC80,200,0.302987,0.017334,0.405822,0.007734,14,0,15029,2.866000,0.059784182,
1,Balanced,NSGA-II_PC80,201,0.383472,0.015375,0.369116,0.001752,30,0,14837,2.900000,0.058201687,
1,Balanced,NSGA-II_PC80,202,0.272357,0.020184,0.424655,0.002378,21,0,15014,2.866000,0.060375187,
1,Balanced,NSGA-II_PC80,203,0.337046,0.041390,0.357142,0.003967,37,0,15396,3.220000,0.058974176,
1,Balanced,NSGA-II_PC80,204,0.308615,0.020033,0.401097,0.002921,24,0,14940,2.880000,0.059667002,
1,Balanced,NSGA-II_PC80,205,0.414460,0.068039,0.294324,0.006645,31,0,15973,3.170000,0.057242235,
1,Balanced,NSGA-II_PC80,206,0.280505,0.020813,0.426643,0.003762,19,0,14978,2.826000,0.060229943,
1,Balanced,NSGA-II_PC80,207,0.255063,0.017909,0.435775,0.002013,21,0,14367,2.878000,0.060711610,
1,Balanced,NSGA-II_PC80,208,0.272393,0.017813,0.424749,0.002581,25,0,15067,2.866000,0.060373955,
1,Balanced,NSGA-II_PC80,209,0.288961,0.018564,0.412318,0.002443,32,0,14699,2.820000,0.060063039,
1,Balanced,NSGA-II_PC80,MEAN,0.311586,0.025746,0.395164,0.003619,,0,15030,2.820000,0.057242235,10
1,Balanced,SPEA-II_PC80,200,0.353043,0.064262,0.341810,0.002485,38,0,16801,3.102000,0.058569233,
1,Balanced,SPEA-II_PC80,201,0.286344,0.020716,0.423733,0.009065,14,0,16266,2.768000,0.060130283,
1,Balanced,SPEA-II_PC80,202,0.313880,0.014408,0.404607,0.001833,28,0,15845,2.724000,0.059603153,
1,Balanced,SPEA-II_PC80,203,0.363541,0.021375,0.368428,0.003896,20,0,15792,2.770000,0.058610299,
1,Balanced,SPEA-II_PC80,204,0.354152,0.056963,0.340034,0.005953,34,0,15667,3.152000,0.058556896,
1,Balanced,SPEA-II_PC80,205,0.271901,0.015152,0.433731,0.000858,22,0,15954,2.802000,0.060401310,
1,Balanced,SPEA-II_PC80,206,0.259150,0.013885,0.440424,0.003180,22,0,15356,2.784000,0.060651391,
1,Balanced,SPEA-II_PC80,207,0.367292,0.047043,0.335969,0.003957,36,0,16758,3.148000,0.058352677,
1,Balanced,SPEA-II_PC80,208,0.300093,0.016808,0.414953,0.003703,23,0,15865,2.740000,0.059869406,
1,Balanced,SPEA-II_PC80,209,0.357341,0.045760,0.344000,0.003343,31,0,17198,3.122000,0.058553732,
1,Balanced,SPEA-II_PC80,MEAN,0.322674,0.031637,0.384769,0.003827,,0,16150,2.724000,0.058352677,10
1,Balanced,AMOSA_PC80,200,0.275920,0.014252,0.426913,0.001620,26,0,16769,2.722000,0.060333030,
1,Balanced,AMOSA_PC80,201,0.366752,0.024549,0.349467,0.008659,28,0,15944,2.842000,0.058518099,
1,Balanced,AMOSA_PC80,202,0.342707,0.009090,0.385857,0.002374,30,0,15899,2.672000,0.059054544,
1,Balanced,AMOSA_PC80,203,0.351207,0.018003,0.375015,0.001800,32,0,16322,2.774000,0.058855070,
1,Balanced,AMOSA_PC80,204,0.373068,0.032655,0.351724,0.001490,42,0,16566,2.864000,0.058365891,
1,Balanced,AMOSA_PC80,205,0.382623,0.038208,0.339376,0.001649,53,0,16073,2.918000,0.058131329,
1,Balanced,AMOSA_PC80,206,0.356729,0.042161,0.344158,0.002483,52,0,15643,2.976000,0.058628865,
1,Balanced,AMOSA_PC80,207,0.348701,0.017735,0.377940,0.001233,34,0,16072,2.812000,0.058895561,
1,Balanced,AMOSA_PC80,208,0.340770,0.075594,0.340169,0.002715,50,0,16976,2.890000,0.058820708,
1,Balanced,AMOSA_PC80,209,0.348123,0.016497,0.369684,0.001655,41,0,16107,2.784000,0.058905399,
1,Balanced,AMOSA_PC80,MEAN,0.348660,0.028874,0.366030,0.002568,,0,16237,2.672000,0.058131329,10
1,Balanced,GA_WaitingTime_Dominance_PC70,200,0.089339,0.040444,0.553360,0.007458,7,0,11649,2.996000,0.063915250,
1,Balanced,GA_WaitingTime_Dominance_PC70,201,0.065232,0.035151,0.576285,0.000577,4,0,12637,2.942000,0.064392520,
1,Balanced,GA_WaitingTime_Dominance_PC70,202,0.039694,0.053383,0.573450,0.039185,11,0,12553,2.902000,0.064988798,
1,Balanced,GA_WaitingTime_Dominance_PC70,203,0.059246,0.056956,0.578914,0.002956,20,0,11855,2.956000,0.064923642,
1,Balanced,GA_WaitingTime_Dominance_PC70,204,0.063136,0.054346,0.541373,0.054306,12,0,12504,2.984000,0.064401013,
1,Balanced,GA_WaitingTime_Dominance_PC70,205,0.041204,0.046420,0.592200,0.003274,10,0,12251,3.040000,0.064852726,
1,Balanced,GA_WaitingTime_Dominance_PC70,206,0.101586,0.037053,0.546934,0.006289,5,0,12208,2.928000,0.063686714,
1,Balanced,GA_WaitingTime_Dominance_PC70,207,0.080241,0.114849,0.540326,0.009366,16,0,12597,2.962000,0.064129538,
1,Balanced,GA_WaitingTime_Dominance_PC70,208,0.065000,0.041051,0.570154,0.009503,7,0,11755,2.942000,0.064392013,
1,Balanced,GA_WaitingTime_Dominance_PC70,209,0.072393,0.119047,0.542642,0.005935,17,0,12782,2.978000,0.064160612,
1,Balanced,GA_WaitingTime_Dominance_PC70,MEAN,0.067707,0.059870,0.561564,0.013885,,0,12279,2.902000,0.063686714,10
1,Balanced,GA_Energy_Dominance_PC70,200,0.485374,0.190365,0.224705,0.015257,83,0,13766,8.496000,0.051284949,
1,Balanced,GA_Energy_Dominance_PC70,201,0.484120,0.168484,0.221796,0.005165,81,0,13165,7.300000,0.052596229,
1,Balanced,GA_Energy_Dominance_PC70,202,0.501742,0.164595,0.203550,0.004874,102,0,12929,7.032000,0.052113048,
1,Balanced,GA_Energy_Dominance_PC70,203,0.515579,0.155460,0.197517,0.006407,87,0,12924,6.658000,0.051664952,
1,Balanced,GA_Energy_Dominance_PC70,204,0.445128,0.221938,0.244778,0.008552,87,0,13199,8.468000,0.051549798,
1,Balanced,GA_Energy_Dominance_PC70,205,0.477680,0.179930,0.232238,0.005838,81,0,13338,8.022000,0.052626835,
1,Balanced,GA_Energy_Dominance_PC70,206,0.490981,0.156336,0.216735,0.009543,87,0,13370,7.678000,0.052427101,
1,Balanced,GA_Energy_Dominance_PC70,207,0.486887,0.160387,0.226703,0.007247,70,0,12512,8.690000,0.051893381,
1,Balanced,GA_Energy_Dominance_PC70,208,0.478329,0.164149,0.219295,0.004892,98,0,13237,7.054000,0.053012640,
1,Balanced,GA_Energy_Dominance_PC70,209,0.451146,0.217191,0.241735,0.005795,98,0,13363,8.652000,0.050945027,
1,Balanced,GA_Energy_Dominance_PC70,MEAN,0.481696,0.177883,0.222905,0.007357,,0,13180,6.658000,0.050945027,10
1,Balanced,SA_WaitingTime_Dominance_PC70,200,0.113992,0.041171,0.529538,0.006299,16,0,9769,2.830000,0.063456317,
1,Balanced,SA_WaitingTime_Dominance_PC70,201,0.088029,0.031621,0.558222,0.001709,9,0,10039,2.778000,0.063958592,
1,Balanced,SA_WaitingTime_Dominance_PC70,202,0.071593,0.030236,0.567134,0.005312,15,0,10003,2.724000,0.064277383,
1,Balanced,SA_WaitingTime_Dominance_PC70,203,0.111965,0.059558,0.527484,0.001887,40,0,10644,2.754000,0.063732471,
1,Balanced,SA_WaitingTime_Dominance_PC70,204,0.119022,0.034020,0.531439,0.004283,11,0,10543,2.756000,0.063356967,
1,Balanced,SA_WaitingTime_Dominance_PC70,205,0.114247,0.036842,0.532925,0.004150,11,0,10296,2.794000,0.063446281,
1,Balanced,SA_WaitingTime_Dominance_PC70,206,0.085487,0.040353,0.555039,0.002567,13,0,9666,2.794000,0.064000660,
1,Balanced,SA_WaitingTime_Dominance_PC70,207,0.102814,0.036875,0.543239,0.001222,21,0,9935,2.872000,0.063663078,
1,Balanced,SA_WaitingTime_Dominance_PC70,208,0.123166,0.029508,0.527364,0.001339,10,0,11059,2.730000,0.063281103,
1,Balanced,SA_WaitingTime_Dominance_PC70,209,0.103307,0.033371,0.542733,0.004262,8,0,11242,2.690000,0.063659983,
1,Balanced,SA_WaitingTime_Dominance_PC70,MEAN,0.103362,0.037356,0.541512,0.003303,,0,10319,2.690000,0.063281103,10
1,Balanced,SA_Energy_Dominance_PC70,200,0.498778,0.185955,0.197711,0.006512,99,0,11226,6.720000,0.050963878,
1,Balanced,SA_Energy_Dominance_PC70,201,0.480196,0.207034,0.221283,0.004712,82,0,9589,7.022000,0.051477762,
1,Balanced,SA_Energy_Dominance_PC70,202,0.415985,0.249220,0.251722,0.005382,123,0,11230,6.406000,0.049997186,
1,Balanced,SA_Energy_Dominance_PC70,203,0.483717,0.212573,0.224109,0.004908,98,0,10115,6.954000,0.051329700,
1,Balanced,SA_Energy_Dominance_PC70,204,0.450438,0.238915,0.239169,0.006927,100,0,11251,6.884000,0.052082735,
1,Balanced,SA_Energy_Dominance_PC70,205,0.503310,0.206304,0.240098,0.005100,77,0,10766,6.546000,0.052778354,
1,Balanced,SA_Energy_Dominance_PC70,206,0.442004,0.232984,0.250418,0.004634,91,0,10423,7.712000,0.052728041,
1,Balanced,SA_Energy_Dominance_PC70,207,0.504757,0.178523,0.209494,0.004780,108,0,11328,6.368000,0.051917749,
1,Balanced,SA_Energy_Dominance_PC70,208,0.444699,0.241830,0.244908,0.006020,95,0,10368,7.852000,0.050514410,
1,Balanced,SA_Energy_Dominance_PC70,209,0.491360,0.180579,0.198441,0.012043,80,0,11570,5.854000,0.050732777,
1,Balanced,SA_Energy_Dominance_PC70,MEAN,0.471525,0.213392,0.227735,0.006102,,0,10786,5.854000,0.049997186,10
1,Balanced,NSGA-II_PC70,200,0.330553,0.089095,0.354000,0.002471,38,0,15738,4.250000,0.058828067,
1,Balanced,NSGA-II_PC70,201,0.353517,0.060157,0.346372,0.008929,27,0,15742,3.756000,0.058517805,
1,Balanced,NSGA-II_PC70,202,0.259785,0.119922,0.397495,0.002619,37,0,15907,4.284000,0.060208707,
1,Balanced,NSGA-II_PC70,203,0.245843,0.100334,0.409388,0.004319,23,0,15625,4.708000,0.060492059,
1,Balanced,NSGA-II_PC70,204,0.399737,0.090001,0.323870,0.004914,23,0,15012,4.556000,0.057313594,
1,Balanced,NSGA-II_PC70,205,0.358291,0.068803,0.343743,0.002613,39,0,15364,3.850000,0.058378038,
1,Balanced,NSGA-II_PC70,206,0.325623,0.093124,0.359483,0.003658,32,0,15929,4.280000,0.058909591,
1,Balanced,NSGA-II_PC70,207,0.307908,0.099655,0.366985,0.002505,42,0,15686,4.628000,0.059200621,
1,Balanced,NSGA-II_PC70,208,0.262805,0.103266,0.395100,0.003842,32,0,15895,4.592000,0.060131285,
1,Balanced,NSGA-II_PC70,209,0.303900,0.089884,0.374075,0.002296,37,0,14805,4.220000,0.059374980,
1,Balanced,NSGA-II_PC70,MEAN,0.314796,0.091424,0.367051,0.003817,,0,15570,3.756000,0.057313594,10
1,Balanced,SPEA-II_PC70,200,0.346369,0.066330,0.357598,0.005485,24,0,16524,4.114000,0.058593770,
1,Balanced,SPEA-II_PC70,201,0.289840,0.065658,0.387538,0.006272,26,0,16518,4.038000,0.059771161,
1,Balanced,SPEA-II_PC70,202,0.334242,0.069729,0.359977,0.003092,32,0,16538,3.826000,0.058897707,
1,Balanced,SPEA-II_PC70,203,0.323155,0.078170,0.360432,0.003508,31,0,18765,4.100000,0.059045549,
1,Balanced,SPEA-II_PC70,204,0.327002,0.076561,0.366639,0.001662,41,0,17912,4.098000,0.058966949,
1,Balanced,SPEA-II_PC70,205,0.288550,0.086358,0.382389,0.005995,29,0,17472,4.090000,0.059716074,
1,Balanced,SPEA-II_PC70,206,0.340934,0.063952,0.361511,0.004486,24,0,17883,4.096000,0.058722244,
1,Balanced,SPEA-II_PC70,207,0.313982,0.083719,0.369108,0.008503,24,0,16047,4.242000,0.059193666,
1,Balanced,SPEA-II_PC70,208,0.321118,0.089394,0.357373,0.004627,29,0,17559,4.468000,0.058979623,
1,Balanced,SPEA-II_PC70,209,0.321308,0.089683,0.371463,0.003993,24,0,16889,4.330000,0.059039577,
1,Balanced,SPEA-II_PC70,MEAN,0.320650,0.076955,0.367403,0.004762,,0,17210,3.826000,0.058593770,10
1,Balanced,AMOSA_PC70,200,0.270194,0.061356,0.401134,0.005917,28,0,17189,3.540000,0.060254756,
1,Balanced,AMOSA_PC70,201,0.341103,0.082446,0.341303,0.001825,43,0,17339,3.920000,0.058679367,
1,Balanced,AMOSA_PC70,202,0.357181,0.077647,0.339840,0.001645,49,0,17569,3.978000,0.058323152,
1,Balanced,AMOSA_PC70,203,0.314056,0.091234,0.355618,0.003773,40,0,17726,3.824000,0.059196897,
1,Balanced,AMOSA_PC70,204,0.305216,0.068024,0.381961,0.003158,39,0,16544,3.808000,0.059487925,
1,Balanced,AMOSA_PC70,205,0.295964,0.076216,0.377765,0.004843,40,0,17764,3.798000,0.059632064,
1,Balanced,AMOSA_PC70,206,0.308549,0.081953,0.362869,0.003614,53,0,18428,3.816000,0.059345096,
1,Balanced,AMOSA_PC70,207,0.336140,0.074985,0.352689,0.003270,43,0,17113,3.884000,0.058802827,
1,Balanced,AMOSA_PC70,208,0.332099,0.102204,0.346026,0.002516,56,0,17623,4.162000,0.058732053,
1,Balanced,AMOSA_PC70,209,0.339044,0.100072,0.334142,0.006810,39,0,16634,3.882000,0.058661929,
1,Balanced,AMOSA_PC70,MEAN,0.319955,0.081614,0.359335,0.003737,,0,17392,3.540000,0.058323152,10
1,Balanced,GA_WaitingTime_Dominance_PC60,200,0.092158,0.116314,0.539560,0.012411,18,0,12527,3.982000,0.064116139,
1,Balanced,GA_WaitingTime_Dominance_PC60,201,0.043198,0.074391,0.576732,0.014912,13,0,13137,3.764000,0.064792161,
1,Balanced,GA_WaitingTime_Dominance_PC60,202,0.038463,0.082454,0.564835,0.038944,15,0,12534,3.804000,0.064875186,
1,Balanced,GA_WaitingTime_Dominance_PC60,203,0.065064,0.106297,0.568461,0.004222,21,0,11986,4.002000,0.064961926,
1,Balanced,GA_WaitingTime_Dominance_PC60,204,0.108020,0.120407,0.512576,0.007612,16,0,12801,4.046000,0.063370768,
1,Balanced,GA_WaitingTime_Dominance_PC60,205,0.035995,0.084928,0.609197,0.002865,9,0,13225,4.142000,0.065642456,
1,Balanced,GA_WaitingTime_Dominance_PC60,206,0.092836,0.071237,0.542983,0.003840,13,0,12548,3.632000,0.063798068,
1,Balanced,GA_WaitingTime_Dominance_PC60,207,0.085283,0.145777,0.524546,0.006479,12,0,13304,3.926000,0.063806385,
1,Balanced,GA_WaitingTime_Dominance_PC60,208,0.039325,0.090865,0.583310,0.047392,7,0,13379,3.872000,0.065358226,
1,Balanced,GA_WaitingTime_Dominance_PC60,209,0.052814,0.101044,0.549291,0.019499,13,0,13496,3.800000,0.064558894,
1,Balanced,GA_WaitingTime_Dominance_PC60,MEAN,0.065316,0.099371,0.557149,0.015818,,0,12893,3.632000,0.063370768,10
1,Balanced,GA_Energy_Dominance_PC60,200,0.409473,0.220045,0.284437,0.004905,56,0,12604,9.572000,0.054161522,
1,Balanced,GA_Energy_Dominance_PC60,201,0.449058,0.205576,0.250266,0.007165,84,0,13177,7.972000,0.053383601,
1,Balanced,GA_Energy_Dominance_PC60,202,0.450204,0.185942,0.244192,0.006811,75,0,13055,8.270000,0.053133152,
1,Balanced,GA_Energy_Dominance_PC60,203,0.430280,0.197404,0.260913,0.008816,65,0,12997,7.532000,0.053959940,
1,Balanced,GA_Energy_Dominance_PC60,204,0.396955,0.236074,0.293908,0.011443,86,0,13463,12.068000,0.051724715,
1,Balanced,GA_Energy_Dominance_PC60,205,0.362410,0.241339,0.312515,0.004816,52,0,12628,9.614000,0.055409174,
1,Balanced,GA_Energy_Dominance_PC60,206,0.434155,0.210756,0.275351,0.008401,66,0,13696,9.972000,0.053771198,
1,Balanced,GA_Energy_Dominance_PC60,207,0.385711,0.247937,0.303361,0.005783,69,0,12934,9.690000,0.054402249,
1,Balanced,GA_Energy_Dominance_PC60,208,0.422617,0.232606,0.265838,0.005629,74,0,14069,8.970000,0.053220701,
1,Balanced,GA_Energy_Dominance_PC60,209,0.426162,0.219973,0.266308,0.009336,72,0,13739,11.296000,0.051615280,
1,Balanced,GA_Energy_Dominance_PC60,MEAN,0.416702,0.219765,0.275709,0.007310,,0,13236,7.532000,0.051615280,10
1,Balanced,SA_WaitingTime_Dominance_PC60,200,0.111797,0.053166,0.531510,0.003093,17,0,10885,3.246000,0.063457211,
1,Balanced,SA_WaitingTime_Dominance_PC60,201,0.133395,0.065340,0.509461,0.002550,18,0,10335,3.574000,0.062994744,
1,Balanced,SA_WaitingTime_Dominance_PC60,202,0.090799,0.061436,0.547643,0.011815,15,0,10328,3.518000,0.063854736,
1,Balanced,SA_WaitingTime_Dominance_PC60,203,0.154799,0.049988,0.496991,0.002883,21,0,10529,3.312000,0.062603650,
1,Balanced,SA_WaitingTime_Dominance_PC60,204,0.115213,0.058544,0.526152,0.001692,26,0,11133,3.454000,0.063367553,
1,Balanced,SA_WaitingTime_Dominance_PC60,205,0.132972,0.045179,0.516531,0.002265,6,0,11413,3.266000,0.063042505,
1,Balanced,SA_WaitingTime_Dominance_PC60,206,0.094862,0.054478,0.546397,0.011483,8,0,11253,3.480000,0.063778354,
1,Balanced,SA_WaitingTime_Dominance_PC60,207,0.134450,0.043650,0.519983,0.000867,6,0,10779,3.274000,0.063016949,
1,Balanced,SA_WaitingTime_Dominance_PC60,208,0.131167,0.045390,0.520071,0.002556,11,0,10817,3.262000,0.063080674,
1,Balanced,SA_WaitingTime_Dominance_PC60,209,0.112243,0.056396,0.531349,0.003112,17,0,10425,3.452000,0.063430313,
1,Balanced,SA_WaitingTime_Dominance_PC60,MEAN,0.121170,0.053357,0.524609,0.004232,,0,10789,3.246000,0.062603650,10
1,Balanced,SA_Energy_Dominance_PC60,200,0.409810,0.262114,0.270727,0.005706,104,0,11148,8.952000,0.050997601,
1,Balanced,SA_Energy_Dominance_PC60,201,0.374007,0.293304,0.287106,0.006791,94,0,11025,8.952000,0.049728327,
1,Balanced,SA_Energy_Dominance_PC60,202,0.419219,0.256548,0.259107,0.004131,113,0,10720,8.132000,0.050992678,
1,Balanced,SA_Energy_Dominance_PC60,203,0.424723,0.250140,0.251735,0.005231,104,0,10863,8.198000,0.051557063,
1,Balanced,SA_Energy_Dominance_PC60,204,0.462582,0.216712,0.226857,0.005478,101,0,11482,8.146000,0.051278656,
1,Balanced,SA_Energy_Dominance_PC60,205,0.447800,0.239707,0.239363,0.003458,100,0,10834,8.102000,0.051234468,
1,Balanced,SA_Energy_Dominance_PC60,206,0.453530,0.229018,0.239764,0.005114,94,0,10790,9.166000,0.050423484,
1,Balanced,SA_Energy_Dominance_PC60,207,0.483780,0.211148,0.234039,0.005858,89,0,11735,7.916000,0.050645308,
1,Balanced,SA_Energy_Dominance_PC60,208,0.430327,0.246984,0.261020,0.005715,92,0,11520,9.460000,0.051712021,
1,Balanced,SA_Energy_Dominance_PC60,209,0.440456,0.245294,0.249838,0.003655,95,0,11392,8.126000,0.051376111,
1,Balanced,SA_Energy_Dominance_PC60,MEAN,0.434623,0.245097,0.251956,0.005114,,0,11150,7.916000,0.049728327,10
1,Balanced,NSGA-II_PC60,200,0.210244,0.167195,0.425721,0.006024,31,0,16158,5.848000,0.060973147,
1,Balanced,NSGA-II_PC60,201,0.255721,0.111935,0.407268,0.004566,32,0,16506,5.196000,0.060210127,
1,Balanced,NSGA-II_PC60,202,0.216682,0.161955,0.427951,0.010683,26,0,15289,6.088000,0.060781142,
1,Balanced,NSGA-II_PC60,203,0.197521,0.147316,0.444462,0.005546,26,0,15938,5.578000,0.061316164,
1,Balanced,NSGA-II_PC60,204,0.224064,0.138803,0.422005,0.006732,16,0,16396,5.680000,0.060777371,
1,Balanced,NSGA-II_PC60,205,0.267618,0.112765,0.392258,0.004436,33,0,16222,4.990000,0.059985347,
1,Balanced,NSGA-II_PC60,206,0.249457,0.120856,0.412694,0.007392,15,0,15386,5.608000,0.060266552,
1,Balanced,NSGA-II_PC60,207,0.244842,0.142020,0.408372,0.006168,19,0,16378,5.752000,0.060264802,
1,Balanced,NSGA-II_PC60,208,0.284391,0.134818,0.371642,0.005623,24,0,15400,5.596000,0.059452506,
1,Balanced,NSGA-II_PC60,209,0.206287,0.123954,0.438745,0.005966,24,0,15109,5.310000,0.061214745,
1,Balanced,NSGA-II_PC60,MEAN,0.235683,0.136162,0.415112,0.006314,,0,15878,4.990000,0.059452506,10
1,Balanced,SPEA-II_PC60,200,0.207090,0.141557,0.435997,0.010368,15,0,16186,5.884000,0.061113720,
1,Balanced,SPEA-II_PC60,201,0.181176,0.122261,0.463860,0.003846,20,0,16456,5.592000,0.061750424,
1,Balanced,SPEA-II_PC60,202,0.292169,0.129398,0.379933,0.002441,32,0,16236,5.232000,0.059399001,
1,Balanced,SPEA-II_PC60,203,0.291497,0.122726,0.375961,0.004570,25,0,16496,5.474000,0.059380081,
1,Balanced,SPEA-II_PC60,204,0.277120,0.117241,0.392247,0.012230,15,0,17009,5.348000,0.059719443,
1,Balanced,SPEA-II_PC60,205,0.241033,0.114858,0.415119,0.003187,30,0,16412,4.992000,0.060539021,
1,Balanced,SPEA-II_PC60,206,0.273876,0.121334,0.389660,0.008709,13,0,16611,5.548000,0.059766009,
1,Balanced,SPEA-II_PC60,207,0.322622,0.114451,0.354943,0.004209,26,0,15970,5.180000,0.058764101,
1,Balanced,SPEA-II_PC60,208,0.199287,0.131700,0.448614,0.005086,18,0,16766,5.784000,0.061314693,
1,Balanced,SPEA-II_PC60,209,0.237289,0.143684,0.418392,0.006513,18,0,15563,6.198000,0.060415290,
1,Balanced,SPEA-II_PC60,MEAN,0.252316,0.125921,0.407473,0.006116,,0,16370,4.992000,0.058764101,10
1,Balanced,AMOSA_PC60,200,0.243660,0.119607,0.412239,0.001509,50,0,17270,4.990000,0.060453242,
1,Balanced,AMOSA_PC60,201,0.346919,0.093829,0.349830,0.002348,50,0,16761,4.586000,0.058406709,
1,Balanced,AMOSA_PC60,202,0.333427,0.112605,0.348930,0.002362,44,0,16939,5.034000,0.058523396,
1,Balanced,AMOSA_PC60,203,0.273221,0.093984,0.393166,0.001752,46,0,16629,4.472000,0.059974856,
1,Balanced,AMOSA_PC60,204,0.297702,0.110315,0.374150,0.001725,45,0,16995,4.816000,0.059369247,
1,Balanced,AMOSA_PC60,205,0.288980,0.101756,0.379418,0.002450,40,0,17362,4.560000,0.059618079,
1,Balanced,AMOSA_PC60,206,0.313730,0.093571,0.350875,0.010865,38,0,16831,4.758000,0.059089907,
1,Balanced,AMOSA_PC60,207,0.288909,0.089875,0.385826,0.001608,37,0,16734,4.612000,0.059631578,
1,Balanced,AMOSA_PC60,208,0.273802,0.096947,0.384098,0.003850,29,0,16461,4.530000,0.059951176,
1,Balanced,AMOSA_PC60,209,0.305267,0.109172,0.369879,0.004061,42,0,17585,4.658000,0.059245242,
1,Balanced,AMOSA_PC60,MEAN,0.296562,0.102166,0.374841,0.003253,,0,16956,4.472000,0.058406709,10
1,Balanced,GA_WaitingTime_Dominance_PC50,200,0.053414,0.246379,0.578280,0.010008,19,0,12473,7.766000,0.064637711,
1,Balanced,GA_WaitingTime_Dominance_PC50,201,0.057721,0.167672,0.576426,0.003694,16,0,12442,5.704000,0.064782547,
1,Balanced,GA_WaitingTime_Dominance_PC50,202,0.073727,0.192838,0.563076,0.005116,21,0,11980,5.972000,0.064648720,
1,Balanced,GA_WaitingTime_Dominance_PC50,203,0.017119,0.130550,0.611386,0.005348,6,0,12103,5.582000,0.065331188,
1,Balanced,GA_WaitingTime_Dominance_PC50,204,0.072293,0.137972,0.548834,0.005315,9,0,12792,5.528000,0.064107114,
1,Balanced,GA_WaitingTime_Dominance_PC50,205,0.033015,0.332287,0.646693,0.012215,6,0,11565,10.314000,0.067302596,
1,Balanced,GA_WaitingTime_Dominance_PC50,206,0.007657,0.159201,0.619918,0.000000,2,0,11699,6.302000,0.065489071,
1,Balanced,GA_WaitingTime_Dominance_PC50,207,0.127009,0.183928,0.516259,0.008051,21,0,12574,6.018000,0.063456313,
1,Balanced,GA_WaitingTime_Dominance_PC50,208,0.038111,0.183398,0.607149,0.004546,3,0,11708,7.030000,0.065701149,
1,Balanced,GA_WaitingTime_Dominance_PC50,209,0.104297,0.131288,0.528074,0.001665,12,0,13100,5.380000,0.063430944,
1,Balanced,GA_WaitingTime_Dominance_PC50,MEAN,0.058436,0.186551,0.579610,0.005596,,0,12243,5.380000,0.063430944,10
1,Balanced,GA_Energy_Dominance_PC50,200,0.169745,0.328519,0.477281,0.005408,20,0,11804,10.584000,0.060943395,
1,Balanced,GA_Energy_Dominance_PC50,201,0.259544,0.305322,0.394218,0.006733,51,0,12708,9.856000,0.058284935,
1,Balanced,GA_Energy_Dominance_PC50,202,0.336579,0.281021,0.338306,0.007213,51,0,13354,9.892000,0.055838801,
1,Balanced,GA_Energy_Dominance_PC50,203,0.299094,0.276995,0.370637,0.010577,42,0,12406,9.504000,0.057926744,
1,Balanced,GA_Energy_Dominance_PC50,204,0.268589,0.318955,0.394419,0.004948,42,0,13174,11.912000,0.057509689,
1,Balanced,GA_Energy_Dominance_PC50,205,0.026299,0.333468,0.646121,0.021798,3,0,12006,11.304000,0.066430124,
1,Balanced,GA_Energy_Dominance_PC50,206,0.275148,0.306840,0.387232,0.006267,39,0,12789,10.568000,0.057585895,
1,Balanced,GA_Energy_Dominance_PC50,207,0.171703,0.322834,0.476815,0.005954,18,0,12093,10.784000,0.060896542,
1,Balanced,GA_Energy_Dominance_PC50,208,0.181768,0.286501,0.479510,0.009640,26,0,12220,9.178000,0.062262130,
1,Balanced,GA_Energy_Dominance_PC50,209,0.254705,0.383163,0.424957,0.005184,51,0,12443,12.856000,0.057179608,
1,Balanced,GA_Energy_Dominance_PC50,MEAN,0.224317,0.314362,0.438950,0.008372,,0,12499,9.178000,0.055838801,10
1,Balanced,SA_WaitingTime_Dominance_PC50,200,0.127256,0.081310,0.514568,0.001485,7,0,10977,4.240000,0.063060886,
1,Balanced,SA_WaitingTime_Dominance_PC50,201,0.154923,0.088167,0.480289,0.022829,9,0,10484,4.374000,0.062474054,
1,Balanced,SA_WaitingTime_Dominance_PC50,202,0.117591,0.079538,0.524448,0.001257,8,0,10911,4.158000,0.063270211,
1,Balanced,SA_WaitingTime_Dominance_PC50,203,0.100047,0.088848,0.538833,0.003138,3,0,10446,4.564000,0.063596812,
1,Balanced,SA_WaitingTime_Dominance_PC50,204,0.090062,0.085757,0.546366,0.002738,11,0,10002,4.370000,0.063813130,
1,Balanced,SA_WaitingTime_Dominance_PC50,205,0.158260,0.075246,0.494774,0.003022,6,0,10193,4.426000,0.062413729,
1,Balanced,SA_WaitingTime_Dominance_PC50,206,0.140193,0.098743,0.499458,0.008164,13,0,11066,4.316000,0.062774313,
1,Balanced,SA_WaitingTime_Dominance_PC50,207,0.096380,0.101025,0.536717,0.004300,13,0,11050,4.312000,0.063667656,
1,Balanced,SA_WaitingTime_Dominance_PC50,208,0.175973,0.080161,0.475780,0.004282,18,0,10718,4.312000,0.062051517,
1,Balanced,SA_WaitingTime_Dominance_PC50,209,0.080332,0.092611,0.553123,0.005810,10,0,10302,4.378000,0.064005971,
1,Balanced,SA_WaitingTime_Dominance_PC50,MEAN,0.124101,0.087141,0.516436,0.005703,,0,10614,4.158000,0.062051517,10
1,Balanced,SA_Energy_Dominance_PC50,200,0.415503,0.248412,0.262357,0.008130,111,0,11178,8.844000,0.051071349,
1,Balanced,SA_Energy_Dominance_PC50,201,0.388041,0.275583,0.286169,0.004542,86,0,11201,9.694000,0.051259049,
1,Balanced,SA_Energy_Dominance_PC50,202,0.420168,0.231699,0.253773,0.005114,87,0,11300,9.316000,0.050625376,
1,Balanced,SA_Energy_Dominance_PC50,203,0.445322,0.222021,0.230927,0.004199,110,0,10692,9.284000,0.049194895,
1,Balanced,SA_Energy_Dominance_PC50,204,0.412288,0.260378,0.271975,0.004582,108,0,11221,10.284000,0.049084704,
1,Balanced,SA_Energy_Dominance_PC50,205,0.431231,0.258328,0.265454,0.005019,111,0,11303,9.678000,0.048848964,
1,Balanced,SA_Energy_Dominance_PC50,206,0.382053,0.283320,0.297730,0.005493,118,0,11041,9.858000,0.049594439,
1,Balanced,SA_Energy_Dominance_PC50,207,0.366653,0.307968,0.302414,0.004899,84,0,10891,9.068000,0.051963236,
1,Balanced,SA_Energy_Dominance_PC50,208,0.402380,0.272162,0.280845,0.006090,108,0,11414,9.366000,0.049127859,
1,Balanced,SA_Energy_Dominance_PC50,209,0.414302,0.270834,0.282259,0.006125,117,0,10774,9.298000,0.049543933,
1,Balanced,SA_Energy_Dominance_PC50,MEAN,0.407794,0.263070,0.273390,0.005419,,0,11101,8.844000,0.048848964,10
1,Balanced,NSGA-II_PC50,200,0.020379,0.345887,0.653055,0.017424,4,0,15193,11.450000,0.066527794,
1,Balanced,NSGA-II_PC50,201,0.036509,0.333301,0.622210,0.014639,6,0,15779,11.072000,0.065391319,
1,Balanced,NSGA-II_PC50,202,NaN,NaN,NaN,NaN,0,0,15367,NaN,NaN,
1,Balanced,NSGA-II_PC50,203,0.056820,0.317394,0.625521,0.005505,8,0,15715,10.232000,0.066771216,
1,Balanced,NSGA-II_PC50,204,0.093040,0.231922,0.538524,0.010644,5,0,16298,8.464000,0.063399388,
1,Balanced,NSGA-II_PC50,205,0.156787,0.224667,0.475254,0.015587,17,0,16242,7.740000,0.062039942,
1,Balanced,NSGA-II_PC50,206,0.051570,0.292008,0.589821,0.000000,2,0,14879,10.042000,0.064291919,
1,Balanced,NSGA-II_PC50,207,0.083519,0.244353,0.546214,0.006461,13,0,14962,8.194000,0.063620707,
1,Balanced,NSGA-II_PC50,208,0.123484,0.239646,0.512208,0.008530,10,0,15464,8.344000,0.062634375,
1,Balanced,NSGA-II_PC50,209,0.039719,0.245544,0.596489,0.004640,5,0,14973,8.796000,0.064830521,
1,Balanced,NSGA-II_PC50,MEAN,0.073536,0.274969,0.573255,0.009270,,0,15487,7.740000,0.062039942,9
1,Balanced,SPEA-II_PC50,200,NaN,NaN,NaN,NaN,0,0,16427,NaN,NaN,
1,Balanced,SPEA-II_PC50,201,0.009374,0.343573,0.668867,0.000000,2,0,15732,11.528000,0.066938514,
1,Balanced,SPEA-II_PC50,202,0.184184,0.224450,0.456478,0.008399,21,0,15257,7.856000,0.061163193,
1,Balanced,SPEA-II_PC50,203,0.179678,0.223676,0.454666,0.007115,11,0,16872,7.862000,0.061337484,
1,Balanced,SPEA-II_PC50,204,0.105770,0.245921,0.530597,0.005283,8,0,16101,8.936000,0.063025038,
1,Balanced,SPEA-II_PC50,205,0.045138,0.292757,0.607960,0.002421,9,0,15620,9.552000,0.065424365,
1,Balanced,SPEA-II_PC50,206,0.173391,0.239339,0.470115,0.005092,12,0,15946,8.858000,0.061360907,
1,Balanced,SPEA-II_PC50,207,0.057939,0.276945,0.589849,0.014654,10,0,15304,9.204000,0.064773113,
1,Balanced,SPEA-II_PC50,208,NaN,NaN,NaN,NaN,0,0,15352,NaN,NaN,
1,Balanced,SPEA-II_PC50,209,0.017632,0.470544,0.692729,0.001170,4,0,15483,14.880000,0.066390589,
1,Balanced,SPEA-II_PC50,MEAN,0.096638,0.289651,0.558908,0.005517,,0,15809,7.856000,0.061163193,8
1,Balanced,AMOSA_PC50,200,0.240818,0.161073,0.408402,0.002134,39,0,16450,6.238000,0.060267023,
1,Balanced,AMOSA_PC50,201,0.290310,0.126764,0.383500,0.002699,35,0,16940,5.668000,0.059366396,
1,Balanced,AMOSA_PC50,202,0.341529,0.185290,0.330453,0.002964,36,0,17133,6.456000,0.057859048,
1,Balanced,AMOSA_PC50,203,0.281823,0.155301,0.372646,0.004655,42,0,17051,6.016000,0.059363879,
1,Balanced,AMOSA_PC50,204,0.256483,0.168076,0.398417,0.003377,36,0,16873,6.566000,0.059823685,
1,Balanced,AMOSA_PC50,205,0.221333,0.136884,0.429492,0.001913,40,0,17144,5.816000,0.060821413,
1,Balanced,AMOSA_PC50,206,0.284149,0.142916,0.389929,0.002285,31,0,16534,6.290000,0.059349734,
1,Balanced,AMOSA_PC50,207,0.227873,0.168014,0.405338,0.003464,25,0,17933,6.144000,0.060564237,
1,Balanced,AMOSA_PC50,208,0.302276,0.137298,0.370275,0.002339,37,0,16781,5.982000,0.058992556,
1,Balanced,AMOSA_PC50,209,0.266413,0.144871,0.396267,0.009579,26,0,17030,6.024000,0.059793349,
1,Balanced,AMOSA_PC50,MEAN,0.271301,0.152649,0.388472,0.003541,,0,16986,5.668000,0.057859048,10
2,GPU_Stress,GA_WaitingTime_Dominance,200,0.257384,0.034498,0.357617,0.003731,25,4,4536,5.024000,0.079061269,
2,GPU_Stress,GA_WaitingTime_Dominance,201,0.248180,0.034597,0.363870,0.002930,25,0,4755,5.034000,0.079240231,
2,GPU_Stress,GA_WaitingTime_Dominance,202,0.252262,0.026128,0.364098,0.003593,22,0,4826,5.142000,0.079167766,
2,GPU_Stress,GA_WaitingTime_Dominance,203,0.246361,0.027147,0.371690,0.003057,11,0,4984,5.104000,0.079294525,
2,GPU_Stress,GA_WaitingTime_Dominance,204,0.253838,0.005460,0.381804,0.004052,9,0,4857,5.100000,0.079173647,
2,GPU_Stress,GA_WaitingTime_Dominance,205,0.254691,0.028988,0.357940,0.001999,34,0,5187,5.128000,0.079110779,
2,GPU_Stress,GA_WaitingTime_Dominance,206,0.250031,0.027768,0.362661,0.002678,25,0,4770,5.036000,0.079207893,
2,GPU_Stress,GA_WaitingTime_Dominance,207,0.272292,0.000000,0.370443,0.007758,7,7,4788,5.086000,0.078837461,
2,GPU_Stress,GA_WaitingTime_Dominance,208,0.257378,0.028149,0.360063,0.003049,22,5,4318,5.046000,0.079087014,
2,GPU_Stress,GA_WaitingTime_Dominance,209,0.242497,0.027038,0.368467,0.002175,19,0,4978,5.056000,0.079347408,
2,GPU_Stress,GA_WaitingTime_Dominance,MEAN,0.253491,0.023977,0.365865,0.003502,,16,4799,5.024000,0.078837461,10
2,GPU_Stress,GA_Energy_Dominance,200,0.582765,0.118773,0.180137,0.011842,46,0,5438,8.708000,0.068202838,
2,GPU_Stress,GA_Energy_Dominance,201,0.543162,0.159665,0.191214,0.007628,62,0,5860,9.356000,0.067019870,
2,GPU_Stress,GA_Energy_Dominance,202,0.587470,0.122032,0.178085,0.018362,47,9,5594,9.186000,0.066660547,
2,GPU_Stress,GA_Energy_Dominance,203,0.482257,0.201956,0.224827,0.018750,51,0,6144,9.558000,0.066427410,
2,GPU_Stress,GA_Energy_Dominance,204,0.564083,0.164136,0.187883,0.013941,53,0,5907,9.216000,0.066834084,
2,GPU_Stress,GA_Energy_Dominance,205,0.508098,0.104475,0.205765,0.004282,62,0,5021,8.732000,0.072765190,
2,GPU_Stress,GA_Energy_Dominance,206,0.545210,0.136218,0.190626,0.005411,79,9,6107,9.008000,0.065841906,
2,GPU_Stress,GA_Energy_Dominance,207,0.597610,0.118128,0.171830,0.008643,62,0,5372,8.658000,0.068309299,
2,GPU_Stress,GA_Energy_Dominance,208,0.558242,0.113960,0.187306,0.005648,47,0,5990,8.662000,0.069960580,
2,GPU_Stress,GA_Energy_Dominance,209,0.553928,0.147611,0.192333,0.023617,48,0,5760,9.514000,0.069210424,
2,GPU_Stress,GA_Energy_Dominance,MEAN,0.552283,0.138696,0.191001,0.011812,,18,5719,8.658000,0.065841906,10
2,GPU_Stress,SA_WaitingTime_Dominance,200,0.263742,0.054252,0.356579,0.004313,16,0,3478,4.562000,0.079323864,
2,GPU_Stress,SA_WaitingTime_Dominance,201,0.251297,0.053735,0.356799,0.002484,21,0,3143,4.508000,0.079293563,
2,GPU_Stress,SA_WaitingTime_Dominance,202,0.242469,0.037436,0.359961,0.001167,14,0,3528,4.540000,0.079302811,
2,GPU_Stress,SA_WaitingTime_Dominance,203,0.279134,0.037948,0.349443,0.004854,10,0,3240,4.582000,0.079323864,
2,GPU_Stress,SA_WaitingTime_Dominance,204,0.234324,0.009323,0.359759,0.003520,12,10,3515,4.496000,0.079302212,
2,GPU_Stress,SA_WaitingTime_Dominance,205,0.333812,0.076084,0.332402,0.004308,28,0,3641,4.736000,0.079310216,
2,GPU_Stress,SA_WaitingTime_Dominance,206,0.231070,0.030773,0.363426,0.020090,8,0,3516,4.550000,0.079297765,
2,GPU_Stress,SA_WaitingTime_Dominance,207,0.290640,0.046786,0.345323,0.001574,15,0,3424,4.636000,0.079238665,
2,GPU_Stress,SA_WaitingTime_Dominance,208,0.259137,0.045207,0.354984,0.006134,13,0,3514,4.528000,0.079315994,
2,GPU_Stress,SA_WaitingTime_Dominance,209,0.264442,0.045710,0.350343,0.004354,14,0,3587,4.546000,0.079203431,
2,GPU_Stress,SA_WaitingTime_Dominance,MEAN,0.265007,0.043725,0.352902,0.005280,,10,3458,4.496000,0.079203431,10
2,GPU_Stress,SA_Energy_Dominance,200,0.538967,0.207531,0.204980,0.002537,54,1,3415,8.748000,0.069533727,
2,GPU_Stress,SA_Energy_Dominance,201,0.520855,0.194869,0.208723,0.003379,35,0,3598,9.084000,0.069021479,
2,GPU_Stress,SA_Energy_Dominance,202,0.541281,0.208899,0.207054,0.003991,78,0,3180,9.072000,0.069222367,
2,GPU_Stress,SA_Energy_Dominance,203,0.521743,0.217446,0.211317,0.007068,37,0,3596,9.298000,0.068900050,
2,GPU_Stress,SA_Energy_Dominance,204,0.514808,0.239833,0.214826,0.002718,43,0,3495,9.376000,0.070198626,
2,GPU_Stress,SA_Energy_Dominance,205,0.508017,0.178003,0.208870,0.007793,37,0,3207,8.940000,0.070090305,
2,GPU_Stress,SA_Energy_Dominance,206,0.513227,0.220101,0.213726,0.004872,43,0,3184,8.914000,0.070396152,
2,GPU_Stress,SA_Energy_Dominance,207,0.510989,0.206748,0.212532,0.009487,51,0,3096,9.154000,0.070639939,
2,GPU_Stress,SA_Energy_Dominance,208,0.534161,0.197452,0.203992,0.004285,67,0,3397,9.040000,0.069606332,
2,GPU_Stress,SA_Energy_Dominance,209,0.559444,0.173809,0.206326,0.004711,45,2,3494,9.064000,0.069623489,
2,GPU_Stress,SA_Energy_Dominance,MEAN,0.526349,0.204469,0.209235,0.005084,,3,3366,8.748000,0.068900050,10
2,GPU_Stress,NSGA-II,200,0.499062,0.023724,0.215974,0.003877,46,0,8172,6.442000,0.074133774,
2,GPU_Stress,NSGA-II,201,0.556628,0.023189,0.166967,0.002164,48,0,8425,6.566000,0.072842347,
2,GPU_Stress,NSGA-II,202,0.522700,0.040361,0.194663,0.004999,48,0,8166,6.656000,0.073476614,
2,GPU_Stress,NSGA-II,203,0.511396,0.023598,0.200127,0.004023,44,0,8215,6.432000,0.073876164,
2,GPU_Stress,NSGA-II,204,0.558283,0.017543,0.163232,0.004580,52,3,8553,6.664000,0.072836864,
2,GPU_Stress,NSGA-II,205,0.580600,0.009672,0.162699,0.002832,50,30,8045,6.480000,0.072414724,
2,GPU_Stress,NSGA-II,206,0.541385,0.033241,0.171519,0.002894,59,0,7937,6.148000,0.073236277,
2,GPU_Stress,NSGA-II,207,0.536698,0.030015,0.188166,0.002878,51,0,8525,6.522000,0.073259557,
2,GPU_Stress,NSGA-II,208,0.471246,0.017983,0.236062,0.002891,38,0,8435,6.326000,0.074752831,
2,GPU_Stress,NSGA-II,209,0.537493,0.028698,0.184016,0.003062,42,0,8143,6.524000,0.073258693,
2,GPU_Stress,NSGA-II,MEAN,0.531549,0.024802,0.188343,0.003420,,33,8261,6.148000,0.072414724,10
2,GPU_Stress,SPEA-II,200,0.499043,0.027627,0.230158,0.003365,40,0,8977,6.230000,0.074156252,
2,GPU_Stress,SPEA-II,201,0.453730,0.029291,0.244160,0.003463,37,0,8960,6.190000,0.075095414,
2,GPU_Stress,SPEA-II,202,0.434344,0.000000,0.273058,0.003747,31,31,8271,5.814000,0.075651158,
2,GPU_Stress,SPEA-II,203,0.450083,0.045846,0.237562,0.001952,34,0,8877,6.376000,0.075066942,
2,GPU_Stress,SPEA-II,204,0.443597,0.033931,0.246519,0.002480,30,0,8766,6.258000,0.075271711,
2,GPU_Stress,SPEA-II,205,0.509164,0.026246,0.208673,0.003091,47,0,8942,6.076000,0.073999865,
2,GPU_Stress,SPEA-II,206,0.538281,0.020522,0.198050,0.003274,41,0,9127,6.240000,0.073368180,
2,GPU_Stress,SPEA-II,207,0.416038,0.015168,0.279645,0.001350,34,0,8964,6.064000,0.075922546,
2,GPU_Stress,SPEA-II,208,0.505732,0.035093,0.205251,0.002218,45,0,8418,6.350000,0.073962419,
2,GPU_Stress,SPEA-II,209,0.487349,0.010364,0.226922,0.003714,36,13,8425,6.270000,0.074451641,
2,GPU_Stress,SPEA-II,MEAN,0.473736,0.024409,0.235000,0.002865,,44,8772,5.814000,0.073368180,10
2,GPU_Stress,AMOSA,200,0.400540,0.033493,0.265391,0.001860,40,0,7126,6.232000,0.076148526,
2,GPU_Stress,AMOSA,201,0.365886,0.022175,0.305650,0.001235,30,0,7319,6.036000,0.076888913,
2,GPU_Stress,AMOSA,202,0.359048,0.024233,0.302618,0.002324,34,0,7148,6.056000,0.077010745,
2,GPU_Stress,AMOSA,203,0.398355,0.017741,0.283866,0.002013,27,0,7346,6.110000,0.076251184,
2,GPU_Stress,AMOSA,204,0.378966,0.023712,0.290779,0.001156,37,0,7131,6.052000,0.076629931,
2,GPU_Stress,AMOSA,205,0.409335,0.023817,0.264055,0.001016,38,0,7093,6.266000,0.075985131,
2,GPU_Stress,AMOSA,206,0.451398,0.007385,0.260338,0.003640,28,2,7280,6.080000,0.075235189,
2,GPU_Stress,AMOSA,207,0.361771,0.034376,0.296428,0.001309,34,0,7282,6.260000,0.076900137,
2,GPU_Stress,AMOSA,208,0.394493,0.028721,0.271856,0.002380,35,0,7221,6.234000,0.076279980,
2,GPU_Stress,AMOSA,209,0.399952,0.025128,0.280635,0.001176,36,0,6968,6.276000,0.076170276,
2,GPU_Stress,AMOSA,MEAN,0.391974,0.024078,0.282162,0.001811,,2,7191,6.036000,0.075235189,10
2,GPU_Stress,GA_WaitingTime_Dominance_PC90,200,0.058433,0.094886,0.486146,0.059400,7,0,13779,5.102000,0.082713561,
2,GPU_Stress,GA_WaitingTime_Dominance_PC90,201,0.059084,0.021044,0.517609,0.004242,10,0,13519,5.088000,0.082747447,
2,GPU_Stress,GA_WaitingTime_Dominance_PC90,202,0.087199,0.075069,0.466019,0.043044,14,0,14402,5.030000,0.082021484,
2,GPU_Stress,GA_WaitingTime_Dominance_PC90,203,0.099990,0.020716,0.481445,0.001924,10,0,13546,5.132000,0.081992379,
2,GPU_Stress,GA_WaitingTime_Dominance_PC90,204,0.064122,0.065430,0.488360,0.050548,17,0,14215,4.954000,0.082847665,
2,GPU_Stress,GA_WaitingTime_Dominance_PC90,205,0.076094,0.065826,0.480082,0.020233,14,0,14087,5.138000,0.082348723,
2,GPU_Stress,GA_WaitingTime_Dominance_PC90,206,0.103832,0.059001,0.448295,0.030329,18,0,14921,5.174000,0.081847176,
2,GPU_Stress,GA_WaitingTime_Dominance_PC90,207,0.113066,0.110169,0.454938,0.016421,19,0,13729,5.046000,0.081501947,
2,GPU_Stress,GA_WaitingTime_Dominance_PC90,208,0.060247,0.096374,0.479268,0.075401,16,0,13397,4.998000,0.082619210,
2,GPU_Stress,GA_WaitingTime_Dominance_PC90,209,0.103987,0.044994,0.452493,0.091987,8,0,13828,5.128000,0.081841458,
2,GPU_Stress,GA_WaitingTime_Dominance_PC90,MEAN,0.082605,0.065351,0.475465,0.039353,,0,13942,4.954000,0.081501947,10
2,GPU_Stress,GA_Energy_Dominance_PC90,200,0.572854,0.086690,0.175318,0.005902,58,13,13171,8.534000,0.070721351,
2,GPU_Stress,GA_Energy_Dominance_PC90,201,0.548550,0.163331,0.196358,0.011821,48,0,13257,8.982000,0.066941433,
2,GPU_Stress,GA_Energy_Dominance_PC90,202,0.605168,0.100478,0.169509,0.007198,63,8,13400,9.080000,0.068958691,
2,GPU_Stress,GA_Energy_Dominance_PC90,203,0.576934,0.126246,0.175219,0.024529,61,0,13635,9.430000,0.067648274,
2,GPU_Stress,GA_Energy_Dominance_PC90,204,0.557913,0.165232,0.191522,0.010465,43,0,12843,9.434000,0.067917150,
2,GPU_Stress,GA_Energy_Dominance_PC90,205,0.455298,0.094808,0.230869,0.003106,28,0,12742,8.748000,0.074156188,
2,GPU_Stress,GA_Energy_Dominance_PC90,206,0.564086,0.148897,0.184564,0.008723,54,0,13035,8.638000,0.067262833,
2,GPU_Stress,GA_Energy_Dominance_PC90,207,0.513469,0.094968,0.192557,0.004512,74,0,12973,8.670000,0.072633517,
2,GPU_Stress,GA_Energy_Dominance_PC90,208,0.576181,0.138427,0.175236,0.006957,64,0,13658,8.530000,0.068603183,
2,GPU_Stress,GA_Energy_Dominance_PC90,209,0.594759,0.120138,0.163151,0.014748,53,3,13518,9.032000,0.067714814,
2,GPU_Stress,GA_Energy_Dominance_PC90,MEAN,0.556521,0.123922,0.185430,0.009796,,24,13223,8.530000,0.066941433,10
2,GPU_Stress,SA_WaitingTime_Dominance_PC90,200,0.280034,0.034716,0.347515,0.053487,24,0,11559,4.634000,0.079327566,
2,GPU_Stress,SA_WaitingTime_Dominance_PC90,201,0.253270,0.042412,0.358156,0.004207,18,0,12343,4.570000,0.079365969,
2,GPU_Stress,SA_WaitingTime_Dominance_PC90,202,0.150787,0.037007,0.421790,0.001991,11,0,11740,4.682000,0.080832334,
2,GPU_Stress,SA_WaitingTime_Dominance_PC90,203,0.243473,0.048182,0.360496,0.040215,18,0,10855,4.776000,0.079345583,
2,GPU_Stress,SA_WaitingTime_Dominance_PC90,204,0.258344,0.024818,0.355009,0.001297,14,0,11316,4.580000,0.079315994,
2,GPU_Stress,SA_WaitingTime_Dominance_PC90,205,0.229085,0.023550,0.365687,0.069940,11,0,11969,4.658000,0.079365969,
2,GPU_Stress,SA_WaitingTime_Dominance_PC90,206,0.235782,0.017172,0.361718,0.124945,6,0,12304,4.714000,0.079300240,
2,GPU_Stress,SA_WaitingTime_Dominance_PC90,207,0.260736,0.026832,0.352910,0.053407,17,0,11710,4.736000,0.079332069,
2,GPU_Stress,SA_WaitingTime_Dominance_PC90,208,0.257616,0.026819,0.355420,0.003370,14,0,11713,4.632000,0.079315994,
2,GPU_Stress,SA_WaitingTime_Dominance_PC90,209,0.279569,0.031091,0.347725,0.002226,14,0,11901,4.564000,0.079303487,
2,GPU_Stress,SA_WaitingTime_Dominance_PC90,MEAN,0.244870,0.031260,0.362643,0.035508,,0,11741,4.564000,0.079300240,10
2,GPU_Stress,SA_Energy_Dominance_PC90,200,0.530499,0.191642,0.207933,0.003969,57,0,10994,9.076000,0.070464223,
2,GPU_Stress,SA_Energy_Dominance_PC90,201,0.542741,0.201077,0.208255,0.003907,40,0,11013,9.084000,0.069890675,
2,GPU_Stress,SA_Energy_Dominance_PC90,202,0.553520,0.201542,0.209516,0.009557,40,2,11407,9.072000,0.069776684,
2,GPU_Stress,SA_Energy_Dominance_PC90,203,0.506767,0.231257,0.213594,0.004781,45,0,10135,9.298000,0.070169443,
2,GPU_Stress,SA_Energy_Dominance_PC90,204,0.564626,0.212708,0.207155,0.003322,60,5,11702,9.376000,0.068061397,
2,GPU_Stress,SA_Energy_Dominance_PC90,205,0.531583,0.176476,0.201940,0.007453,62,0,10779,8.784000,0.070836489,
2,GPU_Stress,SA_Energy_Dominance_PC90,206,0.505548,0.235694,0.212834,0.008946,41,0,10278,8.914000,0.070067221,
2,GPU_Stress,SA_Energy_Dominance_PC90,207,0.501234,0.204713,0.213743,0.004401,34,0,10964,8.948000,0.069702551,
2,GPU_Stress,SA_Energy_Dominance_PC90,208,0.510502,0.192240,0.211560,0.006706,60,0,10695,9.040000,0.071269237,
2,GPU_Stress,SA_Energy_Dominance_PC90,209,0.531827,0.225535,0.211986,0.006563,37,0,10478,8.996000,0.069015186,
2,GPU_Stress,SA_Energy_Dominance_PC90,MEAN,0.527885,0.207288,0.209852,0.005961,,7,10844,8.784000,0.068061397,10
2,GPU_Stress,NSGA-II_PC90,200,0.537412,0.046224,0.182797,0.003145,57,0,16550,6.784000,0.073063825,
2,GPU_Stress,NSGA-II_PC90,201,0.522612,0.053359,0.171537,0.007482,49,0,15765,7.100000,0.073270977,
2,GPU_Stress,NSGA-II_PC90,202,0.464009,0.039669,0.234272,0.003264,37,0,15956,6.682000,0.074741158,
2,GPU_Stress,NSGA-II_PC90,203,0.421857,0.025458,0.263676,0.003492,25,0,16460,6.418000,0.075702291,
2,GPU_Stress,NSGA-II_PC90,204,0.549932,0.052107,0.165635,0.006573,50,0,16500,7.112000,0.072608961,
2,GPU_Stress,NSGA-II_PC90,205,0.522602,0.037744,0.185927,0.007140,34,0,16625,6.708000,0.073475857,
2,GPU_Stress,NSGA-II_PC90,206,0.563461,0.022969,0.197158,0.003509,44,0,16708,7.414000,0.072427779,
2,GPU_Stress,NSGA-II_PC90,207,0.408548,0.036368,0.264122,0.002498,36,0,16354,6.396000,0.075948660,
2,GPU_Stress,NSGA-II_PC90,208,0.487303,0.058643,0.207386,0.003840,39,0,16079,6.916000,0.074099333,
2,GPU_Stress,NSGA-II_PC90,209,0.439313,0.041850,0.242543,0.002882,37,0,16227,6.504000,0.075274976,
2,GPU_Stress,NSGA-II_PC90,MEAN,0.491705,0.041439,0.211505,0.004383,,0,16322,6.396000,0.072427779,10
2,GPU_Stress,SPEA-II_PC90,200,0.460446,0.026342,0.248154,0.002900,32,0,17099,6.424000,0.074915886,
2,GPU_Stress,SPEA-II_PC90,201,0.461555,0.047373,0.231525,0.002628,47,0,17841,6.890000,0.074702705,
2,GPU_Stress,SPEA-II_PC90,202,0.428342,0.028262,0.261275,0.001532,37,0,16660,6.452000,0.075560163,
2,GPU_Stress,SPEA-II_PC90,203,0.449018,0.040669,0.240944,0.002248,45,0,16736,6.466000,0.075082756,
2,GPU_Stress,SPEA-II_PC90,204,0.453273,0.039116,0.243525,0.001891,42,0,17153,6.576000,0.074986014,
2,GPU_Stress,SPEA-II_PC90,205,0.513193,0.048838,0.189398,0.004214,45,0,17838,6.806000,0.073567453,
2,GPU_Stress,SPEA-II_PC90,206,0.389002,0.033582,0.278799,0.001539,39,0,16950,6.226000,0.076380562,
2,GPU_Stress,SPEA-II_PC90,207,0.404039,0.027080,0.279052,0.003350,30,0,17189,6.250000,0.076096284,
2,GPU_Stress,SPEA-II_PC90,208,0.491697,0.048500,0.214618,0.002326,53,0,17106,6.522000,0.074133973,
2,GPU_Stress,SPEA-II_PC90,209,0.493098,0.030904,0.211707,0.003159,43,0,18206,6.518000,0.074185965,
2,GPU_Stress,SPEA-II_PC90,MEAN,0.454366,0.037067,0.239900,0.002579,,0,17277,6.226000,0.073567453,10
2,GPU_Stress,AMOSA_PC90,200,0.384622,0.041288,0.276376,0.002302,34,0,17572,6.428000,0.076408853,
2,GPU_Stress,AMOSA_PC90,201,0.388926,0.048354,0.272487,0.003874,36,0,17593,6.432000,0.076294996,
2,GPU_Stress,AMOSA_PC90,202,0.414077,0.052936,0.240530,0.002390,50,0,16921,6.620000,0.075725698,
2,GPU_Stress,AMOSA_PC90,203,0.391500,0.040989,0.265727,0.002326,40,0,16963,6.354000,0.076279162,
2,GPU_Stress,AMOSA_PC90,204,0.383997,0.032710,0.278112,0.001190,38,0,16995,6.288000,0.076465977,
2,GPU_Stress,AMOSA_PC90,205,0.398946,0.039988,0.257315,0.001907,42,0,17417,6.296000,0.076137804,
2,GPU_Stress,AMOSA_PC90,206,0.397004,0.022550,0.281787,0.003283,32,0,17732,6.208000,0.076247585,
2,GPU_Stress,AMOSA_PC90,207,0.375390,0.038140,0.280880,0.001915,38,0,18316,6.290000,0.076626009,
2,GPU_Stress,AMOSA_PC90,208,0.415127,0.027128,0.268552,0.002234,35,0,17290,6.296000,0.075862846,
2,GPU_Stress,AMOSA_PC90,209,0.409452,0.037615,0.257841,0.001938,44,0,17634,6.444000,0.075912698,
2,GPU_Stress,AMOSA_PC90,MEAN,0.395904,0.038170,0.267961,0.002336,,0,17443,6.208000,0.075725698,10
2,GPU_Stress,GA_WaitingTime_Dominance_PC80,200,0.030998,0.109663,0.528768,0.014586,11,0,14160,5.250000,0.083305516,
2,GPU_Stress,GA_WaitingTime_Dominance_PC80,201,0.096964,0.017233,0.488191,0.002014,13,0,13828,5.230000,0.082046203,
2,GPU_Stress,GA_WaitingTime_Dominance_PC80,202,0.056230,0.131881,0.493381,0.010248,8,0,13543,5.330000,0.082831560,
2,GPU_Stress,GA_WaitingTime_Dominance_PC80,203,0.064158,0.015547,0.516380,0.001146,9,0,14294,5.056000,0.082658139,
2,GPU_Stress,GA_WaitingTime_Dominance_PC80,204,0.102913,0.019575,0.481918,0.003552,8,0,13075,5.304000,0.081930861,
2,GPU_Stress,GA_WaitingTime_Dominance_PC80,205,0.087719,0.070590,0.471787,0.055316,14,0,13673,5.222000,0.082382724,
2,GPU_Stress,GA_WaitingTime_Dominance_PC80,206,0.042000,0.030173,0.533638,0.005506,6,0,12629,5.390000,0.083062715,
2,GPU_Stress,GA_WaitingTime_Dominance_PC80,207,0.062316,0.068861,0.511316,0.020864,18,0,13293,5.230000,0.083147017,
2,GPU_Stress,GA_WaitingTime_Dominance_PC80,208,0.059774,0.048158,0.508542,0.008278,12,0,13732,5.296000,0.082810519,
2,GPU_Stress,GA_WaitingTime_Dominance_PC80,209,0.099539,0.013903,0.486733,0.004865,5,0,13620,5.168000,0.082002918,
2,GPU_Stress,GA_WaitingTime_Dominance_PC80,MEAN,0.070261,0.052558,0.502065,0.012638,,0,13584,5.056000,0.081930861,10
2,GPU_Stress,GA_Energy_Dominance_PC80,200,0.402379,0.255129,0.297901,0.007309,42,0,13925,14.090000,0.072069260,
2,GPU_Stress,GA_Energy_Dominance_PC80,201,0.436158,0.207946,0.298283,0.008326,63,0,14225,14.466000,0.069559015,
2,GPU_Stress,GA_Energy_Dominance_PC80,202,0.523981,0.120005,0.201408,0.003921,60,0,13378,9.950000,0.071257278,
2,GPU_Stress,GA_Energy_Dominance_PC80,203,0.286342,0.386780,0.448234,0.013409,49,0,13074,17.068000,0.070747966,
2,GPU_Stress,GA_Energy_Dominance_PC80,204,0.527872,0.150588,0.206976,0.002688,82,0,13580,10.738000,0.070026701,
2,GPU_Stress,GA_Energy_Dominance_PC80,205,0.387111,0.279353,0.328359,0.005856,70,0,13604,14.592000,0.070687554,
2,GPU_Stress,GA_Energy_Dominance_PC80,206,0.435370,0.238235,0.283416,0.008743,67,0,13412,12.936000,0.070259365,
2,GPU_Stress,GA_Energy_Dominance_PC80,207,0.385853,0.266781,0.335333,0.038652,35,0,13384,15.128000,0.070565185,
2,GPU_Stress,GA_Energy_Dominance_PC80,208,0.573794,0.132271,0.170083,0.008586,50,0,13232,9.166000,0.069271318,
2,GPU_Stress,GA_Energy_Dominance_PC80,209,0.568924,0.129249,0.180103,0.011127,70,0,13947,10.042000,0.069141268,
2,GPU_Stress,GA_Energy_Dominance_PC80,MEAN,0.452778,0.216634,0.275010,0.010862,,0,13576,9.166000,0.069141268,10
2,GPU_Stress,SA_WaitingTime_Dominance_PC80,200,0.150454,0.041997,0.430305,0.004792,14,0,11897,4.962000,0.081157739,
2,GPU_Stress,SA_WaitingTime_Dominance_PC80,201,0.101592,0.079766,0.465238,0.003349,21,0,11697,4.832000,0.081844413,
2,GPU_Stress,SA_WaitingTime_Dominance_PC80,202,0.075820,0.021705,0.484758,0.040305,22,0,12157,4.724000,0.082782647,
2,GPU_Stress,SA_WaitingTime_Dominance_PC80,203,0.071752,0.020329,0.515895,0.006033,10,0,11791,4.898000,0.082969395,
2,GPU_Stress,SA_WaitingTime_Dominance_PC80,204,0.084101,0.019475,0.493660,0.003220,11,0,11175,4.836000,0.082292732,
2,GPU_Stress,SA_WaitingTime_Dominance_PC80,205,0.089282,0.007020,0.500107,0.002312,13,0,11852,4.712000,0.082367718,
2,GPU_Stress,SA_WaitingTime_Dominance_PC80,206,0.058930,0.074243,0.494227,0.010189,17,0,12235,4.732000,0.082730262,
2,GPU_Stress,SA_WaitingTime_Dominance_PC80,207,0.079102,0.055050,0.482040,0.013107,15,0,10985,4.662000,0.082243279,
2,GPU_Stress,SA_WaitingTime_Dominance_PC80,208,0.050582,0.008609,0.530354,0.001724,14,0,12437,4.764000,0.082915591,
2,GPU_Stress,SA_WaitingTime_Dominance_PC80,209,0.100241,0.001386,0.487902,0.001498,16,12,11420,4.702000,0.082017572,
2,GPU_Stress,SA_WaitingTime_Dominance_PC80,MEAN,0.086186,0.032958,0.488449,0.008653,,12,11764,4.662000,0.081157739,10
2,GPU_Stress,SA_Energy_Dominance_PC80,200,0.479085,0.257508,0.244240,0.007406,43,0,10379,9.932000,0.069573653,
2,GPU_Stress,SA_Energy_Dominance_PC80,201,0.471314,0.288294,0.237784,0.006523,51,0,11299,9.378000,0.068689748,
2,GPU_Stress,SA_Energy_Dominance_PC80,202,0.480032,0.261383,0.253227,0.005356,49,0,11251,9.720000,0.070005784,
2,GPU_Stress,SA_Energy_Dominance_PC80,203,0.469859,0.251867,0.256237,0.020438,26,0,11169,9.628000,0.070194018,
2,GPU_Stress,SA_Energy_Dominance_PC80,204,0.496839,0.259850,0.237395,0.005299,35,0,11291,9.300000,0.069718691,
2,GPU_Stress,SA_Energy_Dominance_PC80,205,0.458983,0.277308,0.261506,0.005256,35,0,11623,9.836000,0.069909460,
2,GPU_Stress,SA_Energy_Dominance_PC80,206,0.447473,0.285358,0.269420,0.003611,47,0,11049,10.668000,0.070678609,
2,GPU_Stress,SA_Energy_Dominance_PC80,207,0.433712,0.290607,0.281114,0.005264,53,0,11246,9.872000,0.069386887,
2,GPU_Stress,SA_Energy_Dominance_PC80,208,0.480666,0.255516,0.246448,0.007189,46,0,10497,9.442000,0.069667968,
2,GPU_Stress,SA_Energy_Dominance_PC80,209,0.489289,0.257740,0.244222,0.012649,55,0,10815,10.246000,0.070280280,
2,GPU_Stress,SA_Energy_Dominance_PC80,MEAN,0.470725,0.268543,0.253159,0.007899,,0,11061,9.300000,0.068689748,10
2,GPU_Stress,NSGA-II_PC80,200,0.531664,0.069859,0.169267,0.006651,48,0,17248,7.294000,0.072775684,
2,GPU_Stress,NSGA-II_PC80,201,0.451730,0.036386,0.243912,0.002847,36,0,16543,6.970000,0.074933140,
2,GPU_Stress,NSGA-II_PC80,202,0.322266,0.142725,0.292089,0.005168,34,0,16629,7.972000,0.077016813,
2,GPU_Stress,NSGA-II_PC80,203,0.321181,0.117418,0.293871,0.002985,42,0,17736,7.608000,0.077207844,
2,GPU_Stress,NSGA-II_PC80,204,0.430746,0.100868,0.231784,0.003558,45,0,16910,7.422000,0.074965456,
2,GPU_Stress,NSGA-II_PC80,205,0.542223,0.067234,0.163597,0.006420,37,0,17520,7.564000,0.072478537,
2,GPU_Stress,NSGA-II_PC80,206,0.469825,0.058063,0.219022,0.006643,36,0,16522,7.250000,0.074414221,
2,GPU_Stress,NSGA-II_PC80,207,0.427153,0.058745,0.234290,0.031439,18,0,17644,6.996000,0.075375197,
2,GPU_Stress,NSGA-II_PC80,208,0.442629,0.102310,0.216888,0.008160,43,0,18337,7.562000,0.074649301,
2,GPU_Stress,NSGA-II_PC80,209,0.543789,0.059474,0.171364,0.005793,41,0,18183,7.520000,0.072579253,
2,GPU_Stress,NSGA-II_PC80,MEAN,0.448321,0.081308,0.223608,0.007966,,0,17327,6.970000,0.072478537,10
2,GPU_Stress,SPEA-II_PC80,200,0.473956,0.042462,0.232336,0.003975,38,0,17186,6.750000,0.074502420,
2,GPU_Stress,SPEA-II_PC80,201,0.342132,0.104274,0.284433,0.003812,30,0,17854,7.688000,0.076832121,
2,GPU_Stress,SPEA-II_PC80,202,0.417040,0.071176,0.238292,0.003908,30,0,18402,6.928000,0.075503080,
2,GPU_Stress,SPEA-II_PC80,203,0.333367,0.105016,0.285744,0.004823,32,0,18012,7.598000,0.077016730,
2,GPU_Stress,SPEA-II_PC80,204,0.480079,0.078638,0.195030,0.005754,40,0,19196,7.260000,0.074009849,
2,GPU_Stress,SPEA-II_PC80,205,0.433616,0.048941,0.248392,0.003751,37,0,18055,6.818000,0.075313625,
2,GPU_Stress,SPEA-II_PC80,206,0.389414,0.104443,0.258070,0.003204,39,0,17568,7.322000,0.075878933,
2,GPU_Stress,SPEA-II_PC80,207,0.336664,0.113323,0.292810,0.003247,31,0,17514,7.520000,0.076934858,
2,GPU_Stress,SPEA-II_PC80,208,0.469659,0.029085,0.235572,0.004784,34,0,17711,6.704000,0.074649195,
2,GPU_Stress,SPEA-II_PC80,209,0.332733,0.104928,0.288303,0.003350,33,0,17655,7.550000,0.077061933,
2,GPU_Stress,SPEA-II_PC80,MEAN,0.400866,0.080229,0.255898,0.004061,,0,17915,6.704000,0.074009849,10
2,GPU_Stress,AMOSA_PC80,200,0.358755,0.094417,0.273374,0.003121,44,0,18312,7.108000,0.076621746,
2,GPU_Stress,AMOSA_PC80,201,0.388740,0.071521,0.253305,0.001883,51,0,18222,6.668000,0.076150697,
2,GPU_Stress,AMOSA_PC80,202,0.366656,0.077871,0.270483,0.001652,44,0,17809,6.846000,0.076571929,
2,GPU_Stress,AMOSA_PC80,203,0.346346,0.060812,0.289319,0.008547,42,0,17585,6.578000,0.077082959,
2,GPU_Stress,AMOSA_PC80,204,0.359694,0.075798,0.277484,0.002121,39,0,18231,6.928000,0.076705540,
2,GPU_Stress,AMOSA_PC80,205,0.370387,0.083647,0.261897,0.002191,46,0,18998,6.780000,0.076425497,
2,GPU_Stress,AMOSA_PC80,206,0.376476,0.083598,0.261791,0.002305,44,0,18085,6.952000,0.076301690,
2,GPU_Stress,AMOSA_PC80,207,0.401230,0.050228,0.264771,0.002566,39,0,17834,6.720000,0.075989143,
2,GPU_Stress,AMOSA_PC80,208,0.362275,0.076428,0.267509,0.002012,43,0,18180,6.768000,0.076662117,
2,GPU_Stress,AMOSA_PC80,209,0.364133,0.061967,0.276659,0.002815,44,0,19163,6.524000,0.076745784,
2,GPU_Stress,AMOSA_PC80,MEAN,0.369469,0.073629,0.269659,0.002921,,0,18241,6.524000,0.075989143,10
2,GPU_Stress,GA_WaitingTime_Dominance_PC70,200,0.063807,0.073000,0.512981,0.002820,19,0,14070,6.444000,0.082838077,
2,GPU_Stress,GA_WaitingTime_Dominance_PC70,201,0.064029,0.050229,0.510874,0.001684,8,0,14184,6.046000,0.082617968,
2,GPU_Stress,GA_WaitingTime_Dominance_PC70,202,0.083429,0.187358,0.492950,0.005794,22,0,13922,5.982000,0.082477399,
2,GPU_Stress,GA_WaitingTime_Dominance_PC70,203,0.085731,0.102287,0.460218,0.076152,14,0,13945,5.640000,0.082016242,
2,GPU_Stress,GA_WaitingTime_Dominance_PC70,204,0.101697,0.152125,0.445285,0.009997,12,0,13968,6.176000,0.081816383,
2,GPU_Stress,GA_WaitingTime_Dominance_PC70,205,0.076250,0.067677,0.488420,0.008959,23,0,13638,6.046000,0.082339127,
2,GPU_Stress,GA_WaitingTime_Dominance_PC70,206,0.064930,0.081688,0.495251,0.007829,15,0,13985,5.930000,0.082541377,
2,GPU_Stress,GA_WaitingTime_Dominance_PC70,207,0.057203,0.091705,0.506031,0.104634,7,0,13189,5.992000,0.083254537,
2,GPU_Stress,GA_WaitingTime_Dominance_PC70,208,0.030060,0.123514,0.516179,0.108771,8,0,13337,6.240000,0.083515071,
2,GPU_Stress,GA_WaitingTime_Dominance_PC70,209,0.072261,0.069741,0.489911,0.028001,14,0,14216,5.996000,0.082656938,
2,GPU_Stress,GA_WaitingTime_Dominance_PC70,MEAN,0.069940,0.099933,0.491810,0.035464,,0,13845,5.640000,0.081816383,10
2,GPU_Stress,GA_Energy_Dominance_PC70,200,0.246882,0.434236,0.461941,0.008175,59,0,13180,17.686000,0.072370772,
2,GPU_Stress,GA_Energy_Dominance_PC70,201,0.276270,0.416306,0.457675,0.009935,69,0,13683,17.326000,0.070395238,
2,GPU_Stress,GA_Energy_Dominance_PC70,202,0.484089,0.166399,0.224117,0.007920,67,0,14362,10.642000,0.071489735,
2,GPU_Stress,GA_Energy_Dominance_PC70,203,0.297793,0.357538,0.402534,0.008544,63,0,13545,16.896000,0.072614775,
2,GPU_Stress,GA_Energy_Dominance_PC70,204,0.499323,0.132533,0.205639,0.007618,65,0,13642,10.510000,0.071914314,
2,GPU_Stress,GA_Energy_Dominance_PC70,205,0.401573,0.244147,0.307322,0.005301,50,0,13490,14.312000,0.071677669,
2,GPU_Stress,GA_Energy_Dominance_PC70,206,0.378142,0.240388,0.342200,0.012896,53,0,13775,15.990000,0.070598767,
2,GPU_Stress,GA_Energy_Dominance_PC70,207,0.404975,0.236460,0.320919,0.008809,51,0,13185,15.220000,0.070271189,
2,GPU_Stress,GA_Energy_Dominance_PC70,208,0.504323,0.155917,0.214503,0.008310,59,0,13055,11.122000,0.071059848,
2,GPU_Stress,GA_Energy_Dominance_PC70,209,0.494929,0.130244,0.216903,0.008946,46,0,13576,10.462000,0.071611128,
2,GPU_Stress,GA_Energy_Dominance_PC70,MEAN,0.398830,0.251417,0.315375,0.008646,,0,13549,10.462000,0.070271189,10
2,GPU_Stress,SA_WaitingTime_Dominance_PC70,200,0.136707,0.025211,0.457327,0.000959,11,0,12419,5.168000,0.081317798,
2,GPU_Stress,SA_WaitingTime_Dominance_PC70,201,0.095015,0.023680,0.486985,0.004096,11,0,12158,5.314000,0.082074236,
2,GPU_Stress,SA_WaitingTime_Dominance_PC70,202,0.124919,0.028538,0.480790,0.039792,6,0,12294,5.336000,0.082335852,
2,GPU_Stress,SA_WaitingTime_Dominance_PC70,203,0.071192,0.024063,0.510527,0.001807,15,0,11814,5.146000,0.082673519,
2,GPU_Stress,SA_WaitingTime_Dominance_PC70,204,0.092943,0.088221,0.473158,0.004314,23,0,12293,5.236000,0.081996636,
2,GPU_Stress,SA_WaitingTime_Dominance_PC70,205,0.089744,0.033229,0.490373,0.009007,12,0,12089,5.398000,0.082349430,
2,GPU_Stress,SA_WaitingTime_Dominance_PC70,206,0.078479,0.035741,0.498051,0.003529,18,0,12490,5.334000,0.082365787,
2,GPU_Stress,SA_WaitingTime_Dominance_PC70,207,0.124810,0.053903,0.468354,0.010219,23,0,11798,5.512000,0.082381782,
2,GPU_Stress,SA_WaitingTime_Dominance_PC70,208,0.065568,0.028394,0.511078,0.001250,8,0,11706,5.270000,0.082617964,
2,GPU_Stress,SA_WaitingTime_Dominance_PC70,209,0.066453,0.041393,0.510697,0.004534,15,0,12443,5.234000,0.082744119,
2,GPU_Stress,SA_WaitingTime_Dominance_PC70,MEAN,0.094583,0.038237,0.488734,0.007951,,0,12150,5.146000,0.081317798,10
2,GPU_Stress,SA_Energy_Dominance_PC70,200,0.412138,0.331822,0.319760,0.007396,53,0,11868,12.934000,0.069277014,
2,GPU_Stress,SA_Energy_Dominance_PC70,201,0.363609,0.350491,0.347345,0.020474,42,0,11771,13.508000,0.069282888,
2,GPU_Stress,SA_Energy_Dominance_PC70,202,0.377917,0.339148,0.335272,0.007877,24,0,11857,13.304000,0.070059277,
2,GPU_Stress,SA_Energy_Dominance_PC70,203,0.421904,0.309413,0.312891,0.006345,42,0,11430,14.226000,0.070772147,
2,GPU_Stress,SA_Energy_Dominance_PC70,204,0.419072,0.337754,0.314386,0.008792,26,0,12037,11.658000,0.069339579,
2,GPU_Stress,SA_Energy_Dominance_PC70,205,0.468032,0.294615,0.311489,0.020659,27,0,11624,13.372000,0.069362485,
2,GPU_Stress,SA_Energy_Dominance_PC70,206,0.273794,0.444610,0.403137,0.010690,42,0,11811,14.452000,0.070024959,
2,GPU_Stress,SA_Energy_Dominance_PC70,207,0.396467,0.329816,0.325911,0.005137,39,0,10952,12.862000,0.069577031,
2,GPU_Stress,SA_Energy_Dominance_PC70,208,0.450456,0.300266,0.320125,0.009445,32,0,10693,13.672000,0.068416755,
2,GPU_Stress,SA_Energy_Dominance_PC70,209,0.368861,0.363446,0.374202,0.010534,43,0,12184,16.254000,0.067982760,
2,GPU_Stress,SA_Energy_Dominance_PC70,MEAN,0.395225,0.340138,0.336452,0.010735,,0,11622,11.658000,0.067982760,10
2,GPU_Stress,NSGA-II_PC70,200,0.482571,0.087670,0.208945,0.005636,37,0,17314,7.966000,0.073746571,
2,GPU_Stress,NSGA-II_PC70,201,0.211812,0.164438,0.375260,0.006326,25,0,17672,8.714000,0.079293308,
2,GPU_Stress,NSGA-II_PC70,202,0.346099,0.132391,0.279095,0.007167,28,0,18491,8.516000,0.076498269,
2,GPU_Stress,NSGA-II_PC70,203,0.222721,0.155275,0.367454,0.003396,32,0,16711,8.862000,0.079042952,
2,GPU_Stress,NSGA-II_PC70,204,0.413349,0.110888,0.240905,0.006075,33,0,16804,8.186000,0.075182241,
2,GPU_Stress,NSGA-II_PC70,205,0.408693,0.123664,0.247278,0.003849,38,0,16722,8.302000,0.075171947,
2,GPU_Stress,NSGA-II_PC70,206,0.334411,0.129964,0.287813,0.005466,25,0,16962,8.132000,0.076852059,
2,GPU_Stress,NSGA-II_PC70,207,0.351191,0.150817,0.283764,0.007364,23,0,17007,9.060000,0.076234444,
2,GPU_Stress,NSGA-II_PC70,208,0.293144,0.162863,0.315074,0.005640,32,0,17038,8.466000,0.077549870,
2,GPU_Stress,NSGA-II_PC70,209,0.483955,0.074580,0.210918,0.002864,44,0,16778,7.576000,0.073932260,
2,GPU_Stress,NSGA-II_PC70,MEAN,0.354795,0.129255,0.281651,0.005378,,0,17149,7.576000,0.073746571,10
2,GPU_Stress,SPEA-II_PC70,200,0.349670,0.104229,0.287767,0.003921,23,0,17883,8.140000,0.076614543,
2,GPU_Stress,SPEA-II_PC70,201,0.289120,0.131493,0.318834,0.009793,22,0,17503,8.752000,0.077703598,
2,GPU_Stress,SPEA-II_PC70,202,0.317619,0.135164,0.299052,0.005397,26,0,18738,8.416000,0.077106136,
2,GPU_Stress,SPEA-II_PC70,203,0.238727,0.196977,0.360837,0.004579,30,0,17460,9.846000,0.078426894,
2,GPU_Stress,SPEA-II_PC70,204,0.428366,0.056621,0.265424,0.003375,18,0,17635,7.666000,0.075187524,
2,GPU_Stress,SPEA-II_PC70,205,0.413235,0.105118,0.250321,0.004668,33,0,17914,7.832000,0.075289753,
2,GPU_Stress,SPEA-II_PC70,206,0.274207,0.150310,0.334878,0.005508,22,0,17871,9.210000,0.077887962,
2,GPU_Stress,SPEA-II_PC70,207,0.330409,0.125554,0.304645,0.003087,34,0,17827,8.368000,0.076959955,
2,GPU_Stress,SPEA-II_PC70,208,0.421928,0.055893,0.257801,0.003216,21,0,17271,7.694000,0.075319027,
2,GPU_Stress,SPEA-II_PC70,209,0.226271,0.133354,0.370587,0.008188,12,0,17243,8.924000,0.079042033,
2,GPU_Stress,SPEA-II_PC70,MEAN,0.328955,0.119471,0.305015,0.005173,,0,17734,7.666000,0.075187524,10
2,GPU_Stress,AMOSA_PC70,200,0.286179,0.153351,0.321004,0.002319,55,0,17525,8.390000,0.077738110,
2,GPU_Stress,AMOSA_PC70,201,0.249332,0.141075,0.336783,0.003253,34,0,17904,8.036000,0.078552786,
2,GPU_Stress,AMOSA_PC70,202,0.275993,0.139938,0.325367,0.003022,44,0,17745,8.180000,0.078022985,
2,GPU_Stress,AMOSA_PC70,203,0.286692,0.127000,0.318298,0.002673,43,0,18921,7.664000,0.077946384,
2,GPU_Stress,AMOSA_PC70,204,0.333405,0.147769,0.277199,0.004366,44,0,18057,8.122000,0.076809639,
2,GPU_Stress,AMOSA_PC70,205,0.266695,0.138308,0.336537,0.002848,47,0,18935,7.696000,0.078279393,
2,GPU_Stress,AMOSA_PC70,206,0.308631,0.119599,0.303658,0.004682,47,0,17945,7.544000,0.077417134,
2,GPU_Stress,AMOSA_PC70,207,0.290634,0.185079,0.314629,0.002605,61,0,19062,8.100000,0.077474732,
2,GPU_Stress,AMOSA_PC70,208,0.321768,0.123741,0.297369,0.002009,44,0,19697,7.956000,0.077180242,
2,GPU_Stress,AMOSA_PC70,209,0.305389,0.129288,0.302486,0.004260,44,0,18690,7.818000,0.077472686,
2,GPU_Stress,AMOSA_PC70,MEAN,0.292472,0.140515,0.313333,0.003203,,0,18448,7.544000,0.076809639,10
2,GPU_Stress,GA_WaitingTime_Dominance_PC60,200,0.092215,0.173636,0.503430,0.006947,16,0,13688,8.786000,0.082810648,
2,GPU_Stress,GA_WaitingTime_Dominance_PC60,201,0.073236,0.178638,0.487713,0.009761,11,0,13847,8.398000,0.082229997,
2,GPU_Stress,GA_WaitingTime_Dominance_PC60,202,0.066210,0.168613,0.508762,0.012817,14,0,13307,8.282000,0.082445779,
2,GPU_Stress,GA_WaitingTime_Dominance_PC60,203,0.070675,0.148330,0.491708,0.011944,12,0,13004,7.898000,0.082372888,
2,GPU_Stress,GA_WaitingTime_Dominance_PC60,204,0.042881,0.219951,0.517735,0.011964,9,0,13342,8.572000,0.082921328,
2,GPU_Stress,GA_WaitingTime_Dominance_PC60,205,0.028002,0.192594,0.532015,0.042983,7,0,12974,9.062000,0.083225882,
2,GPU_Stress,GA_WaitingTime_Dominance_PC60,206,0.093172,0.202488,0.488168,0.009133,16,0,14394,7.938000,0.082112818,
2,GPU_Stress,GA_WaitingTime_Dominance_PC60,207,0.066059,0.210874,0.542170,0.007491,17,0,13194,9.832000,0.083704574,
2,GPU_Stress,GA_WaitingTime_Dominance_PC60,208,0.083056,0.206510,0.490276,0.003981,25,0,13436,9.168000,0.081913652,
2,GPU_Stress,GA_WaitingTime_Dominance_PC60,209,0.100295,0.144009,0.473801,0.002918,11,0,13782,8.680000,0.081726947,
2,GPU_Stress,GA_WaitingTime_Dominance_PC60,MEAN,0.071580,0.184564,0.503578,0.011994,,0,13496,7.898000,0.081726947,10
2,GPU_Stress,GA_Energy_Dominance_PC60,200,0.161934,0.502282,0.545575,0.017308,27,0,13434,20.436000,0.076671814,
2,GPU_Stress,GA_Energy_Dominance_PC60,201,0.230978,0.454312,0.471110,0.011672,45,0,13928,18.722000,0.073197714,
2,GPU_Stress,GA_Energy_Dominance_PC60,202,0.320222,0.271190,0.336135,0.012971,29,0,13056,12.594000,0.074850282,
2,GPU_Stress,GA_Energy_Dominance_PC60,203,0.292420,0.341075,0.396726,0.012812,34,0,13904,16.920000,0.074323065,
2,GPU_Stress,GA_Energy_Dominance_PC60,204,0.371978,0.200143,0.289993,0.017564,35,0,13505,12.824000,0.074396225,
2,GPU_Stress,GA_Energy_Dominance_PC60,205,0.289812,0.347687,0.400576,0.009507,52,0,13560,16.772000,0.073675090,
2,GPU_Stress,GA_Energy_Dominance_PC60,206,0.279238,0.335646,0.402656,0.006637,30,0,13206,17.602000,0.074262461,
2,GPU_Stress,GA_Energy_Dominance_PC60,207,0.308854,0.355604,0.397514,0.007121,54,0,13431,16.572000,0.071892925,
2,GPU_Stress,GA_Energy_Dominance_PC60,208,0.428119,0.202317,0.274414,0.011757,34,0,13468,13.504000,0.071938143,
2,GPU_Stress,GA_Energy_Dominance_PC60,209,0.308587,0.362213,0.375391,0.006902,61,0,13678,13.296000,0.073000436,
2,GPU_Stress,GA_Energy_Dominance_PC60,MEAN,0.299214,0.337247,0.389009,0.011425,,0,13517,12.594000,0.071892925,10
2,GPU_Stress,SA_WaitingTime_Dominance_PC60,200,0.099536,0.072822,0.476184,0.003023,20,0,11708,6.708000,0.081889532,
2,GPU_Stress,SA_WaitingTime_Dominance_PC60,201,0.060873,0.101864,0.508368,0.002252,23,0,11528,6.822000,0.082612439,
2,GPU_Stress,SA_WaitingTime_Dominance_PC60,202,0.083435,0.075408,0.486802,0.004598,15,0,11973,6.620000,0.082208948,
2,GPU_Stress,SA_WaitingTime_Dominance_PC60,203,0.099212,0.060026,0.478497,0.001133,18,0,11875,6.320000,0.081924822,
2,GPU_Stress,SA_WaitingTime_Dominance_PC60,204,0.099150,0.061575,0.478443,0.003871,13,0,12062,6.152000,0.082052962,
2,GPU_Stress,SA_WaitingTime_Dominance_PC60,205,0.067887,0.070249,0.500982,0.022622,8,0,12166,6.338000,0.082502836,
2,GPU_Stress,SA_WaitingTime_Dominance_PC60,206,0.096045,0.057895,0.481503,0.003275,11,0,12237,6.452000,0.081985514,
2,GPU_Stress,SA_WaitingTime_Dominance_PC60,207,0.073754,0.075182,0.509561,0.006967,11,0,11576,6.260000,0.082853861,
2,GPU_Stress,SA_WaitingTime_Dominance_PC60,208,0.091771,0.096453,0.479737,0.004905,10,0,11834,6.978000,0.082021051,
2,GPU_Stress,SA_WaitingTime_Dominance_PC60,209,0.072608,0.060420,0.498860,0.010534,8,0,12196,6.268000,0.082439442,
2,GPU_Stress,SA_WaitingTime_Dominance_PC60,MEAN,0.084427,0.073189,0.489894,0.006318,,0,11915,6.152000,0.081889532,10
2,GPU_Stress,SA_Energy_Dominance_PC60,200,0.374203,0.344529,0.355714,0.004848,75,0,11717,15.908000,0.069507455,
2,GPU_Stress,SA_Energy_Dominance_PC60,201,0.269062,0.417614,0.426742,0.015976,22,0,11494,18.008000,0.069080288,
2,GPU_Stress,SA_Energy_Dominance_PC60,202,0.275761,0.439271,0.411066,0.011670,29,0,10997,16.698000,0.068732577,
2,GPU_Stress,SA_Energy_Dominance_PC60,203,0.382799,0.340828,0.358214,0.004039,46,0,11493,16.264000,0.068658244,
2,GPU_Stress,SA_Energy_Dominance_PC60,204,0.315520,0.376542,0.412933,0.009765,20,0,11001,18.166000,0.070150982,
2,GPU_Stress,SA_Energy_Dominance_PC60,205,0.393019,0.313700,0.353861,0.007198,37,0,10932,17.092000,0.069667101,
2,GPU_Stress,SA_Energy_Dominance_PC60,206,0.305158,0.429769,0.447243,0.016118,19,0,11947,19.276000,0.069838622,
2,GPU_Stress,SA_Energy_Dominance_PC60,207,0.386186,0.381579,0.365530,0.005588,45,0,10927,16.464000,0.069924038,
2,GPU_Stress,SA_Energy_Dominance_PC60,208,0.262047,0.450281,0.436834,0.005928,44,0,11252,17.604000,0.070519805,
2,GPU_Stress,SA_Energy_Dominance_PC60,209,0.295400,0.408440,0.407903,0.009305,54,0,11524,15.664000,0.068198199,
2,GPU_Stress,SA_Energy_Dominance_PC60,MEAN,0.325916,0.390255,0.397604,0.009043,,0,11328,15.664000,0.068198199,10
2,GPU_Stress,NSGA-II_PC60,200,0.253660,0.250283,0.357604,0.015973,19,0,16396,11.922000,0.077623656,
2,GPU_Stress,NSGA-II_PC60,201,0.039153,0.410714,0.634553,0.024391,4,0,15827,15.984000,0.085491893,
2,GPU_Stress,NSGA-II_PC60,202,0.223218,0.303178,0.388380,0.015011,20,0,16680,12.150000,0.078224332,
2,GPU_Stress,NSGA-II_PC60,203,0.120765,0.256620,0.472233,0.011593,10,0,16283,12.132000,0.080905930,
2,GPU_Stress,NSGA-II_PC60,204,0.330282,0.216959,0.298389,0.005536,29,0,16788,10.464000,0.076151642,
2,GPU_Stress,NSGA-II_PC60,205,0.287097,0.228879,0.333393,0.005443,26,0,17524,10.906000,0.077037306,
2,GPU_Stress,NSGA-II_PC60,206,0.228350,0.204922,0.373012,0.004042,24,0,16602,10.404000,0.078636840,
2,GPU_Stress,NSGA-II_PC60,207,0.220206,0.185036,0.377062,0.009662,14,0,17367,10.466000,0.078849261,
2,GPU_Stress,NSGA-II_PC60,208,0.203847,0.227283,0.395345,0.005514,21,0,17227,11.272000,0.079012429,
2,GPU_Stress,NSGA-II_PC60,209,0.269515,0.228875,0.345704,0.006917,25,0,16632,11.008000,0.077512635,
2,GPU_Stress,NSGA-II_PC60,MEAN,0.217609,0.251275,0.397568,0.010408,,0,16732,10.404000,0.076151642,10
2,GPU_Stress,SPEA-II_PC60,200,0.238893,0.239562,0.369432,0.016455,21,0,17625,11.450000,0.078134146,
2,GPU_Stress,SPEA-II_PC60,201,0.102774,0.256675,0.486835,0.006729,10,0,16683,11.824000,0.081349160,
2,GPU_Stress,SPEA-II_PC60,202,0.214914,0.228559,0.386737,0.006407,17,0,17161,11.290000,0.078766130,
2,GPU_Stress,SPEA-II_PC60,203,0.071483,0.343329,0.552851,0.014557,14,0,16305,13.944000,0.082239433,
2,GPU_Stress,SPEA-II_PC60,204,0.297591,0.210169,0.326812,0.004489,21,0,17052,11.176000,0.076863171,
2,GPU_Stress,SPEA-II_PC60,205,0.375166,0.149131,0.279051,0.001867,39,0,17003,9.454000,0.075640826,
2,GPU_Stress,SPEA-II_PC60,206,0.161502,0.287006,0.445215,0.016827,16,0,16275,12.410000,0.079699742,
2,GPU_Stress,SPEA-II_PC60,207,0.186566,0.275853,0.415345,0.005209,22,0,16808,11.954000,0.079222535,
2,GPU_Stress,SPEA-II_PC60,208,0.348943,0.132536,0.291091,0.004562,22,0,16836,9.284000,0.076321330,
2,GPU_Stress,SPEA-II_PC60,209,0.075511,0.383754,0.548268,0.013693,12,0,15509,14.718000,0.081631350,
2,GPU_Stress,SPEA-II_PC60,MEAN,0.207334,0.250657,0.410164,0.009079,,0,16725,9.284000,0.075640826,10
2,GPU_Stress,AMOSA_PC60,200,0.314031,0.202786,0.314667,0.002365,50,0,18010,10.078000,0.076643930,
2,GPU_Stress,AMOSA_PC60,201,0.245846,0.236776,0.354764,0.005850,34,0,18759,10.294000,0.078136683,
2,GPU_Stress,AMOSA_PC60,202,0.274340,0.245403,0.341006,0.003490,55,0,18045,10.226000,0.077271479,
2,GPU_Stress,AMOSA_PC60,203,0.279996,0.165342,0.329596,0.003424,37,0,19389,9.512000,0.077696890,
2,GPU_Stress,AMOSA_PC60,204,0.293187,0.196951,0.323840,0.003688,37,0,17819,9.920000,0.077254531,
2,GPU_Stress,AMOSA_PC60,205,0.274371,0.186678,0.331642,0.004301,47,0,17875,9.116000,0.077755687,
2,GPU_Stress,AMOSA_PC60,206,0.271280,0.178691,0.333118,0.003565,41,0,18319,9.136000,0.077859278,
2,GPU_Stress,AMOSA_PC60,207,0.248301,0.177309,0.355337,0.002945,28,0,17911,9.966000,0.078314637,
2,GPU_Stress,AMOSA_PC60,208,0.278736,0.162457,0.324985,0.004045,35,0,18629,8.784000,0.077804823,
2,GPU_Stress,AMOSA_PC60,209,0.244628,0.146493,0.354652,0.004270,24,0,18583,8.826000,0.078640188,
2,GPU_Stress,AMOSA_PC60,MEAN,0.272472,0.189888,0.336361,0.003794,,0,18333,8.784000,0.076643930,10
2,GPU_Stress,GA_WaitingTime_Dominance_PC50,200,NaN,NaN,NaN,NaN,0,0,13224,NaN,NaN,
2,GPU_Stress,GA_WaitingTime_Dominance_PC50,201,NaN,NaN,NaN,NaN,0,0,13241,NaN,NaN,
2,GPU_Stress,GA_WaitingTime_Dominance_PC50,202,0.057109,0.376962,0.584277,0.007438,17,0,13297,14.626000,0.083394026,
2,GPU_Stress,GA_WaitingTime_Dominance_PC50,203,NaN,NaN,NaN,NaN,0,0,13507,NaN,NaN,
2,GPU_Stress,GA_WaitingTime_Dominance_PC50,204,NaN,NaN,NaN,NaN,0,0,13664,NaN,NaN,
2,GPU_Stress,GA_WaitingTime_Dominance_PC50,205,NaN,NaN,NaN,NaN,0,0,12797,NaN,NaN,
2,GPU_Stress,GA_WaitingTime_Dominance_PC50,206,0.040786,0.433458,0.613473,0.024841,5,0,14692,16.656000,0.083775628,
2,GPU_Stress,GA_WaitingTime_Dominance_PC50,207,NaN,NaN,NaN,NaN,0,0,13489,NaN,NaN,
2,GPU_Stress,GA_WaitingTime_Dominance_PC50,208,NaN,NaN,NaN,NaN,0,0,13389,NaN,NaN,
2,GPU_Stress,GA_WaitingTime_Dominance_PC50,209,NaN,NaN,NaN,NaN,0,0,13746,NaN,NaN,
2,GPU_Stress,GA_WaitingTime_Dominance_PC50,MEAN,0.048947,0.405210,0.598875,0.016139,,0,13504,14.626000,0.083394026,2
2,GPU_Stress,GA_Energy_Dominance_PC50,200,NaN,NaN,NaN,NaN,0,0,13964,NaN,NaN,
2,GPU_Stress,GA_Energy_Dominance_PC50,201,0.129975,0.498926,0.558807,0.007791,27,0,13737,19.594000,0.079175855,
2,GPU_Stress,GA_Energy_Dominance_PC50,202,NaN,NaN,NaN,NaN,0,0,12915,NaN,NaN,
2,GPU_Stress,GA_Energy_Dominance_PC50,203,NaN,NaN,NaN,NaN,0,0,14034,NaN,NaN,
2,GPU_Stress,GA_Energy_Dominance_PC50,204,NaN,NaN,NaN,NaN,0,0,12936,NaN,NaN,
2,GPU_Stress,GA_Energy_Dominance_PC50,205,0.078402,0.505182,0.589588,0.009216,12,0,13438,19.382000,0.081013437,
2,GPU_Stress,GA_Energy_Dominance_PC50,206,0.029249,0.509628,0.668066,0.004325,9,0,13307,19.166000,0.084001462,
2,GPU_Stress,GA_Energy_Dominance_PC50,207,0.066111,0.548580,0.630878,0.020921,13,0,13538,20.960000,0.081249567,
2,GPU_Stress,GA_Energy_Dominance_PC50,208,0.202157,0.341268,0.428003,0.004216,16,0,13399,15.048000,0.078119071,
2,GPU_Stress,GA_Energy_Dominance_PC50,209,NaN,NaN,NaN,NaN,0,0,13548,NaN,NaN,
2,GPU_Stress,GA_Energy_Dominance_PC50,MEAN,0.101179,0.480717,0.575068,0.009294,,0,13481,15.048000,0.078119071,5
2,GPU_Stress,SA_WaitingTime_Dominance_PC50,200,0.071214,0.097685,0.501888,0.000056,3,0,11492,7.658000,0.082403848,
2,GPU_Stress,SA_WaitingTime_Dominance_PC50,201,0.075548,0.112241,0.503068,0.001140,9,0,11863,7.998000,0.082566430,
2,GPU_Stress,SA_WaitingTime_Dominance_PC50,202,0.050681,0.108064,0.520665,0.001923,8,0,11640,7.840000,0.082808608,
2,GPU_Stress,SA_WaitingTime_Dominance_PC50,203,0.031190,0.121920,0.551173,0.001636,11,0,11134,8.066000,0.083735220,
2,GPU_Stress,SA_WaitingTime_Dominance_PC50,204,0.078828,0.161613,0.487791,0.002030,13,0,11979,7.938000,0.082152349,
2,GPU_Stress,SA_WaitingTime_Dominance_PC50,205,0.086960,0.117958,0.485164,0.002146,15,0,11327,7.886000,0.082058713,
2,GPU_Stress,SA_WaitingTime_Dominance_PC50,206,0.042054,0.309755,0.510622,0.011908,16,0,12338,7.942000,0.082724453,
2,GPU_Stress,SA_WaitingTime_Dominance_PC50,207,0.083245,0.126105,0.489916,0.004904,9,0,12020,8.274000,0.082115992,
2,GPU_Stress,SA_WaitingTime_Dominance_PC50,208,0.069681,0.130733,0.498686,0.002135,11,0,11304,8.170000,0.082397662,
2,GPU_Stress,SA_WaitingTime_Dominance_PC50,209,0.048296,0.125467,0.522526,0.001467,9,0,12426,8.120000,0.082842533,
2,GPU_Stress,SA_WaitingTime_Dominance_PC50,MEAN,0.063770,0.141154,0.507150,0.002934,,0,11752,7.658000,0.082058713,10
2,GPU_Stress,SA_Energy_Dominance_PC50,200,0.217828,0.429501,0.496866,0.016295,44,0,11480,19.110000,0.069270868,
2,GPU_Stress,SA_Energy_Dominance_PC50,201,0.202059,0.450115,0.500080,0.011453,56,0,11895,20.428000,0.068227921,
2,GPU_Stress,SA_Energy_Dominance_PC50,202,0.258913,0.439897,0.418674,0.010133,59,0,12021,18.552000,0.069386606,
2,GPU_Stress,SA_Energy_Dominance_PC50,203,0.236237,0.410714,0.469351,0.007073,66,0,11614,18.646000,0.069288431,
2,GPU_Stress,SA_Energy_Dominance_PC50,204,0.242423,0.460652,0.485827,0.007240,47,0,11509,20.116000,0.069717190,
2,GPU_Stress,SA_Energy_Dominance_PC50,205,0.226982,0.438593,0.466098,0.019567,54,0,12024,19.082000,0.068930946,
2,GPU_Stress,SA_Energy_Dominance_PC50,206,0.208310,0.469374,0.500943,0.007590,54,0,11702,20.486000,0.069221012,
2,GPU_Stress,SA_Energy_Dominance_PC50,207,0.321748,0.370329,0.403821,0.005622,40,0,11403,19.202000,0.070848569,
2,GPU_Stress,SA_Energy_Dominance_PC50,208,0.203362,0.453947,0.469037,0.010370,69,0,12015,17.280000,0.069490282,
2,GPU_Stress,SA_Energy_Dominance_PC50,209,0.211106,0.416040,0.469367,0.006839,47,0,11743,18.690000,0.068492624,
2,GPU_Stress,SA_Energy_Dominance_PC50,MEAN,0.232897,0.433916,0.468006,0.010218,,0,11740,17.280000,0.068227921,10
2,GPU_Stress,NSGA-II_PC50,200,NaN,NaN,NaN,NaN,0,0,17595,NaN,NaN,
2,GPU_Stress,NSGA-II_PC50,201,NaN,NaN,NaN,NaN,0,0,16546,NaN,NaN,
2,GPU_Stress,NSGA-II_PC50,202,NaN,NaN,NaN,NaN,0,0,16942,NaN,NaN,
2,GPU_Stress,NSGA-II_PC50,203,NaN,NaN,NaN,NaN,0,0,17095,NaN,NaN,
2,GPU_Stress,NSGA-II_PC50,204,0.113362,0.406286,0.516752,0.012090,12,0,16677,15.618000,0.080448904,
2,GPU_Stress,NSGA-II_PC50,205,0.106699,0.437252,0.539995,0.018299,8,0,17953,17.942000,0.080315833,
2,GPU_Stress,NSGA-II_PC50,206,0.016167,0.451555,0.647114,0.023078,4,0,17835,17.672000,0.083489426,
2,GPU_Stress,NSGA-II_PC50,207,NaN,NaN,NaN,NaN,0,0,18410,NaN,NaN,
2,GPU_Stress,NSGA-II_PC50,208,NaN,NaN,NaN,NaN,0,0,16719,NaN,NaN,
2,GPU_Stress,NSGA-II_PC50,209,0.070772,0.448403,0.579276,0.000000,1,0,17332,18.620000,0.081449574,
2,GPU_Stress,NSGA-II_PC50,MEAN,0.076750,0.435874,0.570784,0.013367,,0,17310,15.618000,0.080315833,4
2,GPU_Stress,SPEA-II_PC50,200,NaN,NaN,NaN,NaN,0,0,18406,NaN,NaN,
2,GPU_Stress,SPEA-II_PC50,201,NaN,NaN,NaN,NaN,0,0,16741,NaN,NaN,
2,GPU_Stress,SPEA-II_PC50,202,0.025810,0.531872,0.660096,0.025778,5,0,17714,19.274000,0.082867349,
2,GPU_Stress,SPEA-II_PC50,203,NaN,NaN,NaN,NaN,0,0,16764,NaN,NaN,
2,GPU_Stress,SPEA-II_PC50,204,NaN,NaN,NaN,NaN,0,0,17360,NaN,NaN,
2,GPU_Stress,SPEA-II_PC50,205,0.160692,0.405527,0.481342,0.012066,16,0,15711,16.888000,0.078758792,
2,GPU_Stress,SPEA-II_PC50,206,NaN,NaN,NaN,NaN,0,0,16793,NaN,NaN,
2,GPU_Stress,SPEA-II_PC50,207,NaN,NaN,NaN,NaN,0,0,17176,NaN,NaN,
2,GPU_Stress,SPEA-II_PC50,208,0.099126,0.338015,0.514345,0.015658,7,0,17510,14.302000,0.081125689,
2,GPU_Stress,SPEA-II_PC50,209,NaN,NaN,NaN,NaN,0,0,16795,NaN,NaN,
2,GPU_Stress,SPEA-II_PC50,MEAN,0.095209,0.425138,0.551928,0.017834,,0,17097,14.302000,0.078758792,3
2,GPU_Stress,AMOSA_PC50,200,0.204650,0.257169,0.399457,0.002682,28,0,16800,12.096000,0.078812205,
2,GPU_Stress,AMOSA_PC50,201,0.269839,0.228237,0.348069,0.001930,32,0,18085,11.896000,0.077337454,
2,GPU_Stress,AMOSA_PC50,202,0.259251,0.274307,0.362740,0.003448,28,0,18079,12.876000,0.077315153,
2,GPU_Stress,AMOSA_PC50,203,0.216316,0.248764,0.389878,0.002243,33,0,19038,12.304000,0.078523463,
2,GPU_Stress,AMOSA_PC50,204,0.260856,0.252910,0.358265,0.002234,44,0,19005,12.124000,0.077407511,
2,GPU_Stress,AMOSA_PC50,205,0.254557,0.252005,0.364996,0.002339,40,0,17971,11.850000,0.077612604,
2,GPU_Stress,AMOSA_PC50,206,0.242778,0.207471,0.366361,0.002579,24,0,17782,11.200000,0.078185821,
2,GPU_Stress,AMOSA_PC50,207,0.278994,0.230773,0.341826,0.002020,30,0,19394,11.618000,0.077161731,
2,GPU_Stress,AMOSA_PC50,208,0.244152,0.194175,0.362259,0.001562,27,0,18370,10.640000,0.078255919,
2,GPU_Stress,AMOSA_PC50,209,0.167229,0.274899,0.433142,0.003460,28,0,18196,12.378000,0.079676398,
2,GPU_Stress,AMOSA_PC50,MEAN,0.239862,0.242071,0.372699,0.002450,,0,18272,10.640000,0.077161731,10
3,CPU_Stress,GA_WaitingTime_Dominance,200,0.169225,0.023997,0.496730,0.007847,22,0,3312,1.444000,0.044579944,
3,CPU_Stress,GA_WaitingTime_Dominance,201,0.134802,0.026758,0.510547,0.017927,13,0,3141,1.426000,0.044908862,
3,CPU_Stress,GA_WaitingTime_Dominance,202,0.169653,0.045940,0.483321,0.011100,9,2,3326,1.434000,0.044263780,
3,CPU_Stress,GA_WaitingTime_Dominance,203,0.146528,0.009675,0.517475,0.027882,6,3,3649,1.440000,0.044718838,
3,CPU_Stress,GA_WaitingTime_Dominance,204,0.133093,0.019732,0.516841,0.024728,18,0,3308,1.438000,0.044922641,
3,CPU_Stress,GA_WaitingTime_Dominance,205,0.140104,0.013625,0.517061,0.028455,11,0,3333,1.418000,0.044820301,
3,CPU_Stress,GA_WaitingTime_Dominance,206,0.156245,0.030629,0.499154,0.009079,21,0,3549,1.426000,0.044475040,
3,CPU_Stress,GA_WaitingTime_Dominance,207,0.159480,0.042782,0.491763,0.013819,9,0,3505,1.448000,0.044402017,
3,CPU_Stress,GA_WaitingTime_Dominance,208,0.142010,0.026705,0.506836,0.007591,25,0,3245,1.434000,0.044744432,
3,CPU_Stress,GA_WaitingTime_Dominance,209,0.144959,0.033079,0.509807,0.016122,9,0,3471,1.466000,0.044688685,
3,CPU_Stress,GA_WaitingTime_Dominance,MEAN,0.149610,0.027292,0.504954,0.016455,,5,3383,1.418000,0.044263780,10
3,CPU_Stress,GA_Energy_Dominance,200,0.682747,0.062087,0.081464,0.005947,100,1,5054,3.040000,0.030357896,
3,CPU_Stress,GA_Energy_Dominance,201,0.670538,0.069334,0.093992,0.005638,88,5,5050,3.082000,0.030689968,
3,CPU_Stress,GA_Energy_Dominance,202,0.683621,0.051770,0.083735,0.008931,88,9,5023,2.980000,0.031613113,
3,CPU_Stress,GA_Energy_Dominance,203,0.670980,0.061472,0.090755,0.010644,89,0,5246,3.128000,0.030262372,
3,CPU_Stress,GA_Energy_Dominance,204,0.689659,0.043427,0.082607,0.007364,93,14,5247,2.984000,0.029984423,
3,CPU_Stress,GA_Energy_Dominance,205,0.658461,0.074970,0.095494,0.010654,85,0,5312,3.178000,0.030471607,
3,CPU_Stress,GA_Energy_Dominance,206,0.631757,0.105357,0.114897,0.010265,91,0,5105,3.102000,0.030978648,
3,CPU_Stress,GA_Energy_Dominance,207,0.700884,0.043350,0.074689,0.005593,97,9,5108,3.204000,0.029842658,
3,CPU_Stress,GA_Energy_Dominance,208,0.685046,0.049022,0.085155,0.004696,92,0,4990,3.204000,0.031050099,
3,CPU_Stress,GA_Energy_Dominance,209,0.680814,0.053820,0.088190,0.007527,76,21,4970,3.150000,0.031020090,
3,CPU_Stress,GA_Energy_Dominance,MEAN,0.675451,0.061461,0.089098,0.007726,,59,5110,2.980000,0.029842658,10
3,CPU_Stress,SA_WaitingTime_Dominance,200,0.096505,0.009663,0.566983,0.002117,26,0,1983,1.306000,0.045616334,
3,CPU_Stress,SA_WaitingTime_Dominance,201,0.131253,0.017613,0.531352,0.003730,24,0,1816,1.306000,0.044982966,
3,CPU_Stress,SA_WaitingTime_Dominance,202,0.096711,0.009302,0.567135,0.006152,15,0,1834,1.312000,0.045604117,
3,CPU_Stress,SA_WaitingTime_Dominance,203,0.144717,0.010587,0.525186,0.001228,15,9,1662,1.310000,0.044761734,
3,CPU_Stress,SA_WaitingTime_Dominance,204,0.101700,0.012392,0.559748,0.002058,28,0,1821,1.298000,0.045517536,
3,CPU_Stress,SA_WaitingTime_Dominance,205,0.113545,0.014509,0.547848,0.008225,16,4,1863,1.282000,0.045307326,
3,CPU_Stress,SA_WaitingTime_Dominance,206,0.102921,0.008481,0.560161,0.003540,32,0,1756,1.284000,0.045648560,
3,CPU_Stress,SA_WaitingTime_Dominance,207,0.111679,0.017359,0.551244,0.002518,25,4,1846,1.296000,0.045338263,
3,CPU_Stress,SA_WaitingTime_Dominance,208,0.094728,0.008829,0.568702,0.002439,21,0,2135,1.314000,0.045640661,
3,CPU_Stress,SA_WaitingTime_Dominance,209,0.104324,0.013413,0.555803,0.002088,25,2,1902,1.292000,0.045474168,
3,CPU_Stress,SA_WaitingTime_Dominance,MEAN,0.109808,0.012215,0.553416,0.003410,,19,1861,1.282000,0.044761734,10
3,CPU_Stress,SA_Energy_Dominance,200,0.506998,0.121043,0.239831,0.002988,112,0,2422,3.332000,0.036804011,
3,CPU_Stress,SA_Energy_Dominance,201,0.557386,0.130232,0.189971,0.003217,119,0,2689,3.278000,0.035136706,
3,CPU_Stress,SA_Energy_Dominance,202,0.495746,0.098729,0.262547,0.001687,107,0,2401,3.240000,0.037514478,
3,CPU_Stress,SA_Energy_Dominance,203,0.536902,0.129999,0.216972,0.004747,115,0,2397,3.306000,0.035871423,
3,CPU_Stress,SA_Energy_Dominance,204,0.560192,0.143182,0.182195,0.003210,127,0,2507,3.286000,0.034637946,
3,CPU_Stress,SA_Energy_Dominance,205,0.545206,0.101678,0.239635,0.001420,125,0,2416,3.158000,0.036406715,
3,CPU_Stress,SA_Energy_Dominance,206,0.543257,0.130040,0.229926,0.002634,108,0,2456,3.220000,0.035840442,
3,CPU_Stress,SA_Energy_Dominance,207,0.562847,0.139722,0.203397,0.004441,83,0,2692,3.320000,0.035101960,
3,CPU_Stress,SA_Energy_Dominance,208,0.531198,0.169043,0.187260,0.005201,129,0,2824,3.330000,0.034110616,
3,CPU_Stress,SA_Energy_Dominance,209,0.533200,0.105044,0.241253,0.002909,126,0,2461,3.284000,0.036602302,
3,CPU_Stress,SA_Energy_Dominance,MEAN,0.537293,0.126871,0.219299,0.003245,,0,2526,3.158000,0.034110616,10
3,CPU_Stress,NSGA-II,200,0.559118,0.006204,0.251308,0.006689,45,4,7599,1.752000,0.037223072,
3,CPU_Stress,NSGA-II,201,0.569114,0.014493,0.242321,0.010844,51,2,7020,1.744000,0.036999214,
3,CPU_Stress,NSGA-II,202,0.573357,0.017143,0.227388,0.004214,59,0,7118,1.744000,0.036868528,
3,CPU_Stress,NSGA-II,203,0.556041,0.019271,0.240129,0.004251,56,0,7018,1.764000,0.037215604,
3,CPU_Stress,NSGA-II,204,0.558024,0.019044,0.233033,0.004638,58,0,7775,1.774000,0.037180098,
3,CPU_Stress,NSGA-II,205,0.511008,0.014255,0.275089,0.003151,55,0,7181,1.738000,0.038105332,
3,CPU_Stress,NSGA-II,206,0.539330,0.011374,0.253899,0.003861,48,0,7313,1.752000,0.037578684,
3,CPU_Stress,NSGA-II,207,0.540927,0.020377,0.254207,0.003641,55,0,7534,1.738000,0.037493415,
3,CPU_Stress,NSGA-II,208,0.554003,0.011802,0.247950,0.005984,54,0,7460,1.734000,0.037292909,
3,CPU_Stress,NSGA-II,209,0.528565,0.014402,0.254337,0.005702,50,0,6936,1.754000,0.037769281,
3,CPU_Stress,NSGA-II,MEAN,0.548949,0.014836,0.247966,0.005297,,6,7295,1.734000,0.036868528,10
3,CPU_Stress,SPEA-II,200,0.537801,0.014027,0.253737,0.005340,57,0,7629,1.738000,0.037583574,
3,CPU_Stress,SPEA-II,201,0.484480,0.016542,0.288902,0.009343,49,0,8387,1.742000,0.038582077,
3,CPU_Stress,SPEA-II,202,0.528203,0.016044,0.261759,0.003844,55,0,8171,1.716000,0.037768967,
3,CPU_Stress,SPEA-II,203,0.516092,0.018955,0.269256,0.009030,46,0,8141,1.728000,0.037980971,
3,CPU_Stress,SPEA-II,204,0.508563,0.014509,0.276591,0.004714,49,5,7935,1.706000,0.038160162,
3,CPU_Stress,SPEA-II,205,0.505698,0.014678,0.279372,0.003386,42,0,7739,1.708000,0.038188076,
3,CPU_Stress,SPEA-II,206,0.491651,0.011916,0.287234,0.003239,47,0,7887,1.714000,0.038462546,
3,CPU_Stress,SPEA-II,207,0.468818,0.010350,0.307364,0.006741,36,0,7428,1.690000,0.038911461,
3,CPU_Stress,SPEA-II,208,0.513689,0.019440,0.271007,0.005141,53,2,7331,1.672000,0.038052355,
3,CPU_Stress,SPEA-II,209,0.540569,0.021579,0.249170,0.004058,52,0,8182,1.716000,0.037502862,
3,CPU_Stress,SPEA-II,MEAN,0.509556,0.015804,0.274439,0.005483,,7,7883,1.672000,0.037502862,10
3,CPU_Stress,AMOSA,200,0.330646,0.025828,0.382234,0.001897,45,0,5520,1.686000,0.041368314,
3,CPU_Stress,AMOSA,201,0.301131,0.020398,0.394763,0.006415,33,0,5774,1.674000,0.041917348,
3,CPU_Stress,AMOSA,202,0.295700,0.019952,0.406837,0.001681,42,0,5545,1.690000,0.042008728,
3,CPU_Stress,AMOSA,203,0.316373,0.028329,0.388901,0.001398,50,0,5568,1.678000,0.041618612,
3,CPU_Stress,AMOSA,204,0.324997,0.020331,0.387585,0.003239,40,0,5577,1.694000,0.041471592,
3,CPU_Stress,AMOSA,205,0.337003,0.009736,0.386566,0.004616,41,1,5479,1.666000,0.041296077,
3,CPU_Stress,AMOSA,206,0.356148,0.036321,0.350762,0.002882,46,0,5277,1.682000,0.040892248,
3,CPU_Stress,AMOSA,207,0.349073,0.032523,0.356960,0.001905,57,0,5323,1.680000,0.041001461,
3,CPU_Stress,AMOSA,208,0.357430,0.026900,0.361096,0.001442,63,0,5766,1.712000,0.040856241,
3,CPU_Stress,AMOSA,209,0.300445,0.028620,0.398757,0.001791,48,0,6080,1.672000,0.041912093,
3,CPU_Stress,AMOSA,MEAN,0.326895,0.024894,0.381446,0.002726,,1,5590,1.666000,0.040856241,10
3,CPU_Stress,GA_WaitingTime_Dominance_PC90,200,0.140764,0.051046,0.510003,0.007380,20,0,11899,1.490000,0.044686369,
3,CPU_Stress,GA_WaitingTime_Dominance_PC90,201,0.148675,0.037710,0.506158,0.010323,16,0,12604,1.502000,0.044573412,
3,CPU_Stress,GA_WaitingTime_Dominance_PC90,202,0.167368,0.040849,0.485104,0.015464,16,0,11496,1.510000,0.044263780,
3,CPU_Stress,GA_WaitingTime_Dominance_PC90,203,0.188988,0.035232,0.476764,0.011690,14,0,11416,1.506000,0.043861293,
3,CPU_Stress,GA_WaitingTime_Dominance_PC90,204,0.120669,0.034710,0.529742,0.007283,11,0,12062,1.498000,0.045156599,
3,CPU_Stress,GA_WaitingTime_Dominance_PC90,205,0.155974,0.052021,0.495254,0.009587,17,0,12170,1.514000,0.044464060,
3,CPU_Stress,GA_WaitingTime_Dominance_PC90,206,0.157790,0.033424,0.499679,0.008013,13,0,12355,1.492000,0.044475040,
3,CPU_Stress,GA_WaitingTime_Dominance_PC90,207,0.156437,0.051660,0.494471,0.007035,22,0,11412,1.486000,0.044402017,
3,CPU_Stress,GA_WaitingTime_Dominance_PC90,208,0.133429,0.041318,0.519730,0.004144,29,0,11624,1.474000,0.044860263,
3,CPU_Stress,GA_WaitingTime_Dominance_PC90,209,0.143936,0.042724,0.510499,0.011414,12,0,12511,1.508000,0.044688685,
3,CPU_Stress,GA_WaitingTime_Dominance_PC90,MEAN,0.151403,0.042069,0.502740,0.009233,,0,11954,1.474000,0.043861293,10
3,CPU_Stress,GA_Energy_Dominance_PC90,200,0.656337,0.079652,0.096079,0.005384,104,0,13076,3.118000,0.030311170,
3,CPU_Stress,GA_Energy_Dominance_PC90,201,0.666384,0.071159,0.095349,0.006784,100,0,13435,3.042000,0.030543582,
3,CPU_Stress,GA_Energy_Dominance_PC90,202,0.661378,0.062842,0.101189,0.006701,83,1,13146,3.290000,0.032393831,
3,CPU_Stress,GA_Energy_Dominance_PC90,203,0.670578,0.083092,0.102389,0.008235,86,0,13607,3.262000,0.029926511,
3,CPU_Stress,GA_Energy_Dominance_PC90,204,0.648227,0.076101,0.102309,0.007499,83,0,13055,3.144000,0.031572252,
3,CPU_Stress,GA_Energy_Dominance_PC90,205,0.690166,0.052542,0.080095,0.004624,105,17,13377,3.046000,0.031496511,
3,CPU_Stress,GA_Energy_Dominance_PC90,206,0.621111,0.105947,0.119476,0.009686,95,0,13528,2.968000,0.030922731,
3,CPU_Stress,GA_Energy_Dominance_PC90,207,0.666827,0.074572,0.097038,0.006000,107,0,13146,2.906000,0.030574099,
3,CPU_Stress,GA_Energy_Dominance_PC90,208,0.654634,0.080339,0.094640,0.007052,103,0,13571,3.006000,0.030427069,
3,CPU_Stress,GA_Energy_Dominance_PC90,209,0.651021,0.080925,0.100628,0.007040,94,0,12901,3.040000,0.030301413,
3,CPU_Stress,GA_Energy_Dominance_PC90,MEAN,0.658667,0.076717,0.098919,0.006900,,18,13284,2.906000,0.029926511,10
3,CPU_Stress,SA_WaitingTime_Dominance_PC90,200,0.129402,0.020298,0.532458,0.002784,29,0,10202,1.416000,0.045014645,
3,CPU_Stress,SA_WaitingTime_Dominance_PC90,201,0.118445,0.011996,0.546705,0.001986,28,0,9847,1.422000,0.045216676,
3,CPU_Stress,SA_WaitingTime_Dominance_PC90,202,0.115194,0.022627,0.541303,0.003902,14,0,9547,1.438000,0.045275004,
3,CPU_Stress,SA_WaitingTime_Dominance_PC90,203,0.149976,0.006712,0.527150,0.003057,20,8,9970,1.430000,0.044670185,
3,CPU_Stress,SA_WaitingTime_Dominance_PC90,204,0.145651,0.018550,0.518922,0.002693,23,0,9770,1.414000,0.044711818,
3,CPU_Stress,SA_WaitingTime_Dominance_PC90,205,0.102260,0.012184,0.557681,0.006814,22,0,10019,1.404000,0.045556882,
3,CPU_Stress,SA_WaitingTime_Dominance_PC90,206,0.104332,0.012190,0.558630,0.007004,11,0,9655,1.440000,0.045473777,
3,CPU_Stress,SA_WaitingTime_Dominance_PC90,207,0.120900,0.024595,0.535716,0.003700,32,0,9876,1.486000,0.045153682,
3,CPU_Stress,SA_WaitingTime_Dominance_PC90,208,0.122357,0.003887,0.551554,0.002180,6,1,9521,1.392000,0.045163262,
3,CPU_Stress,SA_WaitingTime_Dominance_PC90,209,0.131806,0.017801,0.532774,0.003048,33,0,10347,1.436000,0.044970011,
3,CPU_Stress,SA_WaitingTime_Dominance_PC90,MEAN,0.124032,0.015084,0.540289,0.003717,,9,9875,1.392000,0.044670185,10
3,CPU_Stress,SA_Energy_Dominance_PC90,200,0.531520,0.140022,0.219280,0.003637,106,0,10511,3.332000,0.035892009,
3,CPU_Stress,SA_Energy_Dominance_PC90,201,0.545413,0.134562,0.210322,0.002211,109,0,10007,3.278000,0.035521709,
3,CPU_Stress,SA_Energy_Dominance_PC90,202,0.551063,0.128038,0.209679,0.002013,131,0,10540,3.218000,0.035591920,
3,CPU_Stress,SA_Energy_Dominance_PC90,203,0.582250,0.124458,0.182910,0.003176,120,0,10803,3.288000,0.034658897,
3,CPU_Stress,SA_Energy_Dominance_PC90,204,0.536253,0.142438,0.214982,0.002036,101,0,9832,3.200000,0.035796914,
3,CPU_Stress,SA_Energy_Dominance_PC90,205,0.536007,0.128746,0.222719,0.001803,132,0,10215,3.460000,0.035989730,
3,CPU_Stress,SA_Energy_Dominance_PC90,206,0.531245,0.130564,0.231606,0.003172,108,0,9947,3.220000,0.036133521,
3,CPU_Stress,SA_Energy_Dominance_PC90,207,0.541853,0.141655,0.203573,0.005859,104,0,10475,3.310000,0.035437057,
3,CPU_Stress,SA_Energy_Dominance_PC90,208,0.532522,0.160714,0.208269,0.002920,116,0,10359,3.390000,0.035187844,
3,CPU_Stress,SA_Energy_Dominance_PC90,209,0.532194,0.110267,0.237620,0.001820,134,0,10381,3.284000,0.036546774,
3,CPU_Stress,SA_Energy_Dominance_PC90,MEAN,0.542032,0.134146,0.214096,0.002865,,0,10307,3.200000,0.034658897,10
3,CPU_Stress,NSGA-II_PC90,200,0.586106,0.034301,0.238075,0.007166,49,0,16133,2.360000,0.036416165,
3,CPU_Stress,NSGA-II_PC90,201,0.595280,0.017760,0.225482,0.003523,47,0,15908,2.276000,0.036329058,
3,CPU_Stress,NSGA-II_PC90,202,0.585782,0.025570,0.256660,0.002586,62,0,15606,2.038000,0.036559073,
3,CPU_Stress,NSGA-II_PC90,203,0.622033,0.014679,0.213472,0.007851,48,10,15843,2.284000,0.035769054,
3,CPU_Stress,NSGA-II_PC90,204,0.607933,0.021040,0.243304,0.002267,63,0,16151,2.306000,0.036046481,
3,CPU_Stress,NSGA-II_PC90,205,0.589865,0.016866,0.224476,0.005292,47,0,16639,2.284000,0.036427485,
3,CPU_Stress,NSGA-II_PC90,206,0.586845,0.016144,0.273326,0.002178,52,0,16001,2.130000,0.036567468,
3,CPU_Stress,NSGA-II_PC90,207,0.595810,0.011289,0.232310,0.008151,52,1,16154,2.426000,0.036293022,
3,CPU_Stress,NSGA-II_PC90,208,0.607419,0.008447,0.238758,0.003585,50,12,15617,2.278000,0.036137610,
3,CPU_Stress,NSGA-II_PC90,209,0.578786,0.007465,0.258890,0.002798,49,11,16175,2.106000,0.036766549,
3,CPU_Stress,NSGA-II_PC90,MEAN,0.595586,0.017356,0.240475,0.004540,,34,16022,2.038000,0.035769054,10
3,CPU_Stress,SPEA-II_PC90,200,0.538530,0.026862,0.266760,0.003514,47,0,16344,2.076000,0.037453236,
3,CPU_Stress,SPEA-II_PC90,201,0.513589,0.027538,0.273445,0.004480,42,0,16829,1.980000,0.037939766,
3,CPU_Stress,SPEA-II_PC90,202,0.578943,0.018811,0.250565,0.003089,52,0,17023,2.096000,0.036686784,
3,CPU_Stress,SPEA-II_PC90,203,0.606786,0.010144,0.236499,0.003941,49,6,16269,2.166000,0.036154247,
3,CPU_Stress,SPEA-II_PC90,204,0.565822,0.026306,0.245279,0.004210,49,0,17399,2.182000,0.036875093,
3,CPU_Stress,SPEA-II_PC90,205,0.575398,0.006094,0.286005,0.001376,56,33,16785,1.984000,0.036888626,
3,CPU_Stress,SPEA-II_PC90,206,0.544640,0.021113,0.274869,0.002296,47,0,16930,2.112000,0.037361521,
3,CPU_Stress,SPEA-II_PC90,207,0.553280,0.024671,0.281358,0.002045,61,0,17260,2.098000,0.037210769,
3,CPU_Stress,SPEA-II_PC90,208,0.549131,0.021046,0.253671,0.003078,55,0,16353,2.116000,0.037260436,
3,CPU_Stress,SPEA-II_PC90,209,0.568539,0.013172,0.259913,0.003095,49,0,17435,2.068000,0.036930958,
3,CPU_Stress,SPEA-II_PC90,MEAN,0.559466,0.019576,0.262836,0.003112,,39,16862,1.980000,0.036154247,10
3,CPU_Stress,AMOSA_PC90,200,0.347913,0.030518,0.358624,0.003569,43,0,15597,1.720000,0.041050879,
3,CPU_Stress,AMOSA_PC90,201,0.330312,0.016589,0.386711,0.001545,58,0,15992,1.720000,0.041383441,
3,CPU_Stress,AMOSA_PC90,202,0.369402,0.033684,0.349241,0.009396,44,0,15567,1.754000,0.040640223,
3,CPU_Stress,AMOSA_PC90,203,0.337564,0.009019,0.390926,0.002267,40,0,15304,1.712000,0.041287712,
3,CPU_Stress,AMOSA_PC90,204,0.303824,0.009937,0.412183,0.001884,30,6,15997,1.718000,0.041896231,
3,CPU_Stress,AMOSA_PC90,205,0.341880,0.020371,0.371983,0.001519,43,8,15563,1.684000,0.041187771,
3,CPU_Stress,AMOSA_PC90,206,0.343096,0.023157,0.376037,0.001264,60,0,16209,1.740000,0.041137844,
3,CPU_Stress,AMOSA_PC90,207,0.365750,0.032252,0.353160,0.004457,46,0,15536,1.748000,0.040701986,
3,CPU_Stress,AMOSA_PC90,208,0.371852,0.028616,0.347138,0.002596,55,0,15939,1.690000,0.040583587,
3,CPU_Stress,AMOSA_PC90,209,0.303803,0.029017,0.392605,0.004841,46,0,15694,1.720000,0.041836034,
3,CPU_Stress,AMOSA_PC90,MEAN,0.341540,0.023316,0.373861,0.003334,,14,15739,1.684000,0.040583587,10
3,CPU_Stress,GA_WaitingTime_Dominance_PC80,200,0.181266,0.031332,0.485022,0.006166,13,0,12085,1.624000,0.044063211,
3,CPU_Stress,GA_WaitingTime_Dominance_PC80,201,0.171609,0.053383,0.483819,0.014021,12,0,11981,1.684000,0.044144787,
3,CPU_Stress,GA_WaitingTime_Dominance_PC80,202,0.209869,0.070327,0.444797,0.013838,15,0,11812,1.692000,0.043400716,
3,CPU_Stress,GA_WaitingTime_Dominance_PC80,203,0.134362,0.026572,0.513161,0.046433,8,0,11229,1.654000,0.044885165,
3,CPU_Stress,GA_WaitingTime_Dominance_PC80,204,0.187582,0.039128,0.473602,0.017289,14,0,11274,1.660000,0.043855605,
3,CPU_Stress,GA_WaitingTime_Dominance_PC80,205,0.144509,0.044912,0.498275,0.020848,13,0,11855,1.712000,0.044710043,
3,CPU_Stress,GA_WaitingTime_Dominance_PC80,206,0.163561,0.052882,0.489502,0.009379,15,0,12078,1.760000,0.044283036,
3,CPU_Stress,GA_WaitingTime_Dominance_PC80,207,0.122478,0.013128,0.548236,0.002312,9,0,11673,1.640000,0.045139925,
3,CPU_Stress,GA_WaitingTime_Dominance_PC80,208,0.150798,0.043640,0.494378,0.026011,8,0,11840,1.636000,0.044553693,
3,CPU_Stress,GA_WaitingTime_Dominance_PC80,209,0.200351,0.037694,0.469101,0.008920,14,0,12425,1.612000,0.043678647,
3,CPU_Stress,GA_WaitingTime_Dominance_PC80,MEAN,0.166639,0.041300,0.489989,0.016522,,0,11825,1.612000,0.043400716,10
3,CPU_Stress,GA_Energy_Dominance_PC80,200,0.633818,0.068521,0.142248,0.005069,74,6,12541,3.244000,0.033765618,
3,CPU_Stress,GA_Energy_Dominance_PC80,201,0.466691,0.117356,0.269474,0.006453,70,0,12289,3.110000,0.038033508,
3,CPU_Stress,GA_Energy_Dominance_PC80,202,0.660598,0.075262,0.115444,0.004232,110,4,12689,3.126000,0.032811806,
3,CPU_Stress,GA_Energy_Dominance_PC80,203,0.636333,0.067628,0.132286,0.005810,94,0,12991,3.338000,0.033713647,
3,CPU_Stress,GA_Energy_Dominance_PC80,204,0.635704,0.077147,0.125110,0.009408,78,0,13201,3.718000,0.032619776,
3,CPU_Stress,GA_Energy_Dominance_PC80,205,0.438951,0.114231,0.290319,0.004348,56,0,12948,3.110000,0.038688876,
3,CPU_Stress,GA_Energy_Dominance_PC80,206,0.619591,0.085798,0.142143,0.009496,86,0,12794,3.242000,0.033931402,
3,CPU_Stress,GA_Energy_Dominance_PC80,207,0.464624,0.113560,0.271832,0.008414,61,0,12771,3.176000,0.038113459,
3,CPU_Stress,GA_Energy_Dominance_PC80,208,0.670796,0.050103,0.096035,0.014206,95,7,12376,3.232000,0.032670369,
3,CPU_Stress,GA_Energy_Dominance_PC80,209,0.651477,0.071841,0.111003,0.010428,100,0,12749,3.414000,0.032779335,
3,CPU_Stress,GA_Energy_Dominance_PC80,MEAN,0.587858,0.084145,0.169589,0.007786,,17,12734,3.110000,0.032619776,10
3,CPU_Stress,SA_WaitingTime_Dominance_PC80,200,0.160667,0.011383,0.516017,0.007159,10,0,10080,1.688000,0.044457158,
3,CPU_Stress,SA_WaitingTime_Dominance_PC80,201,0.138507,0.014397,0.529107,0.004375,15,0,9544,1.664000,0.044850944,
3,CPU_Stress,SA_WaitingTime_Dominance_PC80,202,0.137067,0.013589,0.533471,0.005883,9,0,9809,1.676000,0.044876842,
3,CPU_Stress,SA_WaitingTime_Dominance_PC80,203,0.145276,0.014882,0.526415,0.001747,25,0,9363,1.694000,0.044726972,
3,CPU_Stress,SA_WaitingTime_Dominance_PC80,204,0.135520,0.011154,0.536021,0.003681,7,0,9550,1.616000,0.044910610,
3,CPU_Stress,SA_WaitingTime_Dominance_PC80,205,0.149433,0.013583,0.524800,0.001774,18,0,9943,1.660000,0.044655629,
3,CPU_Stress,SA_WaitingTime_Dominance_PC80,206,0.150645,0.015484,0.520808,0.002323,19,0,9896,1.600000,0.044633378,
3,CPU_Stress,SA_WaitingTime_Dominance_PC80,207,0.155633,0.010700,0.520596,0.004546,14,0,9888,1.596000,0.044553366,
3,CPU_Stress,SA_WaitingTime_Dominance_PC80,208,0.128192,0.032660,0.529980,0.003709,18,0,9672,1.662000,0.045012313,
3,CPU_Stress,SA_WaitingTime_Dominance_PC80,209,0.129504,0.013335,0.541145,0.001578,23,0,9549,1.620000,0.045015411,
3,CPU_Stress,SA_WaitingTime_Dominance_PC80,MEAN,0.143044,0.015117,0.527836,0.003677,,0,9729,1.596000,0.044457158,10
3,CPU_Stress,SA_Energy_Dominance_PC80,200,0.526286,0.150736,0.217845,0.003325,91,0,9865,3.420000,0.035626911,
3,CPU_Stress,SA_Energy_Dominance_PC80,201,0.573352,0.135301,0.152137,0.003388,126,0,10440,3.348000,0.033712333,
3,CPU_Stress,SA_Energy_Dominance_PC80,202,0.538836,0.149911,0.183594,0.005343,105,0,10664,3.390000,0.034612030,
3,CPU_Stress,SA_Energy_Dominance_PC80,203,0.577663,0.121983,0.164395,0.002622,136,0,9741,3.358000,0.034503734,
3,CPU_Stress,SA_Energy_Dominance_PC80,204,0.503764,0.168824,0.218947,0.002697,104,0,10459,3.462000,0.035725255,
3,CPU_Stress,SA_Energy_Dominance_PC80,205,0.533868,0.129371,0.232304,0.002290,95,0,11152,3.228000,0.036089338,
3,CPU_Stress,SA_Energy_Dominance_PC80,206,0.512243,0.147619,0.225421,0.004330,87,0,11284,3.302000,0.036110499,
3,CPU_Stress,SA_Energy_Dominance_PC80,207,0.538854,0.147111,0.187219,0.003395,134,0,10576,3.490000,0.034944217,
3,CPU_Stress,SA_Energy_Dominance_PC80,208,0.527515,0.151178,0.210840,0.003980,87,0,11579,3.376000,0.035734388,
3,CPU_Stress,SA_Energy_Dominance_PC80,209,0.530209,0.132765,0.226403,0.002070,108,0,10945,3.314000,0.036092184,
3,CPU_Stress,SA_Energy_Dominance_PC80,MEAN,0.536259,0.143480,0.201910,0.003344,,0,10670,3.228000,0.033712333,10
3,CPU_Stress,NSGA-II_PC80,200,0.575037,0.018249,0.277716,0.005901,41,0,15435,2.484000,0.036681989,
3,CPU_Stress,NSGA-II_PC80,201,0.553595,0.016271,0.288805,0.007923,45,0,15631,2.356000,0.037160685,
3,CPU_Stress,NSGA-II_PC80,202,0.573602,0.019163,0.278642,0.003650,43,0,16409,2.410000,0.036729906,
3,CPU_Stress,NSGA-II_PC80,203,0.543875,0.012491,0.319039,0.001258,46,0,15510,2.390000,0.037344448,
3,CPU_Stress,NSGA-II_PC80,204,0.588033,0.017985,0.257215,0.004526,51,0,16895,2.304000,0.036479773,
3,CPU_Stress,NSGA-II_PC80,205,0.518559,0.030747,0.265052,0.011268,48,0,15728,2.318000,0.037776092,
3,CPU_Stress,NSGA-II_PC80,206,0.567849,0.022136,0.263656,0.002218,51,0,16117,2.484000,0.036804130,
3,CPU_Stress,NSGA-II_PC80,207,0.592748,0.020219,0.266175,0.001935,56,0,15689,2.390000,0.036348405,
3,CPU_Stress,NSGA-II_PC80,208,0.589076,0.038863,0.238531,0.002722,60,0,15626,2.342000,0.036334026,
3,CPU_Stress,NSGA-II_PC80,209,0.567350,0.024658,0.260944,0.004191,49,0,15590,2.376000,0.036843892,
3,CPU_Stress,NSGA-II_PC80,MEAN,0.566972,0.022078,0.271578,0.004559,,0,15863,2.304000,0.036334026,10
3,CPU_Stress,SPEA-II_PC80,200,0.510505,0.017757,0.303958,0.002442,41,0,16296,2.154000,0.038020329,
3,CPU_Stress,SPEA-II_PC80,201,0.483436,0.019055,0.318995,0.001708,46,0,16349,2.132000,0.038540147,
3,CPU_Stress,SPEA-II_PC80,202,0.550789,0.030095,0.270910,0.002125,54,0,16751,2.182000,0.037192189,
3,CPU_Stress,SPEA-II_PC80,203,0.489211,0.031434,0.317455,0.001993,48,0,16827,2.272000,0.038374330,
3,CPU_Stress,SPEA-II_PC80,204,0.345752,0.022537,0.396994,0.002138,34,0,16530,2.140000,0.041047794,
3,CPU_Stress,SPEA-II_PC80,205,0.395188,0.033744,0.359455,0.002245,44,0,16417,2.298000,0.040103029,
3,CPU_Stress,SPEA-II_PC80,206,0.567223,0.016830,0.271858,0.002756,52,0,17247,2.220000,0.036923483,
3,CPU_Stress,SPEA-II_PC80,207,0.514193,0.024063,0.306889,0.002408,37,0,16788,2.292000,0.037918638,
3,CPU_Stress,SPEA-II_PC80,208,0.483655,0.035681,0.286637,0.005809,38,0,17259,2.286000,0.038435751,
3,CPU_Stress,SPEA-II_PC80,209,0.569709,0.014414,0.262568,0.003301,45,0,16718,2.348000,0.036836986,
3,CPU_Stress,SPEA-II_PC80,MEAN,0.490966,0.024561,0.309572,0.002692,,0,16718,2.132000,0.036836986,10
3,CPU_Stress,AMOSA_PC80,200,0.360769,0.025196,0.384420,0.001014,49,0,15981,2.084000,0.040782005,
3,CPU_Stress,AMOSA_PC80,201,0.420311,0.035735,0.331262,0.001681,52,0,16620,2.172000,0.039652706,
3,CPU_Stress,AMOSA_PC80,202,0.374928,0.035707,0.361304,0.002075,47,0,16521,2.226000,0.040456504,
3,CPU_Stress,AMOSA_PC80,203,0.410147,0.038738,0.342859,0.002339,50,0,15979,2.240000,0.039818613,
3,CPU_Stress,AMOSA_PC80,204,0.370230,0.027576,0.361611,0.001899,50,0,16236,2.082000,0.040593259,
3,CPU_Stress,AMOSA_PC80,205,0.389835,0.026626,0.354402,0.002140,44,0,16062,2.068000,0.040253075,
3,CPU_Stress,AMOSA_PC80,206,0.405146,0.069019,0.306196,0.003170,50,0,16729,2.246000,0.039808680,
3,CPU_Stress,AMOSA_PC80,207,0.402788,0.032105,0.353420,0.001301,47,0,16331,2.064000,0.040015374,
3,CPU_Stress,AMOSA_PC80,208,0.408423,0.060435,0.320188,0.001186,63,0,16812,2.248000,0.039798680,
3,CPU_Stress,AMOSA_PC80,209,0.395307,0.036477,0.346324,0.002426,54,0,16483,2.162000,0.040112472,
3,CPU_Stress,AMOSA_PC80,MEAN,0.393788,0.038761,0.346199,0.001923,,0,16375,2.064000,0.039652706,10
3,CPU_Stress,GA_WaitingTime_Dominance_PC70,200,0.222192,0.071328,0.436885,0.013646,12,0,12669,2.032000,0.043130730,
3,CPU_Stress,GA_WaitingTime_Dominance_PC70,201,0.182731,0.079507,0.471501,0.005072,26,0,12367,1.912000,0.043888319,
3,CPU_Stress,GA_WaitingTime_Dominance_PC70,202,0.208574,0.057902,0.449710,0.005858,13,0,12002,1.876000,0.043494785,
3,CPU_Stress,GA_WaitingTime_Dominance_PC70,203,0.102611,0.030011,0.559215,0.002624,12,0,12619,1.958000,0.045466419,
3,CPU_Stress,GA_WaitingTime_Dominance_PC70,204,0.223861,0.061852,0.441561,0.005334,31,0,12131,1.918000,0.043176726,
3,CPU_Stress,GA_WaitingTime_Dominance_PC70,205,0.134444,0.045818,0.513960,0.012389,9,0,11537,1.920000,0.044875346,
3,CPU_Stress,GA_WaitingTime_Dominance_PC70,206,0.245361,0.071462,0.410487,0.031016,16,0,12167,1.902000,0.042522681,
3,CPU_Stress,GA_WaitingTime_Dominance_PC70,207,0.161833,0.026787,0.493130,0.029667,12,0,11836,1.966000,0.044378789,
3,CPU_Stress,GA_WaitingTime_Dominance_PC70,208,0.156889,0.055385,0.493964,0.016769,12,0,12144,1.986000,0.044364341,
3,CPU_Stress,GA_WaitingTime_Dominance_PC70,209,0.169948,0.050663,0.481749,0.004554,13,0,12520,1.954000,0.044197309,
3,CPU_Stress,GA_WaitingTime_Dominance_PC70,MEAN,0.180844,0.055071,0.475216,0.012693,,0,12199,1.876000,0.042522681,10
3,CPU_Stress,GA_Energy_Dominance_PC70,200,0.618714,0.087655,0.132003,0.006010,91,0,13435,4.330000,0.032927254,
3,CPU_Stress,GA_Energy_Dominance_PC70,201,0.595945,0.106261,0.146014,0.004539,111,0,12527,3.800000,0.033704205,
3,CPU_Stress,GA_Energy_Dominance_PC70,202,0.649507,0.066869,0.101508,0.009070,107,0,13010,4.188000,0.032017455,
3,CPU_Stress,GA_Energy_Dominance_PC70,203,0.486445,0.181266,0.227162,0.003794,96,0,12547,4.710000,0.035578259,
3,CPU_Stress,GA_Energy_Dominance_PC70,204,0.624463,0.096579,0.125716,0.005221,101,0,13476,4.068000,0.032820829,
3,CPU_Stress,GA_Energy_Dominance_PC70,205,0.570830,0.132843,0.162237,0.005679,98,0,13752,4.148000,0.033858063,
3,CPU_Stress,GA_Energy_Dominance_PC70,206,0.567153,0.146172,0.165428,0.003497,108,0,15263,4.654000,0.032444823,
3,CPU_Stress,GA_Energy_Dominance_PC70,207,0.566320,0.121582,0.169865,0.003933,116,0,13072,4.004000,0.034516653,
3,CPU_Stress,GA_Energy_Dominance_PC70,208,0.607143,0.094112,0.142256,0.007739,101,0,12952,3.808000,0.034098524,
3,CPU_Stress,GA_Energy_Dominance_PC70,209,0.568703,0.104123,0.194132,0.003594,89,0,13117,4.096000,0.035121104,
3,CPU_Stress,GA_Energy_Dominance_PC70,MEAN,0.585522,0.113746,0.156632,0.005308,,0,13315,3.800000,0.032017455,10
3,CPU_Stress,SA_WaitingTime_Dominance_PC70,200,0.209199,0.020172,0.475162,0.002509,21,0,9481,1.876000,0.043555553,
3,CPU_Stress,SA_WaitingTime_Dominance_PC70,201,0.140437,0.024874,0.529346,0.002454,14,0,10407,1.968000,0.044787653,
3,CPU_Stress,SA_WaitingTime_Dominance_PC70,202,0.199233,0.016124,0.484025,0.002915,15,0,10155,1.896000,0.043738486,
3,CPU_Stress,SA_WaitingTime_Dominance_PC70,203,0.145609,0.019714,0.524785,0.000971,26,0,9869,1.902000,0.044700380,
3,CPU_Stress,SA_WaitingTime_Dominance_PC70,204,0.157988,0.017424,0.515781,0.005068,10,0,9616,1.968000,0.044474138,
3,CPU_Stress,SA_WaitingTime_Dominance_PC70,205,0.200486,0.014136,0.487458,0.004037,10,0,9906,1.932000,0.043715072,
3,CPU_Stress,SA_WaitingTime_Dominance_PC70,206,0.198754,0.013550,0.490153,0.000663,13,0,10096,1.866000,0.043757039,
3,CPU_Stress,SA_WaitingTime_Dominance_PC70,207,0.151331,0.017671,0.520650,0.002998,16,0,10916,1.858000,0.044603026,
3,CPU_Stress,SA_WaitingTime_Dominance_PC70,208,0.183106,0.014739,0.500306,0.001710,11,0,10207,1.854000,0.044037850,
3,CPU_Stress,SA_WaitingTime_Dominance_PC70,209,0.146759,0.015518,0.523726,0.002507,15,0,9891,1.830000,0.044689614,
3,CPU_Stress,SA_WaitingTime_Dominance_PC70,MEAN,0.173290,0.017392,0.505139,0.002583,,0,10054,1.830000,0.043555553,10
3,CPU_Stress,SA_Energy_Dominance_PC70,200,0.512732,0.161227,0.225367,0.004131,109,0,10859,3.686000,0.035899599,
3,CPU_Stress,SA_Energy_Dominance_PC70,201,0.531832,0.161263,0.208010,0.002643,94,0,10005,3.896000,0.035163590,
3,CPU_Stress,SA_Energy_Dominance_PC70,202,0.526371,0.173754,0.186758,0.005594,87,0,10152,3.726000,0.034769399,
3,CPU_Stress,SA_Energy_Dominance_PC70,203,0.546560,0.152335,0.195282,0.002942,100,0,10844,4.126000,0.034676706,
3,CPU_Stress,SA_Energy_Dominance_PC70,204,0.523455,0.171444,0.189168,0.003292,118,0,10256,4.052000,0.034274618,
3,CPU_Stress,SA_Energy_Dominance_PC70,205,0.538385,0.151380,0.192515,0.002660,99,0,10841,3.496000,0.035005833,
3,CPU_Stress,SA_Energy_Dominance_PC70,206,0.529451,0.167846,0.194277,0.008518,104,0,11700,3.892000,0.034839866,
3,CPU_Stress,SA_Energy_Dominance_PC70,207,0.536631,0.143842,0.218545,0.008842,85,0,10562,4.486000,0.035546122,
3,CPU_Stress,SA_Energy_Dominance_PC70,208,0.570308,0.137824,0.170325,0.003627,137,0,10737,3.968000,0.034144041,
3,CPU_Stress,SA_Energy_Dominance_PC70,209,0.496908,0.200514,0.218851,0.006078,97,0,11161,3.964000,0.034611856,
3,CPU_Stress,SA_Energy_Dominance_PC70,MEAN,0.531263,0.162143,0.199910,0.004833,,0,10711,3.496000,0.034144041,10
3,CPU_Stress,NSGA-II_PC70,200,0.529216,0.055096,0.279687,0.003213,42,0,16401,2.716000,0.037383748,
3,CPU_Stress,NSGA-II_PC70,201,0.544827,0.037072,0.267399,0.012447,40,0,17136,2.834000,0.037102166,
3,CPU_Stress,NSGA-II_PC70,202,0.542201,0.050790,0.271552,0.003351,50,0,16307,2.694000,0.037135372,
3,CPU_Stress,NSGA-II_PC70,203,0.547961,0.042999,0.272806,0.005216,41,0,15505,2.712000,0.037053152,
3,CPU_Stress,NSGA-II_PC70,204,0.545451,0.049310,0.259227,0.003068,47,0,16116,2.702000,0.037071567,
3,CPU_Stress,NSGA-II_PC70,205,0.527986,0.044444,0.261182,0.003667,42,0,16127,2.500000,0.037479352,
3,CPU_Stress,NSGA-II_PC70,206,0.550216,0.030081,0.284973,0.004541,36,0,16104,2.636000,0.037086312,
3,CPU_Stress,NSGA-II_PC70,207,0.546110,0.028473,0.298248,0.001488,47,0,16070,2.736000,0.037137901,
3,CPU_Stress,NSGA-II_PC70,208,0.505829,0.034889,0.297731,0.006489,28,0,15456,2.630000,0.037933389,
3,CPU_Stress,NSGA-II_PC70,209,0.521315,0.048072,0.286087,0.002938,46,0,15929,2.696000,0.037579685,
3,CPU_Stress,NSGA-II_PC70,MEAN,0.536111,0.042123,0.277889,0.004642,,0,16115,2.500000,0.037053152,10
3,CPU_Stress,SPEA-II_PC70,200,0.551473,0.018346,0.283285,0.004190,44,0,16993,2.420000,0.037171119,
3,CPU_Stress,SPEA-II_PC70,201,0.543877,0.030836,0.283149,0.002430,49,0,16880,2.472000,0.037262246,
3,CPU_Stress,SPEA-II_PC70,202,0.517942,0.031560,0.296055,0.004345,41,0,17438,2.462000,0.037764414,
3,CPU_Stress,SPEA-II_PC70,203,0.536928,0.034535,0.288176,0.002405,46,0,17386,2.450000,0.037380914,
3,CPU_Stress,SPEA-II_PC70,204,0.537150,0.035185,0.273543,0.001726,49,0,16656,2.626000,0.037307530,
3,CPU_Stress,SPEA-II_PC70,205,0.542846,0.037134,0.286407,0.002174,50,0,16043,2.602000,0.037213999,
3,CPU_Stress,SPEA-II_PC70,206,0.466563,0.043133,0.316783,0.004012,47,0,16933,2.580000,0.038669218,
3,CPU_Stress,SPEA-II_PC70,207,0.494986,0.037767,0.308892,0.001145,48,0,17228,2.532000,0.038163618,
3,CPU_Stress,SPEA-II_PC70,208,0.563807,0.025840,0.274785,0.002024,54,0,16734,2.402000,0.036898916,
3,CPU_Stress,SPEA-II_PC70,209,0.514218,0.028735,0.290592,0.003421,49,0,17007,2.318000,0.037875023,
3,CPU_Stress,SPEA-II_PC70,MEAN,0.526979,0.032307,0.290167,0.002787,,0,16929,2.318000,0.036898916,10
3,CPU_Stress,AMOSA_PC70,200,0.385474,0.059236,0.340493,0.001900,59,0,17134,2.400000,0.040160530,
3,CPU_Stress,AMOSA_PC70,201,0.369890,0.053250,0.349665,0.001897,46,0,15969,2.526000,0.040460294,
3,CPU_Stress,AMOSA_PC70,202,0.419109,0.048304,0.324557,0.001480,45,0,17062,2.444000,0.039581184,
3,CPU_Stress,AMOSA_PC70,203,0.392749,0.054571,0.348433,0.001812,54,0,15896,2.566000,0.040037437,
3,CPU_Stress,AMOSA_PC70,204,0.384806,0.054733,0.337165,0.002154,49,0,16385,2.512000,0.040167218,
3,CPU_Stress,AMOSA_PC70,205,0.399980,0.047150,0.340006,0.001468,49,0,15728,2.498000,0.039923828,
3,CPU_Stress,AMOSA_PC70,206,0.444919,0.056361,0.301827,0.001540,60,0,15360,2.532000,0.039028321,
3,CPU_Stress,AMOSA_PC70,207,0.418132,0.070871,0.309559,0.001506,52,0,16492,2.606000,0.039447970,
3,CPU_Stress,AMOSA_PC70,208,0.388445,0.051528,0.344302,0.005114,50,0,16464,2.454000,0.040142250,
3,CPU_Stress,AMOSA_PC70,209,0.396894,0.046019,0.347020,0.004583,41,0,16534,2.420000,0.040019633,
3,CPU_Stress,AMOSA_PC70,MEAN,0.400040,0.054202,0.334303,0.002345,,0,16302,2.400000,0.039028321,10
3,CPU_Stress,GA_WaitingTime_Dominance_PC60,200,0.209652,0.078367,0.446262,0.009470,21,0,12551,2.412000,0.043332855,
3,CPU_Stress,GA_WaitingTime_Dominance_PC60,201,0.190938,0.080426,0.460768,0.010363,10,0,12599,2.304000,0.043738659,
3,CPU_Stress,GA_WaitingTime_Dominance_PC60,202,0.213316,0.047620,0.447137,0.024600,14,0,12279,2.268000,0.043413477,
3,CPU_Stress,GA_WaitingTime_Dominance_PC60,203,0.100594,0.048674,0.556381,0.006909,6,0,11870,2.426000,0.045466681,
3,CPU_Stress,GA_WaitingTime_Dominance_PC60,204,0.199927,0.052926,0.455435,0.025716,11,0,11979,2.308000,0.043576727,
3,CPU_Stress,GA_WaitingTime_Dominance_PC60,205,0.183658,0.038894,0.481448,0.016670,13,0,12006,2.362000,0.043936445,
3,CPU_Stress,GA_WaitingTime_Dominance_PC60,206,0.176200,0.072954,0.477844,0.009882,15,0,12105,2.368000,0.044052512,
3,CPU_Stress,GA_WaitingTime_Dominance_PC60,207,0.135894,0.037202,0.530620,0.002235,10,0,11595,2.364000,0.044832107,
3,CPU_Stress,GA_WaitingTime_Dominance_PC60,208,0.172260,0.037298,0.500785,0.001665,13,0,11640,2.452000,0.044155541,
3,CPU_Stress,GA_WaitingTime_Dominance_PC60,209,0.156197,0.026765,0.516416,0.001872,11,0,11945,2.280000,0.044471703,
3,CPU_Stress,GA_WaitingTime_Dominance_PC60,MEAN,0.173864,0.052113,0.487309,0.010938,,0,12056,2.268000,0.043332855,10
3,CPU_Stress,GA_Energy_Dominance_PC60,200,0.536818,0.149096,0.192226,0.007225,86,0,12375,5.332000,0.034338750,
3,CPU_Stress,GA_Energy_Dominance_PC60,201,0.523881,0.139037,0.205868,0.004003,97,0,12032,4.350000,0.035790704,
3,CPU_Stress,GA_Energy_Dominance_PC60,202,0.582121,0.107051,0.156700,0.008758,96,0,13161,5.554000,0.033188927,
3,CPU_Stress,GA_Energy_Dominance_PC60,203,0.488193,0.174267,0.226877,0.004307,94,0,12919,5.296000,0.035577603,
3,CPU_Stress,GA_Energy_Dominance_PC60,204,0.585334,0.111659,0.156079,0.007118,98,0,12983,4.850000,0.033534056,
3,CPU_Stress,GA_Energy_Dominance_PC60,205,0.547323,0.141738,0.180207,0.004251,95,0,13662,4.562000,0.034156147,
3,CPU_Stress,GA_Energy_Dominance_PC60,206,0.553350,0.151503,0.181446,0.004340,98,0,13180,5.940000,0.033102308,
3,CPU_Stress,GA_Energy_Dominance_PC60,207,0.551423,0.127295,0.188161,0.003047,103,0,12789,4.698000,0.034796742,
3,CPU_Stress,GA_Energy_Dominance_PC60,208,0.549480,0.108029,0.190110,0.011099,97,0,12593,4.986000,0.035342260,
3,CPU_Stress,GA_Energy_Dominance_PC60,209,0.542541,0.115948,0.204206,0.005135,82,0,13212,4.602000,0.035396385,
3,CPU_Stress,GA_Energy_Dominance_PC60,MEAN,0.546046,0.132562,0.188188,0.005928,,0,12890,4.350000,0.033102308,10
3,CPU_Stress,SA_WaitingTime_Dominance_PC60,200,0.173413,0.032440,0.499586,0.002973,19,0,9819,2.340000,0.044147882,
3,CPU_Stress,SA_WaitingTime_Dominance_PC60,201,0.166984,0.036474,0.502841,0.006620,9,0,10035,2.370000,0.044258077,
3,CPU_Stress,SA_WaitingTime_Dominance_PC60,202,0.181192,0.034119,0.495490,0.001999,10,0,10023,2.448000,0.043993241,
3,CPU_Stress,SA_WaitingTime_Dominance_PC60,203,0.182804,0.033869,0.492231,0.001802,19,0,11220,2.376000,0.043970253,
3,CPU_Stress,SA_WaitingTime_Dominance_PC60,204,0.172549,0.036578,0.497731,0.002643,21,0,10923,2.400000,0.044155637,
3,CPU_Stress,SA_WaitingTime_Dominance_PC60,205,0.177495,0.038433,0.495441,0.001406,16,0,10057,2.418000,0.044059599,
3,CPU_Stress,SA_WaitingTime_Dominance_PC60,206,0.196181,0.030695,0.481839,0.002913,16,0,10047,2.242000,0.043744035,
3,CPU_Stress,SA_WaitingTime_Dominance_PC60,207,0.176995,0.033428,0.496433,0.003288,17,0,9783,2.280000,0.044087829,
3,CPU_Stress,SA_WaitingTime_Dominance_PC60,208,0.229776,0.024359,0.460209,0.001699,18,0,9459,2.170000,0.043145326,
3,CPU_Stress,SA_WaitingTime_Dominance_PC60,209,0.195959,0.034168,0.483072,0.001899,16,0,9377,2.396000,0.043728687,
3,CPU_Stress,SA_WaitingTime_Dominance_PC60,MEAN,0.185335,0.033456,0.490487,0.002724,,0,10074,2.170000,0.043145326,10
3,CPU_Stress,SA_Energy_Dominance_PC60,200,0.489311,0.193349,0.216978,0.004681,88,0,10266,4.948000,0.035053841,
3,CPU_Stress,SA_Energy_Dominance_PC60,201,0.545478,0.151865,0.199561,0.006062,91,0,10393,4.474000,0.035085929,
3,CPU_Stress,SA_Energy_Dominance_PC60,202,0.535460,0.159085,0.181523,0.008186,95,0,10582,5.142000,0.033557864,
3,CPU_Stress,SA_Energy_Dominance_PC60,203,0.480461,0.208552,0.232482,0.003585,92,0,10766,4.638000,0.035448407,
3,CPU_Stress,SA_Energy_Dominance_PC60,204,0.541417,0.166144,0.181369,0.004278,102,0,9999,4.698000,0.033982698,
3,CPU_Stress,SA_Energy_Dominance_PC60,205,0.497218,0.186097,0.209939,0.003457,80,0,9717,4.728000,0.034931778,
3,CPU_Stress,SA_Energy_Dominance_PC60,206,0.471290,0.202286,0.240001,0.004555,94,0,10043,5.108000,0.035781772,
3,CPU_Stress,SA_Energy_Dominance_PC60,207,0.504408,0.205893,0.208273,0.005292,92,0,10613,5.374000,0.034057285,
3,CPU_Stress,SA_Energy_Dominance_PC60,208,0.500815,0.200676,0.214526,0.003843,99,0,10242,5.380000,0.034886072,
3,CPU_Stress,SA_Energy_Dominance_PC60,209,0.502675,0.193941,0.208092,0.004661,118,0,10313,5.312000,0.034514458,
3,CPU_Stress,SA_Energy_Dominance_PC60,MEAN,0.506853,0.186789,0.209274,0.004860,,0,10293,4.474000,0.033557864,10
3,CPU_Stress,NSGA-II_PC60,200,0.490530,0.091976,0.263699,0.004738,43,0,15506,3.478000,0.037792514,
3,CPU_Stress,NSGA-II_PC60,201,0.556414,0.051115,0.265572,0.003748,45,0,16376,3.048000,0.036725771,
3,CPU_Stress,NSGA-II_PC60,202,0.539965,0.077606,0.250553,0.004386,46,0,15934,3.404000,0.036816708,
3,CPU_Stress,NSGA-II_PC60,203,0.506246,0.054532,0.293295,0.003712,38,0,15924,3.068000,0.037739260,
3,CPU_Stress,NSGA-II_PC60,204,0.496916,0.062493,0.278433,0.008386,31,0,15470,3.226000,0.037839999,
3,CPU_Stress,NSGA-II_PC60,205,0.485014,0.071450,0.281337,0.004537,43,0,16337,3.194000,0.038051114,
3,CPU_Stress,NSGA-II_PC60,206,0.472754,0.061277,0.297295,0.004142,29,0,16703,3.230000,0.038329961,
3,CPU_Stress,NSGA-II_PC60,207,0.479857,0.077523,0.284190,0.004330,45,0,15235,3.148000,0.038151913,
3,CPU_Stress,NSGA-II_PC60,208,0.478462,0.063161,0.284977,0.005184,36,0,15392,3.006000,0.038266482,
3,CPU_Stress,NSGA-II_PC60,209,0.486715,0.065082,0.298908,0.003397,34,0,15939,3.186000,0.038058533,
3,CPU_Stress,NSGA-II_PC60,MEAN,0.499287,0.067622,0.279826,0.004656,,0,15881,3.006000,0.036725771,10
3,CPU_Stress,SPEA-II_PC60,200,0.527758,0.043989,0.284970,0.004108,38,0,16729,3.118000,0.037324377,
3,CPU_Stress,SPEA-II_PC60,201,0.452877,0.051441,0.338579,0.003831,27,0,17002,2.972000,0.038823303,
3,CPU_Stress,SPEA-II_PC60,202,0.471559,0.048053,0.329396,0.003249,26,0,15856,2.960000,0.038466315,
3,CPU_Stress,SPEA-II_PC60,203,0.470462,0.071897,0.296722,0.004550,45,0,16896,2.942000,0.038411161,
3,CPU_Stress,SPEA-II_PC60,204,0.451953,0.068936,0.321923,0.003220,31,0,17509,3.302000,0.038702820,
3,CPU_Stress,SPEA-II_PC60,205,0.449411,0.066103,0.319539,0.008104,33,0,16883,3.154000,0.038804406,
3,CPU_Stress,SPEA-II_PC60,206,0.483446,0.056588,0.317964,0.002221,43,0,16359,3.168000,0.038158657,
3,CPU_Stress,SPEA-II_PC60,207,0.522957,0.047316,0.287185,0.009309,34,0,17453,3.138000,0.037407090,
3,CPU_Stress,SPEA-II_PC60,208,0.493968,0.057215,0.306390,0.001956,42,0,16690,3.088000,0.037966933,
3,CPU_Stress,SPEA-II_PC60,209,0.436695,0.057575,0.323004,0.015990,24,0,16811,2.940000,0.039128248,
3,CPU_Stress,SPEA-II_PC60,MEAN,0.476108,0.056911,0.312567,0.005654,,0,16818,2.940000,0.037324377,10
3,CPU_Stress,AMOSA_PC60,200,0.403606,0.065140,0.330120,0.001736,43,0,16682,2.910000,0.039733227,
3,CPU_Stress,AMOSA_PC60,201,0.401935,0.073767,0.336923,0.001503,39,0,15844,2.856000,0.039761927,
3,CPU_Stress,AMOSA_PC60,202,0.358094,0.091094,0.340077,0.002468,50,0,15673,3.018000,0.040474296,
3,CPU_Stress,AMOSA_PC60,203,0.407703,0.079982,0.335061,0.001547,43,0,16527,3.164000,0.039553865,
3,CPU_Stress,AMOSA_PC60,204,0.377004,0.089916,0.338882,0.001990,39,0,16223,3.350000,0.040075455,
3,CPU_Stress,AMOSA_PC60,205,0.358540,0.077000,0.358476,0.002134,35,0,16167,2.998000,0.040539663,
3,CPU_Stress,AMOSA_PC60,206,0.369458,0.055705,0.359219,0.001775,38,0,16213,2.762000,0.040420639,
3,CPU_Stress,AMOSA_PC60,207,0.363397,0.076919,0.350503,0.002818,46,0,17012,3.204000,0.040383770,
3,CPU_Stress,AMOSA_PC60,208,0.364669,0.061898,0.373303,0.000937,42,0,16127,2.878000,0.040495351,
3,CPU_Stress,AMOSA_PC60,209,0.351808,0.054686,0.373143,0.001314,32,0,17288,2.956000,0.040716090,
3,CPU_Stress,AMOSA_PC60,MEAN,0.375621,0.072611,0.349571,0.001822,,0,16375,2.762000,0.039553865,10
3,CPU_Stress,GA_WaitingTime_Dominance_PC50,200,0.209867,0.070260,0.455311,0.007408,13,0,11656,3.010000,0.043350166,
3,CPU_Stress,GA_WaitingTime_Dominance_PC50,201,0.205511,0.158702,0.442002,0.008716,19,0,12271,3.124000,0.043205327,
3,CPU_Stress,GA_WaitingTime_Dominance_PC50,202,0.195552,0.066620,0.476251,0.003625,10,0,12736,3.106000,0.043626511,
3,CPU_Stress,GA_WaitingTime_Dominance_PC50,203,0.098340,0.112317,0.523077,0.036457,18,0,12172,3.608000,0.045379320,
3,CPU_Stress,GA_WaitingTime_Dominance_PC50,204,0.226797,0.122854,0.440260,0.002965,16,0,11617,3.298000,0.042933911,
3,CPU_Stress,GA_WaitingTime_Dominance_PC50,205,0.159155,0.077052,0.493231,0.006363,9,0,12172,3.178000,0.044296056,
3,CPU_Stress,GA_WaitingTime_Dominance_PC50,206,0.183351,0.087318,0.465273,0.029048,6,0,12646,2.964000,0.043870977,
3,CPU_Stress,GA_WaitingTime_Dominance_PC50,207,0.131681,0.091712,0.517709,0.005593,23,0,12424,3.438000,0.044770652,
3,CPU_Stress,GA_WaitingTime_Dominance_PC50,208,0.127876,0.066631,0.530116,0.009013,3,0,11369,3.156000,0.044899702,
3,CPU_Stress,GA_WaitingTime_Dominance_PC50,209,0.145105,0.071489,0.511109,0.009708,13,0,12568,3.156000,0.044560188,
3,CPU_Stress,GA_WaitingTime_Dominance_PC50,MEAN,0.168324,0.092496,0.485434,0.011890,,0,12163,2.964000,0.042933911,10
3,CPU_Stress,GA_Energy_Dominance_PC50,200,0.485285,0.172563,0.231581,0.004421,70,0,13355,6.532000,0.035348718,
3,CPU_Stress,GA_Energy_Dominance_PC50,201,0.443587,0.205054,0.257707,0.005133,83,0,13538,5.908000,0.036450727,
3,CPU_Stress,GA_Energy_Dominance_PC50,202,0.571742,0.085977,0.184584,0.002957,90,0,12969,6.950000,0.033292376,
3,CPU_Stress,GA_Energy_Dominance_PC50,203,0.407865,0.219178,0.289325,0.008074,70,0,13117,6.618000,0.037300275,
3,CPU_Stress,GA_Energy_Dominance_PC50,204,0.528833,0.154758,0.197599,0.004309,88,0,12663,6.442000,0.033868645,
3,CPU_Stress,GA_Energy_Dominance_PC50,205,0.521063,0.142255,0.210766,0.010519,87,0,12978,5.324000,0.035424221,
3,CPU_Stress,GA_Energy_Dominance_PC50,206,0.485603,0.191732,0.225115,0.004614,85,0,12665,7.568000,0.033921497,
3,CPU_Stress,GA_Energy_Dominance_PC50,207,0.474441,0.175049,0.233770,0.012855,61,0,12307,6.004000,0.035948109,
3,CPU_Stress,GA_Energy_Dominance_PC50,208,0.483473,0.169775,0.240771,0.005964,65,0,12603,6.128000,0.036031647,
3,CPU_Stress,GA_Energy_Dominance_PC50,209,0.499172,0.151066,0.229564,0.002769,100,0,12135,5.604000,0.036029214,
3,CPU_Stress,GA_Energy_Dominance_PC50,MEAN,0.490106,0.166741,0.230078,0.006162,,0,12833,5.324000,0.033292376,10
3,CPU_Stress,SA_WaitingTime_Dominance_PC50,200,0.159982,0.065871,0.504798,0.002716,7,0,9741,3.254000,0.044284082,
3,CPU_Stress,SA_WaitingTime_Dominance_PC50,201,0.201584,0.059868,0.470840,0.002108,21,0,9873,3.014000,0.043528489,
3,CPU_Stress,SA_WaitingTime_Dominance_PC50,202,0.209293,0.053901,0.473649,0.007993,6,0,9921,3.034000,0.043388037,
3,CPU_Stress,SA_WaitingTime_Dominance_PC50,203,0.195137,0.053297,0.482333,0.000471,20,0,9715,2.818000,0.043682205,
3,CPU_Stress,SA_WaitingTime_Dominance_PC50,204,0.162351,0.058881,0.500257,0.002468,11,0,9981,2.914000,0.044280655,
3,CPU_Stress,SA_WaitingTime_Dominance_PC50,205,0.255709,0.057470,0.439841,0.002586,19,0,9809,3.072000,0.042505272,
3,CPU_Stress,SA_WaitingTime_Dominance_PC50,206,0.233103,0.051784,0.450911,0.001568,27,0,9554,2.864000,0.042962559,
3,CPU_Stress,SA_WaitingTime_Dominance_PC50,207,0.216988,0.070065,0.455168,0.003052,18,0,10023,3.130000,0.043198200,
3,CPU_Stress,SA_WaitingTime_Dominance_PC50,208,0.211286,0.058281,0.466375,0.004693,12,0,9814,2.884000,0.043370281,
3,CPU_Stress,SA_WaitingTime_Dominance_PC50,209,0.224849,0.056425,0.455406,0.004678,17,0,9712,3.050000,0.043089323,
3,CPU_Stress,SA_WaitingTime_Dominance_PC50,MEAN,0.207028,0.058584,0.469958,0.003233,,0,9814,2.818000,0.042505272,10
3,CPU_Stress,SA_Energy_Dominance_PC50,200,0.479191,0.210811,0.220816,0.004048,109,0,10005,6.254000,0.034695836,
3,CPU_Stress,SA_Energy_Dominance_PC50,201,0.510657,0.185649,0.210659,0.004699,110,0,10019,5.282000,0.034576979,
3,CPU_Stress,SA_Energy_Dominance_PC50,202,0.510257,0.185639,0.198011,0.004879,119,0,10257,5.476000,0.033667471,
3,CPU_Stress,SA_Energy_Dominance_PC50,203,0.503784,0.194084,0.199695,0.006127,72,0,10528,6.004000,0.033219299,
3,CPU_Stress,SA_Energy_Dominance_PC50,204,0.475532,0.204713,0.235619,0.003586,108,0,9598,5.440000,0.035162553,
3,CPU_Stress,SA_Energy_Dominance_PC50,205,0.468571,0.213600,0.237269,0.004237,102,0,9858,6.272000,0.034982676,
3,CPU_Stress,SA_Energy_Dominance_PC50,206,0.488563,0.189396,0.213670,0.003723,95,0,10436,6.786000,0.033670215,
3,CPU_Stress,SA_Energy_Dominance_PC50,207,0.471440,0.212007,0.231828,0.003667,115,0,10276,5.836000,0.034468673,
3,CPU_Stress,SA_Energy_Dominance_PC50,208,0.485185,0.197490,0.228750,0.004736,114,0,10380,6.896000,0.034344518,
3,CPU_Stress,SA_Energy_Dominance_PC50,209,0.513080,0.180223,0.196867,0.006630,100,0,10297,5.228000,0.033201002,
3,CPU_Stress,SA_Energy_Dominance_PC50,MEAN,0.490626,0.197361,0.217318,0.004633,,0,10165,5.228000,0.033201002,10
3,CPU_Stress,NSGA-II_PC50,200,0.451862,0.116841,0.307744,0.003567,29,0,16196,4.286000,0.038297614,
3,CPU_Stress,NSGA-II_PC50,201,0.497509,0.087514,0.290826,0.005005,36,0,15815,3.940000,0.037535383,
3,CPU_Stress,NSGA-II_PC50,202,0.435495,0.106392,0.301112,0.004289,33,0,15726,3.966000,0.038698214,
3,CPU_Stress,NSGA-II_PC50,203,0.435885,0.112748,0.289005,0.007138,29,0,15279,4.102000,0.038657090,
3,CPU_Stress,NSGA-II_PC50,204,0.484499,0.092760,0.295258,0.003186,36,0,15344,3.996000,0.037766714,
3,CPU_Stress,NSGA-II_PC50,205,0.471729,0.108975,0.293210,0.003243,34,0,16346,4.026000,0.037979928,
3,CPU_Stress,NSGA-II_PC50,206,0.369057,0.125257,0.335794,0.004611,17,0,15759,4.280000,0.039923120,
3,CPU_Stress,NSGA-II_PC50,207,0.386282,0.118592,0.336851,0.006344,25,0,16545,4.160000,0.039654845,
3,CPU_Stress,NSGA-II_PC50,208,0.416926,0.099737,0.328200,0.011801,18,0,15843,4.038000,0.039111226,
3,CPU_Stress,NSGA-II_PC50,209,0.378767,0.111052,0.336509,0.007596,23,0,15798,4.026000,0.039848305,
3,CPU_Stress,NSGA-II_PC50,MEAN,0.432801,0.107987,0.311451,0.005678,,0,15865,3.940000,0.037535383,10
3,CPU_Stress,SPEA-II_PC50,200,0.458836,0.080538,0.325079,0.002563,24,0,16279,3.856000,0.038381535,
3,CPU_Stress,SPEA-II_PC50,201,0.408524,0.109925,0.324059,0.014422,26,0,16507,4.278000,0.039202302,
3,CPU_Stress,SPEA-II_PC50,202,0.385966,0.104295,0.335105,0.009374,27,0,16205,3.928000,0.039760516,
3,CPU_Stress,SPEA-II_PC50,203,0.388708,0.094761,0.349949,0.006349,19,0,16040,3.824000,0.039735667,
3,CPU_Stress,SPEA-II_PC50,204,0.459800,0.104463,0.289809,0.006779,33,0,16590,4.142000,0.038188189,
3,CPU_Stress,SPEA-II_PC50,205,0.433697,0.100132,0.325203,0.002454,30,0,17065,4.044000,0.038774950,
3,CPU_Stress,SPEA-II_PC50,206,0.431493,0.090165,0.326101,0.003222,29,0,16231,3.806000,0.038907810,
3,CPU_Stress,SPEA-II_PC50,207,0.454300,0.077687,0.309262,0.018245,26,0,16111,3.800000,0.038494310,
3,CPU_Stress,SPEA-II_PC50,208,0.456542,0.091781,0.316753,0.005432,27,0,16104,4.044000,0.038342224,
3,CPU_Stress,SPEA-II_PC50,209,0.417091,0.095225,0.329537,0.006308,19,0,16526,4.002000,0.039135101,
3,CPU_Stress,SPEA-II_PC50,MEAN,0.429496,0.094897,0.323086,0.007515,,0,16365,3.800000,0.038188189,10
3,CPU_Stress,AMOSA_PC50,200,0.382466,0.123321,0.331113,0.004499,33,0,16496,4.180000,0.039711434,
3,CPU_Stress,AMOSA_PC50,201,0.356751,0.083656,0.355384,0.003925,27,0,16424,3.670000,0.040407429,
3,CPU_Stress,AMOSA_PC50,202,0.322348,0.088450,0.384457,0.001565,37,0,16146,3.770000,0.041053506,
3,CPU_Stress,AMOSA_PC50,203,0.367007,0.101384,0.353109,0.002335,32,0,16812,3.810000,0.040138285,
3,CPU_Stress,AMOSA_PC50,204,0.346755,0.107481,0.361710,0.001599,47,0,16220,3.902000,0.040501232,
3,CPU_Stress,AMOSA_PC50,205,0.301947,0.094600,0.396701,0.001939,27,0,16199,3.892000,0.041421684,
3,CPU_Stress,AMOSA_PC50,206,0.379114,0.084863,0.352733,0.008092,28,0,15877,3.576000,0.040015277,
3,CPU_Stress,AMOSA_PC50,207,0.399860,0.080864,0.350421,0.001341,32,0,16237,3.698000,0.039588772,
3,CPU_Stress,AMOSA_PC50,208,0.369940,0.085952,0.351082,0.001518,35,0,15511,3.648000,0.040165249,
3,CPU_Stress,AMOSA_PC50,209,0.281866,0.098729,0.405344,0.001687,25,0,15637,3.912000,0.041805911,
3,CPU_Stress,AMOSA_PC50,MEAN,0.350805,0.094930,0.364205,0.002850,,0,16155,3.576000,0.039588772,10
