Scenario,ScenarioName,Algorithm,Seed,HV,GD,IGD,Spacing,NonDomSolutions,ParetoContribution,TimeMs,WaitingTime_Best,Energy_Best,ScoredSeeds
1,Balanced,GA_WaitingTime_Dominance,200,0.142155,0.003825,0.532908,0.004888,11,5,2902,2.034000,0.062984048,
1,Balanced,GA_WaitingTime_Dominance,201,0.131300,0.004118,0.545332,0.002200,8,0,2600,2.070000,0.063186210,
1,Balanced,GA_WaitingTime_Dominance,202,0.141879,0.004632,0.534272,0.002887,12,0,2576,2.054000,0.062987047,
1,Balanced,GA_WaitingTime_Dominance,203,0.137116,0.009861,0.536673,0.001901,15,0,2463,2.102000,0.063071110,
1,Balanced,GA_WaitingTime_Dominance,204,0.154396,0.002185,0.527573,0.004604,7,4,2391,2.060000,0.062751894,
1,Balanced,GA_WaitingTime_Dominance,205,0.152744,0.001114,0.532403,0.001878,8,2,2470,2.048000,0.062784192,
1,Balanced,GA_WaitingTime_Dominance,206,0.124352,0.017769,0.538333,0.013952,9,0,2518,2.046000,0.063314733,
1,Balanced,GA_WaitingTime_Dominance,207,0.133832,0.017346,0.533653,0.002632,14,0,3345,2.040000,0.063133772,
1,Balanced,GA_WaitingTime_Dominance,208,0.142434,0.002155,0.540539,0.001925,6,0,3278,2.094000,0.062974361,
1,Balanced,GA_WaitingTime_Dominance,209,0.143684,0.002512,0.538447,0.001776,9,0,3309,2.082000,0.062951770,
1,Balanced,GA_WaitingTime_Dominance,MEAN,0.140389,0.006552,0.536013,0.003864,,11,2785,2.034000,0.062751894,10
1,Balanced,GA_Energy_Dominance,200,0.670386,0.050474,0.087170,0.007008,81,8,3679,4.386000,0.047749904,
1,Balanced,GA_Energy_Dominance,201,0.663752,0.053222,0.090154,0.007900,84,4,3401,4.246000,0.047668823,
1,Balanced,GA_Energy_Dominance,202,0.660903,0.049552,0.099199,0.008122,91,3,5120,4.372000,0.048578448,
1,Balanced,GA_Energy_Dominance,203,0.631744,0.073973,0.111011,0.006291,90,14,5393,4.606000,0.046981777,
1,Balanced,GA_Energy_Dominance,204,0.659463,0.055431,0.094971,0.010147,86,0,6716,4.412000,0.048884587,
1,Balanced,GA_Energy_Dominance,205,0.574173,0.079474,0.171763,0.015186,90,10,4127,4.236000,0.052799077,
1,Balanced,GA_Energy_Dominance,206,0.639703,0.071409,0.116150,0.005822,88,0,5170,4.220000,0.049510916,
1,Balanced,GA_Energy_Dominance,207,0.621824,0.087867,0.111264,0.008924,75,2,4828,4.192000,0.047260939,
1,Balanced,GA_Energy_Dominance,208,0.659955,0.054674,0.095724,0.006079,104,5,4102,4.166000,0.049962177,
1,Balanced,GA_Energy_Dominance,209,0.638501,0.077310,0.108830,0.006808,105,0,4478,4.526000,0.047435093,
1,Balanced,GA_Energy_Dominance,MEAN,0.642040,0.065339,0.108624,0.008229,,46,4701,4.166000,0.046981777,10
1,Balanced,SA_WaitingTime_Dominance,200,0.111274,0.021724,0.546119,0.008665,16,0,2062,1.840000,0.063574826,
1,Balanced,SA_WaitingTime_Dominance,201,0.114541,0.027414,0.540983,0.003509,28,0,1987,1.862000,0.063442500,
1,Balanced,SA_WaitingTime_Dominance,202,0.106507,0.028462,0.548109,0.002841,20,6,1951,1.838000,0.063602724,
1,Balanced,SA_WaitingTime_Dominance,203,0.109426,0.019463,0.547823,0.002238,19,8,2007,1.926000,0.063574826,
1,Balanced,SA_WaitingTime_Dominance,204,0.116659,0.024241,0.542843,0.001654,30,0,2069,1.838000,0.063565358,
1,Balanced,SA_WaitingTime_Dominance,205,0.113478,0.015808,0.544708,0.001626,34,0,2098,1.908000,0.063567351,
1,Balanced,SA_WaitingTime_Dominance,206,0.107400,0.012373,0.547586,0.001313,28,4,1911,1.824000,0.063589900,
1,Balanced,SA_WaitingTime_Dominance,207,0.110490,0.008008,0.545439,0.001109,21,3,1956,1.888000,0.063546807,
1,Balanced,SA_WaitingTime_Dominance,208,0.140138,0.030510,0.533925,0.001993,34,0,1887,1.842000,0.063603419,
1,Balanced,SA_WaitingTime_Dominance,209,0.143719,0.035376,0.529935,0.005080,38,0,1945,1.880000,0.063457154,
1,Balanced,SA_WaitingTime_Dominance,MEAN,0.117363,0.022338,0.542747,0.003003,,21,1987,1.824000,0.063442500,10
1,Balanced,SA_Energy_Dominance,200,0.555170,0.144363,0.172880,0.003361,110,0,2259,4.566000,0.050847613,
1,Balanced,SA_Energy_Dominance,201,0.582056,0.113507,0.164401,0.003279,137,0,2407,4.242000,0.051295725,
1,Balanced,SA_Energy_Dominance,202,0.515850,0.105276,0.251365,0.002442,84,0,2169,4.412000,0.054376439,
1,Balanced,SA_Energy_Dominance,203,0.526544,0.144186,0.196448,0.004345,107,0,2327,4.486000,0.052710786,
1,Balanced,SA_Energy_Dominance,204,0.538653,0.115215,0.224500,0.003905,100,4,2303,4.214000,0.053534331,
1,Balanced,SA_Energy_Dominance,205,0.511797,0.106938,0.241931,0.002500,109,0,2555,4.188000,0.054317863,
1,Balanced,SA_Energy_Dominance,206,0.514012,0.126616,0.228825,0.002790,90,0,1947,4.432000,0.053821174,
1,Balanced,SA_Energy_Dominance,207,0.549530,0.124365,0.192468,0.002999,121,0,1632,4.424000,0.052416109,
1,Balanced,SA_Energy_Dominance,208,0.547057,0.128175,0.177831,0.003993,96,0,1655,4.694000,0.052000040,
1,Balanced,SA_Energy_Dominance,209,0.586825,0.095618,0.171450,0.002671,113,0,1681,4.522000,0.051879974,
1,Balanced,SA_Energy_Dominance,MEAN,0.542749,0.120426,0.202210,0.003228,,4,2093,4.188000,0.050847613,10
1,Balanced,NSGA-II,200,0.571962,0.013680,0.233841,0.004257,51,1,5873,2.846000,0.054302705,
1,Balanced,NSGA-II,201,0.579581,0.007301,0.260535,0.005065,46,14,6701,3.154000,0.054138843,
1,Balanced,NSGA-II,202,0.538144,0.016776,0.251435,0.003817,45,0,6604,2.864000,0.055058038,
1,Balanced,NSGA-II,203,0.546826,0.010905,0.263738,0.004958,45,0,6738,2.832000,0.054895623,
1,Balanced,NSGA-II,204,0.530475,0.013043,0.265076,0.003776,43,0,6818,2.984000,0.055220431,
1,Balanced,NSGA-II,205,0.546535,0.007620,0.256861,0.003209,49,2,6379,2.936000,0.054929030,
1,Balanced,NSGA-II,206,0.555268,0.011297,0.270657,0.002837,45,0,7470,2.892000,0.054732457,
1,Balanced,NSGA-II,207,0.529557,0.019102,0.261703,0.005250,41,0,6369,2.896000,0.055214503,
1,Balanced,NSGA-II,208,0.524666,0.016253,0.269431,0.004315,43,0,6306,2.958000,0.055322881,
1,Balanced,NSGA-II,209,0.520360,0.004244,0.280950,0.002913,43,21,6211,2.924000,0.055487391,
1,Balanced,NSGA-II,MEAN,0.544337,0.012022,0.261423,0.004040,,38,6546,2.832000,0.054138843,10
1,Balanced,SPEA-II,200,0.449896,0.016930,0.324056,0.001529,41,0,6975,2.698000,0.056907542,
1,Balanced,SPEA-II,201,0.423113,0.017538,0.335580,0.001254,47,0,6829,2.700000,0.057414416,
1,Balanced,SPEA-II,202,0.519627,0.016347,0.279649,0.005747,48,0,6972,2.756000,0.055456686,
1,Balanced,SPEA-II,203,0.318629,0.018115,0.412873,0.002471,29,0,6605,2.694000,0.059510545,
1,Balanced,SPEA-II,204,0.504875,0.001365,0.311691,0.003702,39,22,6829,2.670000,0.055871902,
1,Balanced,SPEA-II,205,0.545179,0.022202,0.252712,0.005376,55,0,7016,2.730000,0.054879529,
1,Balanced,SPEA-II,206,0.477399,0.008416,0.319122,0.002170,38,7,6855,2.706000,0.056394379,
1,Balanced,SPEA-II,207,0.476911,0.027899,0.289692,0.006762,41,0,7033,2.740000,0.056315091,
1,Balanced,SPEA-II,208,0.384195,0.021878,0.367993,0.002318,39,0,6942,2.718000,0.058195897,
1,Balanced,SPEA-II,209,0.468478,0.015647,0.309042,0.003359,46,3,7025,2.624000,0.056561360,
1,Balanced,SPEA-II,MEAN,0.456830,0.016634,0.320241,0.003469,,32,6908,2.624000,0.054879529,10
1,Balanced,AMOSA,200,0.227153,0.034696,0.455444,0.015156,12,0,5486,3.142000,0.061194796,
1,Balanced,AMOSA,201,0.229847,0.046704,0.444496,0.003097,26,0,5461,3.094000,0.061119856,
1,Balanced,AMOSA,202,0.239820,0.041848,0.441933,0.006484,15,0,5821,3.050000,0.060948966,
1,Balanced,AMOSA,203,0.234179,0.043512,0.442763,0.007757,19,0,5617,3.142000,0.061038412,
1,Balanced,AMOSA,204,0.262995,0.042984,0.420692,0.004334,23,0,5805,3.150000,0.060455376,
1,Balanced,AMOSA,205,0.217364,0.036925,0.456336,0.006995,22,0,5603,3.036000,0.061397185,
1,Balanced,AMOSA,206,0.271648,0.054965,0.405562,0.009537,26,0,5490,3.076000,0.060271737,
1,Balanced,AMOSA,207,0.231191,0.050558,0.446005,0.004009,26,0,5452,3.108000,0.061097760,
1,Balanced,AMOSA,208,0.245834,0.044744,0.439947,0.003047,22,0,5607,3.152000,0.060809655,
1,Balanced,AMOSA,209,0.260491,0.034090,0.432633,0.006115,17,0,5461,3.126000,0.060546388,
1,Balanced,AMOSA,MEAN,0.242052,0.043103,0.438581,0.006653,,0,5580,3.036000,0.060271737,10
1,Balanced,GA_WaitingTime_Dominance_PC90,200,0.163204,0.004396,0.523479,0.003045,9,0,9601,2.160000,0.062575093,
1,Balanced,GA_WaitingTime_Dominance_PC90,201,0.140470,0.006600,0.538313,0.004868,7,0,9127,2.158000,0.063005350,
1,Balanced,GA_WaitingTime_Dominance_PC90,202,0.158692,0.017003,0.507906,0.004963,24,0,9084,2.140000,0.062640221,
1,Balanced,GA_WaitingTime_Dominance_PC90,203,0.198896,0.000000,0.503083,0.005894,8,8,9812,2.164000,0.061900522,
1,Balanced,GA_WaitingTime_Dominance_PC90,204,0.152197,0.015373,0.522049,0.003589,13,0,9446,2.100000,0.062774007,
1,Balanced,GA_WaitingTime_Dominance_PC90,205,0.111824,0.022308,0.547026,0.001401,15,0,9288,2.104000,0.063539698,
1,Balanced,GA_WaitingTime_Dominance_PC90,206,0.118819,0.020388,0.543114,0.002592,9,0,9574,2.146000,0.063412641,
1,Balanced,GA_WaitingTime_Dominance_PC90,207,0.140267,0.007231,0.536483,0.001262,11,0,9031,2.124000,0.063011162,
1,Balanced,GA_WaitingTime_Dominance_PC90,208,0.159093,0.003089,0.527046,0.005122,7,0,9232,2.106000,0.062658567,
1,Balanced,GA_WaitingTime_Dominance_PC90,209,0.145307,0.003025,0.536695,0.004019,6,0,9536,2.120000,0.062917672,
1,Balanced,GA_WaitingTime_Dominance_PC90,MEAN,0.148877,0.009941,0.528519,0.003676,,8,9373,2.100000,0.061900522,10
1,Balanced,GA_Energy_Dominance_PC90,200,0.634917,0.076143,0.112535,0.009402,87,0,10495,4.468000,0.047637911,
1,Balanced,GA_Energy_Dominance_PC90,201,0.647331,0.061649,0.097006,0.011387,86,0,10321,4.458000,0.048615669,
1,Balanced,GA_Energy_Dominance_PC90,202,0.649728,0.070920,0.102275,0.005755,99,0,10374,4.318000,0.048876811,
1,Balanced,GA_Energy_Dominance_PC90,203,0.646030,0.060114,0.106067,0.006546,83,0,10618,4.184000,0.049057134,
1,Balanced,GA_Energy_Dominance_PC90,204,0.621802,0.087361,0.109027,0.010861,83,0,10488,4.898000,0.047954420,
1,Balanced,GA_Energy_Dominance_PC90,205,0.680547,0.041887,0.087939,0.006937,99,25,10192,4.352000,0.048359984,
1,Balanced,GA_Energy_Dominance_PC90,206,0.643439,0.069201,0.107348,0.004674,92,0,9957,4.140000,0.049576424,
1,Balanced,GA_Energy_Dominance_PC90,207,0.619905,0.071200,0.139586,0.009912,81,9,9800,4.382000,0.050960682,
1,Balanced,GA_Energy_Dominance_PC90,208,0.610095,0.059524,0.135237,0.004065,104,0,10021,4.258000,0.051722067,
1,Balanced,GA_Energy_Dominance_PC90,209,0.633084,0.083080,0.107323,0.006435,91,0,10356,4.190000,0.047857078,
1,Balanced,GA_Energy_Dominance_PC90,MEAN,0.638688,0.068108,0.110434,0.007597,,34,10262,4.140000,0.047637911,10
1,Balanced,SA_WaitingTime_Dominance_PC90,200,0.123065,0.018751,0.540513,0.002694,31,0,6643,2.024000,0.063574826,
1,Balanced,SA_WaitingTime_Dominance_PC90,201,0.129730,0.030206,0.526363,0.003947,23,0,6750,2.100000,0.063161753,
1,Balanced,SA_WaitingTime_Dominance_PC90,202,0.119325,0.023730,0.542926,0.002289,23,0,6615,2.114000,0.063602724,
1,Balanced,SA_WaitingTime_Dominance_PC90,203,0.135561,0.039535,0.516534,0.001699,35,0,6933,1.984000,0.063134815,
1,Balanced,SA_WaitingTime_Dominance_PC90,204,0.110791,0.013656,0.545389,0.001740,20,0,6589,2.066000,0.063565358,
1,Balanced,SA_WaitingTime_Dominance_PC90,205,0.127329,0.014753,0.542856,0.002561,23,0,6626,2.104000,0.063417459,
1,Balanced,SA_WaitingTime_Dominance_PC90,206,0.106790,0.028080,0.548066,0.001982,19,0,6574,2.002000,0.063589900,
1,Balanced,SA_WaitingTime_Dominance_PC90,207,0.110695,0.019849,0.545624,0.001729,25,0,6575,2.052000,0.063546807,
1,Balanced,SA_WaitingTime_Dominance_PC90,208,0.106179,0.024488,0.548915,0.003212,16,0,6611,2.022000,0.063603419,
1,Balanced,SA_WaitingTime_Dominance_PC90,209,0.114443,0.024852,0.541782,0.003529,18,0,7280,2.056000,0.063457154,
1,Balanced,SA_WaitingTime_Dominance_PC90,MEAN,0.118391,0.023790,0.539897,0.002538,,0,6719,1.984000,0.063134815,10
1,Balanced,SA_Energy_Dominance_PC90,200,0.542809,0.145434,0.181329,0.003139,111,0,6553,4.536000,0.051533360,
1,Balanced,SA_Energy_Dominance_PC90,201,0.530023,0.159240,0.193454,0.004109,94,0,6500,4.334000,0.052136626,
1,Balanced,SA_Energy_Dominance_PC90,202,0.523652,0.123600,0.230560,0.004059,101,0,6554,4.192000,0.053737648,
1,Balanced,SA_Energy_Dominance_PC90,203,0.548057,0.122966,0.197036,0.002283,114,0,6652,4.486000,0.052517372,
1,Balanced,SA_Energy_Dominance_PC90,204,0.518060,0.109668,0.226676,0.002247,89,0,6703,4.172000,0.053979546,
1,Balanced,SA_Energy_Dominance_PC90,205,0.490952,0.157242,0.224388,0.004744,102,0,7156,4.470000,0.053534521,
1,Balanced,SA_Energy_Dominance_PC90,206,0.515789,0.126552,0.235770,0.006083,74,0,6639,4.390000,0.053885834,
1,Balanced,SA_Energy_Dominance_PC90,207,0.538786,0.140668,0.200569,0.005015,86,0,6528,4.728000,0.052551008,
1,Balanced,SA_Energy_Dominance_PC90,208,0.505599,0.177721,0.204892,0.005803,114,0,6675,4.510000,0.052272291,
1,Balanced,SA_Energy_Dominance_PC90,209,0.555915,0.121313,0.195085,0.003018,107,0,6582,4.594000,0.052369989,
1,Balanced,SA_Energy_Dominance_PC90,MEAN,0.526964,0.138440,0.208976,0.004050,,0,6654,4.172000,0.051533360,10
1,Balanced,NSGA-II_PC90,200,0.544175,0.018294,0.249069,0.004723,45,0,12794,2.976000,0.054916048,
1,Balanced,NSGA-II_PC90,201,0.511092,0.021060,0.273821,0.003072,39,0,12641,3.010000,0.055567556,
1,Balanced,NSGA-II_PC90,202,0.474269,0.012521,0.301100,0.004428,40,0,12545,2.886000,0.056403066,
1,Balanced,NSGA-II_PC90,203,0.562809,0.012286,0.246413,0.003341,41,0,12735,3.074000,0.054518392,
1,Balanced,NSGA-II_PC90,204,0.551268,0.010192,0.256350,0.004259,44,2,12942,3.052000,0.054777414,
1,Balanced,NSGA-II_PC90,205,0.551561,0.014292,0.254425,0.017385,48,0,12864,3.104000,0.054738158,
1,Balanced,NSGA-II_PC90,206,0.548395,0.016378,0.247453,0.005907,45,0,12976,3.014000,0.054815633,
1,Balanced,NSGA-II_PC90,207,0.491793,0.032594,0.274193,0.003907,43,0,12719,3.002000,0.055897494,
1,Balanced,NSGA-II_PC90,208,0.508918,0.023514,0.261225,0.006803,44,0,12770,2.966000,0.055640449,
1,Balanced,NSGA-II_PC90,209,0.547922,0.008260,0.259440,0.005709,34,6,13297,2.946000,0.054883226,
1,Balanced,NSGA-II_PC90,MEAN,0.529220,0.016939,0.262349,0.005953,,8,12828,2.886000,0.054518392,10
1,Balanced,SPEA-II_PC90,200,0.472620,0.008437,0.310244,0.002673,33,1,13572,2.878000,0.056439456,
1,Balanced,SPEA-II_PC90,201,0.421585,0.023923,0.338604,0.001865,45,0,13346,2.896000,0.057404293,
1,Balanced,SPEA-II_PC90,202,0.453421,0.016152,0.316089,0.003017,39,0,13524,2.754000,0.056817509,
1,Balanced,SPEA-II_PC90,203,0.357240,0.016710,0.389167,0.004183,29,0,13226,2.754000,0.058741625,
1,Balanced,SPEA-II_PC90,204,0.397372,0.016595,0.341037,0.003413,37,0,13416,2.884000,0.057919285,
1,Balanced,SPEA-II_PC90,205,0.456521,0.014745,0.321645,0.002469,50,0,13424,2.744000,0.056780797,
1,Balanced,SPEA-II_PC90,206,0.491243,0.023612,0.266692,0.005988,40,0,13526,2.866000,0.056002141,
1,Balanced,SPEA-II_PC90,207,0.475929,0.024390,0.290270,0.003482,41,0,13475,2.882000,0.056314267,
1,Balanced,SPEA-II_PC90,208,0.466451,0.008483,0.323025,0.002204,35,1,13406,2.818000,0.056594859,
1,Balanced,SPEA-II_PC90,209,0.335622,0.012959,0.399654,0.002067,33,0,13357,2.784000,0.059160793,
1,Balanced,SPEA-II_PC90,MEAN,0.432800,0.016601,0.329643,0.003136,,2,13427,2.744000,0.056002141,10
1,Balanced,AMOSA_PC90,200,0.225031,0.043073,0.452750,0.006116,21,0,13900,3.196000,0.061216441,
1,Balanced,AMOSA_PC90,201,0.278140,0.059060,0.400102,0.004896,30,0,13964,3.070000,0.060123106,
1,Balanced,AMOSA_PC90,202,0.262050,0.042011,0.422828,0.005981,29,0,13619,3.106000,0.060477219,
1,Balanced,AMOSA_PC90,203,0.245019,0.044836,0.440579,0.002896,29,0,14020,3.152000,0.060821384,
1,Balanced,AMOSA_PC90,204,0.327941,0.062855,0.365094,0.004306,29,0,13697,3.146000,0.059074814,
1,Balanced,AMOSA_PC90,205,0.222965,0.044033,0.442957,0.007408,24,0,13408,3.078000,0.061270208,
1,Balanced,AMOSA_PC90,206,0.269747,0.040201,0.421852,0.002867,28,0,13552,3.048000,0.060362388,
1,Balanced,AMOSA_PC90,207,0.267715,0.043370,0.421123,0.008054,18,0,13870,3.058000,0.060378434,
1,Balanced,AMOSA_PC90,208,0.246050,0.044910,0.438984,0.003989,20,0,13810,3.164000,0.060794840,
1,Balanced,AMOSA_PC90,209,0.259302,0.042825,0.423661,0.005573,28,0,13923,3.078000,0.060543386,
1,Balanced,AMOSA_PC90,MEAN,0.260396,0.046717,0.422993,0.005209,,0,13776,3.048000,0.059074814,10
1,Balanced,GA_WaitingTime_Dominance_PC85,200,0.163055,0.008534,0.519469,0.005361,13,0,9205,2.244000,0.062567956,
1,Balanced,GA_WaitingTime_Dominance_PC85,201,0.130990,0.012172,0.540413,0.006877,6,0,9325,2.288000,0.063173111,
1,Balanced,GA_WaitingTime_Dominance_PC85,202,0.154155,0.005942,0.527486,0.010416,5,0,9327,2.164000,0.062743130,
1,Balanced,GA_WaitingTime_Dominance_PC85,203,0.135941,0.006700,0.542303,0.001315,3,0,9048,2.220000,0.063085431,
1,Balanced,GA_WaitingTime_Dominance_PC85,204,0.146927,0.012913,0.526649,0.004254,11,0,9210,2.254000,0.062869557,
1,Balanced,GA_WaitingTime_Dominance_PC85,205,0.154194,0.007406,0.528735,0.003194,8,0,8977,2.258000,0.062735806,
1,Balanced,GA_WaitingTime_Dominance_PC85,206,0.197780,0.007538,0.486816,0.004395,19,0,9053,2.240000,0.061907181,
1,Balanced,GA_WaitingTime_Dominance_PC85,207,0.172949,0.006687,0.512350,0.004324,9,0,8899,2.238000,0.062381967,
1,Balanced,GA_WaitingTime_Dominance_PC85,208,0.139304,0.007578,0.537519,0.003052,11,0,9377,2.194000,0.063022991,
1,Balanced,GA_WaitingTime_Dominance_PC85,209,0.140399,0.006248,0.539795,0.002719,5,0,9093,2.206000,0.063002376,
1,Balanced,GA_WaitingTime_Dominance_PC85,MEAN,0.153569,0.008172,0.526153,0.004591,,0,9151,2.164000,0.061907181,10
1,Balanced,GA_Energy_Dominance_PC85,200,0.460981,0.078034,0.285295,0.016307,54,0,9735,4.460000,0.055997596,
1,Balanced,GA_Energy_Dominance_PC85,201,0.578076,0.128508,0.147151,0.005027,92,0,10264,4.482000,0.049585036,
1,Balanced,GA_Energy_Dominance_PC85,202,0.466041,0.089050,0.278726,0.006546,65,0,9531,4.760000,0.055771593,
1,Balanced,GA_Energy_Dominance_PC85,203,0.641246,0.063252,0.123842,0.011730,71,18,10315,4.970000,0.048079983,
1,Balanced,GA_Energy_Dominance_PC85,204,0.573099,0.116975,0.153359,0.009459,88,0,10474,5.290000,0.049494476,
1,Balanced,GA_Energy_Dominance_PC85,205,0.457310,0.083837,0.291878,0.013215,48,0,9533,4.608000,0.056008306,
1,Balanced,GA_Energy_Dominance_PC85,206,0.488745,0.084289,0.259455,0.002793,85,0,9979,4.754000,0.055283108,
1,Balanced,GA_Energy_Dominance_PC85,207,0.475976,0.089190,0.278874,0.013928,57,0,9461,4.702000,0.055525663,
1,Balanced,GA_Energy_Dominance_PC85,208,0.468356,0.094528,0.283409,0.002598,75,0,9923,5.064000,0.055638386,
1,Balanced,GA_Energy_Dominance_PC85,209,0.568154,0.138645,0.173816,0.006390,86,0,10857,5.228000,0.047457385,
1,Balanced,GA_Energy_Dominance_PC85,MEAN,0.517798,0.096631,0.227580,0.008799,,18,10007,4.460000,0.047457385,10
1,Balanced,SA_WaitingTime_Dominance_PC85,200,0.113465,0.020364,0.545026,0.001514,26,0,6749,2.152000,0.063574826,
1,Balanced,SA_WaitingTime_Dominance_PC85,201,0.111213,0.019559,0.545245,0.001002,25,0,6924,2.054000,0.063545405,
1,Balanced,SA_WaitingTime_Dominance_PC85,202,0.106575,0.025733,0.548899,0.002546,23,0,6658,2.122000,0.063602724,
1,Balanced,SA_WaitingTime_Dominance_PC85,203,0.108373,0.034331,0.547234,0.004762,20,0,6691,2.132000,0.063574826,
1,Balanced,SA_WaitingTime_Dominance_PC85,204,0.108634,0.029376,0.547021,0.002056,23,0,6575,2.196000,0.063565358,
1,Balanced,SA_WaitingTime_Dominance_PC85,205,0.110309,0.022874,0.546297,0.013192,10,0,6727,2.132000,0.063567351,
1,Balanced,SA_WaitingTime_Dominance_PC85,206,0.118869,0.020552,0.543062,0.002536,23,0,6801,2.150000,0.063589900,
1,Balanced,SA_WaitingTime_Dominance_PC85,207,0.118589,0.022660,0.542293,0.003137,23,0,6884,2.156000,0.063546807,
1,Balanced,SA_WaitingTime_Dominance_PC85,208,0.127462,0.029357,0.524051,0.002577,22,0,6709,2.106000,0.063372515,
1,Balanced,SA_WaitingTime_Dominance_PC85,209,0.115474,0.022170,0.541578,0.004176,17,0,6625,2.096000,0.063457154,
1,Balanced,SA_WaitingTime_Dominance_PC85,MEAN,0.113896,0.024698,0.543071,0.003750,,0,6734,2.054000,0.063372515,10
1,Balanced,SA_Energy_Dominance_PC85,200,0.492777,0.161114,0.246971,0.002444,69,0,6642,4.744000,0.054038810,
1,Balanced,SA_Energy_Dominance_PC85,201,0.557595,0.123214,0.184674,0.002861,109,0,6889,4.596000,0.052301295,
1,Balanced,SA_Energy_Dominance_PC85,202,0.542797,0.112016,0.207743,0.002220,123,0,6811,4.646000,0.053169030,
1,Balanced,SA_Energy_Dominance_PC85,203,0.521834,0.129727,0.222222,0.002393,117,0,6753,4.402000,0.053498644,
1,Balanced,SA_Energy_Dominance_PC85,204,0.510410,0.176992,0.193269,0.008196,85,0,6512,4.642000,0.051802284,
1,Balanced,SA_Energy_Dominance_PC85,205,0.467866,0.219483,0.204677,0.005168,110,0,6621,4.446000,0.050968931,
1,Balanced,SA_Energy_Dominance_PC85,206,0.515200,0.144199,0.197416,0.003455,90,0,6429,4.348000,0.052894915,
1,Balanced,SA_Energy_Dominance_PC85,207,0.494389,0.205799,0.205469,0.004210,79,0,6456,4.824000,0.051868922,
1,Balanced,SA_Energy_Dominance_PC85,208,0.502175,0.162430,0.215784,0.002923,92,0,6692,4.356000,0.053129895,
1,Balanced,SA_Energy_Dominance_PC85,209,0.538144,0.111129,0.202973,0.002239,128,0,6702,4.546000,0.053236019,
1,Balanced,SA_Energy_Dominance_PC85,MEAN,0.514319,0.154610,0.208120,0.003611,,0,6650,4.348000,0.050968931,10
1,Balanced,NSGA-II_PC85,200,0.456029,0.030636,0.299381,0.007112,41,0,12783,3.068000,0.056652860,
1,Balanced,NSGA-II_PC85,201,0.421053,0.035987,0.318001,0.002803,49,0,12370,3.062000,0.057317851,
1,Balanced,NSGA-II_PC85,202,0.305305,0.035145,0.400771,0.003472,34,0,12710,2.980000,0.059673022,
1,Balanced,NSGA-II_PC85,203,0.324069,0.029769,0.388982,0.002609,34,0,12242,2.800000,0.059334064,
1,Balanced,NSGA-II_PC85,204,0.313874,0.030600,0.399010,0.002640,38,0,12050,2.802000,0.059550431,
1,Balanced,NSGA-II_PC85,205,0.434561,0.026909,0.315968,0.003167,35,0,12473,3.072000,0.057100572,
1,Balanced,NSGA-II_PC85,206,0.314256,0.030410,0.396313,0.002115,37,0,12602,2.794000,0.059519899,
1,Balanced,NSGA-II_PC85,207,0.362439,0.032139,0.361871,0.003371,28,0,12507,2.998000,0.058534538,
1,Balanced,NSGA-II_PC85,208,0.300701,0.027290,0.405879,0.001884,35,0,12724,2.950000,0.059777432,
1,Balanced,NSGA-II_PC85,209,0.325263,0.021202,0.400426,0.002170,39,0,12464,2.814000,0.059345822,
1,Balanced,NSGA-II_PC85,MEAN,0.355755,0.030009,0.368660,0.003134,,0,12492,2.794000,0.056652860,10
1,Balanced,SPEA-II_PC85,200,0.301833,0.025001,0.422966,0.001001,26,0,12888,2.760000,0.059814116,
1,Balanced,SPEA-II_PC85,201,0.453843,0.037198,0.300590,0.004725,40,0,13405,2.958000,0.056683231,
1,Balanced,SPEA-II_PC85,202,0.343238,0.015522,0.388355,0.003078,30,0,12941,2.900000,0.058981514,
1,Balanced,SPEA-II_PC85,203,0.317198,0.017686,0.419128,0.001345,30,0,12953,2.812000,0.059515053,
1,Balanced,SPEA-II_PC85,204,0.339407,0.014065,0.392190,0.003993,24,0,12933,2.884000,0.059066209,
1,Balanced,SPEA-II_PC85,205,0.317112,0.017720,0.404952,0.001485,37,0,13239,2.882000,0.059496429,
1,Balanced,SPEA-II_PC85,206,0.313797,0.023869,0.402572,0.001230,33,0,13028,2.882000,0.059555227,
1,Balanced,SPEA-II_PC85,207,0.337721,0.019393,0.390102,0.002196,24,0,13040,2.896000,0.059077814,
1,Balanced,SPEA-II_PC85,208,0.316749,0.021667,0.416355,0.001540,26,0,12949,2.698000,0.059537278,
1,Balanced,SPEA-II_PC85,209,0.340019,0.017584,0.394160,0.001954,26,0,13453,2.856000,0.059044996,
1,Balanced,SPEA-II_PC85,MEAN,0.338092,0.020971,0.393137,0.002255,,0,13082,2.698000,0.056683231,10
1,Balanced,AMOSA_PC85,200,0.219412,0.051980,0.448875,0.003423,29,0,13671,3.166000,0.061302967,
1,Balanced,AMOSA_PC85,201,0.233972,0.048969,0.445594,0.010274,12,0,13672,3.168000,0.061040361,
1,Balanced,AMOSA_PC85,202,0.266576,0.050300,0.414553,0.008175,27,0,13585,3.148000,0.060363394,
1,Balanced,AMOSA_PC85,203,0.243165,0.034543,0.443804,0.008222,21,0,13686,3.106000,0.060876986,
1,Balanced,AMOSA_PC85,204,0.234923,0.041580,0.449242,0.005377,20,0,13541,3.148000,0.061023739,
1,Balanced,AMOSA_PC85,205,0.268261,0.037026,0.423757,0.008133,17,0,13552,3.162000,0.060370056,
1,Balanced,AMOSA_PC85,206,0.233662,0.041402,0.447081,0.004703,14,0,13948,3.166000,0.061057120,
1,Balanced,AMOSA_PC85,207,0.210264,0.059265,0.455169,0.005727,30,0,13457,3.192000,0.061472785,
1,Balanced,AMOSA_PC85,208,0.230892,0.047189,0.445455,0.006687,27,0,13509,3.148000,0.061091501,
1,Balanced,AMOSA_PC85,209,0.218965,0.050331,0.450478,0.004061,24,0,13646,3.160000,0.061318648,
1,Balanced,AMOSA_PC85,MEAN,0.236009,0.046258,0.442401,0.006478,,0,13626,3.106000,0.060363394,10
1,Balanced,GA_WaitingTime_Dominance_PC80,200,0.168398,0.008094,0.519894,0.003142,5,0,9171,2.320000,0.062459809,
1,Balanced,GA_WaitingTime_Dominance_PC80,201,0.193651,0.008499,0.500890,0.002321,9,0,9136,2.344000,0.061975732,
1,Balanced,GA_WaitingTime_Dominance_PC80,202,0.151499,0.013010,0.527870,0.001231,10,0,9284,2.404000,0.062771847,
1,Balanced,GA_WaitingTime_Dominance_PC80,203,0.172446,0.014308,0.503455,0.010417,11,0,9045,2.394000,0.062371590,
1,Balanced,GA_WaitingTime_Dominance_PC80,204,0.205443,0.008741,0.484693,0.004173,14,2,9398,2.396000,0.061741464,
1,Balanced,GA_WaitingTime_Dominance_PC80,205,0.152221,0.018724,0.514970,0.013059,9,0,9939,2.368000,0.062751937,
1,Balanced,GA_WaitingTime_Dominance_PC80,206,0.160947,0.010369,0.520168,0.004871,10,0,6929,2.300000,0.062601070,
1,Balanced,GA_WaitingTime_Dominance_PC80,207,0.163031,0.012375,0.514429,0.007789,10,0,6604,2.326000,0.062556770,
1,Balanced,GA_WaitingTime_Dominance_PC80,208,0.162504,0.009110,0.523465,0.003122,9,0,7130,2.342000,0.062569372,
1,Balanced,GA_WaitingTime_Dominance_PC80,209,0.174731,0.014466,0.507716,0.012300,4,0,10495,2.412000,0.062326367,
1,Balanced,GA_WaitingTime_Dominance_PC80,MEAN,0.170487,0.011770,0.511755,0.006242,,2,8713,2.300000,0.061741464,10
1,Balanced,GA_Energy_Dominance_PC80,200,0.589023,0.095049,0.134667,0.007473,111,0,11621,6.536000,0.049445930,
1,Balanced,GA_Energy_Dominance_PC80,201,0.541663,0.134593,0.179047,0.010146,91,0,10392,6.344000,0.051339406,
1,Balanced,GA_Energy_Dominance_PC80,202,0.524881,0.142652,0.186050,0.006449,89,0,10360,6.680000,0.051795820,
1,Balanced,GA_Energy_Dominance_PC80,203,0.471394,0.197663,0.223898,0.014449,84,0,10103,6.826000,0.051116973,
1,Balanced,GA_Energy_Dominance_PC80,204,0.513805,0.111010,0.202832,0.009624,91,0,10447,6.480000,0.053164304,
1,Balanced,GA_Energy_Dominance_PC80,205,0.524982,0.141566,0.183745,0.004762,96,0,10719,6.528000,0.051630962,
1,Balanced,GA_Energy_Dominance_PC80,206,0.537965,0.137312,0.183146,0.003659,105,0,10677,6.742000,0.051581635,
1,Balanced,GA_Energy_Dominance_PC80,207,0.525067,0.179643,0.200687,0.006709,103,0,11346,6.822000,0.050306689,
1,Balanced,GA_Energy_Dominance_PC80,208,0.576011,0.117047,0.161190,0.005024,98,0,12305,6.300000,0.050990580,
1,Balanced,GA_Energy_Dominance_PC80,209,0.547985,0.140424,0.175599,0.014604,92,0,15536,6.838000,0.050514028,
1,Balanced,GA_Energy_Dominance_PC80,MEAN,0.535278,0.139696,0.183086,0.008290,,0,11350,6.300000,0.049445930,10
1,Balanced,SA_WaitingTime_Dominance_PC80,200,0.108838,0.020413,0.547795,0.002367,14,0,10178,2.286000,0.063574826,
1,Balanced,SA_WaitingTime_Dominance_PC80,201,0.109500,0.029694,0.546674,0.003127,21,0,9568,2.336000,0.063545405,
1,Balanced,SA_WaitingTime_Dominance_PC80,202,0.106877,0.024667,0.549880,0.001922,13,0,10108,2.280000,0.063610953,
1,Balanced,SA_WaitingTime_Dominance_PC80,203,0.109004,0.022914,0.547478,0.004366,16,0,9372,2.306000,0.063574826,
1,Balanced,SA_WaitingTime_Dominance_PC80,204,0.109201,0.030490,0.546903,0.003928,24,0,9563,2.238000,0.063565358,
1,Balanced,SA_WaitingTime_Dominance_PC80,205,0.108692,0.021941,0.547634,0.003041,16,0,9344,2.360000,0.063567351,
1,Balanced,SA_WaitingTime_Dominance_PC80,206,0.106737,0.027491,0.548718,0.002482,23,0,9949,2.366000,0.063599165,
1,Balanced,SA_WaitingTime_Dominance_PC80,207,0.123670,0.029020,0.540202,0.006337,20,0,10480,2.352000,0.063546807,
1,Balanced,SA_WaitingTime_Dominance_PC80,208,0.106912,0.024585,0.548937,0.003474,29,0,9557,2.350000,0.063603419,
1,Balanced,SA_WaitingTime_Dominance_PC80,209,0.121497,0.027189,0.542264,0.003770,16,0,9579,2.226000,0.063589900,
1,Balanced,SA_WaitingTime_Dominance_PC80,MEAN,0.111093,0.025840,0.546649,0.003481,,0,9769,2.226000,0.063545405,10
1,Balanced,SA_Energy_Dominance_PC80,200,0.504135,0.172514,0.205916,0.007617,116,0,9486,5.320000,0.052381789,
1,Balanced,SA_Energy_Dominance_PC80,201,0.477253,0.192988,0.210049,0.004214,89,0,9249,4.630000,0.052364996,
1,Balanced,SA_Energy_Dominance_PC80,202,0.523448,0.146642,0.193209,0.006716,87,0,7776,4.948000,0.052046079,
1,Balanced,SA_Energy_Dominance_PC80,203,0.440781,0.222203,0.235896,0.003320,94,0,7109,5.104000,0.052712356,
1,Balanced,SA_Energy_Dominance_PC80,204,0.516092,0.178048,0.190618,0.004649,116,0,6993,5.132000,0.050617607,
1,Balanced,SA_Energy_Dominance_PC80,205,0.530739,0.162981,0.179856,0.003448,110,0,6813,4.770000,0.051040795,
1,Balanced,SA_Energy_Dominance_PC80,206,0.537950,0.134226,0.205877,0.003709,67,0,5114,5.036000,0.052724356,
1,Balanced,SA_Energy_Dominance_PC80,207,0.533478,0.177979,0.182155,0.003889,109,0,7982,4.896000,0.050416157,
1,Balanced,SA_Energy_Dominance_PC80,208,0.503732,0.178670,0.197389,0.005194,106,0,7586,4.834000,0.051471955,
1,Balanced,SA_Energy_Dominance_PC80,209,0.552162,0.129985,0.204516,0.005926,83,2,8540,4.740000,0.052413072,
1,Balanced,SA_Energy_Dominance_PC80,MEAN,0.511977,0.169624,0.200548,0.004868,,2,7664,4.630000,0.050416157,10
1,Balanced,NSGA-II_PC80,200,0.302987,0.017121,0.420044,0.007734,14,0,11756,2.866000,0.059784182,
1,Balanced,NSGA-II_PC80,201,0.383472,0.015286,0.382275,0.001752,30,0,12958,2.900000,0.058201687,
1,Balanced,NSGA-II_PC80,202,0.272357,0.022454,0.438612,0.002378,21,0,13227,2.866000,0.060375187,
1,Balanced,NSGA-II_PC80,203,0.337046,0.040896,0.368844,0.003967,37,0,15248,3.220000,0.058974176,
1,Balanced,NSGA-II_PC80,204,0.308615,0.018886,0.415173,0.002921,24,0,13680,2.880000,0.059667002,
1,Balanced,NSGA-II_PC80,205,0.414460,0.068227,0.303529,0.006645,31,0,15287,3.170000,0.057242235,
1,Balanced,NSGA-II_PC80,206,0.280505,0.017353,0.440909,0.003762,19,0,13141,2.826000,0.060229943,
1,Balanced,NSGA-II_PC80,207,0.255063,0.022411,0.449641,0.002013,21,0,12542,2.878000,0.060711610,
1,Balanced,NSGA-II_PC80,208,0.272393,0.020681,0.438699,0.002581,25,0,12606,2.866000,0.060373955,
1,Balanced,NSGA-II_PC80,209,0.288961,0.018111,0.426324,0.002443,32,0,12490,2.820000,0.060063039,
1,Balanced,NSGA-II_PC80,MEAN,0.311586,0.026142,0.408405,0.003619,,0,13293,2.820000,0.057242235,10
1,Balanced,SPEA-II_PC80,200,0.353043,0.064199,0.352372,0.002485,38,0,13275,3.102000,0.058569233,
1,Balanced,SPEA-II_PC80,201,0.286344,0.010951,0.438041,0.009065,14,0,13035,2.768000,0.060130283,
1,Balanced,SPEA-II_PC80,202,0.313880,0.013733,0.419052,0.001833,28,0,12493,2.724000,0.059603153,
1,Balanced,SPEA-II_PC80,203,0.363541,0.022098,0.381961,0.003896,20,0,12190,2.770000,0.058610299,
1,Balanced,SPEA-II_PC80,204,0.354152,0.057015,0.350875,0.005953,34,0,13400,3.152000,0.058556896,
1,Balanced,SPEA-II_PC80,205,0.271901,0.022677,0.448056,0.000858,22,0,12374,2.802000,0.060401310,
1,Balanced,SPEA-II_PC80,206,0.259150,0.023983,0.454606,0.003180,22,0,12998,2.784000,0.060651391,
1,Balanced,SPEA-II_PC80,207,0.367292,0.047461,0.347126,0.003957,36,0,13660,3.148000,0.058352677,
1,Balanced,SPEA-II_PC80,208,0.300093,0.012131,0.429418,0.003703,23,0,14943,2.740000,0.059869406,
1,Balanced,SPEA-II_PC80,209,0.357341,0.044767,0.355409,0.003343,31,0,16732,3.122000,0.058553732,
1,Balanced,SPEA-II_PC80,MEAN,0.322674,0.031901,0.397692,0.003827,,0,13510,2.724000,0.058352677,10
1,Balanced,AMOSA_PC80,200,0.221063,0.048264,0.452509,0.004193,21,0,17588,3.252000,0.061279630,
1,Balanced,AMOSA_PC80,201,0.192564,0.047651,0.474600,0.007907,10,0,16870,3.242000,0.061848481,
1,Balanced,AMOSA_PC80,202,0.136772,0.044431,0.527422,0.002446,8,0,17851,3.202000,0.062975548,
1,Balanced,AMOSA_PC80,203,0.215497,0.042094,0.462508,0.003623,24,0,17881,3.214000,0.061406999,
1,Balanced,AMOSA_PC80,204,0.185958,0.040140,0.487129,0.012353,9,0,14417,3.230000,0.062003091,
1,Balanced,AMOSA_PC80,205,0.215448,0.043978,0.460464,0.010900,14,0,14231,3.200000,0.061394401,
1,Balanced,AMOSA_PC80,206,0.213687,0.056751,0.455605,0.003670,17,0,14270,3.196000,0.061402378,
1,Balanced,AMOSA_PC80,207,0.200034,0.042838,0.473544,0.004818,14,0,13920,3.176000,0.061718684,
1,Balanced,AMOSA_PC80,208,0.216199,0.104409,0.428682,0.007193,19,0,13424,3.180000,0.061255145,
1,Balanced,AMOSA_PC80,209,0.210211,0.041956,0.462605,0.008866,14,0,13883,3.206000,0.061508713,
1,Balanced,AMOSA_PC80,MEAN,0.200743,0.051251,0.468507,0.006597,,0,15433,3.176000,0.061255145,10
1,Balanced,GA_WaitingTime_Dominance_PC75,200,0.083037,0.066495,0.537700,0.010211,16,0,9599,2.776000,0.063966960,
1,Balanced,GA_WaitingTime_Dominance_PC75,201,0.068439,0.043595,0.565939,0.055718,5,0,9776,2.534000,0.064293302,
1,Balanced,GA_WaitingTime_Dominance_PC75,202,0.073608,0.031420,0.578114,0.004820,10,0,9447,2.626000,0.064236011,
1,Balanced,GA_WaitingTime_Dominance_PC75,203,0.065206,0.039360,0.574638,0.005368,11,0,9439,2.646000,0.064389097,
1,Balanced,GA_WaitingTime_Dominance_PC75,204,0.074353,0.031717,0.579604,0.001647,17,0,9963,2.700000,0.064221887,
1,Balanced,GA_WaitingTime_Dominance_PC75,205,0.064172,0.036427,0.584583,0.005863,12,0,10002,2.690000,0.064412893,
1,Balanced,GA_WaitingTime_Dominance_PC75,206,0.080221,0.034626,0.568222,0.007218,10,0,9495,2.600000,0.064098735,
1,Balanced,GA_WaitingTime_Dominance_PC75,207,0.093912,0.055084,0.530564,0.024470,20,0,9484,2.638000,0.063828921,
1,Balanced,GA_WaitingTime_Dominance_PC75,208,0.082605,0.026015,0.576255,0.002624,9,0,9600,2.640000,0.064071424,
1,Balanced,GA_WaitingTime_Dominance_PC75,209,0.055014,0.036050,0.607289,0.005399,15,0,9973,2.706000,0.065095095,
1,Balanced,GA_WaitingTime_Dominance_PC75,MEAN,0.074056,0.040079,0.570291,0.012334,,0,9677,2.534000,0.063828921,10
1,Balanced,GA_Energy_Dominance_PC75,200,0.500826,0.148675,0.205592,0.005850,80,0,10007,8.502000,0.051313480,
1,Balanced,GA_Energy_Dominance_PC75,201,0.518153,0.156090,0.193523,0.006539,95,0,10081,7.212000,0.051498458,
1,Balanced,GA_Energy_Dominance_PC75,202,0.513942,0.128835,0.198756,0.005870,84,0,9853,7.028000,0.052587462,
1,Balanced,GA_Energy_Dominance_PC75,203,0.507859,0.161973,0.199417,0.004380,104,0,10161,6.946000,0.051509638,
1,Balanced,GA_Energy_Dominance_PC75,204,0.481576,0.180537,0.219335,0.006061,90,0,10063,8.568000,0.050718557,
1,Balanced,GA_Energy_Dominance_PC75,205,0.453799,0.208294,0.245684,0.004496,97,0,10086,7.928000,0.052679971,
1,Balanced,GA_Energy_Dominance_PC75,206,0.512911,0.144522,0.207272,0.004187,79,0,9786,7.874000,0.051850123,
1,Balanced,GA_Energy_Dominance_PC75,207,0.476614,0.168051,0.221517,0.008029,89,0,9817,8.554000,0.052155412,
1,Balanced,GA_Energy_Dominance_PC75,208,0.545895,0.107482,0.189372,0.003615,98,0,10094,5.554000,0.052632296,
1,Balanced,GA_Energy_Dominance_PC75,209,0.414102,0.251150,0.275490,0.005497,79,0,10277,9.638000,0.051891265,
1,Balanced,GA_Energy_Dominance_PC75,MEAN,0.492568,0.165561,0.215596,0.005452,,0,10022,5.554000,0.050718557,10
1,Balanced,SA_WaitingTime_Dominance_PC75,200,0.095763,0.041666,0.546067,0.001385,26,0,6658,2.572000,0.063795259,
1,Balanced,SA_WaitingTime_Dominance_PC75,201,0.090172,0.028537,0.567753,0.003720,13,0,6540,2.550000,0.063926429,
1,Balanced,SA_WaitingTime_Dominance_PC75,202,0.113120,0.022000,0.552685,0.003748,9,0,6495,2.482000,0.063495158,
1,Balanced,SA_WaitingTime_Dominance_PC75,203,0.108823,0.022505,0.553947,0.004250,16,0,6460,2.480000,0.063573067,
1,Balanced,SA_WaitingTime_Dominance_PC75,204,0.092602,0.024193,0.565366,0.003089,13,0,6751,2.494000,0.063885912,
1,Balanced,SA_WaitingTime_Dominance_PC75,205,0.113565,0.033217,0.543643,0.001668,33,0,6888,2.500000,0.063456176,
1,Balanced,SA_WaitingTime_Dominance_PC75,206,0.090776,0.036601,0.562874,0.006408,13,0,6502,2.458000,0.063910476,
1,Balanced,SA_WaitingTime_Dominance_PC75,207,0.102647,0.030529,0.556512,0.002700,27,0,6804,2.616000,0.063679567,
1,Balanced,SA_WaitingTime_Dominance_PC75,208,0.092256,0.027507,0.566481,0.001692,13,0,6592,2.546000,0.063889907,
1,Balanced,SA_WaitingTime_Dominance_PC75,209,0.075860,0.019821,0.582004,0.001957,5,0,6649,2.446000,0.064210165,
1,Balanced,SA_WaitingTime_Dominance_PC75,MEAN,0.097559,0.028658,0.559733,0.003062,,0,6633,2.446000,0.063456176,10
1,Balanced,SA_Energy_Dominance_PC75,200,0.503796,0.157755,0.221845,0.004157,70,0,7086,6.474000,0.052903062,
1,Balanced,SA_Energy_Dominance_PC75,201,0.460840,0.227133,0.226381,0.005686,118,0,6579,6.908000,0.050394022,
1,Balanced,SA_Energy_Dominance_PC75,202,0.445973,0.218297,0.233492,0.005494,85,0,6576,5.420000,0.051707664,
1,Balanced,SA_Energy_Dominance_PC75,203,0.453388,0.228159,0.234958,0.004713,91,0,6616,5.898000,0.052247483,
1,Balanced,SA_Energy_Dominance_PC75,204,0.464806,0.214659,0.237161,0.005597,72,0,6487,5.908000,0.052794112,
1,Balanced,SA_Energy_Dominance_PC75,205,0.471405,0.206970,0.216952,0.002272,74,0,6506,5.100000,0.052538073,
1,Balanced,SA_Energy_Dominance_PC75,206,0.495689,0.187644,0.205835,0.003308,114,0,6740,5.898000,0.051549643,
1,Balanced,SA_Energy_Dominance_PC75,207,0.474421,0.190931,0.235345,0.003655,82,0,6597,6.782000,0.053100939,
1,Balanced,SA_Energy_Dominance_PC75,208,0.431842,0.245079,0.241907,0.006552,89,0,6561,6.144000,0.051316987,
1,Balanced,SA_Energy_Dominance_PC75,209,0.463045,0.215568,0.229771,0.003988,82,0,6704,5.700000,0.052351169,
1,Balanced,SA_Energy_Dominance_PC75,MEAN,0.466521,0.209220,0.228365,0.004542,,0,6645,5.100000,0.050394022,10
1,Balanced,NSGA-II_PC75,200,0.350137,0.055186,0.378994,0.001994,29,0,12036,3.664000,0.058634304,
1,Balanced,NSGA-II_PC75,201,0.329602,0.066289,0.368702,0.004816,30,0,11944,3.752000,0.058998105,
1,Balanced,NSGA-II_PC75,202,0.308739,0.066056,0.383386,0.002952,41,0,11839,3.668000,0.059416123,
1,Balanced,NSGA-II_PC75,203,0.349781,0.090674,0.347932,0.003954,31,0,11961,4.414000,0.058375759,
1,Balanced,NSGA-II_PC75,204,0.339530,0.061007,0.368444,0.002229,43,0,12363,3.558000,0.058824729,
1,Balanced,NSGA-II_PC75,205,0.364929,0.074909,0.337535,0.006549,28,0,12061,3.958000,0.058188586,
1,Balanced,NSGA-II_PC75,206,0.427966,0.078722,0.303204,0.002923,46,0,12082,3.612000,0.056925548,
1,Balanced,NSGA-II_PC75,207,0.333694,0.078417,0.357308,0.005116,41,0,12034,3.894000,0.058818399,
1,Balanced,NSGA-II_PC75,208,0.314025,0.080936,0.377999,0.003040,34,0,12264,3.946000,0.059226697,
1,Balanced,NSGA-II_PC75,209,0.262646,0.073513,0.407141,0.008035,25,0,12364,3.828000,0.060303850,
1,Balanced,NSGA-II_PC75,MEAN,0.338105,0.072571,0.363065,0.004161,,0,12094,3.558000,0.056925548,10
1,Balanced,SPEA-II_PC75,200,0.320734,0.043806,0.394594,0.002509,25,0,12607,3.428000,0.059296220,
1,Balanced,SPEA-II_PC75,201,0.318374,0.056663,0.382477,0.004272,34,0,12708,3.756000,0.059242643,
1,Balanced,SPEA-II_PC75,202,0.303211,0.053694,0.404495,0.003035,31,0,12730,3.576000,0.059598801,
1,Balanced,SPEA-II_PC75,203,0.370358,0.057764,0.348828,0.004224,39,0,12769,3.812000,0.058164002,
1,Balanced,SPEA-II_PC75,204,0.314561,0.062978,0.389546,0.002354,28,0,12714,3.820000,0.059294828,
1,Balanced,SPEA-II_PC75,205,0.347892,0.043890,0.374387,0.002835,21,0,12792,3.554000,0.058720351,
1,Balanced,SPEA-II_PC75,206,0.309275,0.109779,0.369164,0.003653,30,0,12337,4.294000,0.059208135,
1,Balanced,SPEA-II_PC75,207,0.331759,0.062064,0.374573,0.002885,43,0,12535,3.672000,0.058968618,
1,Balanced,SPEA-II_PC75,208,0.279203,0.060728,0.418498,0.001800,29,0,12540,3.964000,0.060009888,
1,Balanced,SPEA-II_PC75,209,0.366505,0.038612,0.371163,0.002127,32,0,12332,3.420000,0.058385140,
1,Balanced,SPEA-II_PC75,MEAN,0.326187,0.058998,0.382772,0.002969,,0,12606,3.420000,0.058164002,10
1,Balanced,AMOSA_PC75,200,0.196438,0.108491,0.458746,0.004336,19,0,13642,4.682000,0.061511630,
1,Balanced,AMOSA_PC75,201,0.213887,0.112031,0.443867,0.005785,25,0,13568,4.920000,0.061107489,
1,Balanced,AMOSA_PC75,202,0.207646,0.121650,0.438510,0.015160,24,0,13941,4.858000,0.061241038,
1,Balanced,AMOSA_PC75,203,0.217204,0.117912,0.435445,0.004717,26,0,9962,4.682000,0.061020448,
1,Balanced,AMOSA_PC75,204,0.294518,0.150231,0.374130,0.006821,32,0,10015,5.144000,0.059201878,
1,Balanced,AMOSA_PC75,205,0.221034,0.123989,0.429303,0.008271,21,0,13194,4.678000,0.060931788,
1,Balanced,AMOSA_PC75,206,0.237619,0.100268,0.425891,0.009951,16,0,14547,4.578000,0.060673155,
1,Balanced,AMOSA_PC75,207,0.172048,0.126324,0.476390,0.006972,15,0,14897,4.964000,0.061975641,
1,Balanced,AMOSA_PC75,208,0.213747,0.139214,0.436160,0.005597,25,0,14778,5.228000,0.061036363,
1,Balanced,AMOSA_PC75,209,0.244946,0.105855,0.415419,0.007351,22,0,14798,4.468000,0.060498386,
1,Balanced,AMOSA_PC75,MEAN,0.221909,0.120597,0.433386,0.007496,,0,13334,4.468000,0.059201878,10
2,GPU_Stress,GA_WaitingTime_Dominance,200,0.257384,0.034498,0.357558,0.003731,25,4,3381,5.024000,0.079061269,
2,GPU_Stress,GA_WaitingTime_Dominance,201,0.248180,0.034597,0.363266,0.002930,25,0,3405,5.034000,0.079240231,
2,GPU_Stress,GA_WaitingTime_Dominance,202,0.252262,0.026128,0.364458,0.003593,22,0,3383,5.142000,0.079167766,
2,GPU_Stress,GA_WaitingTime_Dominance,203,0.246361,0.027147,0.372270,0.003057,11,0,3397,5.104000,0.079294525,
2,GPU_Stress,GA_WaitingTime_Dominance,204,0.253838,0.005460,0.383170,0.004052,9,0,3338,5.100000,0.079173647,
2,GPU_Stress,GA_WaitingTime_Dominance,205,0.254691,0.028988,0.357469,0.001999,34,0,3304,5.128000,0.079110779,
2,GPU_Stress,GA_WaitingTime_Dominance,206,0.250031,0.027768,0.362201,0.002678,25,0,3299,5.036000,0.079207893,
2,GPU_Stress,GA_WaitingTime_Dominance,207,0.272292,0.000000,0.372684,0.007758,7,7,3330,5.086000,0.078837461,
2,GPU_Stress,GA_WaitingTime_Dominance,208,0.257378,0.028149,0.360386,0.003049,22,5,3513,5.046000,0.079087014,
2,GPU_Stress,GA_WaitingTime_Dominance,209,0.242497,0.027038,0.368075,0.002175,19,0,3348,5.056000,0.079347408,
2,GPU_Stress,GA_WaitingTime_Dominance,MEAN,0.253491,0.023977,0.366154,0.003502,,16,3369,5.024000,0.078837461,10
2,GPU_Stress,GA_Energy_Dominance,200,0.582765,0.122798,0.178900,0.011842,46,0,3810,8.708000,0.068202838,
2,GPU_Stress,GA_Energy_Dominance,201,0.543162,0.164877,0.189974,0.007628,62,0,4083,9.356000,0.067019870,
2,GPU_Stress,GA_Energy_Dominance,202,0.587470,0.128896,0.178292,0.018362,47,9,3927,9.186000,0.066660547,
2,GPU_Stress,GA_Energy_Dominance,203,0.482257,0.207591,0.226812,0.018750,51,0,4056,9.558000,0.066427410,
2,GPU_Stress,GA_Energy_Dominance,204,0.564083,0.169976,0.186081,0.013941,53,0,3974,9.216000,0.066834084,
2,GPU_Stress,GA_Energy_Dominance,205,0.508098,0.104091,0.199102,0.004282,62,0,3453,8.732000,0.072765190,
2,GPU_Stress,GA_Energy_Dominance,206,0.545210,0.140971,0.190107,0.005411,79,9,4249,9.008000,0.065841906,
2,GPU_Stress,GA_Energy_Dominance,207,0.597610,0.121260,0.167509,0.008643,62,0,4058,8.658000,0.068309299,
2,GPU_Stress,GA_Energy_Dominance,208,0.558242,0.116214,0.180958,0.005648,47,0,4057,8.662000,0.069960580,
2,GPU_Stress,GA_Energy_Dominance,209,0.553928,0.150314,0.187522,0.023617,48,0,4186,9.514000,0.069210424,
2,GPU_Stress,GA_Energy_Dominance,MEAN,0.552283,0.142699,0.188526,0.011812,,18,3985,8.658000,0.065841906,10
2,GPU_Stress,SA_WaitingTime_Dominance,200,0.263742,0.054252,0.358246,0.004313,16,0,2392,4.562000,0.079323864,
2,GPU_Stress,SA_WaitingTime_Dominance,201,0.251297,0.053905,0.357840,0.002484,21,0,2359,4.508000,0.079293563,
2,GPU_Stress,SA_WaitingTime_Dominance,202,0.242469,0.037436,0.361178,0.001167,14,0,2416,4.540000,0.079302811,
2,GPU_Stress,SA_WaitingTime_Dominance,203,0.279134,0.037948,0.350848,0.004854,10,0,2390,4.582000,0.079323864,
2,GPU_Stress,SA_WaitingTime_Dominance,204,0.234324,0.010041,0.359776,0.003520,12,8,2184,4.496000,0.079302212,
2,GPU_Stress,SA_WaitingTime_Dominance,205,0.333812,0.076084,0.333416,0.004308,28,0,2238,4.736000,0.079310216,
2,GPU_Stress,SA_WaitingTime_Dominance,206,0.231070,0.030773,0.364477,0.020090,8,0,2185,4.550000,0.079297765,
2,GPU_Stress,SA_WaitingTime_Dominance,207,0.290640,0.046786,0.346943,0.001574,15,0,2206,4.636000,0.079238665,
2,GPU_Stress,SA_WaitingTime_Dominance,208,0.259137,0.045207,0.355825,0.006134,13,0,2205,4.528000,0.079315994,
2,GPU_Stress,SA_WaitingTime_Dominance,209,0.264442,0.045020,0.350960,0.004354,14,0,2209,4.546000,0.079203431,
2,GPU_Stress,SA_WaitingTime_Dominance,MEAN,0.265007,0.043745,0.353951,0.005280,,8,2278,4.496000,0.079203431,10
2,GPU_Stress,SA_Energy_Dominance,200,0.538967,0.208734,0.201129,0.002537,54,0,2309,8.748000,0.069533727,
2,GPU_Stress,SA_Energy_Dominance,201,0.520855,0.203557,0.208027,0.003379,35,0,2281,9.084000,0.069021479,
2,GPU_Stress,SA_Energy_Dominance,202,0.541281,0.212914,0.205226,0.003991,78,0,2341,9.072000,0.069222367,
2,GPU_Stress,SA_Energy_Dominance,203,0.521743,0.223002,0.210415,0.007068,37,0,2406,9.298000,0.068900050,
2,GPU_Stress,SA_Energy_Dominance,204,0.514808,0.240841,0.209240,0.002718,43,0,2319,9.376000,0.070198626,
2,GPU_Stress,SA_Energy_Dominance,205,0.508017,0.181517,0.204257,0.007793,37,0,2272,8.940000,0.070090305,
2,GPU_Stress,SA_Energy_Dominance,206,0.513227,0.221142,0.207878,0.004872,43,0,2260,8.914000,0.070396152,
2,GPU_Stress,SA_Energy_Dominance,207,0.510989,0.208049,0.205769,0.009487,51,0,2267,9.154000,0.070639939,
2,GPU_Stress,SA_Energy_Dominance,208,0.534161,0.202036,0.200496,0.004285,67,0,2272,9.040000,0.069606332,
2,GPU_Stress,SA_Energy_Dominance,209,0.559444,0.173576,0.199645,0.004711,45,2,2256,9.064000,0.069623489,
2,GPU_Stress,SA_Energy_Dominance,MEAN,0.526349,0.207537,0.205208,0.005084,,2,2298,8.748000,0.068900050,10
2,GPU_Stress,NSGA-II,200,0.499062,0.023832,0.218648,0.003877,46,0,6219,6.442000,0.074133774,
2,GPU_Stress,NSGA-II,201,0.556628,0.023283,0.165411,0.002164,48,0,6548,6.566000,0.072842347,
2,GPU_Stress,NSGA-II,202,0.522700,0.040527,0.194372,0.004999,48,0,6425,6.656000,0.073476614,
2,GPU_Stress,NSGA-II,203,0.511396,0.023708,0.201634,0.004023,44,0,6035,6.432000,0.073876164,
2,GPU_Stress,NSGA-II,204,0.558283,0.017576,0.161548,0.004580,52,3,5395,6.664000,0.072836864,
2,GPU_Stress,NSGA-II,205,0.580600,0.009746,0.161298,0.002832,50,30,4367,6.480000,0.072414724,
2,GPU_Stress,NSGA-II,206,0.541385,0.033322,0.170053,0.002894,59,0,4587,6.148000,0.073236277,
2,GPU_Stress,NSGA-II,207,0.536698,0.030041,0.187876,0.002878,51,0,4459,6.522000,0.073259557,
2,GPU_Stress,NSGA-II,208,0.471246,0.018112,0.240126,0.002891,38,0,4755,6.326000,0.074752831,
2,GPU_Stress,NSGA-II,209,0.537493,0.028727,0.183727,0.003062,42,0,6364,6.524000,0.073258693,
2,GPU_Stress,NSGA-II,MEAN,0.531549,0.024887,0.188469,0.003420,,33,5515,6.148000,0.072414724,10
2,GPU_Stress,SPEA-II,200,0.499043,0.027704,0.233098,0.003365,40,0,7024,6.230000,0.074156252,
2,GPU_Stress,SPEA-II,201,0.453730,0.029417,0.247640,0.003463,37,0,6508,6.190000,0.075095414,
2,GPU_Stress,SPEA-II,202,0.434344,0.000000,0.279138,0.003747,31,31,5782,5.814000,0.075651158,
2,GPU_Stress,SPEA-II,203,0.450083,0.046104,0.239992,0.001952,34,0,6530,6.376000,0.075066942,
2,GPU_Stress,SPEA-II,204,0.443597,0.034108,0.250031,0.002480,30,0,6500,6.258000,0.075271711,
2,GPU_Stress,SPEA-II,205,0.509164,0.026325,0.210569,0.003091,47,0,6345,6.076000,0.073999865,
2,GPU_Stress,SPEA-II,206,0.538281,0.020601,0.199609,0.003274,41,0,6567,6.240000,0.073368180,
2,GPU_Stress,SPEA-II,207,0.416038,0.015533,0.285354,0.001350,34,0,5996,6.064000,0.075922546,
2,GPU_Stress,SPEA-II,208,0.505732,0.035279,0.206307,0.002218,45,0,6358,6.350000,0.073962419,
2,GPU_Stress,SPEA-II,209,0.487349,0.010413,0.230707,0.003714,36,13,6710,6.270000,0.074451641,
2,GPU_Stress,SPEA-II,MEAN,0.473736,0.024548,0.238244,0.002865,,44,6432,5.814000,0.073368180,10
2,GPU_Stress,AMOSA,200,0.268174,0.063616,0.345111,0.004161,15,0,5634,6.936000,0.078563161,
2,GPU_Stress,AMOSA,201,0.261338,0.084481,0.348572,0.003213,14,0,5530,6.978000,0.078683846,
2,GPU_Stress,AMOSA,202,0.246634,0.077450,0.356370,0.004813,9,0,5486,6.994000,0.078986079,
2,GPU_Stress,AMOSA,203,0.280969,0.060651,0.340621,0.003188,23,0,5624,6.994000,0.078299903,
2,GPU_Stress,AMOSA,204,0.262510,0.046109,0.360813,0.003716,8,0,5532,6.970000,0.078688651,
2,GPU_Stress,AMOSA,205,0.280483,0.052921,0.340860,0.006431,13,0,5574,6.982000,0.078326484,
2,GPU_Stress,AMOSA,206,0.282671,0.073338,0.328435,0.008428,18,0,5643,7.010000,0.078245967,
2,GPU_Stress,AMOSA,207,0.272663,0.071577,0.336049,0.006838,17,0,5899,6.960000,0.078461795,
2,GPU_Stress,AMOSA,208,0.269039,0.059286,0.340110,0.011307,17,0,5746,7.020000,0.078542809,
2,GPU_Stress,AMOSA,209,0.281954,0.058652,0.330388,0.012031,19,0,4015,6.998000,0.078277395,
2,GPU_Stress,AMOSA,MEAN,0.270643,0.064808,0.342733,0.006413,,0,5468,6.936000,0.078245967,10
2,GPU_Stress,GA_WaitingTime_Dominance_PC90,200,0.058433,0.094431,0.482959,0.059400,7,0,10939,5.102000,0.082713561,
2,GPU_Stress,GA_WaitingTime_Dominance_PC90,201,0.059084,0.021472,0.514547,0.004242,10,0,10571,5.088000,0.082747447,
2,GPU_Stress,GA_WaitingTime_Dominance_PC90,202,0.087199,0.074652,0.462081,0.043044,14,0,10275,5.030000,0.082021484,
2,GPU_Stress,GA_WaitingTime_Dominance_PC90,203,0.099990,0.020415,0.478160,0.001924,10,0,10190,5.132000,0.081992379,
2,GPU_Stress,GA_WaitingTime_Dominance_PC90,204,0.064122,0.065287,0.485429,0.050548,17,0,10350,4.954000,0.082847665,
2,GPU_Stress,GA_WaitingTime_Dominance_PC90,205,0.076094,0.065349,0.475899,0.020233,14,0,10468,5.138000,0.082348723,
2,GPU_Stress,GA_WaitingTime_Dominance_PC90,206,0.103832,0.059094,0.444641,0.030329,18,0,11240,5.174000,0.081847176,
2,GPU_Stress,GA_WaitingTime_Dominance_PC90,207,0.113066,0.109161,0.449862,0.016421,19,0,9943,5.046000,0.081501947,
2,GPU_Stress,GA_WaitingTime_Dominance_PC90,208,0.060247,0.095755,0.476428,0.075401,16,0,10125,4.998000,0.082619210,
2,GPU_Stress,GA_WaitingTime_Dominance_PC90,209,0.103987,0.045191,0.447759,0.091987,8,0,10132,5.128000,0.081841458,
2,GPU_Stress,GA_WaitingTime_Dominance_PC90,MEAN,0.082605,0.065081,0.471776,0.039353,,0,10423,4.954000,0.081501947,10
2,GPU_Stress,GA_Energy_Dominance_PC90,200,0.572854,0.085970,0.167509,0.005902,58,10,9402,8.534000,0.070721351,
2,GPU_Stress,GA_Energy_Dominance_PC90,201,0.548550,0.168752,0.196121,0.011821,48,0,9405,8.982000,0.066941433,
2,GPU_Stress,GA_Energy_Dominance_PC90,202,0.605168,0.103621,0.163309,0.007198,63,7,9247,9.080000,0.068958691,
2,GPU_Stress,GA_Energy_Dominance_PC90,203,0.576934,0.131794,0.173452,0.024529,61,0,9436,9.430000,0.067648274,
2,GPU_Stress,GA_Energy_Dominance_PC90,204,0.557913,0.169730,0.190747,0.010465,43,0,9326,9.434000,0.067917150,
2,GPU_Stress,GA_Energy_Dominance_PC90,205,0.455298,0.095004,0.228373,0.003106,28,0,9023,8.748000,0.074156188,
2,GPU_Stress,GA_Energy_Dominance_PC90,206,0.564086,0.154193,0.183743,0.008723,54,0,9263,8.638000,0.067262833,
2,GPU_Stress,GA_Energy_Dominance_PC90,207,0.513469,0.091559,0.186079,0.004512,74,0,9053,8.670000,0.072633517,
2,GPU_Stress,GA_Energy_Dominance_PC90,208,0.576181,0.142883,0.173891,0.006957,64,0,9517,8.530000,0.068603183,
2,GPU_Stress,GA_Energy_Dominance_PC90,209,0.594759,0.124840,0.161913,0.014748,53,0,9751,9.032000,0.067714814,
2,GPU_Stress,GA_Energy_Dominance_PC90,MEAN,0.556521,0.126835,0.182514,0.009796,,17,9342,8.530000,0.066941433,10
2,GPU_Stress,SA_WaitingTime_Dominance_PC90,200,0.280034,0.034716,0.348051,0.053487,24,0,6882,4.634000,0.079327566,
2,GPU_Stress,SA_WaitingTime_Dominance_PC90,201,0.253270,0.042412,0.359240,0.004207,18,0,6835,4.570000,0.079365969,
2,GPU_Stress,SA_WaitingTime_Dominance_PC90,202,0.150787,0.037007,0.420023,0.001991,11,0,6756,4.682000,0.080832334,
2,GPU_Stress,SA_WaitingTime_Dominance_PC90,203,0.243473,0.048135,0.360868,0.040215,18,0,6916,4.776000,0.079345583,
2,GPU_Stress,SA_WaitingTime_Dominance_PC90,204,0.258344,0.024818,0.355992,0.001297,14,0,6914,4.580000,0.079315994,
2,GPU_Stress,SA_WaitingTime_Dominance_PC90,205,0.229085,0.023550,0.366591,0.069940,11,0,7006,4.658000,0.079365969,
2,GPU_Stress,SA_WaitingTime_Dominance_PC90,206,0.235782,0.017172,0.362668,0.124945,6,0,6764,4.714000,0.079300240,
2,GPU_Stress,SA_WaitingTime_Dominance_PC90,207,0.260736,0.026841,0.353290,0.053407,17,0,6971,4.736000,0.079332069,
2,GPU_Stress,SA_WaitingTime_Dominance_PC90,208,0.257616,0.026819,0.356297,0.003370,14,0,6890,4.632000,0.079315994,
2,GPU_Stress,SA_WaitingTime_Dominance_PC90,209,0.279569,0.031091,0.348781,0.002226,14,0,6878,4.564000,0.079303487,
2,GPU_Stress,SA_WaitingTime_Dominance_PC90,MEAN,0.244870,0.031256,0.363180,0.035508,,0,6881,4.564000,0.079300240,10
2,GPU_Stress,SA_Energy_Dominance_PC90,200,0.530499,0.191902,0.200254,0.003969,57,0,6276,9.076000,0.070464223,
2,GPU_Stress,SA_Energy_Dominance_PC90,201,0.542741,0.201911,0.201813,0.003907,40,0,6244,9.084000,0.069890675,
2,GPU_Stress,SA_Energy_Dominance_PC90,202,0.553520,0.201693,0.201521,0.009557,40,2,6198,9.072000,0.069776684,
2,GPU_Stress,SA_Energy_Dominance_PC90,203,0.506767,0.235484,0.209157,0.004781,45,0,6951,9.298000,0.070169443,
2,GPU_Stress,SA_Energy_Dominance_PC90,204,0.564626,0.215445,0.207632,0.003322,60,5,6340,9.376000,0.068061397,
2,GPU_Stress,SA_Energy_Dominance_PC90,205,0.531583,0.177739,0.192270,0.007453,62,0,6362,8.784000,0.070836489,
2,GPU_Stress,SA_Energy_Dominance_PC90,206,0.505548,0.238484,0.208758,0.008946,41,0,6406,8.914000,0.070067221,
2,GPU_Stress,SA_Energy_Dominance_PC90,207,0.501234,0.206878,0.211035,0.004401,34,0,6299,8.948000,0.069702551,
2,GPU_Stress,SA_Energy_Dominance_PC90,208,0.510502,0.192960,0.201537,0.006706,60,0,6305,9.040000,0.071269237,
2,GPU_Stress,SA_Energy_Dominance_PC90,209,0.531827,0.227864,0.210212,0.006563,37,0,6321,8.996000,0.069015186,
2,GPU_Stress,SA_Energy_Dominance_PC90,MEAN,0.527885,0.209036,0.204419,0.005961,,7,6370,8.784000,0.068061397,10
2,GPU_Stress,NSGA-II_PC90,200,0.537412,0.046308,0.180679,0.003145,57,0,12115,6.784000,0.073063825,
2,GPU_Stress,NSGA-II_PC90,201,0.522612,0.053013,0.169400,0.007482,49,0,11870,7.100000,0.073270977,
2,GPU_Stress,NSGA-II_PC90,202,0.464009,0.039811,0.236984,0.003264,37,0,11948,6.682000,0.074741158,
2,GPU_Stress,NSGA-II_PC90,203,0.421857,0.025674,0.268276,0.003492,25,0,12012,6.418000,0.075702291,
2,GPU_Stress,NSGA-II_PC90,204,0.549932,0.051083,0.161264,0.006573,50,0,12583,7.112000,0.072608961,
2,GPU_Stress,NSGA-II_PC90,205,0.522602,0.037823,0.184916,0.007140,34,0,12269,6.708000,0.073475857,
2,GPU_Stress,NSGA-II_PC90,206,0.563461,0.023151,0.196548,0.003509,44,0,12168,7.414000,0.072427779,
2,GPU_Stress,NSGA-II_PC90,207,0.408548,0.036612,0.268004,0.002498,36,0,11979,6.396000,0.075948660,
2,GPU_Stress,NSGA-II_PC90,208,0.487303,0.058790,0.206975,0.003840,39,0,12223,6.916000,0.074099333,
2,GPU_Stress,NSGA-II_PC90,209,0.439313,0.042011,0.245259,0.002882,37,0,11738,6.504000,0.075274976,
2,GPU_Stress,NSGA-II_PC90,MEAN,0.491705,0.041428,0.211831,0.004383,,0,12090,6.396000,0.072427779,10
2,GPU_Stress,SPEA-II_PC90,200,0.460446,0.026463,0.252351,0.002900,32,0,12669,6.424000,0.074915886,
2,GPU_Stress,SPEA-II_PC90,201,0.461555,0.047571,0.233242,0.002628,47,0,12892,6.890000,0.074702705,
2,GPU_Stress,SPEA-II_PC90,202,0.428342,0.028635,0.265792,0.001532,37,0,12253,6.452000,0.075560163,
2,GPU_Stress,SPEA-II_PC90,203,0.449018,0.040920,0.243645,0.002248,45,0,12463,6.466000,0.075082756,
2,GPU_Stress,SPEA-II_PC90,204,0.453273,0.039426,0.246630,0.001891,42,0,12413,6.576000,0.074986014,
2,GPU_Stress,SPEA-II_PC90,205,0.513193,0.048922,0.187610,0.004214,45,0,13044,6.806000,0.073567453,
2,GPU_Stress,SPEA-II_PC90,206,0.389002,0.033582,0.282915,0.001539,39,0,12390,6.226000,0.076380562,
2,GPU_Stress,SPEA-II_PC90,207,0.404039,0.027181,0.283973,0.003350,30,0,12468,6.250000,0.076096284,
2,GPU_Stress,SPEA-II_PC90,208,0.491697,0.048523,0.215068,0.002326,53,0,12796,6.522000,0.074133973,
2,GPU_Stress,SPEA-II_PC90,209,0.493098,0.031095,0.213424,0.003159,43,0,13142,6.518000,0.074185965,
2,GPU_Stress,SPEA-II_PC90,MEAN,0.454366,0.037232,0.242465,0.002579,,0,12653,6.226000,0.073567453,10
2,GPU_Stress,AMOSA_PC90,200,0.238138,0.105467,0.362193,0.003035,14,0,13038,7.324000,0.079076975,
2,GPU_Stress,AMOSA_PC90,201,0.275920,0.071401,0.334817,0.011357,13,0,13033,7.414000,0.078321866,
2,GPU_Stress,AMOSA_PC90,202,0.292570,0.088979,0.320292,0.007548,18,0,13008,7.588000,0.077935646,
2,GPU_Stress,AMOSA_PC90,203,0.245562,0.101085,0.358832,0.005583,16,0,12986,7.308000,0.078925536,
2,GPU_Stress,AMOSA_PC90,204,0.281688,0.083791,0.325175,0.006084,17,0,13147,7.290000,0.078187379,
2,GPU_Stress,AMOSA_PC90,205,0.258432,0.071399,0.347071,0.005899,15,0,13104,7.212000,0.078706016,
2,GPU_Stress,AMOSA_PC90,206,0.286413,0.061842,0.328716,0.008576,10,0,13123,7.194000,0.078161563,
2,GPU_Stress,AMOSA_PC90,207,0.263987,0.090152,0.336124,0.010399,15,0,13091,7.370000,0.078534995,
2,GPU_Stress,AMOSA_PC90,208,0.266839,0.061826,0.350665,0.007091,12,0,12924,7.202000,0.078546568,
2,GPU_Stress,AMOSA_PC90,209,0.286745,0.065944,0.330151,0.006939,19,0,12953,7.182000,0.078150267,
2,GPU_Stress,AMOSA_PC90,MEAN,0.269629,0.080189,0.339404,0.007251,,0,13040,7.182000,0.077935646,10
2,GPU_Stress,GA_WaitingTime_Dominance_PC85,200,0.074066,0.055752,0.474969,0.015437,15,0,9983,5.140000,0.082450422,
2,GPU_Stress,GA_WaitingTime_Dominance_PC85,201,0.103313,0.113648,0.460588,0.040211,14,0,9958,5.142000,0.081534618,
2,GPU_Stress,GA_WaitingTime_Dominance_PC85,202,0.051956,0.093978,0.507043,0.023899,11,0,9652,5.038000,0.083273726,
2,GPU_Stress,GA_WaitingTime_Dominance_PC85,203,0.123463,0.075159,0.435032,0.025763,20,0,9969,5.000000,0.081345824,
2,GPU_Stress,GA_WaitingTime_Dominance_PC85,204,0.078523,0.050407,0.460353,0.116801,13,0,9961,5.102000,0.082298626,
2,GPU_Stress,GA_WaitingTime_Dominance_PC85,205,0.074529,0.097649,0.465035,0.020122,10,0,9803,5.230000,0.082347500,
2,GPU_Stress,GA_WaitingTime_Dominance_PC85,206,0.051820,0.057789,0.514644,0.014865,14,0,9961,5.314000,0.083103635,
2,GPU_Stress,GA_WaitingTime_Dominance_PC85,207,0.080582,0.079212,0.463448,0.020346,9,0,10084,5.118000,0.082285035,
2,GPU_Stress,GA_WaitingTime_Dominance_PC85,208,0.036001,0.082518,0.520178,0.017506,10,0,10040,5.094000,0.083479666,
2,GPU_Stress,GA_WaitingTime_Dominance_PC85,209,0.092995,0.082383,0.460816,0.033090,13,0,9976,5.102000,0.081927537,
2,GPU_Stress,GA_WaitingTime_Dominance_PC85,MEAN,0.076725,0.078850,0.476211,0.032804,,0,9938,5.000000,0.081345824,10
2,GPU_Stress,GA_Energy_Dominance_PC85,200,0.535138,0.086496,0.176558,0.003890,73,1,9140,8.762000,0.072120639,
2,GPU_Stress,GA_Energy_Dominance_PC85,201,0.513037,0.101387,0.198280,0.004989,65,0,9121,8.688000,0.072676739,
2,GPU_Stress,GA_Energy_Dominance_PC85,202,0.542791,0.087328,0.185400,0.002907,75,0,9131,8.926000,0.071780022,
2,GPU_Stress,GA_Energy_Dominance_PC85,203,0.557531,0.094925,0.185032,0.003015,70,11,9635,8.698000,0.071374570,
2,GPU_Stress,GA_Energy_Dominance_PC85,204,0.595852,0.106791,0.162881,0.006241,68,1,9266,9.008000,0.069171709,
2,GPU_Stress,GA_Energy_Dominance_PC85,205,0.511105,0.093557,0.198082,0.003899,64,0,9035,8.506000,0.072797658,
2,GPU_Stress,GA_Energy_Dominance_PC85,206,0.493803,0.088846,0.211482,0.003298,47,0,9094,8.800000,0.073201221,
2,GPU_Stress,GA_Energy_Dominance_PC85,207,0.461306,0.100015,0.225768,0.004738,43,0,8853,8.912000,0.073942808,
2,GPU_Stress,GA_Energy_Dominance_PC85,208,0.498003,0.086397,0.201618,0.004512,76,0,9162,8.990000,0.073071443,
2,GPU_Stress,GA_Energy_Dominance_PC85,209,0.594226,0.095267,0.160781,0.009117,54,0,9360,9.182000,0.069460802,
2,GPU_Stress,GA_Energy_Dominance_PC85,MEAN,0.530279,0.094101,0.190588,0.004661,,13,9179,8.506000,0.069171709,10
2,GPU_Stress,SA_WaitingTime_Dominance_PC85,200,0.164309,0.062586,0.419357,0.005943,26,0,6812,4.528000,0.080956196,
2,GPU_Stress,SA_WaitingTime_Dominance_PC85,201,0.093443,0.084936,0.469232,0.001995,15,0,6857,4.642000,0.081972092,
2,GPU_Stress,SA_WaitingTime_Dominance_PC85,202,0.073766,0.077199,0.482127,0.005817,11,0,7143,4.592000,0.082322686,
2,GPU_Stress,SA_WaitingTime_Dominance_PC85,203,0.100988,0.105082,0.462325,0.002394,16,0,6829,4.838000,0.081825331,
2,GPU_Stress,SA_WaitingTime_Dominance_PC85,204,0.097382,0.087848,0.463707,0.006514,13,0,6755,4.698000,0.081883913,
2,GPU_Stress,SA_WaitingTime_Dominance_PC85,205,0.138365,0.107244,0.455913,0.003605,20,0,6167,4.802000,0.082264791,
2,GPU_Stress,SA_WaitingTime_Dominance_PC85,206,0.142098,0.116526,0.423388,0.006376,19,0,4956,4.710000,0.080779818,
2,GPU_Stress,SA_WaitingTime_Dominance_PC85,207,0.165756,0.048533,0.410103,0.007834,10,4,6764,4.610000,0.080658676,
2,GPU_Stress,SA_WaitingTime_Dominance_PC85,208,0.071769,0.011368,0.508548,0.002031,22,0,6860,4.566000,0.082774906,
2,GPU_Stress,SA_WaitingTime_Dominance_PC85,209,0.057969,0.117683,0.498169,0.007863,11,0,6757,4.702000,0.082675630,
2,GPU_Stress,SA_WaitingTime_Dominance_PC85,MEAN,0.110585,0.081900,0.459287,0.005037,,4,6590,4.528000,0.080658676,10
2,GPU_Stress,SA_Energy_Dominance_PC85,200,0.508473,0.222663,0.208765,0.005576,44,0,6365,9.240000,0.069484400,
2,GPU_Stress,SA_Energy_Dominance_PC85,201,0.530307,0.182082,0.198985,0.006703,33,0,6373,9.258000,0.069928308,
2,GPU_Stress,SA_Energy_Dominance_PC85,202,0.537150,0.178498,0.199584,0.004527,46,2,6362,9.298000,0.070371762,
2,GPU_Stress,SA_Energy_Dominance_PC85,203,0.499288,0.195728,0.210417,0.003919,27,0,6494,9.274000,0.069791333,
2,GPU_Stress,SA_Energy_Dominance_PC85,204,0.551704,0.177691,0.193163,0.003513,59,0,6543,8.970000,0.069873902,
2,GPU_Stress,SA_Energy_Dominance_PC85,205,0.520601,0.230029,0.200049,0.004658,52,0,6242,9.236000,0.069981722,
2,GPU_Stress,SA_Energy_Dominance_PC85,206,0.515494,0.193271,0.208288,0.004795,28,0,6268,8.914000,0.070174720,
2,GPU_Stress,SA_Energy_Dominance_PC85,207,0.488824,0.242885,0.207992,0.020341,38,0,6343,9.058000,0.070441208,
2,GPU_Stress,SA_Energy_Dominance_PC85,208,0.530879,0.226350,0.201709,0.004329,48,0,6235,8.894000,0.069427288,
2,GPU_Stress,SA_Energy_Dominance_PC85,209,0.516454,0.218812,0.205373,0.004332,67,0,6327,8.970000,0.069233151,
2,GPU_Stress,SA_Energy_Dominance_PC85,MEAN,0.519917,0.206801,0.203432,0.006269,,2,6355,8.894000,0.069233151,10
2,GPU_Stress,NSGA-II_PC85,200,0.440973,0.035394,0.237987,0.005055,34,0,11795,6.572000,0.075244664,
2,GPU_Stress,NSGA-II_PC85,201,0.414050,0.036373,0.272659,0.002699,32,0,11785,6.642000,0.075785726,
2,GPU_Stress,NSGA-II_PC85,202,0.419184,0.044462,0.247276,0.004438,38,0,11959,6.692000,0.075633287,
2,GPU_Stress,NSGA-II_PC85,203,0.429548,0.020976,0.270375,0.001345,37,0,10404,6.436000,0.075554805,
2,GPU_Stress,NSGA-II_PC85,204,0.423474,0.038217,0.255854,0.002784,35,0,10394,6.622000,0.075590893,
2,GPU_Stress,NSGA-II_PC85,205,0.423426,0.034640,0.258915,0.003144,33,0,11814,6.518000,0.075627808,
2,GPU_Stress,NSGA-II_PC85,206,0.449253,0.043926,0.231407,0.005052,31,0,12993,6.696000,0.075021658,
2,GPU_Stress,NSGA-II_PC85,207,0.489210,0.070856,0.200972,0.002981,48,0,12755,7.188000,0.073901433,
2,GPU_Stress,NSGA-II_PC85,208,0.459221,0.043616,0.226091,0.004088,39,0,11810,6.812000,0.074782708,
2,GPU_Stress,NSGA-II_PC85,209,0.448283,0.048350,0.233690,0.003249,33,0,11979,6.852000,0.074990812,
2,GPU_Stress,NSGA-II_PC85,MEAN,0.439662,0.041681,0.243523,0.003483,,0,11768,6.436000,0.073901433,10
2,GPU_Stress,SPEA-II_PC85,200,0.371970,0.037612,0.286404,0.002042,40,0,12734,6.268000,0.076689406,
2,GPU_Stress,SPEA-II_PC85,201,0.422817,0.053362,0.256061,0.002276,40,0,11249,6.644000,0.075551487,
2,GPU_Stress,SPEA-II_PC85,202,0.462373,0.031496,0.249028,0.003073,37,0,9243,6.732000,0.074790236,
2,GPU_Stress,SPEA-II_PC85,203,0.453662,0.048729,0.237713,0.002683,43,0,9667,6.370000,0.074988561,
2,GPU_Stress,SPEA-II_PC85,204,0.485928,0.058587,0.215554,0.002907,49,0,9467,6.864000,0.074141669,
2,GPU_Stress,SPEA-II_PC85,205,0.451972,0.050077,0.239227,0.003517,37,0,11977,6.820000,0.074921505,
2,GPU_Stress,SPEA-II_PC85,206,0.383247,0.034323,0.282503,0.001742,33,0,12393,6.286000,0.076482944,
2,GPU_Stress,SPEA-II_PC85,207,0.450034,0.048867,0.225992,0.007257,44,0,12872,6.602000,0.075008652,
2,GPU_Stress,SPEA-II_PC85,208,0.476459,0.062678,0.220427,0.003492,45,0,12657,6.826000,0.074332835,
2,GPU_Stress,SPEA-II_PC85,209,0.422577,0.028489,0.270353,0.001857,38,0,12161,6.348000,0.075695387,
2,GPU_Stress,SPEA-II_PC85,MEAN,0.438104,0.045422,0.248326,0.003085,,0,11442,6.268000,0.074141669,10
2,GPU_Stress,AMOSA_PC85,200,0.246445,0.105224,0.353697,0.004925,17,0,9404,7.834000,0.078797230,
2,GPU_Stress,AMOSA_PC85,201,0.246756,0.104191,0.350558,0.004397,21,0,9362,7.880000,0.078779055,
2,GPU_Stress,AMOSA_PC85,202,0.248461,0.104253,0.355371,0.006276,13,0,12622,8.192000,0.078715223,
2,GPU_Stress,AMOSA_PC85,203,0.281830,0.093053,0.325783,0.006296,18,0,12801,7.766000,0.078104217,
2,GPU_Stress,AMOSA_PC85,204,0.241002,0.103680,0.357766,0.003929,16,0,15632,7.742000,0.078936534,
2,GPU_Stress,AMOSA_PC85,205,0.274092,0.106327,0.327074,0.009044,27,0,15888,7.524000,0.078254993,
2,GPU_Stress,AMOSA_PC85,206,0.248703,0.110857,0.347015,0.003573,20,0,15483,8.302000,0.078679149,
2,GPU_Stress,AMOSA_PC85,207,0.276269,0.101384,0.339459,0.001958,15,0,14613,8.174000,0.078153168,
2,GPU_Stress,AMOSA_PC85,208,0.264697,0.098273,0.338139,0.001894,21,0,14145,7.794000,0.078438760,
2,GPU_Stress,AMOSA_PC85,209,0.240836,0.107712,0.353604,0.006806,22,0,14195,7.792000,0.078913592,
2,GPU_Stress,AMOSA_PC85,MEAN,0.256909,0.103495,0.344847,0.004910,,0,13414,7.524000,0.078104217,10
2,GPU_Stress,GA_WaitingTime_Dominance_PC80,200,0.030998,0.109725,0.524814,0.014586,11,0,10412,5.250000,0.083305516,
2,GPU_Stress,GA_WaitingTime_Dominance_PC80,201,0.096964,0.017660,0.484711,0.002014,13,0,10618,5.230000,0.082046203,
2,GPU_Stress,GA_WaitingTime_Dominance_PC80,202,0.056230,0.130993,0.489652,0.010248,8,0,10514,5.330000,0.082831560,
2,GPU_Stress,GA_WaitingTime_Dominance_PC80,203,0.064158,0.016398,0.513180,0.001146,9,0,11507,5.056000,0.082658139,
2,GPU_Stress,GA_WaitingTime_Dominance_PC80,204,0.102913,0.019059,0.478602,0.003552,8,0,12558,5.304000,0.081930861,
2,GPU_Stress,GA_WaitingTime_Dominance_PC80,205,0.087719,0.070650,0.469139,0.055316,14,0,9987,5.222000,0.082382724,
2,GPU_Stress,GA_WaitingTime_Dominance_PC80,206,0.042000,0.030173,0.530609,0.005506,6,0,12364,5.390000,0.083062715,
2,GPU_Stress,GA_WaitingTime_Dominance_PC80,207,0.062316,0.068920,0.507802,0.020864,18,0,9698,5.230000,0.083147017,
2,GPU_Stress,GA_WaitingTime_Dominance_PC80,208,0.059774,0.048697,0.505228,0.008278,12,0,9633,5.296000,0.082810519,
2,GPU_Stress,GA_WaitingTime_Dominance_PC80,209,0.099539,0.012588,0.483113,0.004865,5,0,12185,5.168000,0.082002918,
2,GPU_Stress,GA_WaitingTime_Dominance_PC80,MEAN,0.070261,0.052486,0.498685,0.012638,,0,10947,5.056000,0.081930861,10
2,GPU_Stress,GA_Energy_Dominance_PC80,200,0.402379,0.257701,0.290217,0.007309,42,0,12516,14.090000,0.072069260,
2,GPU_Stress,GA_Energy_Dominance_PC80,201,0.436158,0.217437,0.294762,0.008326,63,0,12970,14.466000,0.069559015,
2,GPU_Stress,GA_Energy_Dominance_PC80,202,0.523981,0.122649,0.193705,0.003921,60,0,13063,9.950000,0.071257278,
2,GPU_Stress,GA_Energy_Dominance_PC80,203,0.286342,0.396073,0.445711,0.013409,49,0,12450,17.068000,0.070747966,
2,GPU_Stress,GA_Energy_Dominance_PC80,204,0.527872,0.154476,0.202197,0.002688,82,0,12964,10.738000,0.070026701,
2,GPU_Stress,GA_Energy_Dominance_PC80,205,0.387111,0.288218,0.325301,0.005856,70,0,10939,14.592000,0.070687554,
2,GPU_Stress,GA_Energy_Dominance_PC80,206,0.435370,0.243133,0.277663,0.008743,67,0,9725,12.936000,0.070259365,
2,GPU_Stress,GA_Energy_Dominance_PC80,207,0.385853,0.271413,0.330526,0.038652,35,0,9478,15.128000,0.070565185,
2,GPU_Stress,GA_Energy_Dominance_PC80,208,0.573794,0.136948,0.167702,0.008586,50,0,7992,9.166000,0.069271318,
2,GPU_Stress,GA_Energy_Dominance_PC80,209,0.568924,0.133917,0.177852,0.011127,70,0,7399,10.042000,0.069141268,
2,GPU_Stress,GA_Energy_Dominance_PC80,MEAN,0.452778,0.222196,0.270564,0.010862,,0,10949,9.166000,0.069141268,10
2,GPU_Stress,SA_WaitingTime_Dominance_PC80,200,0.150454,0.041517,0.428459,0.004792,14,0,4906,4.962000,0.081157739,
2,GPU_Stress,SA_WaitingTime_Dominance_PC80,201,0.101592,0.078636,0.462120,0.003349,21,0,4889,4.832000,0.081844413,
2,GPU_Stress,SA_WaitingTime_Dominance_PC80,202,0.075820,0.021856,0.480978,0.040305,22,0,5113,4.724000,0.082782647,
2,GPU_Stress,SA_WaitingTime_Dominance_PC80,203,0.071752,0.020360,0.512889,0.006033,10,0,5005,4.898000,0.082969395,
2,GPU_Stress,SA_WaitingTime_Dominance_PC80,204,0.084101,0.020414,0.490686,0.003220,11,0,6567,4.836000,0.082292732,
2,GPU_Stress,SA_WaitingTime_Dominance_PC80,205,0.089282,0.008642,0.496733,0.002312,13,0,6725,4.712000,0.082367718,
2,GPU_Stress,SA_WaitingTime_Dominance_PC80,206,0.058930,0.074009,0.490262,0.010189,17,0,4911,4.732000,0.082730262,
2,GPU_Stress,SA_WaitingTime_Dominance_PC80,207,0.079102,0.054990,0.478339,0.013107,15,0,5244,4.662000,0.082243279,
2,GPU_Stress,SA_WaitingTime_Dominance_PC80,208,0.050582,0.008677,0.527421,0.001724,14,0,5155,4.764000,0.082915591,
2,GPU_Stress,SA_WaitingTime_Dominance_PC80,209,0.100241,0.002068,0.484423,0.001498,16,10,4951,4.702000,0.082017572,
2,GPU_Stress,SA_WaitingTime_Dominance_PC80,MEAN,0.086186,0.033117,0.485231,0.008653,,10,5346,4.662000,0.081157739,10
2,GPU_Stress,SA_Energy_Dominance_PC80,200,0.479085,0.258850,0.240136,0.007406,43,0,4618,9.932000,0.069573653,
2,GPU_Stress,SA_Energy_Dominance_PC80,201,0.471314,0.295087,0.239414,0.006523,51,0,4727,9.378000,0.068689748,
2,GPU_Stress,SA_Energy_Dominance_PC80,202,0.480032,0.265673,0.245821,0.005356,49,0,4655,9.720000,0.070005784,
2,GPU_Stress,SA_Energy_Dominance_PC80,203,0.469859,0.255394,0.247827,0.020438,26,0,4821,9.628000,0.070194018,
2,GPU_Stress,SA_Energy_Dominance_PC80,204,0.496839,0.262296,0.231837,0.005299,35,0,4877,9.300000,0.069718691,
2,GPU_Stress,SA_Energy_Dominance_PC80,205,0.458983,0.279126,0.254089,0.005256,35,0,4768,9.836000,0.069909460,
2,GPU_Stress,SA_Energy_Dominance_PC80,206,0.447473,0.286400,0.260042,0.003611,47,0,4746,10.668000,0.070678609,
2,GPU_Stress,SA_Energy_Dominance_PC80,207,0.433712,0.296323,0.277348,0.005264,53,0,4852,9.872000,0.069386887,
2,GPU_Stress,SA_Energy_Dominance_PC80,208,0.480666,0.260808,0.240765,0.007189,46,0,4567,9.442000,0.069667968,
2,GPU_Stress,SA_Energy_Dominance_PC80,209,0.489289,0.259663,0.236706,0.012649,55,0,4616,10.246000,0.070280280,
2,GPU_Stress,SA_Energy_Dominance_PC80,MEAN,0.470725,0.271962,0.247398,0.007899,,0,4724,9.300000,0.068689748,10
2,GPU_Stress,NSGA-II_PC80,200,0.531664,0.068749,0.165003,0.006651,48,0,9119,7.294000,0.072775684,
2,GPU_Stress,NSGA-II_PC80,201,0.451730,0.036600,0.247223,0.002847,36,0,8593,6.970000,0.074933140,
2,GPU_Stress,NSGA-II_PC80,202,0.322266,0.142879,0.289529,0.005168,34,0,8875,7.972000,0.077016813,
2,GPU_Stress,NSGA-II_PC80,203,0.321181,0.117218,0.291705,0.002985,42,0,9660,7.608000,0.077207844,
2,GPU_Stress,NSGA-II_PC80,204,0.430746,0.100989,0.229391,0.003558,45,0,11013,7.422000,0.074965456,
2,GPU_Stress,NSGA-II_PC80,205,0.542223,0.064480,0.158275,0.006420,37,0,15232,7.564000,0.072478537,
2,GPU_Stress,NSGA-II_PC80,206,0.469825,0.058148,0.219630,0.006643,36,0,14275,7.250000,0.074414221,
2,GPU_Stress,NSGA-II_PC80,207,0.427153,0.059009,0.235099,0.031439,18,0,14008,6.996000,0.075375197,
2,GPU_Stress,NSGA-II_PC80,208,0.442629,0.102271,0.214479,0.008160,43,0,13064,7.562000,0.074649301,
2,GPU_Stress,NSGA-II_PC80,209,0.543789,0.057347,0.168165,0.005793,41,0,12024,7.520000,0.072579253,
2,GPU_Stress,NSGA-II_PC80,MEAN,0.448321,0.080769,0.221850,0.007966,,0,11586,6.970000,0.072478537,10
2,GPU_Stress,SPEA-II_PC80,200,0.473956,0.042503,0.234597,0.003975,38,0,13251,6.750000,0.074502420,
2,GPU_Stress,SPEA-II_PC80,201,0.342132,0.104524,0.283640,0.003812,30,0,12898,7.688000,0.076832121,
2,GPU_Stress,SPEA-II_PC80,202,0.417040,0.071373,0.237790,0.003908,30,0,13567,6.928000,0.075503080,
2,GPU_Stress,SPEA-II_PC80,203,0.333367,0.104928,0.284324,0.004823,32,0,12641,7.598000,0.077016730,
2,GPU_Stress,SPEA-II_PC80,204,0.480079,0.078413,0.191459,0.005754,40,0,13278,7.260000,0.074009849,
2,GPU_Stress,SPEA-II_PC80,205,0.433616,0.048996,0.251220,0.003751,37,0,13235,6.818000,0.075313625,
2,GPU_Stress,SPEA-II_PC80,206,0.389414,0.104608,0.256631,0.003204,39,0,12755,7.322000,0.075878933,
2,GPU_Stress,SPEA-II_PC80,207,0.336664,0.113461,0.291571,0.003247,31,0,12790,7.520000,0.076934858,
2,GPU_Stress,SPEA-II_PC80,208,0.469659,0.029158,0.238891,0.004784,34,0,12628,6.704000,0.074649195,
2,GPU_Stress,SPEA-II_PC80,209,0.332733,0.105044,0.287874,0.003350,33,0,12377,7.550000,0.077061933,
2,GPU_Stress,SPEA-II_PC80,MEAN,0.400866,0.080301,0.255800,0.004061,,0,12942,6.704000,0.074009849,10
2,GPU_Stress,AMOSA_PC80,200,0.276741,0.147177,0.325498,0.004824,28,0,13182,8.278000,0.077935286,
2,GPU_Stress,AMOSA_PC80,201,0.291816,0.128648,0.317344,0.004036,36,0,13113,8.156000,0.077739794,
2,GPU_Stress,AMOSA_PC80,202,0.265653,0.122310,0.330695,0.003102,21,0,13212,8.308000,0.078287870,
2,GPU_Stress,AMOSA_PC80,203,0.288753,0.112611,0.315530,0.005702,29,0,13226,7.704000,0.077893214,
2,GPU_Stress,AMOSA_PC80,204,0.254573,0.144266,0.341882,0.017693,26,0,13125,8.488000,0.078422641,
2,GPU_Stress,AMOSA_PC80,205,0.256821,0.137432,0.342725,0.004356,26,0,13280,8.308000,0.078455389,
2,GPU_Stress,AMOSA_PC80,206,0.268005,0.142150,0.331585,0.003796,33,0,13938,8.354000,0.078145737,
2,GPU_Stress,AMOSA_PC80,207,0.271838,0.139372,0.329649,0.006916,24,0,13115,8.146000,0.078090551,
2,GPU_Stress,AMOSA_PC80,208,0.239630,0.125408,0.353097,0.013706,24,0,13214,8.168000,0.078834071,
2,GPU_Stress,AMOSA_PC80,209,0.275222,0.110917,0.329381,0.007102,18,0,13278,8.054000,0.078158680,
2,GPU_Stress,AMOSA_PC80,MEAN,0.268905,0.131029,0.331739,0.007123,,0,13268,7.704000,0.077739794,10
2,GPU_Stress,GA_WaitingTime_Dominance_PC75,200,0.047557,0.058948,0.509267,0.044837,20,0,9738,5.720000,0.083437395,
2,GPU_Stress,GA_WaitingTime_Dominance_PC75,201,0.068253,0.064434,0.498939,0.004736,18,0,9973,5.522000,0.082535394,
2,GPU_Stress,GA_WaitingTime_Dominance_PC75,202,0.071689,0.114977,0.474874,0.029018,18,0,9512,5.472000,0.082367856,
2,GPU_Stress,GA_WaitingTime_Dominance_PC75,203,0.093476,0.168386,0.457666,0.021449,16,0,9705,5.538000,0.081566182,
2,GPU_Stress,GA_WaitingTime_Dominance_PC75,204,0.085848,0.034499,0.489922,0.001454,13,0,9638,5.584000,0.082229638,
2,GPU_Stress,GA_WaitingTime_Dominance_PC75,205,0.110541,0.056320,0.466671,0.003203,24,0,9617,5.580000,0.081904109,
2,GPU_Stress,GA_WaitingTime_Dominance_PC75,206,0.054230,0.040651,0.515872,0.002264,12,0,9555,5.608000,0.082817217,
2,GPU_Stress,GA_WaitingTime_Dominance_PC75,207,0.065489,0.033843,0.507927,0.002025,14,0,9514,5.536000,0.082612791,
2,GPU_Stress,GA_WaitingTime_Dominance_PC75,208,0.051558,0.066762,0.488393,0.083961,12,0,9495,5.558000,0.082831953,
2,GPU_Stress,GA_WaitingTime_Dominance_PC75,209,0.056503,0.084517,0.491872,0.027841,9,0,9546,5.538000,0.082967608,
2,GPU_Stress,GA_WaitingTime_Dominance_PC75,MEAN,0.070514,0.072334,0.490140,0.022079,,0,9629,5.472000,0.081566182,10
2,GPU_Stress,GA_Energy_Dominance_PC75,200,0.258075,0.390556,0.468090,0.019908,45,0,9775,19.516000,0.071230971,
2,GPU_Stress,GA_Energy_Dominance_PC75,201,0.358581,0.321104,0.369663,0.008561,53,0,9655,16.338000,0.070319135,
2,GPU_Stress,GA_Energy_Dominance_PC75,202,0.526126,0.143005,0.195135,0.005346,59,0,9369,10.308000,0.070923592,
2,GPU_Stress,GA_Energy_Dominance_PC75,203,0.425825,0.250010,0.311217,0.038475,51,0,9780,15.060000,0.070515431,
2,GPU_Stress,GA_Energy_Dominance_PC75,204,0.555394,0.092175,0.171440,0.006977,95,0,9470,10.008000,0.070829785,
2,GPU_Stress,GA_Energy_Dominance_PC75,205,0.381335,0.304139,0.335491,0.008001,77,0,9553,15.002000,0.070237850,
2,GPU_Stress,GA_Energy_Dominance_PC75,206,0.376075,0.267052,0.327395,0.013313,49,0,9746,14.070000,0.070838720,
2,GPU_Stress,GA_Energy_Dominance_PC75,207,0.370207,0.290493,0.346919,0.008659,48,0,9535,16.144000,0.070204128,
2,GPU_Stress,GA_Energy_Dominance_PC75,208,0.517276,0.121367,0.203552,0.007373,45,0,9141,10.712000,0.071537845,
2,GPU_Stress,GA_Energy_Dominance_PC75,209,0.519799,0.124858,0.192370,0.006559,53,0,9405,9.500000,0.071227769,
2,GPU_Stress,GA_Energy_Dominance_PC75,MEAN,0.428869,0.230476,0.292127,0.012317,,0,9542,9.500000,0.070204128,10
2,GPU_Stress,SA_WaitingTime_Dominance_PC75,200,0.106166,0.146894,0.450224,0.004957,21,0,7036,4.798000,0.081683534,
2,GPU_Stress,SA_WaitingTime_Dominance_PC75,201,0.079025,0.048431,0.483854,0.008513,15,0,6652,5.012000,0.082353027,
2,GPU_Stress,SA_WaitingTime_Dominance_PC75,202,0.047085,0.019620,0.523302,0.009697,5,0,6578,4.760000,0.082973444,
2,GPU_Stress,SA_WaitingTime_Dominance_PC75,203,0.067286,0.077659,0.479874,0.006268,14,0,6585,5.090000,0.082505369,
2,GPU_Stress,SA_WaitingTime_Dominance_PC75,204,0.058169,0.017872,0.517025,0.002864,16,0,6556,4.802000,0.082767659,
2,GPU_Stress,SA_WaitingTime_Dominance_PC75,205,0.067820,0.017341,0.508249,0.002669,14,0,6602,4.996000,0.082588531,
2,GPU_Stress,SA_WaitingTime_Dominance_PC75,206,0.115521,0.003174,0.471185,0.003802,17,6,6585,4.814000,0.081731794,
2,GPU_Stress,SA_WaitingTime_Dominance_PC75,207,0.090875,0.022684,0.484498,0.002602,22,0,6603,4.854000,0.082165228,
2,GPU_Stress,SA_WaitingTime_Dominance_PC75,208,0.108437,0.009450,0.476247,0.002351,16,0,6631,4.910000,0.081852958,
2,GPU_Stress,SA_WaitingTime_Dominance_PC75,209,0.050255,0.023321,0.527624,0.002370,20,0,6672,4.978000,0.083155277,
2,GPU_Stress,SA_WaitingTime_Dominance_PC75,MEAN,0.079064,0.038644,0.492208,0.004609,,6,6650,4.760000,0.081683534,10
2,GPU_Stress,SA_Energy_Dominance_PC75,200,0.433715,0.258491,0.265050,0.016201,31,0,6251,10.126000,0.070088910,
2,GPU_Stress,SA_Energy_Dominance_PC75,201,0.471225,0.256993,0.243016,0.010577,30,0,5899,9.706000,0.070216020,
2,GPU_Stress,SA_Energy_Dominance_PC75,202,0.446037,0.299648,0.278936,0.003703,48,0,4649,11.054000,0.070136077,
2,GPU_Stress,SA_Energy_Dominance_PC75,203,0.405186,0.270631,0.294760,0.026899,23,0,4495,11.774000,0.070963404,
2,GPU_Stress,SA_Energy_Dominance_PC75,204,0.483275,0.265033,0.277394,0.008659,49,4,4664,10.792000,0.067561309,
2,GPU_Stress,SA_Energy_Dominance_PC75,205,0.425199,0.273042,0.273324,0.009086,27,0,4600,10.884000,0.070329367,
2,GPU_Stress,SA_Energy_Dominance_PC75,206,0.334557,0.379685,0.339104,0.009301,26,0,5440,13.140000,0.071197970,
2,GPU_Stress,SA_Energy_Dominance_PC75,207,0.466406,0.293280,0.282533,0.009413,39,0,6314,11.676000,0.069757369,
2,GPU_Stress,SA_Energy_Dominance_PC75,208,0.488482,0.239809,0.247631,0.004944,60,0,6433,10.040000,0.068406399,
2,GPU_Stress,SA_Energy_Dominance_PC75,209,0.419435,0.316437,0.305099,0.009150,36,0,6378,12.418000,0.069213675,
2,GPU_Stress,SA_Energy_Dominance_PC75,MEAN,0.437352,0.285305,0.280685,0.010793,,4,5512,9.706000,0.067561309,10
2,GPU_Stress,NSGA-II_PC75,200,0.510320,0.071721,0.182744,0.007191,36,0,12620,7.656000,0.073267696,
2,GPU_Stress,NSGA-II_PC75,201,0.224855,0.131885,0.364730,0.006540,22,0,11669,8.228000,0.079121168,
2,GPU_Stress,NSGA-II_PC75,202,0.419615,0.116586,0.231634,0.005610,33,0,12289,7.776000,0.075127421,
2,GPU_Stress,NSGA-II_PC75,203,0.306105,0.123528,0.298433,0.004759,32,0,12095,7.992000,0.077469122,
2,GPU_Stress,NSGA-II_PC75,204,0.433723,0.087417,0.232809,0.004025,41,0,12594,7.608000,0.074953049,
2,GPU_Stress,NSGA-II_PC75,205,0.512778,0.084155,0.191931,0.005493,39,0,12547,7.870000,0.073008984,
2,GPU_Stress,NSGA-II_PC75,206,0.320443,0.118412,0.299045,0.005497,25,0,11734,7.770000,0.077287017,
2,GPU_Stress,NSGA-II_PC75,207,0.384611,0.085843,0.262528,0.008970,29,0,12720,7.478000,0.076072361,
2,GPU_Stress,NSGA-II_PC75,208,0.343699,0.095151,0.286698,0.005096,29,0,12280,7.476000,0.076877069,
2,GPU_Stress,NSGA-II_PC75,209,0.464523,0.070206,0.212955,0.006137,34,0,12109,7.068000,0.074509824,
2,GPU_Stress,NSGA-II_PC75,MEAN,0.392067,0.098490,0.256351,0.005932,,0,12265,7.068000,0.073008984,10
2,GPU_Stress,SPEA-II_PC75,200,0.373074,0.129006,0.267134,0.005393,31,0,12782,8.312000,0.075984991,
2,GPU_Stress,SPEA-II_PC75,201,0.348354,0.100112,0.283454,0.005728,25,0,12587,7.762000,0.076713439,
2,GPU_Stress,SPEA-II_PC75,202,0.342356,0.091136,0.292194,0.003433,33,0,13771,7.256000,0.076975661,
2,GPU_Stress,SPEA-II_PC75,203,0.287421,0.122809,0.319484,0.005962,29,0,12232,7.806000,0.077862914,
2,GPU_Stress,SPEA-II_PC75,204,0.474577,0.041434,0.229411,0.003863,31,0,12562,6.948000,0.074444655,
2,GPU_Stress,SPEA-II_PC75,205,0.451429,0.043663,0.245200,0.002900,34,0,12440,7.130000,0.074879516,
2,GPU_Stress,SPEA-II_PC75,206,0.385359,0.133878,0.253120,0.006008,36,0,12341,8.056000,0.075718348,
2,GPU_Stress,SPEA-II_PC75,207,0.349540,0.128591,0.278746,0.003183,44,0,12847,8.132000,0.076497677,
2,GPU_Stress,SPEA-II_PC75,208,0.457675,0.061679,0.227979,0.004923,43,0,12626,7.018000,0.074705066,
2,GPU_Stress,SPEA-II_PC75,209,0.273224,0.108231,0.332915,0.004836,19,0,12125,8.134000,0.078211234,
2,GPU_Stress,SPEA-II_PC75,MEAN,0.374301,0.096054,0.272964,0.004623,,0,12631,6.948000,0.074444655,10
2,GPU_Stress,AMOSA_PC75,200,0.207911,0.242589,0.387666,0.017297,28,0,13367,10.100000,0.078974532,
2,GPU_Stress,AMOSA_PC75,201,0.191343,0.175134,0.393871,0.003707,24,0,13282,9.368000,0.079655023,
2,GPU_Stress,AMOSA_PC75,202,0.213264,0.181095,0.375820,0.006339,16,0,13304,9.338000,0.079140093,
2,GPU_Stress,AMOSA_PC75,203,0.271207,0.144202,0.334798,0.005845,20,0,13323,8.726000,0.078049546,
2,GPU_Stress,AMOSA_PC75,204,0.212814,0.249956,0.381247,0.006850,25,0,13191,9.620000,0.078807949,
2,GPU_Stress,AMOSA_PC75,205,0.203933,0.236243,0.386583,0.012768,23,0,11782,9.686000,0.079059576,
2,GPU_Stress,AMOSA_PC75,206,0.183185,0.227798,0.403087,0.010454,18,0,9637,9.266000,0.079678077,
2,GPU_Stress,AMOSA_PC75,207,0.185740,0.262937,0.407471,0.025336,19,0,9624,10.138000,0.079161941,
2,GPU_Stress,AMOSA_PC75,208,0.223278,0.243693,0.374133,0.007292,20,0,11656,10.138000,0.078533138,
2,GPU_Stress,AMOSA_PC75,209,0.201870,0.213072,0.389999,0.009266,26,0,10956,9.194000,0.079210880,
2,GPU_Stress,AMOSA_PC75,MEAN,0.209454,0.217672,0.383468,0.010515,,0,12012,8.726000,0.078049546,10
3,CPU_Stress,GA_WaitingTime_Dominance,200,0.169225,0.023970,0.491519,0.007847,22,0,2024,1.444000,0.044579944,
3,CPU_Stress,GA_WaitingTime_Dominance,201,0.134802,0.026758,0.505048,0.017927,13,0,2019,1.426000,0.044908862,
3,CPU_Stress,GA_WaitingTime_Dominance,202,0.169653,0.045072,0.477594,0.011100,9,2,2012,1.434000,0.044263780,
3,CPU_Stress,GA_WaitingTime_Dominance,203,0.146528,0.009675,0.511530,0.027882,6,3,2020,1.440000,0.044718838,
3,CPU_Stress,GA_WaitingTime_Dominance,204,0.133093,0.019732,0.511236,0.024728,18,0,2035,1.438000,0.044922641,
3,CPU_Stress,GA_WaitingTime_Dominance,205,0.140104,0.013625,0.511342,0.028455,11,0,1997,1.418000,0.044820301,
3,CPU_Stress,GA_WaitingTime_Dominance,206,0.156245,0.030580,0.493599,0.009079,21,0,2008,1.426000,0.044475040,
3,CPU_Stress,GA_WaitingTime_Dominance,207,0.159480,0.042559,0.486020,0.013819,9,0,2002,1.448000,0.044402017,
3,CPU_Stress,GA_WaitingTime_Dominance,208,0.142010,0.026696,0.501240,0.007591,25,0,2018,1.434000,0.044744432,
3,CPU_Stress,GA_WaitingTime_Dominance,209,0.144959,0.033046,0.504308,0.016122,9,0,2044,1.466000,0.044688685,
3,CPU_Stress,GA_WaitingTime_Dominance,MEAN,0.149610,0.027171,0.499344,0.016455,,5,2017,1.418000,0.044263780,10
3,CPU_Stress,GA_Energy_Dominance,200,0.682747,0.061446,0.082788,0.005947,100,1,2864,3.040000,0.030357896,
3,CPU_Stress,GA_Energy_Dominance,201,0.670538,0.068765,0.095829,0.005638,88,5,2724,3.082000,0.030689968,
3,CPU_Stress,GA_Energy_Dominance,202,0.683621,0.050430,0.083744,0.008931,88,9,2730,2.980000,0.031613113,
3,CPU_Stress,GA_Energy_Dominance,203,0.670980,0.061172,0.091670,0.010644,89,0,3077,3.128000,0.030262372,
3,CPU_Stress,GA_Energy_Dominance,204,0.689659,0.042726,0.083145,0.007364,93,14,2888,2.984000,0.029984423,
3,CPU_Stress,GA_Energy_Dominance,205,0.658461,0.074376,0.096799,0.010654,85,0,4158,3.178000,0.030471607,
3,CPU_Stress,GA_Energy_Dominance,206,0.631757,0.104521,0.116758,0.010265,91,0,4006,3.102000,0.030978648,
3,CPU_Stress,GA_Energy_Dominance,207,0.700884,0.042468,0.075201,0.005593,97,9,4067,3.204000,0.029842658,
3,CPU_Stress,GA_Energy_Dominance,208,0.685046,0.048574,0.085233,0.004696,92,0,4156,3.204000,0.031050099,
3,CPU_Stress,GA_Energy_Dominance,209,0.680814,0.053196,0.088757,0.007527,76,21,3878,3.150000,0.031020090,
3,CPU_Stress,GA_Energy_Dominance,MEAN,0.675451,0.060767,0.089992,0.007726,,59,3454,2.980000,0.029842658,10
3,CPU_Stress,SA_WaitingTime_Dominance,200,0.096505,0.009663,0.561313,0.002117,26,0,1780,1.306000,0.045616334,
3,CPU_Stress,SA_WaitingTime_Dominance,201,0.131253,0.017613,0.525659,0.003730,24,0,1803,1.306000,0.044982966,
3,CPU_Stress,SA_WaitingTime_Dominance,202,0.096711,0.009302,0.561438,0.006152,15,0,1826,1.312000,0.045604117,
3,CPU_Stress,SA_WaitingTime_Dominance,203,0.144717,0.010587,0.519193,0.001228,15,9,1997,1.310000,0.044761734,
3,CPU_Stress,SA_WaitingTime_Dominance,204,0.101700,0.012392,0.554068,0.002058,28,0,2098,1.298000,0.045517536,
3,CPU_Stress,SA_WaitingTime_Dominance,205,0.113545,0.014509,0.542166,0.008225,16,4,1796,1.282000,0.045307326,
3,CPU_Stress,SA_WaitingTime_Dominance,206,0.102921,0.008481,0.554574,0.003540,32,0,1806,1.284000,0.045648560,
3,CPU_Stress,SA_WaitingTime_Dominance,207,0.111679,0.017359,0.545487,0.002518,25,4,1972,1.296000,0.045338263,
3,CPU_Stress,SA_WaitingTime_Dominance,208,0.094728,0.008829,0.563026,0.002439,21,0,1802,1.314000,0.045640661,
3,CPU_Stress,SA_WaitingTime_Dominance,209,0.104324,0.013413,0.550177,0.002088,25,2,1757,1.292000,0.045474168,
3,CPU_Stress,SA_WaitingTime_Dominance,MEAN,0.109808,0.012215,0.547710,0.003410,,19,1863,1.282000,0.044761734,10
3,CPU_Stress,SA_Energy_Dominance,200,0.506998,0.119499,0.234043,0.002988,112,0,1976,3.332000,0.036804011,
3,CPU_Stress,SA_Energy_Dominance,201,0.557386,0.128254,0.185880,0.003217,119,0,1999,3.278000,0.035136706,
3,CPU_Stress,SA_Energy_Dominance,202,0.495746,0.098496,0.255687,0.001687,107,0,2042,3.240000,0.037514478,
3,CPU_Stress,SA_Energy_Dominance,203,0.536902,0.128061,0.211649,0.004747,115,0,2052,3.306000,0.035871423,
3,CPU_Stress,SA_Energy_Dominance,204,0.560192,0.141537,0.179529,0.003210,127,0,2079,3.286000,0.034637946,
3,CPU_Stress,SA_Energy_Dominance,205,0.545206,0.101491,0.233302,0.001420,125,0,2067,3.158000,0.036406715,
3,CPU_Stress,SA_Energy_Dominance,206,0.543257,0.128454,0.223783,0.002634,108,0,2028,3.220000,0.035840442,
3,CPU_Stress,SA_Energy_Dominance,207,0.562847,0.137271,0.198591,0.004441,83,0,2005,3.320000,0.035101960,
3,CPU_Stress,SA_Energy_Dominance,208,0.531198,0.167996,0.187405,0.005201,129,0,2337,3.330000,0.034110616,
3,CPU_Stress,SA_Energy_Dominance,209,0.533200,0.104657,0.234605,0.002909,126,0,2009,3.284000,0.036602302,
3,CPU_Stress,SA_Energy_Dominance,MEAN,0.537293,0.125572,0.214447,0.003245,,0,2059,3.158000,0.034110616,10
3,CPU_Stress,NSGA-II,200,0.559118,0.006226,0.243454,0.006689,45,4,5832,1.752000,0.037223072,
3,CPU_Stress,NSGA-II,201,0.569114,0.013809,0.234171,0.010844,51,2,6457,1.744000,0.036999214,
3,CPU_Stress,NSGA-II,202,0.573357,0.016583,0.219523,0.004214,59,0,6209,1.744000,0.036868528,
3,CPU_Stress,NSGA-II,203,0.556041,0.018818,0.232368,0.004251,56,0,5893,1.764000,0.037215604,
3,CPU_Stress,NSGA-II,204,0.558024,0.018777,0.225492,0.004638,58,0,6214,1.774000,0.037180098,
3,CPU_Stress,NSGA-II,205,0.511008,0.013758,0.267194,0.003151,55,0,5815,1.738000,0.038105332,
3,CPU_Stress,NSGA-II,206,0.539330,0.011152,0.246190,0.003861,48,0,6036,1.752000,0.037578684,
3,CPU_Stress,NSGA-II,207,0.540927,0.019696,0.246280,0.003641,55,0,5979,1.738000,0.037493415,
3,CPU_Stress,NSGA-II,208,0.554003,0.011911,0.240886,0.005984,54,0,6223,1.734000,0.037292909,
3,CPU_Stress,NSGA-II,209,0.528565,0.014613,0.247043,0.005702,50,0,5778,1.754000,0.037769281,
3,CPU_Stress,NSGA-II,MEAN,0.548949,0.014534,0.240260,0.005297,,6,6043,1.734000,0.036868528,10
3,CPU_Stress,SPEA-II,200,0.537801,0.013683,0.245821,0.005340,57,0,6306,1.738000,0.037583574,
3,CPU_Stress,SPEA-II,201,0.484480,0.016778,0.281996,0.009343,49,1,6365,1.742000,0.038582077,
3,CPU_Stress,SPEA-II,202,0.528203,0.015044,0.253505,0.003844,55,0,6411,1.716000,0.037768967,
3,CPU_Stress,SPEA-II,203,0.516092,0.018491,0.261444,0.009030,46,2,6663,1.728000,0.037980971,
3,CPU_Stress,SPEA-II,204,0.508563,0.013896,0.268833,0.004714,49,5,6114,1.706000,0.038160162,
3,CPU_Stress,SPEA-II,205,0.505698,0.014002,0.271379,0.003386,42,1,6211,1.708000,0.038188076,
3,CPU_Stress,SPEA-II,206,0.491651,0.011282,0.279688,0.003239,47,0,6259,1.714000,0.038462546,
3,CPU_Stress,SPEA-II,207,0.468818,0.008012,0.299774,0.006741,36,7,6237,1.690000,0.038911461,
3,CPU_Stress,SPEA-II,208,0.513689,0.018406,0.263001,0.005141,53,7,6283,1.672000,0.038052355,
3,CPU_Stress,SPEA-II,209,0.540569,0.021284,0.241721,0.004058,52,1,6428,1.716000,0.037502862,
3,CPU_Stress,SPEA-II,MEAN,0.509556,0.015088,0.266716,0.005483,,24,6327,1.672000,0.037502862,10
3,CPU_Stress,AMOSA,200,0.212459,0.056631,0.445629,0.005615,25,0,5410,1.784000,0.043403528,
3,CPU_Stress,AMOSA,201,0.212316,0.052589,0.446261,0.006340,26,0,5140,1.784000,0.043403528,
3,CPU_Stress,AMOSA,202,0.213379,0.057298,0.446349,0.002460,25,0,5142,1.784000,0.043372140,
3,CPU_Stress,AMOSA,203,0.212731,0.060905,0.445565,0.005909,23,0,5213,1.784000,0.043403528,
3,CPU_Stress,AMOSA,204,0.212427,0.058227,0.444599,0.005163,26,0,5253,1.782000,0.043403528,
3,CPU_Stress,AMOSA,205,0.211040,0.060428,0.447124,0.003998,28,0,5224,1.784000,0.043403528,
3,CPU_Stress,AMOSA,206,0.221586,0.039052,0.445318,0.011268,20,0,5181,1.780000,0.043254927,
3,CPU_Stress,AMOSA,207,0.218968,0.058880,0.442713,0.007179,24,0,5206,1.782000,0.043294098,
3,CPU_Stress,AMOSA,208,0.212748,0.057774,0.443505,0.010862,26,0,5364,1.778000,0.043403528,
3,CPU_Stress,AMOSA,209,0.213167,0.051374,0.443082,0.006051,26,0,5192,1.780000,0.043403528,
3,CPU_Stress,AMOSA,MEAN,0.214082,0.055316,0.445014,0.006484,,0,5232,1.778000,0.043254927,10
3,CPU_Stress,GA_WaitingTime_Dominance_PC90,200,0.140764,0.051029,0.504645,0.007380,20,0,6733,1.490000,0.044686369,
3,CPU_Stress,GA_WaitingTime_Dominance_PC90,201,0.148675,0.037671,0.500856,0.010323,16,0,6805,1.502000,0.044573412,
3,CPU_Stress,GA_WaitingTime_Dominance_PC90,202,0.167368,0.040627,0.479805,0.015464,16,0,6849,1.510000,0.044263780,
3,CPU_Stress,GA_WaitingTime_Dominance_PC90,203,0.188988,0.034722,0.471755,0.011690,14,0,6708,1.506000,0.043861293,
3,CPU_Stress,GA_WaitingTime_Dominance_PC90,204,0.120669,0.034710,0.524276,0.007283,11,0,6772,1.498000,0.045156599,
3,CPU_Stress,GA_WaitingTime_Dominance_PC90,205,0.155974,0.051909,0.490321,0.009587,17,0,6651,1.514000,0.044464060,
3,CPU_Stress,GA_WaitingTime_Dominance_PC90,206,0.157790,0.033343,0.494036,0.008013,13,0,7248,1.492000,0.044475040,
3,CPU_Stress,GA_WaitingTime_Dominance_PC90,207,0.156437,0.051569,0.489274,0.007035,22,0,6800,1.486000,0.044402017,
3,CPU_Stress,GA_WaitingTime_Dominance_PC90,208,0.133429,0.041318,0.514442,0.004144,29,0,6798,1.474000,0.044860263,
3,CPU_Stress,GA_WaitingTime_Dominance_PC90,209,0.143936,0.042699,0.505318,0.011414,12,0,6718,1.508000,0.044688685,
3,CPU_Stress,GA_WaitingTime_Dominance_PC90,MEAN,0.151403,0.041960,0.497473,0.009233,,0,6808,1.474000,0.043861293,10
3,CPU_Stress,GA_Energy_Dominance_PC90,200,0.656337,0.079033,0.096793,0.005384,104,0,7388,3.118000,0.030311170,
3,CPU_Stress,GA_Energy_Dominance_PC90,201,0.666384,0.070568,0.095646,0.006784,100,0,7376,3.042000,0.030543582,
3,CPU_Stress,GA_Energy_Dominance_PC90,202,0.661378,0.062052,0.100846,0.006701,83,1,7277,3.290000,0.032393831,
3,CPU_Stress,GA_Energy_Dominance_PC90,203,0.670578,0.082521,0.103265,0.008235,86,0,7340,3.262000,0.029926511,
3,CPU_Stress,GA_Energy_Dominance_PC90,204,0.648227,0.075414,0.103065,0.007499,83,0,7254,3.144000,0.031572252,
3,CPU_Stress,GA_Energy_Dominance_PC90,205,0.690166,0.051675,0.079710,0.004624,105,13,7558,3.046000,0.031496511,
3,CPU_Stress,GA_Energy_Dominance_PC90,206,0.621111,0.104961,0.120710,0.009686,95,0,7340,2.968000,0.030922731,
3,CPU_Stress,GA_Energy_Dominance_PC90,207,0.666827,0.073885,0.097398,0.006000,107,0,7351,2.906000,0.030574099,
3,CPU_Stress,GA_Energy_Dominance_PC90,208,0.654634,0.079829,0.095354,0.007052,103,0,7413,3.006000,0.030427069,
3,CPU_Stress,GA_Energy_Dominance_PC90,209,0.651021,0.080536,0.101299,0.007040,94,0,7255,3.040000,0.030301413,
3,CPU_Stress,GA_Energy_Dominance_PC90,MEAN,0.658667,0.076047,0.099409,0.006900,,14,7355,2.906000,0.029926511,10
3,CPU_Stress,SA_WaitingTime_Dominance_PC90,200,0.129402,0.020298,0.526757,0.002784,29,0,4754,1.416000,0.045014645,
3,CPU_Stress,SA_WaitingTime_Dominance_PC90,201,0.118445,0.011996,0.540883,0.001986,28,0,4851,1.422000,0.045216676,
3,CPU_Stress,SA_WaitingTime_Dominance_PC90,202,0.115194,0.022627,0.535615,0.003902,14,0,4796,1.438000,0.045275004,
3,CPU_Stress,SA_WaitingTime_Dominance_PC90,203,0.149976,0.006712,0.520959,0.003057,20,8,4629,1.430000,0.044670185,
3,CPU_Stress,SA_WaitingTime_Dominance_PC90,204,0.145651,0.018550,0.513227,0.002693,23,0,4634,1.414000,0.044711818,
3,CPU_Stress,SA_WaitingTime_Dominance_PC90,205,0.102260,0.012184,0.552095,0.006814,22,0,4652,1.404000,0.045556882,
3,CPU_Stress,SA_WaitingTime_Dominance_PC90,206,0.104332,0.012190,0.552877,0.007004,11,0,4662,1.440000,0.045473777,
3,CPU_Stress,SA_WaitingTime_Dominance_PC90,207,0.120900,0.024595,0.530224,0.003700,32,0,4665,1.486000,0.045153682,
3,CPU_Stress,SA_WaitingTime_Dominance_PC90,208,0.122357,0.003887,0.545500,0.002180,6,1,4593,1.392000,0.045163262,
3,CPU_Stress,SA_WaitingTime_Dominance_PC90,209,0.131806,0.017801,0.526943,0.003048,33,0,4625,1.436000,0.044970011,
3,CPU_Stress,SA_WaitingTime_Dominance_PC90,MEAN,0.124032,0.015084,0.534508,0.003717,,9,4686,1.392000,0.044670185,10
3,CPU_Stress,SA_Energy_Dominance_PC90,200,0.531520,0.138448,0.214082,0.003637,106,0,4582,3.332000,0.035892009,
3,CPU_Stress,SA_Energy_Dominance_PC90,201,0.545413,0.132687,0.205653,0.002211,109,0,4573,3.278000,0.035521709,
3,CPU_Stress,SA_Energy_Dominance_PC90,202,0.551063,0.126234,0.204448,0.002013,131,0,4541,3.218000,0.035591920,
3,CPU_Stress,SA_Energy_Dominance_PC90,203,0.582250,0.122281,0.178397,0.003176,120,0,4564,3.288000,0.034658897,
3,CPU_Stress,SA_Energy_Dominance_PC90,204,0.536253,0.140720,0.210110,0.002036,101,0,4567,3.200000,0.035796914,
3,CPU_Stress,SA_Energy_Dominance_PC90,205,0.536007,0.127009,0.217449,0.001803,132,0,4547,3.460000,0.035989730,
3,CPU_Stress,SA_Energy_Dominance_PC90,206,0.531245,0.129120,0.226044,0.003172,108,0,4547,3.220000,0.036133521,
3,CPU_Stress,SA_Energy_Dominance_PC90,207,0.541853,0.139787,0.199866,0.005859,104,0,4552,3.310000,0.035437057,
3,CPU_Stress,SA_Energy_Dominance_PC90,208,0.532522,0.158998,0.204755,0.002920,116,0,4592,3.390000,0.035187844,
3,CPU_Stress,SA_Energy_Dominance_PC90,209,0.532194,0.109469,0.231182,0.001820,134,0,4642,3.284000,0.036546774,
3,CPU_Stress,SA_Energy_Dominance_PC90,MEAN,0.542032,0.132475,0.209198,0.002865,,0,4570,3.200000,0.034658897,10
3,CPU_Stress,NSGA-II_PC90,200,0.586106,0.034248,0.231926,0.007166,49,0,8905,2.360000,0.036416165,
3,CPU_Stress,NSGA-II_PC90,201,0.595280,0.017489,0.217335,0.003523,47,0,9110,2.276000,0.036329058,
3,CPU_Stress,NSGA-II_PC90,202,0.585782,0.025504,0.250269,0.002586,62,0,8958,2.038000,0.036559073,
3,CPU_Stress,NSGA-II_PC90,203,0.622033,0.014394,0.205639,0.007851,48,10,8968,2.284000,0.035769054,
3,CPU_Stress,NSGA-II_PC90,204,0.607933,0.020955,0.236771,0.002267,63,0,8969,2.306000,0.036046481,
3,CPU_Stress,NSGA-II_PC90,205,0.589865,0.016426,0.216102,0.005292,47,0,8934,2.284000,0.036427485,
3,CPU_Stress,NSGA-II_PC90,206,0.586845,0.016015,0.266421,0.002178,52,0,8916,2.130000,0.036567468,
3,CPU_Stress,NSGA-II_PC90,207,0.595810,0.011216,0.224544,0.008151,52,1,8948,2.426000,0.036293022,
3,CPU_Stress,NSGA-II_PC90,208,0.607419,0.008449,0.232176,0.003585,50,12,8937,2.278000,0.036137610,
3,CPU_Stress,NSGA-II_PC90,209,0.578786,0.007375,0.252156,0.002798,49,11,8932,2.106000,0.036766549,
3,CPU_Stress,NSGA-II_PC90,MEAN,0.595586,0.017207,0.233334,0.004540,,34,8957,2.038000,0.035769054,10
3,CPU_Stress,SPEA-II_PC90,200,0.538530,0.026903,0.260394,0.003514,47,0,9501,2.076000,0.037453236,
3,CPU_Stress,SPEA-II_PC90,201,0.513589,0.027238,0.265484,0.004480,42,0,9419,1.980000,0.037939766,
3,CPU_Stress,SPEA-II_PC90,202,0.578943,0.018750,0.244051,0.003089,52,0,9523,2.096000,0.036686784,
3,CPU_Stress,SPEA-II_PC90,203,0.606786,0.010100,0.230092,0.003941,49,6,9467,2.166000,0.036154247,
3,CPU_Stress,SPEA-II_PC90,204,0.565822,0.026022,0.237510,0.004210,49,0,9565,2.182000,0.036875093,
3,CPU_Stress,SPEA-II_PC90,205,0.575398,0.005981,0.278728,0.001376,56,33,9429,1.984000,0.036888626,
3,CPU_Stress,SPEA-II_PC90,206,0.544640,0.021109,0.268319,0.002296,47,0,9525,2.112000,0.037361521,
3,CPU_Stress,SPEA-II_PC90,207,0.553280,0.024637,0.274587,0.002045,61,0,9416,2.098000,0.037210769,
3,CPU_Stress,SPEA-II_PC90,208,0.549131,0.020895,0.245587,0.003078,55,0,9484,2.116000,0.037260436,
3,CPU_Stress,SPEA-II_PC90,209,0.568539,0.013111,0.253018,0.003095,49,0,9784,2.068000,0.036930958,
3,CPU_Stress,SPEA-II_PC90,MEAN,0.559466,0.019475,0.255777,0.003112,,39,9511,1.980000,0.036154247,10
3,CPU_Stress,AMOSA_PC90,200,0.322184,0.051123,0.356697,0.006690,39,0,9568,1.834000,0.041357499,
3,CPU_Stress,AMOSA_PC90,201,0.234944,0.044660,0.432778,0.002859,30,0,9447,1.834000,0.043015393,
3,CPU_Stress,AMOSA_PC90,202,0.245310,0.049379,0.421577,0.002889,35,0,9461,1.906000,0.042808780,
3,CPU_Stress,AMOSA_PC90,203,0.250660,0.035729,0.425549,0.004990,25,0,9592,1.888000,0.042747630,
3,CPU_Stress,AMOSA_PC90,204,0.222597,0.042999,0.443962,0.005892,19,0,9449,1.944000,0.043235951,
3,CPU_Stress,AMOSA_PC90,205,0.253482,0.037016,0.422114,0.005022,27,0,9449,1.856000,0.042684700,
3,CPU_Stress,AMOSA_PC90,206,0.214481,0.048158,0.444062,0.005326,26,0,9443,1.912000,0.043378228,
3,CPU_Stress,AMOSA_PC90,207,0.213998,0.053670,0.441678,0.008768,22,0,9552,1.864000,0.043373728,
3,CPU_Stress,AMOSA_PC90,208,0.218176,0.039270,0.442371,0.010680,19,0,9565,1.830000,0.043325487,
3,CPU_Stress,AMOSA_PC90,209,0.212048,0.053728,0.444937,0.006340,23,0,9426,1.812000,0.043392287,
3,CPU_Stress,AMOSA_PC90,MEAN,0.238788,0.045573,0.427572,0.005946,,0,9495,1.812000,0.041357499,10
3,CPU_Stress,GA_WaitingTime_Dominance_PC85,200,0.159895,0.044319,0.492201,0.007148,21,0,6688,1.520000,0.044370678,
3,CPU_Stress,GA_WaitingTime_Dominance_PC85,201,0.123191,0.064491,0.508587,0.011171,16,0,6761,1.538000,0.045020459,
3,CPU_Stress,GA_WaitingTime_Dominance_PC85,202,0.163285,0.045861,0.477700,0.030985,9,0,6713,1.596000,0.044295801,
3,CPU_Stress,GA_WaitingTime_Dominance_PC85,203,0.167309,0.043426,0.483745,0.021064,13,0,6687,1.576000,0.044249532,
3,CPU_Stress,GA_WaitingTime_Dominance_PC85,204,0.120724,0.062556,0.519590,0.007238,15,0,6770,1.574000,0.045063061,
3,CPU_Stress,GA_WaitingTime_Dominance_PC85,205,0.157590,0.052136,0.491714,0.004793,26,0,6901,1.598000,0.044396756,
3,CPU_Stress,GA_WaitingTime_Dominance_PC85,206,0.135720,0.027928,0.517379,0.018179,6,0,6742,1.536000,0.044874745,
3,CPU_Stress,GA_WaitingTime_Dominance_PC85,207,0.171509,0.055635,0.477284,0.007950,24,0,6870,1.516000,0.044117717,
3,CPU_Stress,GA_WaitingTime_Dominance_PC85,208,0.129076,0.029720,0.516072,0.014026,17,0,6755,1.620000,0.044968606,
3,CPU_Stress,GA_WaitingTime_Dominance_PC85,209,0.192818,0.044809,0.457462,0.050256,6,0,6795,1.604000,0.043711894,
3,CPU_Stress,GA_WaitingTime_Dominance_PC85,MEAN,0.152112,0.047088,0.494173,0.017281,,0,6768,1.516000,0.043711894,10
3,CPU_Stress,GA_Energy_Dominance_PC85,200,0.669599,0.060692,0.090705,0.006894,96,0,7288,3.136000,0.031828599,
3,CPU_Stress,GA_Energy_Dominance_PC85,201,0.676770,0.050729,0.087450,0.008828,84,0,7364,3.194000,0.030820361,
3,CPU_Stress,GA_Energy_Dominance_PC85,202,0.644288,0.072738,0.110782,0.009133,85,0,7261,3.164000,0.032671841,
3,CPU_Stress,GA_Energy_Dominance_PC85,203,0.672899,0.052221,0.093920,0.006568,91,6,7416,3.332000,0.031993946,
3,CPU_Stress,GA_Energy_Dominance_PC85,204,0.666281,0.061691,0.087921,0.006383,84,0,7362,3.144000,0.031753893,
3,CPU_Stress,GA_Energy_Dominance_PC85,205,0.652497,0.075132,0.109414,0.004302,110,0,7249,2.914000,0.032736731,
3,CPU_Stress,GA_Energy_Dominance_PC85,206,0.666065,0.068977,0.096701,0.005634,105,0,7418,3.090000,0.032070871,
3,CPU_Stress,GA_Energy_Dominance_PC85,207,0.680122,0.060390,0.085299,0.010223,102,0,7311,3.208000,0.030642116,
3,CPU_Stress,GA_Energy_Dominance_PC85,208,0.676470,0.054790,0.092841,0.006013,97,1,7331,3.082000,0.032163657,
3,CPU_Stress,GA_Energy_Dominance_PC85,209,0.656111,0.072604,0.103660,0.006508,88,0,7281,3.390000,0.031923591,
3,CPU_Stress,GA_Energy_Dominance_PC85,MEAN,0.666110,0.062996,0.095869,0.007048,,7,7328,2.914000,0.030642116,10
3,CPU_Stress,SA_WaitingTime_Dominance_PC85,200,0.103119,0.015380,0.557410,0.002357,15,0,4857,1.532000,0.045488846,
3,CPU_Stress,SA_WaitingTime_Dominance_PC85,201,0.132758,0.014294,0.531752,0.004905,13,0,4684,1.560000,0.044960205,
3,CPU_Stress,SA_WaitingTime_Dominance_PC85,202,0.113256,0.018167,0.545290,0.001235,24,0,4642,1.580000,0.045302399,
3,CPU_Stress,SA_WaitingTime_Dominance_PC85,203,0.132035,0.021131,0.526154,0.004134,28,0,4616,1.514000,0.044964651,
3,CPU_Stress,SA_WaitingTime_Dominance_PC85,204,0.131807,0.012327,0.533134,0.004287,14,0,4646,1.566000,0.044977713,
3,CPU_Stress,SA_WaitingTime_Dominance_PC85,205,0.126084,0.009217,0.540284,0.001141,14,0,4621,1.544000,0.045083522,
3,CPU_Stress,SA_WaitingTime_Dominance_PC85,206,0.099456,0.015224,0.560231,0.001394,18,0,4630,1.544000,0.045552538,
3,CPU_Stress,SA_WaitingTime_Dominance_PC85,207,0.125998,0.053847,0.520291,0.005238,22,0,4593,1.522000,0.045045833,
3,CPU_Stress,SA_WaitingTime_Dominance_PC85,208,0.137175,0.031680,0.520555,0.001266,20,0,4629,1.544000,0.045077306,
3,CPU_Stress,SA_WaitingTime_Dominance_PC85,209,0.103665,0.010229,0.554786,0.006107,10,0,4600,1.514000,0.045482170,
3,CPU_Stress,SA_WaitingTime_Dominance_PC85,MEAN,0.120535,0.020150,0.538989,0.003206,,0,4651,1.514000,0.044960205,10
3,CPU_Stress,SA_Energy_Dominance_PC85,200,0.532664,0.134272,0.217719,0.001539,117,0,4552,3.192000,0.035803397,
3,CPU_Stress,SA_Energy_Dominance_PC85,201,0.528793,0.157785,0.208685,0.004220,107,0,4560,3.294000,0.035389229,
3,CPU_Stress,SA_Energy_Dominance_PC85,202,0.536909,0.117980,0.219825,0.003853,110,0,4597,3.168000,0.036247483,
3,CPU_Stress,SA_Energy_Dominance_PC85,203,0.520364,0.157565,0.202984,0.003647,115,0,4511,3.066000,0.035711597,
3,CPU_Stress,SA_Energy_Dominance_PC85,204,0.527558,0.158594,0.191751,0.003839,108,0,4578,3.216000,0.034943133,
3,CPU_Stress,SA_Energy_Dominance_PC85,205,0.522246,0.133540,0.218384,0.002342,120,0,4547,3.104000,0.036151454,
3,CPU_Stress,SA_Energy_Dominance_PC85,206,0.523122,0.115075,0.234224,0.002156,115,0,4548,3.256000,0.036685854,
3,CPU_Stress,SA_Energy_Dominance_PC85,207,0.560930,0.136843,0.186906,0.002629,118,0,4597,3.296000,0.034942112,
3,CPU_Stress,SA_Energy_Dominance_PC85,208,0.558280,0.147280,0.180019,0.005741,113,0,4593,3.512000,0.034529710,
3,CPU_Stress,SA_Energy_Dominance_PC85,209,0.536842,0.140217,0.203333,0.004871,106,0,4551,3.290000,0.035696599,
3,CPU_Stress,SA_Energy_Dominance_PC85,MEAN,0.534771,0.139915,0.206383,0.003484,,0,4563,3.066000,0.034529710,10
3,CPU_Stress,NSGA-II_PC85,200,0.580950,0.015389,0.256095,0.012211,45,0,8884,2.242000,0.036653134,
3,CPU_Stress,NSGA-II_PC85,201,0.584159,0.017070,0.260208,0.003090,45,0,8875,2.354000,0.036553769,
3,CPU_Stress,NSGA-II_PC85,202,0.556011,0.032626,0.253075,0.002766,56,0,9074,2.302000,0.037059240,
3,CPU_Stress,NSGA-II_PC85,203,0.573963,0.028042,0.261160,0.002160,60,0,8867,2.268000,0.036736602,
3,CPU_Stress,NSGA-II_PC85,204,0.566365,0.024169,0.260075,0.003620,43,0,8914,2.316000,0.036888410,
3,CPU_Stress,NSGA-II_PC85,205,0.555020,0.030262,0.259013,0.003314,52,0,8915,2.368000,0.037057710,
3,CPU_Stress,NSGA-II_PC85,206,0.542687,0.015167,0.270443,0.015257,37,0,8845,2.210000,0.037415291,
3,CPU_Stress,NSGA-II_PC85,207,0.562697,0.028326,0.227830,0.002843,47,0,8879,2.440000,0.036877117,
3,CPU_Stress,NSGA-II_PC85,208,0.596328,0.025517,0.234833,0.004411,55,0,8926,2.358000,0.036247066,
3,CPU_Stress,NSGA-II_PC85,209,0.576514,0.018368,0.227647,0.004255,45,0,8958,2.366000,0.036661261,
3,CPU_Stress,NSGA-II_PC85,MEAN,0.569469,0.023494,0.251038,0.005393,,0,8913,2.210000,0.036247066,10
3,CPU_Stress,SPEA-II_PC85,200,0.553767,0.029243,0.267927,0.002287,58,0,9426,2.304000,0.037115040,
3,CPU_Stress,SPEA-II_PC85,201,0.538300,0.010763,0.265567,0.007179,40,1,9405,2.156000,0.037502410,
3,CPU_Stress,SPEA-II_PC85,202,0.573955,0.031200,0.254593,0.002204,58,0,9496,2.220000,0.036719294,
3,CPU_Stress,SPEA-II_PC85,203,0.577210,0.011123,0.256020,0.002690,52,3,9453,2.254000,0.036720911,
3,CPU_Stress,SPEA-II_PC85,204,0.600766,0.013610,0.241671,0.004327,52,0,9455,2.196000,0.036266828,
3,CPU_Stress,SPEA-II_PC85,205,0.330910,0.019185,0.401305,0.002120,41,0,8899,2.140000,0.041321845,
3,CPU_Stress,SPEA-II_PC85,206,0.547946,0.006010,0.300517,0.001935,42,3,9370,2.156000,0.037356992,
3,CPU_Stress,SPEA-II_PC85,207,0.566973,0.013024,0.276792,0.004610,45,0,9409,2.238000,0.036941229,
3,CPU_Stress,SPEA-II_PC85,208,0.546387,0.022128,0.263231,0.006364,45,0,9450,2.376000,0.037261512,
3,CPU_Stress,SPEA-II_PC85,209,0.527074,0.037661,0.264769,0.003332,53,0,9543,2.272000,0.037593802,
3,CPU_Stress,SPEA-II_PC85,MEAN,0.536329,0.019395,0.279239,0.003705,,7,9390,2.140000,0.036266828,10
3,CPU_Stress,AMOSA_PC85,200,0.275517,0.033665,0.412240,0.005836,31,0,9477,2.228000,0.042272150,
3,CPU_Stress,AMOSA_PC85,201,0.346937,0.068293,0.345252,0.009159,33,0,9560,2.486000,0.040828256,
3,CPU_Stress,AMOSA_PC85,202,0.343365,0.046379,0.350630,0.019044,29,0,9548,2.396000,0.040986783,
3,CPU_Stress,AMOSA_PC85,203,0.276623,0.032535,0.408490,0.004825,36,0,9491,2.108000,0.042257220,
3,CPU_Stress,AMOSA_PC85,204,0.340467,0.054722,0.368380,0.002973,28,0,9560,2.518000,0.041007109,
3,CPU_Stress,AMOSA_PC85,205,0.242423,0.033500,0.435620,0.003690,23,0,9452,2.116000,0.042893100,
3,CPU_Stress,AMOSA_PC85,206,0.261488,0.032579,0.418743,0.004526,22,0,9519,2.050000,0.042559580,
3,CPU_Stress,AMOSA_PC85,207,0.275174,0.034393,0.403172,0.007092,28,0,9536,2.148000,0.042292132,
3,CPU_Stress,AMOSA_PC85,208,0.251382,0.031616,0.427936,0.006852,17,0,9499,2.082000,0.042735682,
3,CPU_Stress,AMOSA_PC85,209,0.306063,0.049601,0.386327,0.002215,30,0,9635,2.562000,0.041638344,
3,CPU_Stress,AMOSA_PC85,MEAN,0.291944,0.041728,0.395679,0.006621,,0,9527,2.050000,0.040828256,10
3,CPU_Stress,GA_WaitingTime_Dominance_PC80,200,0.181266,0.030474,0.479246,0.006166,13,0,6749,1.624000,0.044063211,
3,CPU_Stress,GA_WaitingTime_Dominance_PC80,201,0.171609,0.053134,0.478019,0.014021,12,0,6796,1.684000,0.044144787,
3,CPU_Stress,GA_WaitingTime_Dominance_PC80,202,0.209869,0.069385,0.439409,0.013838,15,0,6780,1.692000,0.043400716,
3,CPU_Stress,GA_WaitingTime_Dominance_PC80,203,0.134362,0.026572,0.507545,0.046433,8,0,6775,1.654000,0.044885165,
3,CPU_Stress,GA_WaitingTime_Dominance_PC80,204,0.187582,0.038907,0.468312,0.017289,14,0,6960,1.660000,0.043855605,
3,CPU_Stress,GA_WaitingTime_Dominance_PC80,205,0.144509,0.044883,0.492791,0.020848,13,0,6545,1.712000,0.044710043,
3,CPU_Stress,GA_WaitingTime_Dominance_PC80,206,0.163561,0.052645,0.484398,0.009379,15,0,6650,1.760000,0.044283036,
3,CPU_Stress,GA_WaitingTime_Dominance_PC80,207,0.122478,0.013128,0.542169,0.002312,9,0,6601,1.640000,0.045139925,
3,CPU_Stress,GA_WaitingTime_Dominance_PC80,208,0.150798,0.043566,0.488829,0.026011,8,0,6476,1.636000,0.044553693,
3,CPU_Stress,GA_WaitingTime_Dominance_PC80,209,0.200351,0.036860,0.463085,0.008920,14,0,6842,1.612000,0.043678647,
3,CPU_Stress,GA_WaitingTime_Dominance_PC80,MEAN,0.166639,0.040956,0.484380,0.016522,,0,6717,1.612000,0.043400716,10
3,CPU_Stress,GA_Energy_Dominance_PC80,200,0.633818,0.067183,0.138825,0.005069,74,4,7151,3.244000,0.033765618,
3,CPU_Stress,GA_Energy_Dominance_PC80,201,0.466691,0.117014,0.262486,0.006453,70,0,6772,3.110000,0.038033508,
3,CPU_Stress,GA_Energy_Dominance_PC80,202,0.660598,0.074032,0.114097,0.004232,110,4,7078,3.126000,0.032811806,
3,CPU_Stress,GA_Energy_Dominance_PC80,203,0.636333,0.066284,0.128577,0.005810,94,0,7122,3.338000,0.033713647,
3,CPU_Stress,GA_Energy_Dominance_PC80,204,0.635704,0.076048,0.123813,0.009408,78,0,7079,3.718000,0.032619776,
3,CPU_Stress,GA_Energy_Dominance_PC80,205,0.438951,0.113999,0.282596,0.004348,56,0,6747,3.110000,0.038688876,
3,CPU_Stress,GA_Energy_Dominance_PC80,206,0.619591,0.084208,0.140199,0.009496,86,0,6954,3.242000,0.033931402,
3,CPU_Stress,GA_Energy_Dominance_PC80,207,0.464624,0.113347,0.264202,0.008414,61,0,6843,3.176000,0.038113459,
3,CPU_Stress,GA_Energy_Dominance_PC80,208,0.670796,0.048786,0.094572,0.014206,95,0,7107,3.232000,0.032670369,
3,CPU_Stress,GA_Energy_Dominance_PC80,209,0.651477,0.070891,0.110156,0.010428,100,0,7207,3.414000,0.032779335,
3,CPU_Stress,GA_Energy_Dominance_PC80,MEAN,0.587858,0.083179,0.165952,0.007786,,8,7006,3.110000,0.032619776,10
3,CPU_Stress,SA_WaitingTime_Dominance_PC80,200,0.160667,0.011017,0.509707,0.007159,10,0,4625,1.688000,0.044457158,
3,CPU_Stress,SA_WaitingTime_Dominance_PC80,201,0.138507,0.014397,0.523030,0.004375,15,0,4664,1.664000,0.044850944,
3,CPU_Stress,SA_WaitingTime_Dominance_PC80,202,0.137067,0.013589,0.527367,0.005883,9,0,4645,1.676000,0.044876842,
3,CPU_Stress,SA_WaitingTime_Dominance_PC80,203,0.145276,0.014882,0.520251,0.001747,25,0,4668,1.694000,0.044726972,
3,CPU_Stress,SA_WaitingTime_Dominance_PC80,204,0.135520,0.011154,0.529889,0.003681,7,0,4630,1.616000,0.044910610,
3,CPU_Stress,SA_WaitingTime_Dominance_PC80,205,0.149433,0.013583,0.518533,0.001774,18,0,4669,1.660000,0.044655629,
3,CPU_Stress,SA_WaitingTime_Dominance_PC80,206,0.150645,0.015484,0.514698,0.002323,19,0,4629,1.600000,0.044633378,
3,CPU_Stress,SA_WaitingTime_Dominance_PC80,207,0.155633,0.010554,0.514290,0.004546,14,0,4657,1.596000,0.044553366,
3,CPU_Stress,SA_WaitingTime_Dominance_PC80,208,0.128192,0.032660,0.524464,0.003709,18,0,4685,1.662000,0.045012313,
3,CPU_Stress,SA_WaitingTime_Dominance_PC80,209,0.129504,0.013335,0.535081,0.001578,23,0,4603,1.620000,0.045015411,
3,CPU_Stress,SA_WaitingTime_Dominance_PC80,MEAN,0.143044,0.015065,0.521731,0.003677,,0,4647,1.596000,0.044457158,10
3,CPU_Stress,SA_Energy_Dominance_PC80,200,0.526286,0.149217,0.213672,0.003325,91,0,4532,3.420000,0.035626911,
3,CPU_Stress,SA_Energy_Dominance_PC80,201,0.573352,0.133998,0.151198,0.003388,126,0,4571,3.348000,0.033712333,
3,CPU_Stress,SA_Energy_Dominance_PC80,202,0.538836,0.147919,0.182472,0.005343,105,0,4587,3.390000,0.034612030,
3,CPU_Stress,SA_Energy_Dominance_PC80,203,0.577663,0.120668,0.162557,0.002622,136,0,4577,3.358000,0.034503734,
3,CPU_Stress,SA_Energy_Dominance_PC80,204,0.503764,0.166846,0.216065,0.002697,104,0,4549,3.462000,0.035725255,
3,CPU_Stress,SA_Energy_Dominance_PC80,205,0.533868,0.127657,0.226403,0.002290,95,0,4611,3.228000,0.036089338,
3,CPU_Stress,SA_Energy_Dominance_PC80,206,0.512243,0.145226,0.220619,0.004330,87,0,4583,3.302000,0.036110499,
3,CPU_Stress,SA_Energy_Dominance_PC80,207,0.538854,0.145520,0.186089,0.003395,134,0,4584,3.490000,0.034944217,
3,CPU_Stress,SA_Energy_Dominance_PC80,208,0.527515,0.149188,0.206708,0.003980,87,0,4598,3.376000,0.035734388,
3,CPU_Stress,SA_Energy_Dominance_PC80,209,0.530209,0.130762,0.220746,0.002070,108,0,4632,3.314000,0.036092184,
3,CPU_Stress,SA_Energy_Dominance_PC80,MEAN,0.536259,0.141700,0.198653,0.003344,,0,4582,3.228000,0.033712333,10
3,CPU_Stress,NSGA-II_PC80,200,0.575037,0.018157,0.270779,0.005901,41,0,8933,2.484000,0.036681989,
3,CPU_Stress,NSGA-II_PC80,201,0.553595,0.016209,0.281713,0.007923,45,0,8908,2.356000,0.037160685,
3,CPU_Stress,NSGA-II_PC80,202,0.573602,0.019072,0.271600,0.003650,43,0,8986,2.410000,0.036729906,
3,CPU_Stress,NSGA-II_PC80,203,0.543875,0.012468,0.311321,0.001258,46,0,8772,2.390000,0.037344448,
3,CPU_Stress,NSGA-II_PC80,204,0.588033,0.017908,0.250477,0.004526,51,0,8875,2.304000,0.036479773,
3,CPU_Stress,NSGA-II_PC80,205,0.518559,0.030661,0.257059,0.011268,48,0,8886,2.318000,0.037776092,
3,CPU_Stress,NSGA-II_PC80,206,0.567849,0.022011,0.257045,0.002218,51,0,8899,2.484000,0.036804130,
3,CPU_Stress,NSGA-II_PC80,207,0.592748,0.020141,0.259201,0.001935,56,0,8956,2.390000,0.036348405,
3,CPU_Stress,NSGA-II_PC80,208,0.589076,0.038807,0.232283,0.002722,60,0,9020,2.342000,0.036334026,
3,CPU_Stress,NSGA-II_PC80,209,0.567350,0.024561,0.254351,0.004191,49,0,8893,2.376000,0.036843892,
3,CPU_Stress,NSGA-II_PC80,MEAN,0.566972,0.021999,0.264583,0.004559,,0,8912,2.304000,0.036334026,10
3,CPU_Stress,SPEA-II_PC80,200,0.510505,0.017757,0.297302,0.002442,41,0,9464,2.154000,0.038020329,
3,CPU_Stress,SPEA-II_PC80,201,0.483436,0.019055,0.312702,0.001708,46,0,9282,2.132000,0.038540147,
3,CPU_Stress,SPEA-II_PC80,202,0.550789,0.030052,0.264421,0.002125,54,0,9496,2.182000,0.037192189,
3,CPU_Stress,SPEA-II_PC80,203,0.489211,0.031434,0.311040,0.001993,48,0,9303,2.272000,0.038374330,
3,CPU_Stress,SPEA-II_PC80,204,0.345752,0.022537,0.392355,0.002138,34,0,8939,2.140000,0.041047794,
3,CPU_Stress,SPEA-II_PC80,205,0.395188,0.033744,0.354231,0.002245,44,0,9157,2.298000,0.040103029,
3,CPU_Stress,SPEA-II_PC80,206,0.567223,0.016710,0.264988,0.002756,52,0,9510,2.220000,0.036923483,
3,CPU_Stress,SPEA-II_PC80,207,0.514193,0.024059,0.300116,0.002408,37,0,9313,2.292000,0.037918638,
3,CPU_Stress,SPEA-II_PC80,208,0.483655,0.035513,0.279111,0.005809,38,0,9496,2.286000,0.038435751,
3,CPU_Stress,SPEA-II_PC80,209,0.569709,0.014290,0.255817,0.003301,45,0,9597,2.348000,0.036836986,
3,CPU_Stress,SPEA-II_PC80,MEAN,0.490966,0.024515,0.303208,0.002692,,0,9355,2.132000,0.036836986,10
3,CPU_Stress,AMOSA_PC80,200,0.328254,0.044690,0.375000,0.004914,26,0,9725,2.430000,0.041260425,
3,CPU_Stress,AMOSA_PC80,201,0.267505,0.047926,0.417970,0.004243,23,0,9722,2.598000,0.042359281,
3,CPU_Stress,AMOSA_PC80,202,0.305650,0.056763,0.390384,0.003234,30,0,9796,2.610000,0.041630135,
3,CPU_Stress,AMOSA_PC80,203,0.332461,0.049138,0.376155,0.003102,23,0,9763,2.702000,0.041131444,
3,CPU_Stress,AMOSA_PC80,204,0.349792,0.055245,0.351050,0.006446,41,0,9586,2.664000,0.040792482,
3,CPU_Stress,AMOSA_PC80,205,0.330006,0.048980,0.371553,0.003241,28,0,9499,2.618000,0.041179915,
3,CPU_Stress,AMOSA_PC80,206,0.306979,0.061562,0.376719,0.005765,23,0,9474,2.606000,0.041574847,
3,CPU_Stress,AMOSA_PC80,207,0.331396,0.059746,0.365477,0.004262,32,0,9563,2.692000,0.041130270,
3,CPU_Stress,AMOSA_PC80,208,0.316629,0.060220,0.368861,0.003555,27,0,9497,2.742000,0.041376884,
3,CPU_Stress,AMOSA_PC80,209,0.330722,0.052546,0.373327,0.003809,23,0,9447,2.644000,0.041166777,
3,CPU_Stress,AMOSA_PC80,MEAN,0.319939,0.053682,0.376650,0.004257,,0,9607,2.430000,0.040792482,10
3,CPU_Stress,GA_WaitingTime_Dominance_PC75,200,0.180697,0.037685,0.476183,0.007542,12,0,6663,1.768000,0.044034692,
3,CPU_Stress,GA_WaitingTime_Dominance_PC75,201,0.183210,0.064051,0.467132,0.010779,14,0,6763,1.820000,0.043895590,
3,CPU_Stress,GA_WaitingTime_Dominance_PC75,202,0.193182,0.047024,0.465609,0.011955,8,0,6680,1.776000,0.043786483,
3,CPU_Stress,GA_WaitingTime_Dominance_PC75,203,0.116992,0.019049,0.544751,0.000723,9,0,6506,1.842000,0.045221175,
3,CPU_Stress,GA_WaitingTime_Dominance_PC75,204,0.185005,0.052911,0.468983,0.007085,18,0,6608,1.736000,0.043924456,
3,CPU_Stress,GA_WaitingTime_Dominance_PC75,205,0.141235,0.014389,0.526815,0.005356,4,0,6654,1.854000,0.044787158,
3,CPU_Stress,GA_WaitingTime_Dominance_PC75,206,0.226511,0.061020,0.426874,0.011736,20,0,6769,1.782000,0.043123495,
3,CPU_Stress,GA_WaitingTime_Dominance_PC75,207,0.158159,0.049051,0.488568,0.006365,11,0,6678,1.782000,0.044463137,
3,CPU_Stress,GA_WaitingTime_Dominance_PC75,208,0.195650,0.042795,0.462807,0.010262,16,0,6639,1.818000,0.043747485,
3,CPU_Stress,GA_WaitingTime_Dominance_PC75,209,0.178568,0.045717,0.477436,0.004029,17,0,6793,1.776000,0.044061746,
3,CPU_Stress,GA_WaitingTime_Dominance_PC75,MEAN,0.175921,0.043369,0.480516,0.007583,,0,6675,1.736000,0.043123495,10
3,CPU_Stress,GA_Energy_Dominance_PC75,200,0.636523,0.074141,0.113946,0.006971,98,0,7073,3.612000,0.032880247,
3,CPU_Stress,GA_Energy_Dominance_PC75,201,0.600239,0.083010,0.166941,0.007289,93,11,7151,3.430000,0.034901839,
3,CPU_Stress,GA_Energy_Dominance_PC75,202,0.634721,0.077003,0.132228,0.003356,104,0,7028,3.522000,0.033337865,
3,CPU_Stress,GA_Energy_Dominance_PC75,203,0.507801,0.147316,0.211610,0.004648,89,0,7042,4.684000,0.035857879,
3,CPU_Stress,GA_Energy_Dominance_PC75,204,0.654751,0.078269,0.103280,0.004912,108,0,7241,3.922000,0.030944213,
3,CPU_Stress,GA_Energy_Dominance_PC75,205,0.438763,0.102253,0.287590,0.029347,35,0,6838,3.392000,0.038676194,
3,CPU_Stress,GA_Energy_Dominance_PC75,206,0.615116,0.103729,0.132882,0.009198,93,0,7280,4.110000,0.031960289,
3,CPU_Stress,GA_Energy_Dominance_PC75,207,0.590148,0.114357,0.145873,0.004728,125,0,7093,3.700000,0.033754261,
3,CPU_Stress,GA_Energy_Dominance_PC75,208,0.638347,0.084059,0.121116,0.005467,105,0,7104,3.508000,0.032880168,
3,CPU_Stress,GA_Energy_Dominance_PC75,209,0.616302,0.096488,0.135424,0.007660,97,0,7165,3.496000,0.033217609,
3,CPU_Stress,GA_Energy_Dominance_PC75,MEAN,0.593271,0.096063,0.155089,0.008358,,11,7101,3.392000,0.030944213,10
3,CPU_Stress,SA_WaitingTime_Dominance_PC75,200,0.154773,0.011929,0.513913,0.002045,14,0,4621,1.708000,0.044558134,
3,CPU_Stress,SA_WaitingTime_Dominance_PC75,201,0.140504,0.020072,0.519932,0.001422,19,0,4650,1.760000,0.044803397,
3,CPU_Stress,SA_WaitingTime_Dominance_PC75,202,0.136920,0.018728,0.524607,0.001044,25,0,4586,1.756000,0.044870414,
3,CPU_Stress,SA_WaitingTime_Dominance_PC75,203,0.168713,0.015113,0.501799,0.004520,20,0,4698,1.768000,0.044300085,
3,CPU_Stress,SA_WaitingTime_Dominance_PC75,204,0.170655,0.012133,0.499866,0.004972,12,0,4609,1.756000,0.044267720,
3,CPU_Stress,SA_WaitingTime_Dominance_PC75,205,0.151574,0.017044,0.513277,0.002105,7,0,4671,1.708000,0.044611957,
3,CPU_Stress,SA_WaitingTime_Dominance_PC75,206,0.173024,0.007336,0.501928,0.002349,16,0,4648,1.736000,0.044232085,
3,CPU_Stress,SA_WaitingTime_Dominance_PC75,207,0.120142,0.019479,0.541165,0.000649,14,0,4628,1.772000,0.045168852,
3,CPU_Stress,SA_WaitingTime_Dominance_PC75,208,0.171003,0.007776,0.504066,0.002163,12,0,4618,1.736000,0.044268438,
3,CPU_Stress,SA_WaitingTime_Dominance_PC75,209,0.171424,0.006083,0.507582,0.000509,4,0,4662,1.824000,0.044251605,
3,CPU_Stress,SA_WaitingTime_Dominance_PC75,MEAN,0.155873,0.013569,0.512813,0.002178,,0,4639,1.708000,0.044232085,10
3,CPU_Stress,SA_Energy_Dominance_PC75,200,0.503112,0.176845,0.208802,0.003091,116,0,4572,3.686000,0.035181012,
3,CPU_Stress,SA_Energy_Dominance_PC75,201,0.538111,0.152710,0.186420,0.005125,101,0,4522,3.538000,0.034825998,
3,CPU_Stress,SA_Energy_Dominance_PC75,202,0.532926,0.174227,0.183755,0.003909,115,0,4647,3.500000,0.033484749,
3,CPU_Stress,SA_Energy_Dominance_PC75,203,0.579586,0.131074,0.167655,0.002557,112,0,4578,3.594000,0.034407074,
3,CPU_Stress,SA_Energy_Dominance_PC75,204,0.558735,0.163576,0.174697,0.003127,112,0,4603,3.516000,0.033632582,
3,CPU_Stress,SA_Energy_Dominance_PC75,205,0.516861,0.167662,0.218828,0.002697,81,0,4621,3.198000,0.035785277,
3,CPU_Stress,SA_Energy_Dominance_PC75,206,0.516857,0.143136,0.227934,0.002337,96,0,4560,3.336000,0.036215542,
3,CPU_Stress,SA_Energy_Dominance_PC75,207,0.534655,0.146252,0.210300,0.006217,113,0,4602,3.744000,0.035679419,
3,CPU_Stress,SA_Energy_Dominance_PC75,208,0.508459,0.142593,0.223835,0.002257,131,0,4629,3.582000,0.036186169,
3,CPU_Stress,SA_Energy_Dominance_PC75,209,0.533776,0.144680,0.195008,0.003264,96,0,4579,3.452000,0.035496842,
3,CPU_Stress,SA_Energy_Dominance_PC75,MEAN,0.532308,0.154276,0.199723,0.003458,,0,4591,3.198000,0.033484749,10
3,CPU_Stress,NSGA-II_PC75,200,0.572819,0.033071,0.242182,0.002750,53,0,8887,2.542000,0.036637482,
3,CPU_Stress,NSGA-II_PC75,201,0.532480,0.035650,0.245700,0.005622,42,0,8834,2.532000,0.037426524,
3,CPU_Stress,NSGA-II_PC75,202,0.557624,0.046082,0.230506,0.003932,40,0,8933,2.590000,0.036861038,
3,CPU_Stress,NSGA-II_PC75,203,0.549183,0.038655,0.263593,0.003433,41,0,8865,2.456000,0.037137583,
3,CPU_Stress,NSGA-II_PC75,204,0.574457,0.036009,0.236071,0.004206,57,0,8963,2.582000,0.036552435,
3,CPU_Stress,NSGA-II_PC75,205,0.513446,0.034379,0.272874,0.003489,35,0,8914,2.632000,0.037784726,
3,CPU_Stress,NSGA-II_PC75,206,0.551725,0.034185,0.261205,0.003614,46,0,8951,2.446000,0.037079478,
3,CPU_Stress,NSGA-II_PC75,207,0.596316,0.028029,0.233332,0.006051,51,0,9020,2.610000,0.036130085,
3,CPU_Stress,NSGA-II_PC75,208,0.559306,0.032106,0.263882,0.003838,38,0,8958,2.544000,0.036919793,
3,CPU_Stress,NSGA-II_PC75,209,0.550322,0.035035,0.250794,0.004299,52,0,9073,2.474000,0.037105026,
3,CPU_Stress,NSGA-II_PC75,MEAN,0.555768,0.035320,0.250014,0.004123,,0,8939,2.446000,0.036130085,10
3,CPU_Stress,SPEA-II_PC75,200,0.561514,0.017453,0.275982,0.002804,47,0,9551,2.282000,0.037018237,
3,CPU_Stress,SPEA-II_PC75,201,0.538332,0.022910,0.284520,0.003395,47,0,9646,2.264000,0.037455140,
3,CPU_Stress,SPEA-II_PC75,202,0.491789,0.031409,0.289520,0.002384,52,0,9604,2.266000,0.038283462,
3,CPU_Stress,SPEA-II_PC75,203,0.578585,0.025743,0.264169,0.002012,56,0,9670,2.346000,0.036622130,
3,CPU_Stress,SPEA-II_PC75,204,0.541094,0.039642,0.270791,0.003177,45,0,9608,2.444000,0.037269350,
3,CPU_Stress,SPEA-II_PC75,205,0.482175,0.037343,0.265665,0.004038,42,0,9594,2.398000,0.038398105,
3,CPU_Stress,SPEA-II_PC75,206,0.562085,0.020398,0.265502,0.002711,50,0,9640,2.328000,0.036974057,
3,CPU_Stress,SPEA-II_PC75,207,0.493381,0.028736,0.300614,0.002578,40,0,9263,2.264000,0.038296262,
3,CPU_Stress,SPEA-II_PC75,208,0.533443,0.035532,0.276519,0.003376,53,0,9428,2.412000,0.037463331,
3,CPU_Stress,SPEA-II_PC75,209,0.531454,0.026842,0.271939,0.005173,46,0,9403,2.302000,0.037547748,
3,CPU_Stress,SPEA-II_PC75,MEAN,0.531385,0.028601,0.276522,0.003165,,0,9540,2.264000,0.036622130,10
3,CPU_Stress,AMOSA_PC75,200,0.275227,0.052739,0.417560,0.005360,17,0,9518,2.806000,0.042187176,
3,CPU_Stress,AMOSA_PC75,201,0.262569,0.048103,0.416444,0.008082,27,0,9511,2.734000,0.042431798,
3,CPU_Stress,AMOSA_PC75,202,0.318095,0.060573,0.374583,0.005419,21,0,9455,2.848000,0.041339726,
3,CPU_Stress,AMOSA_PC75,203,0.306312,0.071297,0.385758,0.004438,26,0,9422,2.900000,0.041537435,
3,CPU_Stress,AMOSA_PC75,204,0.297309,0.076692,0.377013,0.013793,25,0,9504,2.892000,0.041690389,
3,CPU_Stress,AMOSA_PC75,205,0.323653,0.046081,0.379868,0.003783,23,0,9470,2.628000,0.041306724,
3,CPU_Stress,AMOSA_PC75,206,0.295830,0.048580,0.395901,0.003183,28,0,9473,2.578000,0.041835171,
3,CPU_Stress,AMOSA_PC75,207,0.338761,0.059843,0.358436,0.004513,33,0,9517,2.684000,0.040972489,
3,CPU_Stress,AMOSA_PC75,208,0.330483,0.066280,0.356956,0.006927,31,0,9492,2.688000,0.041116510,
3,CPU_Stress,AMOSA_PC75,209,0.303811,0.056431,0.389724,0.003097,22,0,9472,2.704000,0.041647325,
3,CPU_Stress,AMOSA_PC75,MEAN,0.305205,0.058662,0.385224,0.005860,,0,9483,2.578000,0.040972489,10
