Algorithm,Seed,WaitingTime,Energy,PeakPowerWatts,IsUniversalPareto
GA_WaitingTime_Dominance,200,2.726000,0.062984048,19319.704,false
GA_WaitingTime_Dominance,200,2.326000,0.063010045,19024.658,false
GA_WaitingTime_Dominance,200,2.208000,0.063043375,19114.372,false
GA_WaitingTime_Dominance,200,2.154000,0.063050622,19328.530,false
GA_WaitingTime_Dominance,200,2.042000,0.063199902,19358.795,true
GA_WaitingTime_Dominance,200,2.144000,0.063075771,19381.352,false
GA_WaitingTime_Dominance,200,2.068000,0.063100335,19628.058,false
GA_WaitingTime_Dominance,200,2.038000,0.063275570,19441.414,true
GA_WaitingTime_Dominance,200,2.034000,0.063541221,19533.835,true
GA_WaitingTime_Dominance,200,2.054000,0.063132510,19269.290,true
GA_WaitingTime_Dominance,200,2.036000,0.063298881,19441.414,true
GA_WaitingTime_Dominance,201,2.352000,0.063186210,19321.098,false
GA_WaitingTime_Dominance,201,2.158000,0.063198598,19310.920,false
GA_WaitingTime_Dominance,201,2.090000,0.063214542,19294.666,false
GA_WaitingTime_Dominance,201,2.086000,0.063296601,19183.464,false
GA_WaitingTime_Dominance,201,2.074000,0.063442330,19218.317,false
GA_WaitingTime_Dominance,201,2.078000,0.063421136,19182.677,false
GA_WaitingTime_Dominance,201,2.070000,0.063551719,19137.386,false
GA_WaitingTime_Dominance,201,2.072000,0.063531990,19211.601,false
GA_WaitingTime_Dominance,202,2.554000,0.062987047,20435.290,false
GA_WaitingTime_Dominance,202,2.120000,0.063087828,20514.043,false
GA_WaitingTime_Dominance,202,2.082000,0.063204634,20406.458,false
GA_WaitingTime_Dominance,202,2.424000,0.062994366,20517.076,false
GA_WaitingTime_Dominance,202,2.070000,0.063237812,20532.680,false
GA_WaitingTime_Dominance,202,2.064000,0.063248345,20439.719,false
GA_WaitingTime_Dominance,202,2.076000,0.063231243,20532.680,false
GA_WaitingTime_Dominance,202,2.078000,0.063211229,20451.998,false
GA_WaitingTime_Dominance,202,2.086000,0.063167142,20312.282,false
GA_WaitingTime_Dominance,202,2.056000,0.063492466,20376.274,false
GA_WaitingTime_Dominance,202,2.054000,0.063674161,20427.563,false
GA_WaitingTime_Dominance,202,2.058000,0.063461351,20445.402,false
GA_WaitingTime_Dominance,203,2.534000,0.063127537,19399.396,false
GA_WaitingTime_Dominance,203,2.580000,0.063071110,19747.295,false
GA_WaitingTime_Dominance,203,2.294000,0.063191982,19547.437,false
GA_WaitingTime_Dominance,203,2.286000,0.063229768,19809.826,false
GA_WaitingTime_Dominance,203,2.366000,0.063132392,19420.948,false
GA_WaitingTime_Dominance,203,2.224000,0.063236367,19717.205,false
GA_WaitingTime_Dominance,203,2.218000,0.063302977,19905.681,false
GA_WaitingTime_Dominance,203,2.182000,0.063351219,20028.692,false
GA_WaitingTime_Dominance,203,2.174000,0.063431937,19823.706,false
GA_WaitingTime_Dominance,203,2.204000,0.063333083,20195.002,false
GA_WaitingTime_Dominance,203,2.132000,0.063588988,20160.674,false
GA_WaitingTime_Dominance,203,2.140000,0.063500163,19799.107,false
GA_WaitingTime_Dominance,203,2.110000,0.063716291,20033.224,false
GA_WaitingTime_Dominance,203,2.102000,0.063886532,19966.192,false
GA_WaitingTime_Dominance,203,2.106000,0.063864358,20017.202,false
GA_WaitingTime_Dominance,204,2.426000,0.062751894,19450.717,false
GA_WaitingTime_Dominance,204,2.108000,0.062769294,19710.721,true
GA_WaitingTime_Dominance,204,2.062000,0.063106618,19658.031,false
GA_WaitingTime_Dominance,204,2.084000,0.062889470,19586.242,true
GA_WaitingTime_Dominance,204,2.102000,0.062803873,19681.797,true
GA_WaitingTime_Dominance,204,2.076000,0.063044861,19802.214,true
GA_WaitingTime_Dominance,204,2.060000,0.063351678,19710.721,false
GA_WaitingTime_Dominance,205,2.108000,0.062784192,18853.266,false
GA_WaitingTime_Dominance,205,2.104000,0.062882149,19020.833,false
GA_WaitingTime_Dominance,205,2.076000,0.063066730,18997.317,false
GA_WaitingTime_Dominance,205,2.078000,0.063001000,19026.241,true
GA_WaitingTime_Dominance,205,2.056000,0.063077953,19331.127,true
GA_WaitingTime_Dominance,205,2.050000,0.063325817,19339.755,false
GA_WaitingTime_Dominance,205,2.048000,0.063374604,19394.260,false
GA_WaitingTime_Dominance,205,2.054000,0.063308994,19273.769,false
GA_WaitingTime_Dominance,206,3.384000,0.063314733,17183.230,false
GA_WaitingTime_Dominance,206,2.204000,0.063386260,19677.275,false
GA_WaitingTime_Dominance,206,2.068000,0.063754000,19186.459,false
GA_WaitingTime_Dominance,206,2.052000,0.063976649,19139.218,false
GA_WaitingTime_Dominance,206,2.064000,0.063791368,19140.555,false
GA_WaitingTime_Dominance,206,2.082000,0.063557525,19158.394,false
GA_WaitingTime_Dominance,206,2.054000,0.063870701,19158.394,false
GA_WaitingTime_Dominance,206,2.050000,0.064034768,19093.847,false
GA_WaitingTime_Dominance,206,2.046000,0.064042316,19229.304,false
GA_WaitingTime_Dominance,207,3.168000,0.063133772,17128.871,false
GA_WaitingTime_Dominance,207,3.068000,0.063177377,17398.666,false
GA_WaitingTime_Dominance,207,3.044000,0.063184013,17700.702,false
GA_WaitingTime_Dominance,207,2.968000,0.063290366,17227.808,false
GA_WaitingTime_Dominance,207,2.180000,0.063352932,19650.091,false
GA_WaitingTime_Dominance,207,2.204000,0.063340766,19560.713,false
GA_WaitingTime_Dominance,207,2.768000,0.063312611,19388.882,false
GA_WaitingTime_Dominance,207,2.100000,0.063399203,19781.105,false
GA_WaitingTime_Dominance,207,2.074000,0.063428958,19412.157,false
GA_WaitingTime_Dominance,207,2.060000,0.063529991,19153.100,false
GA_WaitingTime_Dominance,207,2.042000,0.063837461,19352.237,false
GA_WaitingTime_Dominance,207,2.040000,0.063911977,18995.841,false
GA_WaitingTime_Dominance,207,2.046000,0.063721464,19296.012,false
GA_WaitingTime_Dominance,207,2.048000,0.063710912,19228.238,false
GA_WaitingTime_Dominance,208,2.118000,0.063071074,19478.258,false
GA_WaitingTime_Dominance,208,2.124000,0.062974361,19208.557,false
GA_WaitingTime_Dominance,208,2.108000,0.063113970,19035.271,false
GA_WaitingTime_Dominance,208,2.098000,0.063266765,19343.003,false
GA_WaitingTime_Dominance,208,2.104000,0.063249874,19453.973,false
GA_WaitingTime_Dominance,208,2.094000,0.063270592,19286.889,false
GA_WaitingTime_Dominance,209,2.092000,0.063356166,19286.649,false
GA_WaitingTime_Dominance,209,2.110000,0.062951770,18865.740,false
GA_WaitingTime_Dominance,209,2.108000,0.063035157,18874.241,false
GA_WaitingTime_Dominance,209,2.090000,0.063482998,19338.821,false
GA_WaitingTime_Dominance,209,2.094000,0.063275168,19338.821,false
GA_WaitingTime_Dominance,209,2.088000,0.063498918,19284.068,false
GA_WaitingTime_Dominance,209,2.096000,0.063215901,19287.300,false
GA_WaitingTime_Dominance,209,2.082000,0.063527468,19276.045,false
GA_WaitingTime_Dominance,209,2.086000,0.063506415,19304.612,false
GA_Energy_Dominance,200,4.386000,0.062842772,17638.330,false
GA_Energy_Dominance,200,4.782000,0.061440914,17240.376,false
GA_Energy_Dominance,200,4.390000,0.062290820,17577.897,false
GA_Energy_Dominance,200,6.110000,0.061222483,16392.216,false
GA_Energy_Dominance,200,5.950000,0.061288552,17610.840,false
GA_Energy_Dominance,200,5.352000,0.061391668,17351.416,false
GA_Energy_Dominance,200,6.138000,0.060896814,17479.299,false
GA_Energy_Dominance,200,6.184000,0.059738206,17915.503,false
GA_Energy_Dominance,200,6.450000,0.059498629,17342.487,false
GA_Energy_Dominance,200,6.682000,0.058814128,16082.035,false
GA_Energy_Dominance,200,7.228000,0.058232860,17219.479,false
GA_Energy_Dominance,200,8.272000,0.057701308,16786.239,false
GA_Energy_Dominance,200,7.010000,0.058800798,17311.613,false
GA_Energy_Dominance,200,8.018000,0.058055927,17047.633,false
GA_Energy_Dominance,200,7.958000,0.058199388,17747.962,false
GA_Energy_Dominance,200,9.016000,0.057055678,16212.696,false
GA_Energy_Dominance,200,8.384000,0.057215746,16592.896,false
GA_Energy_Dominance,200,9.466000,0.056744460,16228.011,false
GA_Energy_Dominance,200,9.638000,0.056315698,16080.223,false
GA_Energy_Dominance,200,9.728000,0.055985485,17204.979,false
GA_Energy_Dominance,200,10.378000,0.055542385,16448.259,false
GA_Energy_Dominance,200,10.002000,0.055725109,16814.404,false
GA_Energy_Dominance,200,10.554000,0.055239872,16433.992,false
GA_Energy_Dominance,200,11.304000,0.054719401,16904.636,false
GA_Energy_Dominance,200,10.418000,0.055339765,15268.761,false
GA_Energy_Dominance,200,10.598000,0.054806208,15781.232,false
GA_Energy_Dominance,200,11.388000,0.054669908,16014.567,false
GA_Energy_Dominance,200,12.056000,0.054375798,15667.030,false
GA_Energy_Dominance,200,11.474000,0.054453522,16172.872,false
GA_Energy_Dominance,200,12.144000,0.054039047,16385.120,false
GA_Energy_Dominance,200,12.210000,0.053786947,15872.662,false
GA_Energy_Dominance,200,12.972000,0.053212645,15548.934,false
GA_Energy_Dominance,200,12.446000,0.053405769,15254.868,false
GA_Energy_Dominance,200,13.252000,0.053050944,15652.950,false
GA_Energy_Dominance,200,13.022000,0.053080833,15735.430,false
GA_Energy_Dominance,200,13.382000,0.052982566,15506.403,false
GA_Energy_Dominance,200,13.490000,0.052854168,15943.930,false
GA_Energy_Dominance,200,13.646000,0.052705650,15902.019,false
GA_Energy_Dominance,200,13.884000,0.052257981,16134.317,false
GA_Energy_Dominance,200,13.688000,0.052417171,15695.096,false
GA_Energy_Dominance,200,14.020000,0.051997886,15949.953,false
GA_Energy_Dominance,200,14.258000,0.051839349,15789.991,false
GA_Energy_Dominance,200,14.740000,0.051509033,14507.185,false
GA_Energy_Dominance,200,15.444000,0.051491947,14994.530,false
GA_Energy_Dominance,200,15.654000,0.051239237,14744.409,false
GA_Energy_Dominance,200,15.740000,0.051109234,14187.745,false
GA_Energy_Dominance,200,16.066000,0.050953241,14780.694,true
GA_Energy_Dominance,200,15.904000,0.051011638,13909.637,false
GA_Energy_Dominance,200,16.248000,0.050760965,13790.406,true
GA_Energy_Dominance,200,16.750000,0.050588350,14193.510,false
GA_Energy_Dominance,200,16.964000,0.050414461,13981.481,false
GA_Energy_Dominance,200,17.138000,0.050371328,13654.833,true
GA_Energy_Dominance,200,17.350000,0.050220915,13998.677,false
GA_Energy_Dominance,200,17.506000,0.050207245,13748.478,false
GA_Energy_Dominance,200,17.820000,0.050068025,13602.913,false
GA_Energy_Dominance,200,18.104000,0.050019096,13548.091,false
GA_Energy_Dominance,200,18.552000,0.049947543,13186.332,false
GA_Energy_Dominance,200,18.336000,0.049969307,13744.318,false
GA_Energy_Dominance,200,19.362000,0.049805152,13716.083,false
GA_Energy_Dominance,200,18.970000,0.049857626,13789.071,false
GA_Energy_Dominance,200,19.574000,0.049609815,13172.038,false
GA_Energy_Dominance,200,19.982000,0.049432836,12735.697,false
GA_Energy_Dominance,200,19.798000,0.049527308,13221.405,false
GA_Energy_Dominance,200,20.736000,0.049300148,12510.603,false
GA_Energy_Dominance,200,20.414000,0.049423930,12864.553,false
GA_Energy_Dominance,200,20.988000,0.049205406,12887.553,false
GA_Energy_Dominance,200,21.094000,0.049038006,12686.363,false
GA_Energy_Dominance,200,21.282000,0.048961740,12835.917,false
GA_Energy_Dominance,200,21.518000,0.048946775,12776.938,false
GA_Energy_Dominance,200,21.846000,0.048757365,12887.066,false
GA_Energy_Dominance,200,22.760000,0.048624797,12915.784,false
GA_Energy_Dominance,200,22.968000,0.048607091,12934.555,false
GA_Energy_Dominance,200,23.544000,0.048484041,12375.438,false
GA_Energy_Dominance,200,23.806000,0.048405512,12296.887,false
GA_Energy_Dominance,200,24.094000,0.048003504,11815.885,true
GA_Energy_Dominance,200,24.948000,0.047955407,11779.717,true
GA_Energy_Dominance,200,25.220000,0.047881883,11579.291,true
GA_Energy_Dominance,200,25.524000,0.047847846,11637.840,true
GA_Energy_Dominance,200,26.720000,0.047749904,11467.533,false
GA_Energy_Dominance,200,25.834000,0.047803082,11409.923,true
GA_Energy_Dominance,200,26.094000,0.047785936,11465.755,false
GA_Energy_Dominance,201,4.878000,0.062292608,18477.787,false
GA_Energy_Dominance,201,4.740000,0.063189109,17702.394,false
GA_Energy_Dominance,201,4.752000,0.062502423,17931.597,false
GA_Energy_Dominance,201,4.246000,0.063537800,17564.554,false
GA_Energy_Dominance,201,5.136000,0.061168381,16747.396,false
GA_Energy_Dominance,201,6.096000,0.060916368,16951.663,false
GA_Energy_Dominance,201,5.818000,0.061045100,18034.803,false
GA_Energy_Dominance,201,6.724000,0.060770062,18331.601,false
GA_Energy_Dominance,201,6.492000,0.060804529,17914.944,false
GA_Energy_Dominance,201,7.188000,0.059753125,17769.671,false
GA_Energy_Dominance,201,6.984000,0.060089052,17373.171,false
GA_Energy_Dominance,201,7.484000,0.059381786,16359.870,false
GA_Energy_Dominance,201,7.578000,0.058434818,16895.005,false
GA_Energy_Dominance,201,8.136000,0.058417481,17098.704,false
GA_Energy_Dominance,201,8.468000,0.057648059,17408.865,false
GA_Energy_Dominance,201,8.724000,0.057275642,17832.796,false
GA_Energy_Dominance,201,8.284000,0.057994231,16970.635,false
GA_Energy_Dominance,201,8.608000,0.057292789,16368.278,false
GA_Energy_Dominance,201,9.384000,0.056436802,17276.742,false
GA_Energy_Dominance,201,10.398000,0.056005431,16840.707,false
GA_Energy_Dominance,201,10.376000,0.056112423,16577.269,false
GA_Energy_Dominance,201,10.598000,0.055778886,16138.702,false
GA_Energy_Dominance,201,11.164000,0.054821335,16783.105,false
GA_Energy_Dominance,201,10.688000,0.054891798,17133.826,false
GA_Energy_Dominance,201,11.822000,0.054542093,16741.516,false
GA_Energy_Dominance,201,10.914000,0.054839897,16459.102,false
GA_Energy_Dominance,201,11.708000,0.054632220,16015.778,false
GA_Energy_Dominance,201,11.888000,0.054231552,16295.355,false
GA_Energy_Dominance,201,12.596000,0.053759956,16264.743,false
GA_Energy_Dominance,201,12.042000,0.053942831,16268.180,false
GA_Energy_Dominance,201,12.184000,0.053901561,17036.694,false
GA_Energy_Dominance,201,12.742000,0.053545312,16124.075,false
GA_Energy_Dominance,201,13.088000,0.053297971,16666.411,false
GA_Energy_Dominance,201,12.890000,0.053490042,16182.141,false
GA_Energy_Dominance,201,13.264000,0.053229190,16861.359,false
GA_Energy_Dominance,201,13.448000,0.053080526,17058.718,false
GA_Energy_Dominance,201,13.536000,0.052832438,16354.103,false
GA_Energy_Dominance,201,13.698000,0.052786628,16158.829,false
GA_Energy_Dominance,201,13.734000,0.052639976,15489.659,false
GA_Energy_Dominance,201,14.308000,0.052335681,16268.229,false
GA_Energy_Dominance,201,13.878000,0.052461913,15816.202,false
GA_Energy_Dominance,201,14.174000,0.052407977,15598.251,false
GA_Energy_Dominance,201,14.714000,0.051959192,16376.750,false
GA_Energy_Dominance,201,14.472000,0.052122828,16124.174,false
GA_Energy_Dominance,201,14.722000,0.051697794,15979.550,false
GA_Energy_Dominance,201,14.850000,0.051629565,15910.851,false
GA_Energy_Dominance,201,15.044000,0.051629040,15704.795,false
GA_Energy_Dominance,201,15.190000,0.051479357,15428.485,false
GA_Energy_Dominance,201,15.426000,0.051465711,15521.644,false
GA_Energy_Dominance,201,16.150000,0.051228214,15483.974,false
GA_Energy_Dominance,201,15.576000,0.051330894,15764.058,false
GA_Energy_Dominance,201,16.322000,0.051158251,14999.634,false
GA_Energy_Dominance,201,15.814000,0.051278736,15339.317,false
GA_Energy_Dominance,201,16.642000,0.050965176,14205.177,false
GA_Energy_Dominance,201,17.018000,0.050872725,14306.228,false
GA_Energy_Dominance,201,17.356000,0.050718578,14226.957,false
GA_Energy_Dominance,201,17.570000,0.050640106,14046.823,false
GA_Energy_Dominance,201,17.658000,0.050487531,14126.235,false
GA_Energy_Dominance,201,17.870000,0.050418822,14077.305,false
GA_Energy_Dominance,201,18.092000,0.050287570,14373.197,false
GA_Energy_Dominance,201,18.288000,0.050150937,14125.638,false
GA_Energy_Dominance,201,18.618000,0.049995502,14061.399,false
GA_Energy_Dominance,201,18.784000,0.049662421,13138.819,false
GA_Energy_Dominance,201,19.248000,0.049312387,12649.347,true
GA_Energy_Dominance,201,19.098000,0.049593560,12577.573,false
GA_Energy_Dominance,201,19.832000,0.049184750,12439.453,false
GA_Energy_Dominance,201,19.488000,0.049248661,12353.002,false
GA_Energy_Dominance,201,20.490000,0.049089396,12242.721,false
GA_Energy_Dominance,201,20.094000,0.049145333,12490.856,false
GA_Energy_Dominance,201,20.836000,0.048954633,12497.394,false
GA_Energy_Dominance,201,21.020000,0.048855565,12368.823,false
GA_Energy_Dominance,201,22.246000,0.048677165,12023.541,false
GA_Energy_Dominance,201,21.488000,0.048746344,12230.449,false
GA_Energy_Dominance,201,21.820000,0.048701256,12089.772,false
GA_Energy_Dominance,201,22.558000,0.048639306,12311.294,false
GA_Energy_Dominance,201,22.932000,0.048586113,12551.937,false
GA_Energy_Dominance,201,24.290000,0.048165473,11953.869,false
GA_Energy_Dominance,201,23.390000,0.048185052,11849.273,false
GA_Energy_Dominance,201,24.866000,0.048035975,11798.173,false
GA_Energy_Dominance,201,24.530000,0.048141185,12075.434,false
GA_Energy_Dominance,201,25.432000,0.047877314,12028.834,true
GA_Energy_Dominance,201,26.312000,0.047678152,12133.259,true
GA_Energy_Dominance,201,25.974000,0.047709253,12125.163,true
GA_Energy_Dominance,201,26.674000,0.047668823,11610.800,false
GA_Energy_Dominance,202,5.320000,0.061557678,16515.420,false
GA_Energy_Dominance,202,5.228000,0.061720981,17699.351,false
GA_Energy_Dominance,202,5.272000,0.061693439,16411.750,false
GA_Energy_Dominance,202,5.106000,0.061758431,18431.202,false
GA_Energy_Dominance,202,4.904000,0.061823038,17612.473,false
GA_Energy_Dominance,202,4.872000,0.062098786,16995.217,false
GA_Energy_Dominance,202,4.372000,0.062435971,17937.738,false
GA_Energy_Dominance,202,5.290000,0.061626691,16520.829,false
GA_Energy_Dominance,202,5.496000,0.061071193,18454.074,false
GA_Energy_Dominance,202,6.740000,0.060407669,17739.584,false
GA_Energy_Dominance,202,6.128000,0.060501721,17826.541,false
GA_Energy_Dominance,202,6.010000,0.060929712,17688.609,false
GA_Energy_Dominance,202,6.766000,0.059836011,17991.667,false
GA_Energy_Dominance,202,6.916000,0.059433196,17511.905,false
GA_Energy_Dominance,202,7.032000,0.059330860,17397.934,false
GA_Energy_Dominance,202,7.134000,0.058701532,16244.249,false
GA_Energy_Dominance,202,7.566000,0.058601898,17247.839,false
GA_Energy_Dominance,202,7.974000,0.058519647,17931.045,false
GA_Energy_Dominance,202,8.064000,0.057734351,17033.342,false
GA_Energy_Dominance,202,8.310000,0.056969724,17599.349,false
GA_Energy_Dominance,202,8.272000,0.057127745,17361.917,false
GA_Energy_Dominance,202,9.182000,0.056607956,16591.541,false
GA_Energy_Dominance,202,9.522000,0.055787012,16229.814,false
GA_Energy_Dominance,202,10.294000,0.055499134,15977.702,false
GA_Energy_Dominance,202,10.456000,0.055446689,15146.096,false
GA_Energy_Dominance,202,10.510000,0.055245487,15774.156,false
GA_Energy_Dominance,202,10.962000,0.055190864,15520.435,false
GA_Energy_Dominance,202,11.414000,0.054793440,14836.603,false
GA_Energy_Dominance,202,11.128000,0.054999339,15778.940,false
GA_Energy_Dominance,202,11.248000,0.054841664,15608.844,false
GA_Energy_Dominance,202,11.534000,0.054747884,14684.757,false
GA_Energy_Dominance,202,11.574000,0.054292877,15216.704,false
GA_Energy_Dominance,202,11.614000,0.054200974,15445.957,false
GA_Energy_Dominance,202,11.656000,0.053831610,14464.724,false
GA_Energy_Dominance,202,11.710000,0.053614086,15203.500,false
GA_Energy_Dominance,202,11.970000,0.053542848,14810.799,false
GA_Energy_Dominance,202,12.014000,0.053440970,14289.095,false
GA_Energy_Dominance,202,12.156000,0.053348579,13973.548,false
GA_Energy_Dominance,202,12.348000,0.053323645,14931.130,false
GA_Energy_Dominance,202,12.486000,0.052975679,14856.306,false
GA_Energy_Dominance,202,12.364000,0.053099801,14102.946,false
GA_Energy_Dominance,202,12.920000,0.052742227,13942.605,false
GA_Energy_Dominance,202,12.790000,0.052864219,13697.871,false
GA_Energy_Dominance,202,13.054000,0.052581020,13373.690,false
GA_Energy_Dominance,202,13.146000,0.052338674,13617.653,false
GA_Energy_Dominance,202,13.400000,0.052244550,13211.973,false
GA_Energy_Dominance,202,13.518000,0.052240628,13445.555,false
GA_Energy_Dominance,202,13.678000,0.052094875,13383.643,false
GA_Energy_Dominance,202,13.674000,0.052236961,13603.391,false
GA_Energy_Dominance,202,13.970000,0.051995215,13661.050,false
GA_Energy_Dominance,202,13.828000,0.052010887,13671.972,false
GA_Energy_Dominance,202,14.082000,0.051837602,13577.098,false
GA_Energy_Dominance,202,14.564000,0.051588858,12582.512,false
GA_Energy_Dominance,202,14.294000,0.051632884,13067.024,false
GA_Energy_Dominance,202,14.806000,0.051491962,13080.339,false
GA_Energy_Dominance,202,14.998000,0.051401851,13153.282,false
GA_Energy_Dominance,202,15.114000,0.051286114,13300.483,false
GA_Energy_Dominance,202,15.300000,0.051229059,13060.396,false
GA_Energy_Dominance,202,15.962000,0.050965725,13148.941,true
GA_Energy_Dominance,202,15.668000,0.051133220,12471.577,false
GA_Energy_Dominance,202,16.112000,0.050915206,12942.156,true
GA_Energy_Dominance,202,15.786000,0.051013506,13173.905,true
GA_Energy_Dominance,202,16.288000,0.050908727,13113.520,false
GA_Energy_Dominance,202,16.466000,0.050893021,12714.166,false
GA_Energy_Dominance,202,16.642000,0.050727694,12480.652,false
GA_Energy_Dominance,202,17.114000,0.050582827,12458.475,false
GA_Energy_Dominance,202,17.438000,0.050565252,12666.526,false
GA_Energy_Dominance,202,17.076000,0.050721898,12838.621,false
GA_Energy_Dominance,202,17.812000,0.050464846,12371.849,false
GA_Energy_Dominance,202,18.074000,0.050400517,12072.975,false
GA_Energy_Dominance,202,18.150000,0.050204917,12286.015,false
GA_Energy_Dominance,202,18.410000,0.050192958,12435.010,false
GA_Energy_Dominance,202,18.454000,0.049816030,12789.955,false
GA_Energy_Dominance,202,19.106000,0.049716752,12633.757,false
GA_Energy_Dominance,202,18.804000,0.049718610,12898.331,false
GA_Energy_Dominance,202,19.252000,0.049505292,12253.803,false
GA_Energy_Dominance,202,19.540000,0.049456491,12228.987,false
GA_Energy_Dominance,202,19.964000,0.049437440,12283.837,false
GA_Energy_Dominance,202,20.356000,0.049378993,12548.902,false
GA_Energy_Dominance,202,20.644000,0.049321260,12342.184,false
GA_Energy_Dominance,202,21.028000,0.049299150,12436.698,false
GA_Energy_Dominance,202,20.840000,0.049317513,12424.714,false
GA_Energy_Dominance,202,21.216000,0.049293700,12302.514,false
GA_Energy_Dominance,202,21.452000,0.049086233,12046.021,false
GA_Energy_Dominance,202,21.664000,0.048958989,12342.281,false
GA_Energy_Dominance,202,22.266000,0.048853866,11835.972,false
GA_Energy_Dominance,202,22.568000,0.048782294,11834.183,false
GA_Energy_Dominance,202,22.766000,0.048715472,11736.098,false
GA_Energy_Dominance,202,23.070000,0.048633189,11753.270,false
GA_Energy_Dominance,202,23.582000,0.048578448,12164.491,false
GA_Energy_Dominance,202,23.324000,0.048629516,11939.929,false
GA_Energy_Dominance,203,5.320000,0.061557678,16515.420,false
GA_Energy_Dominance,203,5.064000,0.062082278,17084.477,false
GA_Energy_Dominance,203,4.606000,0.062295035,16874.979,false
GA_Energy_Dominance,203,5.642000,0.061361218,17916.058,false
GA_Energy_Dominance,203,6.812000,0.060799198,17286.013,false
GA_Energy_Dominance,203,6.854000,0.060701228,17336.915,false
GA_Energy_Dominance,203,6.364000,0.060879961,18038.620,false
GA_Energy_Dominance,203,7.338000,0.059262986,16665.880,false
GA_Energy_Dominance,203,8.474000,0.058671710,16712.283,false
GA_Energy_Dominance,203,8.110000,0.058752565,16814.509,false
GA_Energy_Dominance,203,6.946000,0.059369118,16120.194,false
GA_Energy_Dominance,203,7.784000,0.058990471,17241.288,false
GA_Energy_Dominance,203,7.722000,0.059085942,16378.683,false
GA_Energy_Dominance,203,7.944000,0.058933511,16828.313,false
GA_Energy_Dominance,203,8.736000,0.057708165,16241.122,false
GA_Energy_Dominance,203,9.074000,0.057617855,16835.351,false
GA_Energy_Dominance,203,9.782000,0.056497583,17012.119,false
GA_Energy_Dominance,203,11.126000,0.056407197,16864.862,false
GA_Energy_Dominance,203,10.548000,0.056409850,16191.102,false
GA_Energy_Dominance,203,9.750000,0.057261795,16941.245,false
GA_Energy_Dominance,203,11.220000,0.056181560,17133.954,false
GA_Energy_Dominance,203,11.388000,0.055371494,17528.827,false
GA_Energy_Dominance,203,12.792000,0.054745763,17195.952,false
GA_Energy_Dominance,203,11.810000,0.055207458,16737.904,false
GA_Energy_Dominance,203,13.012000,0.054592994,16622.172,false
GA_Energy_Dominance,203,11.518000,0.055356116,16530.122,false
GA_Energy_Dominance,203,12.758000,0.054835180,15174.836,false
GA_Energy_Dominance,203,11.890000,0.054875804,16072.693,false
GA_Energy_Dominance,203,13.152000,0.054565221,17127.283,false
GA_Energy_Dominance,203,12.874000,0.054599320,16317.811,false
GA_Energy_Dominance,203,13.480000,0.054322487,16080.935,false
GA_Energy_Dominance,203,13.766000,0.054134609,15157.220,false
GA_Energy_Dominance,203,14.282000,0.053828730,15937.739,false
GA_Energy_Dominance,203,14.058000,0.053998438,15538.855,false
GA_Energy_Dominance,203,14.150000,0.053852962,15863.861,false
GA_Energy_Dominance,203,15.004000,0.053454182,15922.398,false
GA_Energy_Dominance,203,15.280000,0.053389665,16289.803,false
GA_Energy_Dominance,203,15.662000,0.053120190,16146.704,false
GA_Energy_Dominance,203,16.050000,0.052900136,15317.541,false
GA_Energy_Dominance,203,16.120000,0.052611770,16464.600,false
GA_Energy_Dominance,203,15.786000,0.053001159,16424.844,false
GA_Energy_Dominance,203,16.592000,0.052471887,15521.448,false
GA_Energy_Dominance,203,16.858000,0.052329876,16101.940,false
GA_Energy_Dominance,203,16.960000,0.052200344,15494.784,false
GA_Energy_Dominance,203,17.752000,0.051700652,15226.528,false
GA_Energy_Dominance,203,17.544000,0.051757817,15454.594,false
GA_Energy_Dominance,203,17.088000,0.052025486,15429.953,false
GA_Energy_Dominance,203,17.200000,0.051909171,15390.725,false
GA_Energy_Dominance,203,18.032000,0.051349040,15288.717,false
GA_Energy_Dominance,203,19.334000,0.050940071,14443.857,false
GA_Energy_Dominance,203,18.962000,0.051108811,15184.077,false
GA_Energy_Dominance,203,19.602000,0.050911018,14919.032,false
GA_Energy_Dominance,203,18.464000,0.051110788,15151.687,false
GA_Energy_Dominance,203,19.832000,0.050821938,15322.950,false
GA_Energy_Dominance,203,20.176000,0.050492684,14497.528,false
GA_Energy_Dominance,203,20.382000,0.050459224,14459.806,false
GA_Energy_Dominance,203,20.422000,0.050310960,14017.330,false
GA_Energy_Dominance,203,20.604000,0.050151840,13720.495,false
GA_Energy_Dominance,203,20.780000,0.049728926,12775.998,false
GA_Energy_Dominance,203,21.562000,0.049235157,12484.240,false
GA_Energy_Dominance,203,21.230000,0.049306151,12565.837,false
GA_Energy_Dominance,203,21.882000,0.049228658,13042.334,false
GA_Energy_Dominance,203,22.266000,0.049168121,12696.794,false
GA_Energy_Dominance,203,22.990000,0.049078622,12654.535,false
GA_Energy_Dominance,203,22.568000,0.049118418,12442.694,false
GA_Energy_Dominance,203,23.428000,0.049077905,12774.872,false
GA_Energy_Dominance,203,24.104000,0.048855060,12180.049,false
GA_Energy_Dominance,203,23.612000,0.048896841,12228.900,false
GA_Energy_Dominance,203,24.426000,0.048833841,12058.826,false
GA_Energy_Dominance,203,25.110000,0.048344100,11983.878,false
GA_Energy_Dominance,203,24.878000,0.048438397,11533.474,false
GA_Energy_Dominance,203,24.578000,0.048563916,11578.342,false
GA_Energy_Dominance,203,26.002000,0.047943363,11247.769,false
GA_Energy_Dominance,203,25.678000,0.047998584,10977.989,false
GA_Energy_Dominance,203,25.504000,0.048252396,11325.473,false
GA_Energy_Dominance,203,26.504000,0.047633293,11128.757,true
GA_Energy_Dominance,203,26.092000,0.047788587,11168.908,false
GA_Energy_Dominance,203,26.774000,0.047477305,11185.246,true
GA_Energy_Dominance,203,27.504000,0.047421319,11297.762,true
GA_Energy_Dominance,203,27.166000,0.047430337,11176.987,true
GA_Energy_Dominance,203,28.022000,0.047365353,10681.315,true
GA_Energy_Dominance,203,28.478000,0.047286864,10829.865,true
GA_Energy_Dominance,203,29.052000,0.047211361,10336.012,true
GA_Energy_Dominance,203,28.778000,0.047229943,10417.976,true
GA_Energy_Dominance,203,29.312000,0.047177939,10508.034,true
GA_Energy_Dominance,203,29.652000,0.047089536,10351.002,true
GA_Energy_Dominance,203,29.918000,0.047060601,10219.613,true
GA_Energy_Dominance,203,30.348000,0.047044477,10430.874,true
GA_Energy_Dominance,203,30.712000,0.046986486,10421.810,true
GA_Energy_Dominance,203,31.004000,0.046981777,10394.695,true
GA_Energy_Dominance,204,4.412000,0.063909451,17270.574,false
GA_Energy_Dominance,204,5.190000,0.061394334,17631.029,false
GA_Energy_Dominance,204,6.048000,0.060030769,16751.319,false
GA_Energy_Dominance,204,5.140000,0.061717438,16916.530,false
GA_Energy_Dominance,204,4.810000,0.061816259,17574.001,false
GA_Energy_Dominance,204,5.504000,0.060351364,17357.052,false
GA_Energy_Dominance,204,4.516000,0.062279666,16673.170,false
GA_Energy_Dominance,204,5.432000,0.060578712,16900.362,false
GA_Energy_Dominance,204,5.336000,0.061013759,17165.524,false
GA_Energy_Dominance,204,6.132000,0.059950673,15824.223,false
GA_Energy_Dominance,204,6.880000,0.059374068,16979.851,false
GA_Energy_Dominance,204,6.632000,0.059432083,18018.635,false
GA_Energy_Dominance,204,7.722000,0.057043067,16420.133,false
GA_Energy_Dominance,204,7.466000,0.057144373,16390.146,false
GA_Energy_Dominance,204,7.740000,0.056813071,16173.176,false
GA_Energy_Dominance,204,7.380000,0.057554643,16610.967,false
GA_Energy_Dominance,204,7.058000,0.057828048,15907.224,false
GA_Energy_Dominance,204,7.618000,0.057103537,16246.644,false
GA_Energy_Dominance,204,7.932000,0.056665386,16530.419,false
GA_Energy_Dominance,204,8.658000,0.056520251,16254.869,false
GA_Energy_Dominance,204,8.768000,0.056235065,15921.813,false
GA_Energy_Dominance,204,9.162000,0.055866740,16259.532,false
GA_Energy_Dominance,204,8.808000,0.055975013,16336.765,false
GA_Energy_Dominance,204,9.242000,0.055485630,16669.587,false
GA_Energy_Dominance,204,9.800000,0.055123471,15662.909,false
GA_Energy_Dominance,204,9.532000,0.055128688,15941.262,false
GA_Energy_Dominance,204,10.096000,0.055038686,16075.088,false
GA_Energy_Dominance,204,10.244000,0.054807870,16146.749,false
GA_Energy_Dominance,204,10.318000,0.054766049,14951.355,false
GA_Energy_Dominance,204,10.428000,0.054565950,15314.766,false
GA_Energy_Dominance,204,10.728000,0.054258907,14925.207,false
GA_Energy_Dominance,204,10.852000,0.054238770,14651.979,false
GA_Energy_Dominance,204,10.478000,0.054290932,15071.538,false
GA_Energy_Dominance,204,11.336000,0.053662609,14649.902,false
GA_Energy_Dominance,204,10.966000,0.053844450,14563.980,false
GA_Energy_Dominance,204,11.570000,0.053638152,14256.950,false
GA_Energy_Dominance,204,12.234000,0.053259331,14827.174,false
GA_Energy_Dominance,204,11.642000,0.053397255,14343.091,false
GA_Energy_Dominance,204,12.036000,0.053379517,14330.168,false
GA_Energy_Dominance,204,13.016000,0.052872576,14947.890,false
GA_Energy_Dominance,204,12.340000,0.053016780,14412.781,false
GA_Energy_Dominance,204,13.228000,0.052766370,13801.953,false
GA_Energy_Dominance,204,12.908000,0.052876907,14334.055,false
GA_Energy_Dominance,204,13.374000,0.052758328,13785.511,false
GA_Energy_Dominance,204,13.472000,0.052655510,14646.622,false
GA_Energy_Dominance,204,12.602000,0.052965969,14572.690,false
GA_Energy_Dominance,204,13.574000,0.052579568,13673.034,false
GA_Energy_Dominance,204,13.804000,0.052494880,14310.617,false
GA_Energy_Dominance,204,14.278000,0.052368401,14080.920,false
GA_Energy_Dominance,204,14.096000,0.052449307,14346.580,false
GA_Energy_Dominance,204,14.582000,0.052246607,14436.345,false
GA_Energy_Dominance,204,14.386000,0.052316649,15030.518,false
GA_Energy_Dominance,204,14.792000,0.052081267,14156.814,false
GA_Energy_Dominance,204,14.924000,0.052078700,14130.998,false
GA_Energy_Dominance,204,14.982000,0.051893914,14097.282,false
GA_Energy_Dominance,204,15.746000,0.051715819,14092.954,false
GA_Energy_Dominance,204,15.260000,0.051751339,13728.903,false
GA_Energy_Dominance,204,15.604000,0.051734478,14024.264,false
GA_Energy_Dominance,204,16.346000,0.051529159,14796.245,false
GA_Energy_Dominance,204,16.784000,0.051458246,14776.062,false
GA_Energy_Dominance,204,16.572000,0.051493570,14713.868,false
GA_Energy_Dominance,204,17.152000,0.051346533,14100.272,false
GA_Energy_Dominance,204,17.358000,0.051311777,14037.822,false
GA_Energy_Dominance,204,17.534000,0.051210607,14394.149,false
GA_Energy_Dominance,204,17.674000,0.051020216,14149.419,false
GA_Energy_Dominance,204,17.748000,0.050769885,13846.927,false
GA_Energy_Dominance,204,17.882000,0.050531503,13225.499,false
GA_Energy_Dominance,204,18.210000,0.050489446,13239.727,false
GA_Energy_Dominance,204,18.430000,0.050415971,13197.880,false
GA_Energy_Dominance,204,18.584000,0.050371380,13285.117,false
GA_Energy_Dominance,204,18.810000,0.050152606,13226.055,false
GA_Energy_Dominance,204,19.012000,0.050121789,13192.994,false
GA_Energy_Dominance,204,19.242000,0.049995066,13088.490,false
GA_Energy_Dominance,204,19.340000,0.049801431,13294.756,false
GA_Energy_Dominance,204,19.866000,0.049700746,13324.092,false
GA_Energy_Dominance,204,20.054000,0.049660454,13243.842,false
GA_Energy_Dominance,204,20.242000,0.049595135,13089.298,false
GA_Energy_Dominance,204,20.522000,0.049496712,12811.079,false
GA_Energy_Dominance,204,20.764000,0.049402345,12752.758,false
GA_Energy_Dominance,204,21.006000,0.049337736,12934.560,false
GA_Energy_Dominance,204,21.252000,0.049274522,12421.464,false
GA_Energy_Dominance,204,21.448000,0.049198746,12667.003,false
GA_Energy_Dominance,204,21.514000,0.048999357,12096.261,false
GA_Energy_Dominance,204,22.364000,0.048910329,11876.576,false
GA_Energy_Dominance,204,22.634000,0.048884587,12344.042,false
GA_Energy_Dominance,204,21.958000,0.048932792,12112.861,false
GA_Energy_Dominance,205,4.236000,0.064947225,18384.268,false
GA_Energy_Dominance,205,4.288000,0.062340112,18374.295,false
GA_Energy_Dominance,205,4.362000,0.061671172,17637.479,false
GA_Energy_Dominance,205,5.096000,0.060825803,16952.405,false
GA_Energy_Dominance,205,5.202000,0.060663006,16375.383,false
GA_Energy_Dominance,205,5.314000,0.060387228,16786.407,false
GA_Energy_Dominance,205,4.958000,0.060857286,16709.827,false
GA_Energy_Dominance,205,4.652000,0.060859100,16549.367,false
GA_Energy_Dominance,205,5.176000,0.060695941,16652.001,false
GA_Energy_Dominance,205,5.350000,0.060298399,16460.060,false
GA_Energy_Dominance,205,5.588000,0.059754271,16676.024,false
GA_Energy_Dominance,205,5.282000,0.060424738,16396.217,false
GA_Energy_Dominance,205,5.562000,0.059845044,16569.044,false
GA_Energy_Dominance,205,5.602000,0.059671070,16492.623,false
GA_Energy_Dominance,205,5.466000,0.059934986,16252.258,false
GA_Energy_Dominance,205,5.832000,0.059196866,15896.642,false
GA_Energy_Dominance,205,5.872000,0.059092039,15732.874,false
GA_Energy_Dominance,205,5.688000,0.059289015,15960.746,false
GA_Energy_Dominance,205,6.154000,0.058829363,15909.993,false
GA_Energy_Dominance,205,6.282000,0.058715085,15830.404,false
GA_Energy_Dominance,205,6.060000,0.058845411,15559.448,false
GA_Energy_Dominance,205,6.236000,0.058765228,16120.434,false
GA_Energy_Dominance,205,5.960000,0.058904104,15871.903,false
GA_Energy_Dominance,205,6.332000,0.058682487,15819.494,false
GA_Energy_Dominance,205,6.380000,0.058560106,15834.815,false
GA_Energy_Dominance,205,6.420000,0.058466800,15408.390,false
GA_Energy_Dominance,205,6.430000,0.058376236,15551.914,false
GA_Energy_Dominance,205,6.640000,0.058319931,15708.229,false
GA_Energy_Dominance,205,6.688000,0.058230637,15731.588,false
GA_Energy_Dominance,205,6.514000,0.058347346,15782.959,false
GA_Energy_Dominance,205,6.676000,0.058318509,15745.511,false
GA_Energy_Dominance,205,6.804000,0.058041647,15378.605,false
GA_Energy_Dominance,205,6.736000,0.058108573,15741.907,false
GA_Energy_Dominance,205,7.186000,0.057695702,15223.011,false
GA_Energy_Dominance,205,6.874000,0.057882722,15797.403,false
GA_Energy_Dominance,205,7.140000,0.057729718,15422.250,false
GA_Energy_Dominance,205,7.002000,0.057786639,16144.306,false
GA_Energy_Dominance,205,7.298000,0.057614048,15569.233,false
GA_Energy_Dominance,205,7.604000,0.057505232,15456.859,false
GA_Energy_Dominance,205,7.648000,0.057461927,15691.654,false
GA_Energy_Dominance,205,7.444000,0.057520440,15496.655,false
GA_Energy_Dominance,205,7.402000,0.057612964,15373.201,false
GA_Energy_Dominance,205,7.728000,0.057230368,15453.816,false
GA_Energy_Dominance,205,7.882000,0.057188153,15301.059,false
GA_Energy_Dominance,205,8.004000,0.057187757,16157.279,false
GA_Energy_Dominance,205,8.180000,0.056867437,15315.988,false
GA_Energy_Dominance,205,8.100000,0.057088024,15395.267,false
GA_Energy_Dominance,205,8.398000,0.056836863,15261.135,false
GA_Energy_Dominance,205,8.512000,0.056594178,15334.896,false
GA_Energy_Dominance,205,8.548000,0.056395076,15826.310,false
GA_Energy_Dominance,205,8.596000,0.056298499,15959.804,false
GA_Energy_Dominance,205,8.792000,0.055995504,15397.740,false
GA_Energy_Dominance,205,8.624000,0.056099689,15269.179,false
GA_Energy_Dominance,205,8.732000,0.056013698,15641.303,false
GA_Energy_Dominance,205,9.046000,0.055714498,14711.548,false
GA_Energy_Dominance,205,8.916000,0.055769426,14891.494,false
GA_Energy_Dominance,205,9.154000,0.055607322,14686.968,false
GA_Energy_Dominance,205,9.248000,0.055505875,14723.144,false
GA_Energy_Dominance,205,9.326000,0.055491488,15317.277,false
GA_Energy_Dominance,205,9.368000,0.055308662,15092.945,false
GA_Energy_Dominance,205,9.374000,0.055055489,14792.376,false
GA_Energy_Dominance,205,9.382000,0.054778100,14633.279,false
GA_Energy_Dominance,205,9.510000,0.054568987,14248.013,false
GA_Energy_Dominance,205,9.492000,0.054682228,14237.677,false
GA_Energy_Dominance,205,9.640000,0.054211626,13762.650,false
GA_Energy_Dominance,205,9.850000,0.054192989,13808.086,false
GA_Energy_Dominance,205,9.924000,0.053994138,13689.024,true
GA_Energy_Dominance,205,10.030000,0.053920428,13797.885,true
GA_Energy_Dominance,205,10.142000,0.053787142,13449.279,true
GA_Energy_Dominance,205,10.306000,0.053703048,13857.221,false
GA_Energy_Dominance,205,10.482000,0.053620359,13031.593,false
GA_Energy_Dominance,205,10.384000,0.053646602,13073.055,false
GA_Energy_Dominance,205,10.556000,0.053568831,13169.325,false
GA_Energy_Dominance,205,10.658000,0.053521468,13188.926,true
GA_Energy_Dominance,205,10.740000,0.053511778,12986.093,true
GA_Energy_Dominance,205,10.902000,0.053410704,12859.663,true
GA_Energy_Dominance,205,11.008000,0.053398870,12871.537,true
GA_Energy_Dominance,205,11.094000,0.053278173,13455.736,true
GA_Energy_Dominance,205,11.472000,0.053061208,13193.232,true
GA_Energy_Dominance,205,11.324000,0.053078170,13234.882,true
GA_Energy_Dominance,205,11.782000,0.052992199,13058.517,false
GA_Energy_Dominance,205,11.876000,0.052979876,13109.408,false
GA_Energy_Dominance,205,12.042000,0.052946372,12922.497,false
GA_Energy_Dominance,205,12.236000,0.052903389,12957.122,false
GA_Energy_Dominance,205,12.662000,0.052891975,13198.284,false
GA_Energy_Dominance,205,12.790000,0.052847649,13268.508,false
GA_Energy_Dominance,205,12.900000,0.052841276,13047.717,false
GA_Energy_Dominance,205,13.408000,0.052810485,13710.310,false
GA_Energy_Dominance,205,13.280000,0.052824140,13340.281,false
GA_Energy_Dominance,205,13.580000,0.052799077,13243.744,false
GA_Energy_Dominance,206,5.320000,0.061557678,16515.420,false
GA_Energy_Dominance,206,4.220000,0.062785571,17645.796,false
GA_Energy_Dominance,206,5.184000,0.061607343,17940.310,false
GA_Energy_Dominance,206,4.490000,0.062388248,15994.931,false
GA_Energy_Dominance,206,5.300000,0.061578731,16726.520,false
GA_Energy_Dominance,206,4.752000,0.061786199,17474.770,false
GA_Energy_Dominance,206,4.598000,0.062331164,16977.257,false
GA_Energy_Dominance,206,5.620000,0.061037595,16821.462,false
GA_Energy_Dominance,206,4.666000,0.062000650,16898.512,false
GA_Energy_Dominance,206,5.496000,0.061380397,16381.191,false
GA_Energy_Dominance,206,5.538000,0.061212356,17368.723,false
GA_Energy_Dominance,206,5.628000,0.060753753,16534.020,false
GA_Energy_Dominance,206,6.432000,0.060343632,16823.046,false
GA_Energy_Dominance,206,5.778000,0.060522992,16209.488,false
GA_Energy_Dominance,206,5.736000,0.060587785,17312.439,false
GA_Energy_Dominance,206,6.554000,0.060118049,16927.824,false
GA_Energy_Dominance,206,6.650000,0.059947056,16981.296,false
GA_Energy_Dominance,206,6.976000,0.059318150,17149.638,false
GA_Energy_Dominance,206,6.854000,0.059713275,15893.011,false
GA_Energy_Dominance,206,7.090000,0.058671198,16622.493,false
GA_Energy_Dominance,206,8.030000,0.058075110,16549.893,false
GA_Energy_Dominance,206,7.408000,0.058185154,16249.952,false
GA_Energy_Dominance,206,7.886000,0.058143314,16240.668,false
GA_Energy_Dominance,206,8.246000,0.057774387,15496.343,false
GA_Energy_Dominance,206,8.062000,0.057785228,15692.471,false
GA_Energy_Dominance,206,8.382000,0.057629743,16014.608,false
GA_Energy_Dominance,206,8.494000,0.056895469,16110.942,false
GA_Energy_Dominance,206,8.980000,0.056710874,16756.782,false
GA_Energy_Dominance,206,9.252000,0.056284400,15779.574,false
GA_Energy_Dominance,206,9.798000,0.055934195,15478.524,false
GA_Energy_Dominance,206,9.494000,0.056219996,16470.295,false
GA_Energy_Dominance,206,9.032000,0.056510777,15152.115,false
GA_Energy_Dominance,206,9.576000,0.055985607,15574.006,false
GA_Energy_Dominance,206,10.082000,0.055863687,15633.874,false
GA_Energy_Dominance,206,10.230000,0.055731225,15398.636,false
GA_Energy_Dominance,206,10.366000,0.055685707,15680.633,false
GA_Energy_Dominance,206,10.480000,0.055458935,15135.789,false
GA_Energy_Dominance,206,10.374000,0.055555078,14873.655,false
GA_Energy_Dominance,206,10.570000,0.055264130,15772.240,false
GA_Energy_Dominance,206,10.704000,0.055136605,15655.411,false
GA_Energy_Dominance,206,10.856000,0.054825853,15803.868,false
GA_Energy_Dominance,206,10.720000,0.054922095,15354.158,false
GA_Energy_Dominance,206,10.868000,0.054607909,15419.758,false
GA_Energy_Dominance,206,11.424000,0.054382292,15053.399,false
GA_Energy_Dominance,206,11.180000,0.054521674,15427.185,false
GA_Energy_Dominance,206,11.894000,0.054144408,15076.027,false
GA_Energy_Dominance,206,11.560000,0.054345695,14941.841,false
GA_Energy_Dominance,206,11.682000,0.054159578,14593.084,false
GA_Energy_Dominance,206,11.968000,0.053891085,15311.007,false
GA_Energy_Dominance,206,12.346000,0.053774669,14415.081,false
GA_Energy_Dominance,206,12.546000,0.053632216,14645.199,false
GA_Energy_Dominance,206,12.522000,0.053743498,15014.309,false
GA_Energy_Dominance,206,12.224000,0.053788805,14991.683,false
GA_Energy_Dominance,206,12.828000,0.053435741,14376.507,false
GA_Energy_Dominance,206,12.940000,0.053323729,15470.725,false
GA_Energy_Dominance,206,13.124000,0.053299843,15000.486,false
GA_Energy_Dominance,206,13.286000,0.053237965,14620.330,false
GA_Energy_Dominance,206,13.410000,0.053149368,14636.060,false
GA_Energy_Dominance,206,13.530000,0.052789609,14596.778,false
GA_Energy_Dominance,206,14.236000,0.052758009,14429.532,false
GA_Energy_Dominance,206,14.320000,0.052333169,13898.569,false
GA_Energy_Dominance,206,14.836000,0.052226844,14257.701,false
GA_Energy_Dominance,206,14.576000,0.052317858,13990.284,false
GA_Energy_Dominance,206,15.132000,0.052048017,14094.897,false
GA_Energy_Dominance,206,14.922000,0.052110969,13765.775,false
GA_Energy_Dominance,206,15.346000,0.051925412,13258.024,false
GA_Energy_Dominance,206,15.696000,0.051862497,13341.611,false
GA_Energy_Dominance,206,15.890000,0.051423295,12943.483,false
GA_Energy_Dominance,206,16.068000,0.051360416,12878.396,false
GA_Energy_Dominance,206,16.400000,0.051161583,12887.344,false
GA_Energy_Dominance,206,16.360000,0.051280603,12880.623,false
GA_Energy_Dominance,206,16.622000,0.051129168,12992.497,false
GA_Energy_Dominance,206,16.998000,0.051024529,12677.869,false
GA_Energy_Dominance,206,17.362000,0.050953060,12464.905,false
GA_Energy_Dominance,206,17.170000,0.051016002,12801.288,false
GA_Energy_Dominance,206,17.594000,0.050794379,12557.110,false
GA_Energy_Dominance,206,17.764000,0.050639032,12437.982,false
GA_Energy_Dominance,206,17.974000,0.050599260,12358.819,false
GA_Energy_Dominance,206,18.354000,0.050316815,11625.389,false
GA_Energy_Dominance,206,18.106000,0.050339920,12155.001,false
GA_Energy_Dominance,206,18.758000,0.050180484,12139.705,false
GA_Energy_Dominance,206,19.334000,0.049968125,11844.569,false
GA_Energy_Dominance,206,19.508000,0.049788995,11846.351,false
GA_Energy_Dominance,206,18.960000,0.050023943,12180.124,false
GA_Energy_Dominance,206,19.746000,0.049694114,12318.835,false
GA_Energy_Dominance,206,20.026000,0.049597871,12092.375,false
GA_Energy_Dominance,206,20.192000,0.049563897,12328.342,false
GA_Energy_Dominance,206,20.588000,0.049510916,12080.359,false
GA_Energy_Dominance,207,4.782000,0.062447715,18221.614,false
GA_Energy_Dominance,207,4.192000,0.063014261,17229.361,false
GA_Energy_Dominance,207,4.416000,0.062817483,18221.390,false
GA_Energy_Dominance,207,4.656000,0.062787816,18215.187,false
GA_Energy_Dominance,207,6.672000,0.061364370,17355.737,false
GA_Energy_Dominance,207,5.178000,0.061633176,16700.154,false
GA_Energy_Dominance,207,5.170000,0.061767539,16513.537,false
GA_Energy_Dominance,207,7.042000,0.061145214,16505.935,false
GA_Energy_Dominance,207,6.422000,0.061438402,16675.847,false
GA_Energy_Dominance,207,6.920000,0.061271358,17167.392,false
GA_Energy_Dominance,207,5.264000,0.061557678,16506.266,false
GA_Energy_Dominance,207,4.856000,0.061800702,17657.868,false
GA_Energy_Dominance,207,7.634000,0.059445205,18372.425,false
GA_Energy_Dominance,207,7.140000,0.059763434,17533.010,false
GA_Energy_Dominance,207,8.042000,0.058468583,16988.325,false
GA_Energy_Dominance,207,7.658000,0.058997032,18655.374,false
GA_Energy_Dominance,207,8.494000,0.058438816,16323.330,false
GA_Energy_Dominance,207,8.756000,0.058061676,16393.061,false
GA_Energy_Dominance,207,8.798000,0.056993569,15985.939,false
GA_Energy_Dominance,207,9.850000,0.056748428,16079.963,false
GA_Energy_Dominance,207,11.098000,0.056387388,16163.126,false
GA_Energy_Dominance,207,10.896000,0.056575409,15837.147,false
GA_Energy_Dominance,207,10.152000,0.056600732,16694.356,false
GA_Energy_Dominance,207,11.104000,0.055708713,15665.872,false
GA_Energy_Dominance,207,12.418000,0.055415387,16569.582,false
GA_Energy_Dominance,207,12.254000,0.055687583,16657.034,false
GA_Energy_Dominance,207,12.360000,0.055597765,17007.490,false
GA_Energy_Dominance,207,13.240000,0.054842202,15845.392,false
GA_Energy_Dominance,207,13.576000,0.054677529,16585.024,false
GA_Energy_Dominance,207,13.528000,0.054841794,15993.627,false
GA_Energy_Dominance,207,12.492000,0.054984359,16019.145,false
GA_Energy_Dominance,207,14.388000,0.054241130,16594.086,false
GA_Energy_Dominance,207,15.012000,0.053764287,14936.218,false
GA_Energy_Dominance,207,13.826000,0.054579922,15858.224,false
GA_Energy_Dominance,207,16.246000,0.053639049,14924.788,false
GA_Energy_Dominance,207,16.554000,0.053546145,15371.008,false
GA_Energy_Dominance,207,17.086000,0.053123880,15088.993,false
GA_Energy_Dominance,207,17.916000,0.052811326,16121.356,false
GA_Energy_Dominance,207,16.572000,0.053180300,15406.295,false
GA_Energy_Dominance,207,17.624000,0.052940024,15691.268,false
GA_Energy_Dominance,207,18.050000,0.052599831,14862.139,false
GA_Energy_Dominance,207,18.812000,0.051610275,15124.014,false
GA_Energy_Dominance,207,18.098000,0.051760093,14954.622,false
GA_Energy_Dominance,207,19.468000,0.051248060,14935.465,false
GA_Energy_Dominance,207,18.838000,0.051378915,14735.697,false
GA_Energy_Dominance,207,19.154000,0.051266139,15358.653,false
GA_Energy_Dominance,207,19.494000,0.050958541,15060.996,false
GA_Energy_Dominance,207,20.522000,0.050000314,14283.333,false
GA_Energy_Dominance,207,20.280000,0.050143275,14280.865,false
GA_Energy_Dominance,207,19.724000,0.050252233,14467.177,false
GA_Energy_Dominance,207,20.816000,0.049958469,14147.624,false
GA_Energy_Dominance,207,20.986000,0.049709773,13107.271,false
GA_Energy_Dominance,207,21.238000,0.049679360,13236.154,false
GA_Energy_Dominance,207,21.592000,0.049622411,12786.325,false
GA_Energy_Dominance,207,21.878000,0.049601061,12666.050,false
GA_Energy_Dominance,207,22.560000,0.049457082,12893.183,false
GA_Energy_Dominance,207,22.166000,0.049469123,13116.379,false
GA_Energy_Dominance,207,22.896000,0.049456799,13290.582,false
GA_Energy_Dominance,207,22.920000,0.049220465,12786.835,false
GA_Energy_Dominance,207,24.040000,0.049049325,12620.147,false
GA_Energy_Dominance,207,23.406000,0.049119203,12601.827,false
GA_Energy_Dominance,207,23.666000,0.049083280,12561.432,false
GA_Energy_Dominance,207,24.272000,0.049019254,12616.145,false
GA_Energy_Dominance,207,24.470000,0.048474759,11931.413,false
GA_Energy_Dominance,207,25.180000,0.048348079,12414.196,false
GA_Energy_Dominance,207,25.622000,0.048260940,11744.876,false
GA_Energy_Dominance,207,26.390000,0.048082458,11744.983,false
GA_Energy_Dominance,207,25.938000,0.048089293,11593.657,false
GA_Energy_Dominance,207,26.410000,0.047888242,11081.556,false
GA_Energy_Dominance,207,27.146000,0.047706325,10859.238,false
GA_Energy_Dominance,207,27.834000,0.047435187,11228.747,false
GA_Energy_Dominance,207,28.146000,0.047357269,11205.567,true
GA_Energy_Dominance,207,29.234000,0.047260939,11012.168,false
GA_Energy_Dominance,207,28.706000,0.047301325,11138.647,false
GA_Energy_Dominance,207,28.438000,0.047309069,11024.398,true
GA_Energy_Dominance,208,4.166000,0.063502388,17100.696,false
GA_Energy_Dominance,208,4.176000,0.063157918,16904.615,false
GA_Energy_Dominance,208,4.238000,0.061813255,17303.007,false
GA_Energy_Dominance,208,4.974000,0.061115995,16617.048,false
GA_Energy_Dominance,208,4.402000,0.061409840,17100.898,false
GA_Energy_Dominance,208,5.234000,0.060800003,17603.224,false
GA_Energy_Dominance,208,5.112000,0.061024760,16986.455,false
GA_Energy_Dominance,208,5.334000,0.060796620,16390.381,false
GA_Energy_Dominance,208,5.034000,0.061053626,16551.508,false
GA_Energy_Dominance,208,5.176000,0.060840391,17269.876,false
GA_Energy_Dominance,208,5.128000,0.060860181,16473.861,false
GA_Energy_Dominance,208,5.708000,0.059885379,16603.689,false
GA_Energy_Dominance,208,5.502000,0.059921035,17825.588,false
GA_Energy_Dominance,208,5.342000,0.060255461,17457.621,false
GA_Energy_Dominance,208,5.858000,0.059404358,17581.976,false
GA_Energy_Dominance,208,6.074000,0.059277615,16263.100,false
GA_Energy_Dominance,208,6.544000,0.058632628,17383.001,false
GA_Energy_Dominance,208,6.316000,0.058740805,17487.202,false
GA_Energy_Dominance,208,6.172000,0.059150741,16016.189,false
GA_Energy_Dominance,208,6.168000,0.059209083,17433.873,false
GA_Energy_Dominance,208,6.466000,0.058668339,17521.898,false
GA_Energy_Dominance,208,6.242000,0.058860834,16060.334,false
GA_Energy_Dominance,208,6.290000,0.058859002,17057.411,false
GA_Energy_Dominance,208,6.638000,0.058603987,17166.877,false
GA_Energy_Dominance,208,6.664000,0.058053964,16874.859,false
GA_Energy_Dominance,208,6.778000,0.057542864,16625.130,false
GA_Energy_Dominance,208,7.032000,0.057360260,16308.337,false
GA_Energy_Dominance,208,7.044000,0.057099324,16377.015,false
GA_Energy_Dominance,208,6.938000,0.057482401,16143.598,false
GA_Energy_Dominance,208,7.134000,0.056883779,16595.364,false
GA_Energy_Dominance,208,7.320000,0.056556176,15792.695,false
GA_Energy_Dominance,208,7.238000,0.056800088,16268.747,false
GA_Energy_Dominance,208,7.712000,0.056145135,16582.443,false
GA_Energy_Dominance,208,7.308000,0.056667162,16272.890,false
GA_Energy_Dominance,208,7.786000,0.056087720,15852.085,false
GA_Energy_Dominance,208,7.662000,0.056188433,16054.129,false
GA_Energy_Dominance,208,7.406000,0.056274556,15722.046,false
GA_Energy_Dominance,208,7.820000,0.055852548,16257.723,false
GA_Energy_Dominance,208,7.814000,0.055998269,14947.093,false
GA_Energy_Dominance,208,7.896000,0.055751807,15592.175,false
GA_Energy_Dominance,208,8.100000,0.055434490,15962.391,false
GA_Energy_Dominance,208,7.932000,0.055501782,15401.553,false
GA_Energy_Dominance,208,8.258000,0.054921457,15300.973,false
GA_Energy_Dominance,208,8.232000,0.055029536,15304.167,false
GA_Energy_Dominance,208,8.156000,0.055079734,15472.651,false
GA_Energy_Dominance,208,8.340000,0.054787626,14923.398,false
GA_Energy_Dominance,208,8.624000,0.054751049,14862.970,false
GA_Energy_Dominance,208,8.486000,0.054759599,14883.476,false
GA_Energy_Dominance,208,8.678000,0.054594800,15411.251,false
GA_Energy_Dominance,208,9.018000,0.054371210,14947.060,false
GA_Energy_Dominance,208,8.852000,0.054577793,16053.406,false
GA_Energy_Dominance,208,9.234000,0.054330923,14830.468,false
GA_Energy_Dominance,208,9.000000,0.054501563,15109.351,false
GA_Energy_Dominance,208,9.432000,0.054311701,15643.838,false
GA_Energy_Dominance,208,9.586000,0.054288179,15738.498,false
GA_Energy_Dominance,208,10.212000,0.054087387,14964.127,false
GA_Energy_Dominance,208,9.886000,0.054096883,15118.344,true
GA_Energy_Dominance,208,10.392000,0.054058731,15554.020,false
GA_Energy_Dominance,208,9.668000,0.054224617,15071.403,false
GA_Energy_Dominance,208,10.502000,0.053998158,15470.262,false
GA_Energy_Dominance,208,10.602000,0.053955226,15364.127,false
GA_Energy_Dominance,208,10.874000,0.053833675,15419.775,false
GA_Energy_Dominance,208,11.184000,0.053743942,15315.512,false
GA_Energy_Dominance,208,11.382000,0.053561531,15187.749,false
GA_Energy_Dominance,208,11.352000,0.053673256,15209.092,false
GA_Energy_Dominance,208,11.528000,0.053448116,15175.659,false
GA_Energy_Dominance,208,11.820000,0.053340144,14809.670,false
GA_Energy_Dominance,208,11.716000,0.053342625,14798.488,false
GA_Energy_Dominance,208,11.676000,0.053446143,14900.360,false
GA_Energy_Dominance,208,11.904000,0.053259061,14770.853,false
GA_Energy_Dominance,208,11.992000,0.053052748,14815.290,false
GA_Energy_Dominance,208,12.060000,0.052578717,14129.379,true
GA_Energy_Dominance,208,12.432000,0.052561417,14382.328,false
GA_Energy_Dominance,208,12.980000,0.052452280,14341.156,false
GA_Energy_Dominance,208,12.754000,0.052527902,14385.238,false
GA_Energy_Dominance,208,13.132000,0.052322107,14650.870,false
GA_Energy_Dominance,208,13.264000,0.052236550,14515.175,false
GA_Energy_Dominance,208,13.822000,0.052081531,14319.130,false
GA_Energy_Dominance,208,13.416000,0.052109061,14323.156,false
GA_Energy_Dominance,208,14.802000,0.051978894,13825.504,false
GA_Energy_Dominance,208,15.438000,0.051178314,14162.903,false
GA_Energy_Dominance,208,15.376000,0.051305244,14340.832,false
GA_Energy_Dominance,208,14.848000,0.051314184,14051.259,false
GA_Energy_Dominance,208,15.784000,0.051037795,14200.430,true
GA_Energy_Dominance,208,15.620000,0.051131516,14172.053,false
GA_Energy_Dominance,208,15.916000,0.051018164,13723.179,false
GA_Energy_Dominance,208,16.250000,0.050901878,13451.214,false
GA_Energy_Dominance,208,16.458000,0.050831067,13701.418,false
GA_Energy_Dominance,208,16.526000,0.050636628,13403.613,true
GA_Energy_Dominance,208,17.030000,0.050553899,13504.038,false
GA_Energy_Dominance,208,17.186000,0.050544643,13672.672,false
GA_Energy_Dominance,208,16.670000,0.050572395,13631.019,true
GA_Energy_Dominance,208,17.348000,0.050490113,13415.297,false
GA_Energy_Dominance,208,17.556000,0.050457719,13195.274,false
GA_Energy_Dominance,208,17.786000,0.050342699,13485.247,false
GA_Energy_Dominance,208,18.304000,0.050167282,13090.042,false
GA_Energy_Dominance,208,18.058000,0.050216440,13090.042,false
GA_Energy_Dominance,208,18.524000,0.050125926,13173.991,false
GA_Energy_Dominance,208,19.044000,0.050090014,13310.417,false
GA_Energy_Dominance,208,19.504000,0.050041906,13264.946,false
GA_Energy_Dominance,208,19.222000,0.050081092,13386.953,false
GA_Energy_Dominance,208,19.692000,0.050001272,13270.409,false
GA_Energy_Dominance,208,19.966000,0.049986316,13118.265,false
GA_Energy_Dominance,208,20.704000,0.049962177,13142.520,false
GA_Energy_Dominance,209,5.320000,0.061557678,16515.420,false
GA_Energy_Dominance,209,4.526000,0.063364407,17651.773,false
GA_Energy_Dominance,209,5.302000,0.061599784,16515.420,false
GA_Energy_Dominance,209,4.620000,0.062481807,16841.009,false
GA_Energy_Dominance,209,5.022000,0.061908374,16769.900,false
GA_Energy_Dominance,209,6.658000,0.061440185,16943.917,false
GA_Energy_Dominance,209,6.700000,0.061194055,16872.408,false
GA_Energy_Dominance,209,7.408000,0.061042479,17159.875,false
GA_Energy_Dominance,209,7.410000,0.060722055,17105.235,false
GA_Energy_Dominance,209,7.508000,0.060461767,18260.569,false
GA_Energy_Dominance,209,8.420000,0.058964238,17219.818,false
GA_Energy_Dominance,209,8.652000,0.058952001,16625.608,false
GA_Energy_Dominance,209,7.948000,0.059549345,17190.100,false
GA_Energy_Dominance,209,8.728000,0.058917767,17131.825,false
GA_Energy_Dominance,209,8.114000,0.059507675,18087.457,false
GA_Energy_Dominance,209,7.656000,0.059646007,16162.385,false
GA_Energy_Dominance,209,8.752000,0.058511386,17013.031,false
GA_Energy_Dominance,209,9.050000,0.058105911,17683.812,false
GA_Energy_Dominance,209,9.634000,0.058012090,17028.073,false
GA_Energy_Dominance,209,9.720000,0.057745512,16973.516,false
GA_Energy_Dominance,209,10.480000,0.056665258,16790.477,false
GA_Energy_Dominance,209,11.004000,0.056170916,16689.236,false
GA_Energy_Dominance,209,9.902000,0.056827632,16415.631,false
GA_Energy_Dominance,209,10.770000,0.056614864,16525.215,false
GA_Energy_Dominance,209,10.874000,0.056438507,16980.035,false
GA_Energy_Dominance,209,11.088000,0.055824797,16180.911,false
GA_Energy_Dominance,209,11.670000,0.055074292,17277.720,false
GA_Energy_Dominance,209,11.322000,0.055127074,16363.471,false
GA_Energy_Dominance,209,11.784000,0.054733160,16441.920,false
GA_Energy_Dominance,209,11.822000,0.054453555,15871.058,false
GA_Energy_Dominance,209,11.778000,0.054847350,16010.557,false
GA_Energy_Dominance,209,12.540000,0.054016185,15890.951,false
GA_Energy_Dominance,209,12.360000,0.054177706,16041.900,false
GA_Energy_Dominance,209,12.282000,0.054274119,16146.154,false
GA_Energy_Dominance,209,12.012000,0.054359649,15889.746,false
GA_Energy_Dominance,209,12.388000,0.054055447,15663.252,false
GA_Energy_Dominance,209,13.308000,0.053749347,15140.871,false
GA_Energy_Dominance,209,13.128000,0.053789985,15441.138,false
GA_Energy_Dominance,209,13.346000,0.053463177,15376.003,false
GA_Energy_Dominance,209,13.596000,0.053291801,15358.517,false
GA_Energy_Dominance,209,13.460000,0.053448440,15464.745,false
GA_Energy_Dominance,209,14.108000,0.053018686,15801.292,false
GA_Energy_Dominance,209,14.462000,0.052849752,15378.222,false
GA_Energy_Dominance,209,14.698000,0.052777543,15781.870,false
GA_Energy_Dominance,209,14.324000,0.052966014,15806.994,false
GA_Energy_Dominance,209,13.984000,0.053134138,15807.502,false
GA_Energy_Dominance,209,14.910000,0.052595014,15089.452,false
GA_Energy_Dominance,209,14.732000,0.052600306,15329.097,false
GA_Energy_Dominance,209,15.030000,0.052495005,14828.283,false
GA_Energy_Dominance,209,15.244000,0.052483890,14946.490,false
GA_Energy_Dominance,209,15.276000,0.052357092,15479.707,false
GA_Energy_Dominance,209,15.456000,0.052335820,15435.251,false
GA_Energy_Dominance,209,15.798000,0.052173924,14860.261,false
GA_Energy_Dominance,209,15.770000,0.052314952,15139.856,false
GA_Energy_Dominance,209,16.526000,0.051866035,14844.617,false
GA_Energy_Dominance,209,16.218000,0.051989065,15308.270,false
GA_Energy_Dominance,209,16.060000,0.052031952,15284.593,false
GA_Energy_Dominance,209,17.802000,0.051387154,14114.253,false
GA_Energy_Dominance,209,16.634000,0.051552058,14406.567,false
GA_Energy_Dominance,209,17.340000,0.051492072,14581.387,false
GA_Energy_Dominance,209,17.570000,0.051444981,14409.062,false
GA_Energy_Dominance,209,18.358000,0.051224209,14307.228,false
GA_Energy_Dominance,209,18.080000,0.051277122,14617.701,false
GA_Energy_Dominance,209,18.718000,0.051004065,14357.737,false
GA_Energy_Dominance,209,18.966000,0.050934747,14536.073,false
GA_Energy_Dominance,209,19.180000,0.050861099,14525.341,false
GA_Energy_Dominance,209,19.506000,0.050803093,14035.712,false
GA_Energy_Dominance,209,19.720000,0.050752823,14069.199,false
GA_Energy_Dominance,209,20.004000,0.050477385,13617.743,false
GA_Energy_Dominance,209,19.792000,0.050563136,13754.989,false
GA_Energy_Dominance,209,20.242000,0.050385978,13216.432,false
GA_Energy_Dominance,209,21.052000,0.050265136,13297.191,false
GA_Energy_Dominance,209,20.708000,0.050363640,13574.377,false
GA_Energy_Dominance,209,21.464000,0.050261299,13692.542,false
GA_Energy_Dominance,209,21.722000,0.050139064,13472.764,false
GA_Energy_Dominance,209,22.434000,0.050059271,13379.160,false
GA_Energy_Dominance,209,22.818000,0.049939923,13621.418,false
GA_Energy_Dominance,209,23.030000,0.049715983,13571.183,false
GA_Energy_Dominance,209,23.218000,0.049394184,13311.712,false
GA_Energy_Dominance,209,23.778000,0.049265958,13428.140,false
GA_Energy_Dominance,209,24.046000,0.049207913,13066.218,false
GA_Energy_Dominance,209,23.476000,0.049343519,13519.379,false
GA_Energy_Dominance,209,24.464000,0.049092511,13487.144,false
GA_Energy_Dominance,209,24.674000,0.048931842,13084.001,false
GA_Energy_Dominance,209,24.840000,0.048752048,12582.555,false
GA_Energy_Dominance,209,24.986000,0.048540371,12211.891,false
GA_Energy_Dominance,209,25.702000,0.048345315,12327.579,false
GA_Energy_Dominance,209,25.414000,0.048362063,12102.268,false
GA_Energy_Dominance,209,26.102000,0.048300322,12185.680,false
GA_Energy_Dominance,209,26.412000,0.048277529,12215.906,false
GA_Energy_Dominance,209,26.700000,0.048195687,12078.904,false
GA_Energy_Dominance,209,26.972000,0.048139768,12066.457,false
GA_Energy_Dominance,209,27.482000,0.048087639,12213.787,false
GA_Energy_Dominance,209,27.764000,0.047992764,12119.769,false
GA_Energy_Dominance,209,28.404000,0.047867317,11658.530,false
GA_Energy_Dominance,209,28.022000,0.047923047,11726.928,false
GA_Energy_Dominance,209,28.782000,0.047857831,11536.695,false
GA_Energy_Dominance,209,29.818000,0.047728788,11472.159,false
GA_Energy_Dominance,209,29.480000,0.047740453,11433.405,false
GA_Energy_Dominance,209,30.104000,0.047549043,11080.784,false
GA_Energy_Dominance,209,30.452000,0.047516069,11201.295,false
GA_Energy_Dominance,209,30.854000,0.047476899,11042.108,false
GA_Energy_Dominance,209,31.150000,0.047458693,10771.140,false
GA_Energy_Dominance,209,32.172000,0.047435093,10874.463,false
GA_Energy_Dominance,209,31.454000,0.047453154,10818.808,false
SA_WaitingTime_Dominance,200,3.428000,0.063574826,15613.842,false
SA_WaitingTime_Dominance,200,3.400000,0.063589900,15674.905,false
SA_WaitingTime_Dominance,200,3.356000,0.063766616,16062.663,false
SA_WaitingTime_Dominance,200,3.348000,0.063824927,16209.350,false
SA_WaitingTime_Dominance,200,3.332000,0.064363541,16499.927,false
SA_WaitingTime_Dominance,200,3.312000,0.064409996,16630.764,false
SA_WaitingTime_Dominance,200,3.292000,0.065085893,18791.101,false
SA_WaitingTime_Dominance,200,1.888000,0.065317222,19575.537,false
SA_WaitingTime_Dominance,200,1.862000,0.065594235,19916.357,false
SA_WaitingTime_Dominance,200,1.864000,0.065493101,20015.899,false
SA_WaitingTime_Dominance,200,1.870000,0.065326670,19678.612,false
SA_WaitingTime_Dominance,200,1.858000,0.065618506,19495.449,false
SA_WaitingTime_Dominance,200,1.842000,0.065711292,18857.976,false
SA_WaitingTime_Dominance,200,1.848000,0.065671350,18824.136,false
SA_WaitingTime_Dominance,200,1.856000,0.065646280,20164.319,false
SA_WaitingTime_Dominance,200,1.840000,0.065754371,20182.157,false
SA_WaitingTime_Dominance,201,3.418000,0.063610953,15671.057,false
SA_WaitingTime_Dominance,201,3.408000,0.063632006,15613.842,false
SA_WaitingTime_Dominance,201,3.420000,0.063589900,15983.072,false
SA_WaitingTime_Dominance,201,3.438000,0.063545405,15613.842,false
SA_WaitingTime_Dominance,201,3.552000,0.063442500,18193.518,false
SA_WaitingTime_Dominance,201,3.550000,0.063532069,18015.359,false
SA_WaitingTime_Dominance,201,3.392000,0.064068618,18118.548,false
SA_WaitingTime_Dominance,201,3.384000,0.064110723,18093.522,false
SA_WaitingTime_Dominance,201,3.394000,0.064063555,18176.350,false
SA_WaitingTime_Dominance,201,3.222000,0.064510254,19307.472,false
SA_WaitingTime_Dominance,201,3.234000,0.064466133,19240.439,false
SA_WaitingTime_Dominance,201,3.216000,0.064523017,19264.206,false
SA_WaitingTime_Dominance,201,2.672000,0.064595306,18491.314,false
SA_WaitingTime_Dominance,201,2.508000,0.064852499,19489.569,false
SA_WaitingTime_Dominance,201,2.446000,0.064860050,19556.601,false
SA_WaitingTime_Dominance,201,2.432000,0.064892330,19556.601,false
SA_WaitingTime_Dominance,201,2.408000,0.064909258,19248.627,false
SA_WaitingTime_Dominance,201,2.406000,0.064954592,19248.627,false
SA_WaitingTime_Dominance,201,2.404000,0.065012014,19130.623,false
SA_WaitingTime_Dominance,201,2.392000,0.065081780,18697.456,false
SA_WaitingTime_Dominance,201,2.244000,0.065177947,19475.505,false
SA_WaitingTime_Dominance,201,1.866000,0.065529660,19780.983,false
SA_WaitingTime_Dominance,201,1.884000,0.065384727,19426.018,false
SA_WaitingTime_Dominance,201,1.862000,0.065554991,19586.617,false
SA_WaitingTime_Dominance,201,1.870000,0.065472418,19579.756,false
SA_WaitingTime_Dominance,201,1.906000,0.065276914,20313.676,false
SA_WaitingTime_Dominance,201,1.882000,0.065444887,19486.834,false
SA_WaitingTime_Dominance,201,2.152000,0.065184860,19355.978,false
SA_WaitingTime_Dominance,202,3.428000,0.063602724,15736.989,false
SA_WaitingTime_Dominance,202,3.418000,0.063610953,15718.568,false
SA_WaitingTime_Dominance,202,3.412000,0.063632006,15613.842,false
SA_WaitingTime_Dominance,202,3.392000,0.064376191,15937.729,false
SA_WaitingTime_Dominance,202,3.402000,0.064139001,15997.997,false
SA_WaitingTime_Dominance,202,3.394000,0.064315866,16208.311,false
SA_WaitingTime_Dominance,202,3.264000,0.064791452,18308.211,false
SA_WaitingTime_Dominance,202,3.254000,0.064810229,18269.201,false
SA_WaitingTime_Dominance,202,3.246000,0.064823255,18256.922,false
SA_WaitingTime_Dominance,202,3.230000,0.064833534,18173.056,false
SA_WaitingTime_Dominance,202,3.278000,0.064424802,18147.752,false
SA_WaitingTime_Dominance,202,3.272000,0.064765559,18254.863,false
SA_WaitingTime_Dominance,202,1.914000,0.064870732,19486.342,false
SA_WaitingTime_Dominance,202,1.904000,0.064984719,20238.940,true
SA_WaitingTime_Dominance,202,1.866000,0.065017408,19846.185,true
SA_WaitingTime_Dominance,202,1.852000,0.065222522,20167.566,true
SA_WaitingTime_Dominance,202,1.844000,0.065318202,19881.225,true
SA_WaitingTime_Dominance,202,1.840000,0.065336658,20038.741,true
SA_WaitingTime_Dominance,202,1.846000,0.065274900,20230.647,true
SA_WaitingTime_Dominance,202,1.838000,0.065519911,19307.565,false
SA_WaitingTime_Dominance,203,3.412000,0.063632006,15763.537,false
SA_WaitingTime_Dominance,203,3.426000,0.063574826,15623.935,false
SA_WaitingTime_Dominance,203,3.424000,0.063613129,15714.113,false
SA_WaitingTime_Dominance,203,1.960000,0.064495531,19273.566,true
SA_WaitingTime_Dominance,203,1.934000,0.064664293,18827.368,true
SA_WaitingTime_Dominance,203,1.936000,0.064643240,18827.368,true
SA_WaitingTime_Dominance,203,1.926000,0.064687265,18688.027,true
SA_WaitingTime_Dominance,203,1.980000,0.064400930,18923.189,true
SA_WaitingTime_Dominance,203,1.940000,0.064619048,19257.791,true
SA_WaitingTime_Dominance,203,1.958000,0.064559980,19597.286,true
SA_WaitingTime_Dominance,203,1.946000,0.064586035,19348.067,true
SA_WaitingTime_Dominance,203,2.322000,0.064357719,18817.599,false
SA_WaitingTime_Dominance,203,2.376000,0.064316006,18688.750,false
SA_WaitingTime_Dominance,203,2.602000,0.064217316,18734.386,false
SA_WaitingTime_Dominance,203,3.018000,0.064205942,19154.500,false
SA_WaitingTime_Dominance,203,3.024000,0.064126783,19547.595,false
SA_WaitingTime_Dominance,203,3.136000,0.064010638,19414.725,false
SA_WaitingTime_Dominance,203,3.062000,0.064096584,19377.249,false
SA_WaitingTime_Dominance,203,2.394000,0.064262026,18949.754,false
SA_WaitingTime_Dominance,204,3.412000,0.063601721,15613.842,false
SA_WaitingTime_Dominance,204,3.410000,0.063632006,15613.842,false
SA_WaitingTime_Dominance,204,3.424000,0.063567859,15566.331,false
SA_WaitingTime_Dominance,204,3.408000,0.063762718,15613.842,false
SA_WaitingTime_Dominance,204,3.450000,0.063565358,15661.353,false
SA_WaitingTime_Dominance,204,3.404000,0.063824238,15717.974,false
SA_WaitingTime_Dominance,204,3.400000,0.064016502,15714.355,false
SA_WaitingTime_Dominance,204,3.388000,0.064165933,16586.791,false
SA_WaitingTime_Dominance,204,3.368000,0.064199543,16666.354,false
SA_WaitingTime_Dominance,204,3.366000,0.064247959,16745.131,false
SA_WaitingTime_Dominance,204,3.030000,0.064749858,19054.578,false
SA_WaitingTime_Dominance,204,3.026000,0.064780104,18919.464,false
SA_WaitingTime_Dominance,204,3.034000,0.064611682,18966.975,false
SA_WaitingTime_Dominance,204,3.044000,0.064528666,19044.230,false
SA_WaitingTime_Dominance,204,2.360000,0.064914847,19019.406,false
SA_WaitingTime_Dominance,204,2.368000,0.064854764,19019.406,false
SA_WaitingTime_Dominance,204,2.338000,0.064986687,18901.526,false
SA_WaitingTime_Dominance,204,1.926000,0.065132063,19981.088,false
SA_WaitingTime_Dominance,204,1.954000,0.064988082,19769.988,false
SA_WaitingTime_Dominance,204,1.934000,0.065049190,20024.751,false
SA_WaitingTime_Dominance,204,1.930000,0.065107480,19609.571,false
SA_WaitingTime_Dominance,204,1.920000,0.065179047,19579.587,false
SA_WaitingTime_Dominance,204,1.900000,0.065295330,19005.351,false
SA_WaitingTime_Dominance,204,1.912000,0.065236746,19101.148,false
SA_WaitingTime_Dominance,204,1.872000,0.065495097,19511.508,false
SA_WaitingTime_Dominance,204,1.860000,0.065551566,19520.711,false
SA_WaitingTime_Dominance,204,1.840000,0.065708693,19564.583,false
SA_WaitingTime_Dominance,204,1.846000,0.065631942,19611.113,false
SA_WaitingTime_Dominance,204,1.856000,0.065610276,20029.658,false
SA_WaitingTime_Dominance,204,1.838000,0.065834391,19714.103,false
SA_WaitingTime_Dominance,205,3.404000,0.063589900,15674.905,false
SA_WaitingTime_Dominance,205,3.422000,0.063567351,15613.842,false
SA_WaitingTime_Dominance,205,2.664000,0.063861698,18902.440,false
SA_WaitingTime_Dominance,205,2.660000,0.063952424,19136.557,false
SA_WaitingTime_Dominance,205,2.610000,0.063975078,19168.324,false
SA_WaitingTime_Dominance,205,2.600000,0.064048230,19168.324,false
SA_WaitingTime_Dominance,205,2.598000,0.064067347,19168.324,false
SA_WaitingTime_Dominance,205,2.580000,0.064121229,19231.101,false
SA_WaitingTime_Dominance,205,2.570000,0.064274961,19701.664,false
SA_WaitingTime_Dominance,205,2.562000,0.064306278,19701.664,false
SA_WaitingTime_Dominance,205,2.544000,0.064466572,19294.745,false
SA_WaitingTime_Dominance,205,2.390000,0.064869766,18861.384,false
SA_WaitingTime_Dominance,205,2.420000,0.064778918,18861.384,false
SA_WaitingTime_Dominance,205,2.434000,0.064702747,18888.864,false
SA_WaitingTime_Dominance,205,2.376000,0.064895404,18924.274,false
SA_WaitingTime_Dominance,205,2.392000,0.064813225,19008.705,false
SA_WaitingTime_Dominance,205,2.340000,0.064900222,19505.404,false
SA_WaitingTime_Dominance,205,2.248000,0.064965777,19016.360,false
SA_WaitingTime_Dominance,205,2.276000,0.064914541,18990.498,false
SA_WaitingTime_Dominance,205,2.302000,0.064910081,18909.750,false
SA_WaitingTime_Dominance,205,2.244000,0.065041152,18664.717,false
SA_WaitingTime_Dominance,205,2.250000,0.064919413,18536.124,false
SA_WaitingTime_Dominance,205,1.936000,0.065263991,19531.016,false
SA_WaitingTime_Dominance,205,1.934000,0.065306377,19206.580,false
SA_WaitingTime_Dominance,205,1.994000,0.065084022,19637.645,false
SA_WaitingTime_Dominance,205,1.988000,0.065139583,19809.410,false
SA_WaitingTime_Dominance,205,1.962000,0.065152201,19952.150,false
SA_WaitingTime_Dominance,205,1.938000,0.065176161,19020.045,false
SA_WaitingTime_Dominance,205,1.924000,0.065411881,19006.229,false
SA_WaitingTime_Dominance,205,1.918000,0.065594505,19080.587,false
SA_WaitingTime_Dominance,205,1.920000,0.065552399,19375.095,false
SA_WaitingTime_Dominance,205,1.916000,0.065665616,19175.275,false
SA_WaitingTime_Dominance,205,1.912000,0.065708865,19538.854,false
SA_WaitingTime_Dominance,205,1.908000,0.065743351,19569.841,false
SA_WaitingTime_Dominance,206,3.412000,0.063606103,15613.842,false
SA_WaitingTime_Dominance,206,3.410000,0.063744828,15613.842,false
SA_WaitingTime_Dominance,206,3.420000,0.063589900,15859.925,false
SA_WaitingTime_Dominance,206,2.450000,0.064594573,18667.783,false
SA_WaitingTime_Dominance,206,2.374000,0.064614382,19132.591,false
SA_WaitingTime_Dominance,206,2.378000,0.064599754,19132.591,false
SA_WaitingTime_Dominance,206,2.300000,0.064671257,19449.758,false
SA_WaitingTime_Dominance,206,2.318000,0.064658761,19433.433,false
SA_WaitingTime_Dominance,206,2.242000,0.064747740,19105.367,false
SA_WaitingTime_Dominance,206,2.250000,0.064723542,19070.220,false
SA_WaitingTime_Dominance,206,2.254000,0.064693943,19070.220,false
SA_WaitingTime_Dominance,206,2.176000,0.064985099,19572.638,false
SA_WaitingTime_Dominance,206,2.170000,0.065037139,19353.221,false
SA_WaitingTime_Dominance,206,2.166000,0.065073718,19353.221,false
SA_WaitingTime_Dominance,206,2.138000,0.065140311,19387.462,false
SA_WaitingTime_Dominance,206,2.164000,0.065119130,19293.238,false
SA_WaitingTime_Dominance,206,2.134000,0.065194193,19387.462,false
SA_WaitingTime_Dominance,206,2.130000,0.065239190,19564.609,false
SA_WaitingTime_Dominance,206,2.214000,0.064966521,18764.220,false
SA_WaitingTime_Dominance,206,2.230000,0.064949540,18686.587,false
SA_WaitingTime_Dominance,206,1.824000,0.065659795,19783.514,true
SA_WaitingTime_Dominance,206,1.830000,0.065594003,19622.366,true
SA_WaitingTime_Dominance,206,1.826000,0.065637872,19568.743,true
SA_WaitingTime_Dominance,206,1.832000,0.065430828,19636.064,true
SA_WaitingTime_Dominance,206,1.876000,0.065316076,18903.977,false
SA_WaitingTime_Dominance,206,1.888000,0.065246221,18970.041,false
SA_WaitingTime_Dominance,206,1.842000,0.065348617,19114.313,false
SA_WaitingTime_Dominance,206,1.840000,0.065373196,19114.313,false
SA_WaitingTime_Dominance,207,3.422000,0.063546807,15566.331,false
SA_WaitingTime_Dominance,207,3.416000,0.063610953,15798.052,false
SA_WaitingTime_Dominance,207,3.368000,0.063619143,16100.976,false
SA_WaitingTime_Dominance,207,3.358000,0.063619143,16058.189,false
SA_WaitingTime_Dominance,207,1.952000,0.064653041,19175.807,false
SA_WaitingTime_Dominance,207,1.948000,0.064684818,19081.592,false
SA_WaitingTime_Dominance,207,1.954000,0.064602720,19890.651,false
SA_WaitingTime_Dominance,207,1.960000,0.064531259,20400.391,false
SA_WaitingTime_Dominance,207,1.964000,0.064504848,20400.391,false
SA_WaitingTime_Dominance,207,1.950000,0.064668193,19700.352,false
SA_WaitingTime_Dominance,207,1.970000,0.064406615,19665.828,true
SA_WaitingTime_Dominance,207,1.930000,0.064722357,19380.946,false
SA_WaitingTime_Dominance,207,1.928000,0.064842162,19736.182,false
SA_WaitingTime_Dominance,207,1.898000,0.065045948,20047.018,false
SA_WaitingTime_Dominance,207,1.888000,0.065230721,20345.419,false
SA_WaitingTime_Dominance,207,1.912000,0.064853176,19491.685,true
SA_WaitingTime_Dominance,207,1.890000,0.065191008,19512.052,false
SA_WaitingTime_Dominance,207,1.896000,0.065112234,19243.409,false
SA_WaitingTime_Dominance,207,1.894000,0.065131428,19391.754,false
SA_WaitingTime_Dominance,207,1.904000,0.064995090,19201.073,false
SA_WaitingTime_Dominance,207,1.906000,0.064967042,19386.491,true
SA_WaitingTime_Dominance,207,1.892000,0.065160627,20147.327,false
SA_WaitingTime_Dominance,208,3.434000,0.063603419,15620.703,false
SA_WaitingTime_Dominance,208,3.426000,0.063610953,15714.113,false
SA_WaitingTime_Dominance,208,3.414000,0.063715618,15647.999,false
SA_WaitingTime_Dominance,208,3.416000,0.063632006,15676.278,false
SA_WaitingTime_Dominance,208,3.348000,0.064302477,16157.323,false
SA_WaitingTime_Dominance,208,3.350000,0.064128022,16209.897,false
SA_WaitingTime_Dominance,208,3.402000,0.064115386,16351.324,false
SA_WaitingTime_Dominance,208,3.126000,0.064563701,19100.390,false
SA_WaitingTime_Dominance,208,3.162000,0.064551872,19127.115,false
SA_WaitingTime_Dominance,208,3.114000,0.064742801,19093.284,false
SA_WaitingTime_Dominance,208,3.076000,0.064905565,19656.834,false
SA_WaitingTime_Dominance,208,3.100000,0.064817354,19597.446,false
SA_WaitingTime_Dominance,208,3.246000,0.064543680,20022.377,false
SA_WaitingTime_Dominance,208,3.042000,0.064979527,18966.105,false
SA_WaitingTime_Dominance,208,2.966000,0.065035618,19018.823,false
SA_WaitingTime_Dominance,208,3.020000,0.064989770,18784.706,false
SA_WaitingTime_Dominance,208,3.014000,0.065020916,18782.738,false
SA_WaitingTime_Dominance,208,2.960000,0.065158049,18818.559,false
SA_WaitingTime_Dominance,208,2.168000,0.065258708,18783.949,false
SA_WaitingTime_Dominance,208,2.136000,0.065347406,18766.857,false
SA_WaitingTime_Dominance,208,2.160000,0.065342053,19000.974,false
SA_WaitingTime_Dominance,208,2.108000,0.065374533,18600.968,false
SA_WaitingTime_Dominance,208,2.102000,0.065457539,18934.600,false
SA_WaitingTime_Dominance,208,2.106000,0.065438762,18934.600,false
SA_WaitingTime_Dominance,208,2.028000,0.065464672,19541.930,false
SA_WaitingTime_Dominance,208,1.972000,0.065846886,19343.529,false
SA_WaitingTime_Dominance,208,1.910000,0.065878853,19496.407,false
SA_WaitingTime_Dominance,208,1.898000,0.065929848,19265.418,false
SA_WaitingTime_Dominance,208,1.864000,0.065996357,19289.078,false
SA_WaitingTime_Dominance,208,1.854000,0.066125566,18965.864,false
SA_WaitingTime_Dominance,208,1.842000,0.066412787,18889.627,false
SA_WaitingTime_Dominance,208,1.844000,0.066304853,18889.627,false
SA_WaitingTime_Dominance,208,1.878000,0.065940399,19032.530,false
SA_WaitingTime_Dominance,208,1.852000,0.066269819,19181.111,false
SA_WaitingTime_Dominance,209,3.400000,0.063589900,15674.905,false
SA_WaitingTime_Dominance,209,3.416000,0.063546137,15847.240,false
SA_WaitingTime_Dominance,209,3.422000,0.063462602,16029.417,false
SA_WaitingTime_Dominance,209,3.454000,0.063457154,15907.839,false
SA_WaitingTime_Dominance,209,3.386000,0.064275130,16348.320,false
SA_WaitingTime_Dominance,209,3.328000,0.064822586,16782.137,false
SA_WaitingTime_Dominance,209,3.350000,0.064791900,18244.801,false
SA_WaitingTime_Dominance,209,3.080000,0.064833667,19272.909,false
SA_WaitingTime_Dominance,209,3.096000,0.064824138,19229.644,false
SA_WaitingTime_Dominance,209,3.004000,0.064959318,18240.182,false
SA_WaitingTime_Dominance,209,3.002000,0.064994821,18233.338,false
SA_WaitingTime_Dominance,209,2.978000,0.065046972,18653.216,false
SA_WaitingTime_Dominance,209,2.946000,0.065084031,18666.265,false
SA_WaitingTime_Dominance,209,2.958000,0.065073364,18666.265,false
SA_WaitingTime_Dominance,209,2.934000,0.065106390,18259.129,false
SA_WaitingTime_Dominance,209,2.924000,0.065139586,18297.403,false
SA_WaitingTime_Dominance,209,2.930000,0.065129306,18297.403,false
SA_WaitingTime_Dominance,209,2.914000,0.065236935,18297.403,false
SA_WaitingTime_Dominance,209,2.890000,0.065293037,18297.403,false
SA_WaitingTime_Dominance,209,2.878000,0.065301611,18345.744,false
SA_WaitingTime_Dominance,209,2.906000,0.065241864,18270.290,false
SA_WaitingTime_Dominance,209,2.896000,0.065256492,18219.002,false
SA_WaitingTime_Dominance,209,2.856000,0.065404369,18333.626,false
SA_WaitingTime_Dominance,209,2.848000,0.065455621,18401.711,false
SA_WaitingTime_Dominance,209,2.756000,0.065511211,19901.779,false
SA_WaitingTime_Dominance,209,2.810000,0.065480394,19720.288,false
SA_WaitingTime_Dominance,209,2.796000,0.065510931,19716.222,false
SA_WaitingTime_Dominance,209,2.834000,0.065461507,19732.467,false
SA_WaitingTime_Dominance,209,2.744000,0.065540353,19556.563,false
SA_WaitingTime_Dominance,209,2.698000,0.065577054,19556.563,false
SA_WaitingTime_Dominance,209,2.720000,0.065564202,19120.365,false
SA_WaitingTime_Dominance,209,2.272000,0.065641470,18548.989,false
SA_WaitingTime_Dominance,209,2.068000,0.065905888,19538.638,false
SA_WaitingTime_Dominance,209,2.082000,0.065858720,19536.543,false
SA_WaitingTime_Dominance,209,1.886000,0.066316166,19284.745,false
SA_WaitingTime_Dominance,209,1.892000,0.066261513,19282.017,false
SA_WaitingTime_Dominance,209,1.894000,0.065952948,19778.118,false
SA_WaitingTime_Dominance,209,1.880000,0.066349841,19807.042,false
SA_Energy_Dominance,200,5.256000,0.061557678,16576.798,false
SA_Energy_Dominance,200,5.320000,0.061503797,16469.474,false
SA_Energy_Dominance,200,5.220000,0.061625147,16888.532,false
SA_Energy_Dominance,200,5.212000,0.061625147,16880.672,false
SA_Energy_Dominance,200,5.210000,0.061630761,16880.672,false
SA_Energy_Dominance,200,5.182000,0.061714972,16924.942,false
SA_Energy_Dominance,200,5.172000,0.061811380,17208.119,false
SA_Energy_Dominance,200,5.106000,0.061844655,17285.532,false
SA_Energy_Dominance,200,5.098000,0.061940450,17080.561,false
SA_Energy_Dominance,200,5.088000,0.061967963,17043.445,false
SA_Energy_Dominance,200,5.068000,0.061994999,17284.529,false
SA_Energy_Dominance,200,5.064000,0.062199454,17199.253,false
SA_Energy_Dominance,200,5.046000,0.062215109,17199.253,false
SA_Energy_Dominance,200,5.014000,0.062243771,17368.279,false
SA_Energy_Dominance,200,5.012000,0.062259302,17382.653,false
SA_Energy_Dominance,200,5.006000,0.062325212,17600.343,false
SA_Energy_Dominance,200,4.908000,0.062417832,17885.570,false
SA_Energy_Dominance,200,4.884000,0.062441828,17773.252,false
SA_Energy_Dominance,200,4.820000,0.062646645,17792.318,false
SA_Energy_Dominance,200,4.824000,0.062503994,17792.318,false
SA_Energy_Dominance,200,4.656000,0.062649018,18323.423,false
SA_Energy_Dominance,200,4.650000,0.062965468,18326.394,false
SA_Energy_Dominance,200,4.610000,0.063251696,18787.472,false
SA_Energy_Dominance,200,4.602000,0.063689110,17649.524,false
SA_Energy_Dominance,200,4.566000,0.063818299,17775.426,false
SA_Energy_Dominance,200,7.156000,0.061450618,18620.447,false
SA_Energy_Dominance,200,7.174000,0.061409808,18620.447,false
SA_Energy_Dominance,200,7.318000,0.061377134,18831.547,false
SA_Energy_Dominance,200,7.300000,0.061402336,18516.296,false
SA_Energy_Dominance,200,7.544000,0.061123516,18803.588,false
SA_Energy_Dominance,200,7.564000,0.061054294,19051.929,false
SA_Energy_Dominance,200,7.760000,0.061041771,19051.929,false
SA_Energy_Dominance,200,8.068000,0.060348429,17876.591,false
SA_Energy_Dominance,200,7.922000,0.060496333,18008.413,false
SA_Energy_Dominance,200,8.036000,0.060419177,17992.483,false
SA_Energy_Dominance,200,8.194000,0.059841762,18375.321,false
SA_Energy_Dominance,200,8.484000,0.059697780,18752.164,false
SA_Energy_Dominance,200,8.540000,0.059469634,18633.618,false
SA_Energy_Dominance,200,8.498000,0.059508405,18633.618,false
SA_Energy_Dominance,200,8.554000,0.059359039,18633.618,false
SA_Energy_Dominance,200,8.622000,0.059314746,18684.907,false
SA_Energy_Dominance,200,8.868000,0.059313640,18559.643,false
SA_Energy_Dominance,200,9.068000,0.059273162,18392.813,false
SA_Energy_Dominance,200,9.168000,0.059161405,18176.651,false
SA_Energy_Dominance,200,9.300000,0.059143662,18220.921,false
SA_Energy_Dominance,200,9.302000,0.059039799,18220.921,false
SA_Energy_Dominance,200,9.472000,0.058944112,18164.072,false
SA_Energy_Dominance,200,9.594000,0.058822240,17989.366,false
SA_Energy_Dominance,200,9.846000,0.058706994,17784.510,false
SA_Energy_Dominance,200,9.868000,0.058638273,17729.756,false
SA_Energy_Dominance,200,10.066000,0.058614245,17726.416,false
SA_Energy_Dominance,200,9.708000,0.058762878,17966.970,false
SA_Energy_Dominance,200,10.160000,0.058484707,17965.967,false
SA_Energy_Dominance,200,10.288000,0.058256838,18015.064,false
SA_Energy_Dominance,200,10.374000,0.058171121,17772.829,false
SA_Energy_Dominance,200,10.456000,0.058105835,17772.829,false
SA_Energy_Dominance,200,10.516000,0.058046995,17529.876,false
SA_Energy_Dominance,200,10.698000,0.058042029,17343.240,false
SA_Energy_Dominance,200,10.804000,0.058003946,17272.577,false
SA_Energy_Dominance,200,11.072000,0.057856756,16695.644,false
SA_Energy_Dominance,200,11.036000,0.057931150,16695.644,false
SA_Energy_Dominance,200,11.150000,0.057786600,16839.287,false
SA_Energy_Dominance,200,11.512000,0.057725180,16902.138,false
SA_Energy_Dominance,200,11.638000,0.057713398,16779.460,false
SA_Energy_Dominance,200,11.934000,0.057462365,16860.765,false
SA_Energy_Dominance,200,11.814000,0.057536634,16860.765,false
SA_Energy_Dominance,200,11.676000,0.057568313,16834.615,false
SA_Energy_Dominance,200,12.260000,0.056673351,16184.847,false
SA_Energy_Dominance,200,12.030000,0.056768825,16184.847,false
SA_Energy_Dominance,200,12.274000,0.056458407,16069.978,false
SA_Energy_Dominance,200,12.322000,0.056347210,15790.873,false
SA_Energy_Dominance,200,12.638000,0.056335449,15782.755,false
SA_Energy_Dominance,200,12.730000,0.056274705,16294.139,false
SA_Energy_Dominance,200,12.864000,0.056269968,16125.592,false
SA_Energy_Dominance,200,13.034000,0.056206182,16769.071,false
SA_Energy_Dominance,200,13.368000,0.055650251,16236.748,false
SA_Energy_Dominance,200,13.040000,0.055788211,16236.748,false
SA_Energy_Dominance,200,13.276000,0.055725932,16058.022,false
SA_Energy_Dominance,200,13.484000,0.055636798,16070.157,false
SA_Energy_Dominance,200,13.608000,0.055618541,16070.157,false
SA_Energy_Dominance,200,13.644000,0.055527223,16550.773,false
SA_Energy_Dominance,200,13.794000,0.055451691,16393.091,false
SA_Energy_Dominance,200,13.822000,0.055251924,15967.038,false
SA_Energy_Dominance,200,13.996000,0.055125950,15754.468,false
SA_Energy_Dominance,200,14.052000,0.055028671,15721.295,false
SA_Energy_Dominance,200,13.892000,0.055128737,15721.295,false
SA_Energy_Dominance,200,14.232000,0.054720887,15482.415,false
SA_Energy_Dominance,200,14.608000,0.054332949,14910.170,false
SA_Energy_Dominance,200,14.312000,0.054567818,14811.034,false
SA_Energy_Dominance,200,14.820000,0.054315185,14893.706,false
SA_Energy_Dominance,200,14.968000,0.054307580,14803.222,false
SA_Energy_Dominance,200,15.326000,0.053867137,14557.932,false
SA_Energy_Dominance,200,14.990000,0.054004229,14557.932,false
SA_Energy_Dominance,200,15.108000,0.053974258,14767.034,false
SA_Energy_Dominance,200,15.450000,0.053850255,14670.048,false
SA_Energy_Dominance,200,15.698000,0.053778629,14441.124,false
SA_Energy_Dominance,200,16.024000,0.053726125,14632.414,false
SA_Energy_Dominance,200,16.194000,0.053707008,14617.099,false
SA_Energy_Dominance,200,16.312000,0.053674783,14754.683,false
SA_Energy_Dominance,200,16.450000,0.053669817,14808.982,false
SA_Energy_Dominance,200,16.652000,0.053619583,14664.486,false
SA_Energy_Dominance,200,16.790000,0.053598577,14528.931,false
SA_Energy_Dominance,200,16.930000,0.053589625,14523.138,false
SA_Energy_Dominance,200,17.480000,0.050935119,12840.158,false
SA_Energy_Dominance,200,17.456000,0.051421259,12984.801,false
SA_Energy_Dominance,200,17.676000,0.050888576,12439.406,false
SA_Energy_Dominance,200,17.270000,0.051552084,12646.639,false
SA_Energy_Dominance,200,17.992000,0.050851526,12818.728,false
SA_Energy_Dominance,200,17.854000,0.050862053,12741.065,false
SA_Energy_Dominance,200,18.436000,0.050847613,12583.696,false
SA_Energy_Dominance,200,18.166000,0.050847613,12576.590,false
SA_Energy_Dominance,201,5.322000,0.061546463,16515.420,false
SA_Energy_Dominance,201,5.276000,0.061557678,16508.314,false
SA_Energy_Dominance,201,4.548000,0.062948685,18022.338,false
SA_Energy_Dominance,201,4.540000,0.063024722,18168.588,false
SA_Energy_Dominance,201,4.492000,0.063026393,18153.945,false
SA_Energy_Dominance,201,4.476000,0.063052689,18100.061,false
SA_Energy_Dominance,201,4.456000,0.063053121,18251.939,false
SA_Energy_Dominance,201,4.406000,0.063119449,18259.159,false
SA_Energy_Dominance,201,4.294000,0.063149435,18052.828,false
SA_Energy_Dominance,201,4.316000,0.063122413,17820.379,false
SA_Energy_Dominance,201,4.258000,0.063157057,17795.197,false
SA_Energy_Dominance,201,4.242000,0.063174988,17768.756,false
SA_Energy_Dominance,201,4.594000,0.062595481,18876.135,false
SA_Energy_Dominance,201,4.624000,0.062527306,19005.571,false
SA_Energy_Dominance,201,4.618000,0.062560580,19005.571,false
SA_Energy_Dominance,201,4.662000,0.062431166,18912.198,false
SA_Energy_Dominance,201,4.734000,0.062274964,18711.214,false
SA_Energy_Dominance,201,4.688000,0.062298528,18772.716,false
SA_Energy_Dominance,201,4.750000,0.062269521,17842.799,false
SA_Energy_Dominance,201,4.760000,0.062130806,18054.661,false
SA_Energy_Dominance,201,4.752000,0.062151858,18123.789,false
SA_Energy_Dominance,201,4.838000,0.062086446,19064.238,false
SA_Energy_Dominance,201,4.860000,0.061914124,18620.339,false
SA_Energy_Dominance,201,4.952000,0.061743098,18254.898,false
SA_Energy_Dominance,201,4.894000,0.061806256,18465.998,false
SA_Energy_Dominance,201,4.936000,0.061773103,18293.908,false
SA_Energy_Dominance,201,5.368000,0.061537424,18081.173,false
SA_Energy_Dominance,201,5.542000,0.061361239,18124.667,false
SA_Energy_Dominance,201,5.524000,0.061365066,18321.168,false
SA_Energy_Dominance,201,5.522000,0.061414503,18321.168,false
SA_Energy_Dominance,201,5.512000,0.061456328,18203.508,false
SA_Energy_Dominance,201,5.684000,0.061195069,18082.053,false
SA_Energy_Dominance,201,5.592000,0.061335740,17803.957,false
SA_Energy_Dominance,201,5.620000,0.061278307,17660.637,false
SA_Energy_Dominance,201,5.848000,0.060990651,17975.235,false
SA_Energy_Dominance,201,5.826000,0.061016238,18006.275,false
SA_Energy_Dominance,201,5.882000,0.060950596,18175.887,false
SA_Energy_Dominance,201,5.934000,0.060950596,18132.621,false
SA_Energy_Dominance,201,5.946000,0.060889090,18155.435,false
SA_Energy_Dominance,201,5.818000,0.061113221,17852.593,false
SA_Energy_Dominance,201,6.076000,0.060512594,18076.811,false
SA_Energy_Dominance,201,6.056000,0.060536158,18025.523,false
SA_Energy_Dominance,201,5.990000,0.060579155,17796.232,false
SA_Energy_Dominance,201,6.102000,0.060481418,17897.920,false
SA_Energy_Dominance,201,5.964000,0.060815205,17797.208,false
SA_Energy_Dominance,201,6.132000,0.060402763,17801.056,false
SA_Energy_Dominance,201,6.178000,0.060286485,17655.429,false
SA_Energy_Dominance,201,6.154000,0.060357545,17501.062,false
SA_Energy_Dominance,201,6.370000,0.060281803,17611.533,false
SA_Energy_Dominance,201,6.412000,0.060103157,17635.592,false
SA_Energy_Dominance,201,6.440000,0.060088529,17635.592,false
SA_Energy_Dominance,201,6.374000,0.060196693,17619.663,false
SA_Energy_Dominance,201,6.530000,0.060067476,17582.094,false
SA_Energy_Dominance,201,6.792000,0.059787306,17401.984,false
SA_Energy_Dominance,201,6.762000,0.059796538,17469.016,false
SA_Energy_Dominance,201,6.654000,0.059843962,17746.563,false
SA_Energy_Dominance,201,7.024000,0.059787159,17757.186,false
SA_Energy_Dominance,201,7.106000,0.059778224,17757.186,false
SA_Energy_Dominance,201,7.130000,0.059669131,17637.740,false
SA_Energy_Dominance,201,7.164000,0.059616749,17851.354,false
SA_Energy_Dominance,201,7.272000,0.059590134,17851.354,false
SA_Energy_Dominance,201,7.282000,0.059522460,17971.052,false
SA_Energy_Dominance,201,7.286000,0.059371574,17510.404,false
SA_Energy_Dominance,201,7.418000,0.059278961,17510.404,false
SA_Energy_Dominance,201,7.384000,0.059317956,17499.920,false
SA_Energy_Dominance,201,7.474000,0.059221970,17496.687,false
SA_Energy_Dominance,201,7.494000,0.059174217,17818.740,false
SA_Energy_Dominance,201,7.572000,0.059107233,18054.319,false
SA_Energy_Dominance,201,7.678000,0.059076736,17816.013,false
SA_Energy_Dominance,201,7.822000,0.058913282,17884.047,false
SA_Energy_Dominance,201,7.742000,0.058951685,17884.047,false
SA_Energy_Dominance,201,7.878000,0.058907719,18163.402,false
SA_Energy_Dominance,201,7.988000,0.058901818,17958.617,false
SA_Energy_Dominance,201,8.000000,0.058821822,17760.877,false
SA_Energy_Dominance,201,8.172000,0.058717323,17608.114,false
SA_Energy_Dominance,201,8.098000,0.058734246,17608.114,false
SA_Energy_Dominance,201,8.326000,0.058717323,17726.665,false
SA_Energy_Dominance,201,8.374000,0.058670143,17652.924,false
SA_Energy_Dominance,201,8.394000,0.058608717,17453.781,false
SA_Energy_Dominance,201,8.528000,0.058604607,17183.252,false
SA_Energy_Dominance,201,8.548000,0.058406661,17296.807,false
SA_Energy_Dominance,201,8.590000,0.058355927,17125.698,false
SA_Energy_Dominance,201,8.682000,0.058112922,17250.600,false
SA_Energy_Dominance,201,8.686000,0.057897350,16751.614,false
SA_Energy_Dominance,201,8.788000,0.057869740,16180.254,false
SA_Energy_Dominance,201,8.870000,0.057317624,16888.525,false
SA_Energy_Dominance,201,8.912000,0.056739555,16302.409,false
SA_Energy_Dominance,201,8.984000,0.056634501,16302.409,false
SA_Energy_Dominance,201,9.012000,0.056517421,16302.409,false
SA_Energy_Dominance,201,9.244000,0.056508022,16438.220,false
SA_Energy_Dominance,201,9.300000,0.056450254,16387.423,false
SA_Energy_Dominance,201,9.378000,0.056387165,16442.871,false
SA_Energy_Dominance,201,9.464000,0.056302834,16407.724,false
SA_Energy_Dominance,201,9.650000,0.056117509,16407.724,false
SA_Energy_Dominance,201,9.566000,0.056122488,16376.737,false
SA_Energy_Dominance,201,9.484000,0.056148323,16368.308,false
SA_Energy_Dominance,201,9.782000,0.056043855,16368.308,false
SA_Energy_Dominance,201,9.924000,0.056031407,16368.308,false
SA_Energy_Dominance,201,10.032000,0.056023102,16249.421,false
SA_Energy_Dominance,201,10.162000,0.056005117,16322.817,false
SA_Energy_Dominance,201,10.360000,0.055938664,16390.840,false
SA_Energy_Dominance,201,10.386000,0.055783875,16299.227,false
SA_Energy_Dominance,201,10.548000,0.055696135,16273.751,false
SA_Energy_Dominance,201,10.640000,0.055680870,16225.230,false
SA_Energy_Dominance,201,10.778000,0.055639559,16237.509,false
SA_Energy_Dominance,201,10.952000,0.055571099,16149.402,false
SA_Energy_Dominance,201,11.022000,0.055545573,16005.303,false
SA_Energy_Dominance,201,10.874000,0.055603250,16005.303,false
SA_Energy_Dominance,201,11.186000,0.055497504,15808.813,false
SA_Energy_Dominance,201,11.342000,0.055476322,15808.813,false
SA_Energy_Dominance,201,11.480000,0.055407639,15699.882,false
SA_Energy_Dominance,201,11.682000,0.055398273,15790.358,false
SA_Energy_Dominance,201,11.774000,0.055393920,15699.882,false
SA_Energy_Dominance,201,12.046000,0.055383071,15741.922,false
SA_Energy_Dominance,201,12.136000,0.055348996,15653.799,false
SA_Energy_Dominance,201,12.508000,0.055094556,15428.377,false
SA_Energy_Dominance,201,12.264000,0.055162414,15285.403,false
SA_Energy_Dominance,201,12.680000,0.055049426,15323.142,false
SA_Energy_Dominance,201,12.780000,0.054859597,14750.345,false
SA_Energy_Dominance,201,12.946000,0.054848809,14771.196,false
SA_Energy_Dominance,201,13.350000,0.054752744,14889.771,false
SA_Energy_Dominance,201,13.172000,0.054780104,14889.771,false
SA_Energy_Dominance,201,13.450000,0.054728170,14798.887,false
SA_Energy_Dominance,201,13.704000,0.054559413,15035.027,false
SA_Energy_Dominance,201,13.568000,0.054671385,15035.027,false
SA_Energy_Dominance,201,13.868000,0.054546057,14647.797,false
SA_Energy_Dominance,201,14.000000,0.054508650,14647.797,false
SA_Energy_Dominance,201,14.182000,0.054507040,14880.852,false
SA_Energy_Dominance,201,14.294000,0.054501391,14958.359,false
SA_Energy_Dominance,201,14.580000,0.054457277,14989.346,false
SA_Energy_Dominance,201,14.426000,0.054464746,14987.378,false
SA_Energy_Dominance,201,14.806000,0.054415307,14754.586,false
SA_Energy_Dominance,201,15.166000,0.054383246,14665.712,false
SA_Energy_Dominance,201,15.012000,0.054411922,14641.945,false
SA_Energy_Dominance,201,15.212000,0.051455291,12618.340,false
SA_Energy_Dominance,201,15.346000,0.051320410,12618.340,false
SA_Energy_Dominance,201,15.482000,0.051303269,12550.614,false
SA_Energy_Dominance,201,15.826000,0.051295725,13029.798,false
SA_Energy_Dominance,201,15.616000,0.051298146,13017.519,false
SA_Energy_Dominance,202,4.774000,0.062005049,16859.018,false
SA_Energy_Dominance,202,4.794000,0.061985434,17003.514,false
SA_Energy_Dominance,202,4.822000,0.061883982,16884.443,false
SA_Energy_Dominance,202,4.816000,0.061889310,16899.836,false
SA_Energy_Dominance,202,4.602000,0.062100779,17696.755,false
SA_Energy_Dominance,202,4.620000,0.062094688,17516.988,false
SA_Energy_Dominance,202,4.560000,0.062192899,17821.171,false
SA_Energy_Dominance,202,4.488000,0.062248080,17799.710,false
SA_Energy_Dominance,202,4.424000,0.062268143,18157.878,false
SA_Energy_Dominance,202,4.422000,0.062355591,18482.495,false
SA_Energy_Dominance,202,4.412000,0.062479718,18650.274,false
SA_Energy_Dominance,202,4.978000,0.061193871,17474.817,false
SA_Energy_Dominance,202,4.990000,0.061182935,17692.936,false
SA_Energy_Dominance,202,4.884000,0.061195698,17963.974,false
SA_Energy_Dominance,202,4.876000,0.061222109,18166.068,false
SA_Energy_Dominance,202,4.882000,0.061213416,18148.229,false
SA_Energy_Dominance,202,4.868000,0.061242003,18148.229,false
SA_Energy_Dominance,202,4.834000,0.061276575,18025.847,false
SA_Energy_Dominance,202,5.052000,0.061162811,17899.424,false
SA_Energy_Dominance,202,5.076000,0.061099022,17926.819,false
SA_Energy_Dominance,202,5.094000,0.061070827,17739.500,false
SA_Energy_Dominance,202,5.108000,0.061069399,17739.500,false
SA_Energy_Dominance,202,5.286000,0.061039407,17502.828,false
SA_Energy_Dominance,202,5.322000,0.061034441,17502.828,false
SA_Energy_Dominance,202,5.342000,0.061029965,17502.828,false
SA_Energy_Dominance,202,5.344000,0.061005190,17471.841,false
SA_Energy_Dominance,202,5.376000,0.060944734,17538.874,false
SA_Energy_Dominance,202,5.424000,0.060942716,17582.140,false
SA_Energy_Dominance,202,5.550000,0.060869626,17582.140,false
SA_Energy_Dominance,202,5.616000,0.060722079,17817.703,false
SA_Energy_Dominance,202,5.646000,0.060647883,17817.703,false
SA_Energy_Dominance,202,5.630000,0.060675243,17829.101,false
SA_Energy_Dominance,202,5.584000,0.060755334,18102.228,false
SA_Energy_Dominance,202,5.678000,0.060522132,18536.240,false
SA_Energy_Dominance,202,5.722000,0.060510035,18536.240,false
SA_Energy_Dominance,202,5.804000,0.060429975,18536.240,false
SA_Energy_Dominance,202,5.832000,0.060416635,18536.240,false
SA_Energy_Dominance,202,5.846000,0.059819633,19091.651,false
SA_Energy_Dominance,202,5.976000,0.059590219,18146.466,false
SA_Energy_Dominance,202,5.872000,0.059622376,18228.742,false
SA_Energy_Dominance,202,5.932000,0.059608689,18213.866,false
SA_Energy_Dominance,202,6.014000,0.059585759,18206.760,false
SA_Energy_Dominance,202,6.094000,0.059538753,18496.115,false
SA_Energy_Dominance,202,6.124000,0.059536051,18523.451,false
SA_Energy_Dominance,202,6.192000,0.059512740,18523.451,false
SA_Energy_Dominance,202,6.212000,0.059026935,18426.613,false
SA_Energy_Dominance,202,6.232000,0.058897300,18456.345,false
SA_Energy_Dominance,202,6.350000,0.058798692,17730.523,false
SA_Energy_Dominance,202,6.324000,0.058830637,17730.523,false
SA_Energy_Dominance,202,6.414000,0.058735534,17831.235,false
SA_Energy_Dominance,202,6.380000,0.058768554,17998.545,false
SA_Energy_Dominance,202,6.454000,0.058704481,18002.394,false
SA_Energy_Dominance,202,6.478000,0.058678956,18143.714,false
SA_Energy_Dominance,202,6.624000,0.058582917,17961.773,false
SA_Energy_Dominance,202,6.540000,0.058661054,18019.581,false
SA_Energy_Dominance,202,6.638000,0.058519127,17790.275,false
SA_Energy_Dominance,202,6.584000,0.058612055,17736.260,false
SA_Energy_Dominance,202,6.710000,0.058498004,17748.849,false
SA_Energy_Dominance,202,6.786000,0.058481787,17391.304,false
SA_Energy_Dominance,202,6.848000,0.058412769,17599.065,false
SA_Energy_Dominance,202,6.882000,0.058310882,17529.121,false
SA_Energy_Dominance,202,6.912000,0.058146299,17526.042,false
SA_Energy_Dominance,202,6.954000,0.058127949,17314.512,false
SA_Energy_Dominance,202,6.962000,0.058044662,17155.967,false
SA_Energy_Dominance,202,6.998000,0.058039539,17121.821,false
SA_Energy_Dominance,202,7.020000,0.057493023,16889.877,false
SA_Energy_Dominance,202,7.096000,0.057256415,16272.111,false
SA_Energy_Dominance,202,7.296000,0.057236010,16377.401,false
SA_Energy_Dominance,202,7.460000,0.057011751,16023.197,false
SA_Energy_Dominance,202,7.388000,0.057087432,16073.566,false
SA_Energy_Dominance,202,7.544000,0.057011751,16077.459,false
SA_Energy_Dominance,202,7.600000,0.057002622,16077.459,false
SA_Energy_Dominance,202,7.728000,0.056996570,16328.597,false
SA_Energy_Dominance,202,7.966000,0.056970387,16255.171,false
SA_Energy_Dominance,202,7.974000,0.056908960,16386.848,false
SA_Energy_Dominance,202,8.052000,0.056883989,16342.941,false
SA_Energy_Dominance,202,8.172000,0.056882105,16358.686,false
SA_Energy_Dominance,202,8.252000,0.056862301,16407.782,false
SA_Energy_Dominance,202,8.298000,0.056843545,15889.155,false
SA_Energy_Dominance,202,8.348000,0.056819450,16030.268,false
SA_Energy_Dominance,202,8.544000,0.054390100,13739.065,false
SA_Energy_Dominance,202,8.484000,0.054390100,13929.167,false
SA_Energy_Dominance,202,8.394000,0.054396152,13929.167,false
SA_Energy_Dominance,202,8.614000,0.054384486,13565.481,false
SA_Energy_Dominance,202,8.658000,0.054384486,13604.133,false
SA_Energy_Dominance,202,8.868000,0.054376439,14251.488,false
SA_Energy_Dominance,202,8.710000,0.054376439,14269.948,false
SA_Energy_Dominance,203,5.328000,0.061516720,16515.420,false
SA_Energy_Dominance,203,5.252000,0.061536626,16969.278,false
SA_Energy_Dominance,203,5.208000,0.061777352,16799.466,false
SA_Energy_Dominance,203,5.150000,0.061826661,16802.964,false
SA_Energy_Dominance,203,5.186000,0.061785801,16719.214,false
SA_Energy_Dominance,203,4.874000,0.062811540,16852.300,false
SA_Energy_Dominance,203,4.852000,0.062832873,16845.194,false
SA_Energy_Dominance,203,4.802000,0.062841034,16820.511,false
SA_Energy_Dominance,203,4.800000,0.062995232,16853.836,false
SA_Energy_Dominance,203,4.772000,0.063197184,16658.083,false
SA_Energy_Dominance,203,4.764000,0.063228913,16869.183,false
SA_Energy_Dominance,203,4.726000,0.063321606,16869.183,false
SA_Energy_Dominance,203,4.672000,0.063465671,17376.876,false
SA_Energy_Dominance,203,4.518000,0.063783446,17236.087,false
SA_Energy_Dominance,203,4.504000,0.063804499,17491.457,false
SA_Energy_Dominance,203,4.524000,0.063730209,17491.457,false
SA_Energy_Dominance,203,4.486000,0.063941678,17360.094,false
SA_Energy_Dominance,203,6.882000,0.061212966,18942.148,false
SA_Energy_Dominance,203,6.910000,0.061212224,18942.859,false
SA_Energy_Dominance,203,6.968000,0.061177202,18745.399,false
SA_Energy_Dominance,203,6.920000,0.061181922,18745.399,false
SA_Energy_Dominance,203,6.816000,0.061225638,18745.399,false
SA_Energy_Dominance,203,6.998000,0.060995557,18393.219,false
SA_Energy_Dominance,203,7.116000,0.060963661,18337.590,false
SA_Energy_Dominance,203,7.154000,0.060816458,18199.340,false
SA_Energy_Dominance,203,7.334000,0.060344964,18508.459,false
SA_Energy_Dominance,203,7.388000,0.060323912,18487.110,false
SA_Energy_Dominance,203,7.284000,0.060366996,18544.978,false
SA_Energy_Dominance,203,7.160000,0.060758671,18335.845,false
SA_Energy_Dominance,203,7.424000,0.060163285,18407.376,false
SA_Energy_Dominance,203,7.534000,0.060086052,18512.102,false
SA_Energy_Dominance,203,7.554000,0.060019702,18413.072,false
SA_Energy_Dominance,203,7.712000,0.059944722,18444.288,false
SA_Energy_Dominance,203,7.608000,0.059984315,18451.282,false
SA_Energy_Dominance,203,7.678000,0.059981832,18411.794,false
SA_Energy_Dominance,203,7.880000,0.059825019,18380.030,false
SA_Energy_Dominance,203,7.940000,0.059764429,18113.794,false
SA_Energy_Dominance,203,8.096000,0.059517811,18009.849,false
SA_Energy_Dominance,203,8.140000,0.059485533,17945.755,false
SA_Energy_Dominance,203,8.154000,0.059409852,17941.907,false
SA_Energy_Dominance,203,8.230000,0.059404797,17941.907,false
SA_Energy_Dominance,203,8.262000,0.059226145,17770.653,false
SA_Energy_Dominance,203,8.338000,0.059171958,17914.848,false
SA_Energy_Dominance,203,8.468000,0.059007755,16874.377,false
SA_Energy_Dominance,203,8.542000,0.058918196,16865.041,false
SA_Energy_Dominance,203,8.638000,0.058275026,17423.575,false
SA_Energy_Dominance,203,8.624000,0.058389111,17495.241,false
SA_Energy_Dominance,203,8.678000,0.058213249,17373.999,false
SA_Energy_Dominance,203,8.558000,0.058541227,17282.272,false
SA_Energy_Dominance,203,8.702000,0.057990609,16827.990,false
SA_Energy_Dominance,203,8.848000,0.057960291,16845.828,false
SA_Energy_Dominance,203,8.950000,0.057950572,16740.690,false
SA_Energy_Dominance,203,9.018000,0.057905443,16811.155,false
SA_Energy_Dominance,203,9.160000,0.057820702,16102.297,false
SA_Energy_Dominance,203,9.304000,0.057672967,15642.181,false
SA_Energy_Dominance,203,9.368000,0.057610832,15977.983,false
SA_Energy_Dominance,203,9.424000,0.057596442,15867.472,false
SA_Energy_Dominance,203,9.492000,0.057535909,15834.635,false
SA_Energy_Dominance,203,9.556000,0.057502757,15727.087,false
SA_Energy_Dominance,203,9.230000,0.057771725,15727.087,false
SA_Energy_Dominance,203,9.696000,0.057498340,15647.119,false
SA_Energy_Dominance,203,9.774000,0.057404198,15597.575,false
SA_Energy_Dominance,203,9.838000,0.057388666,15596.349,false
SA_Energy_Dominance,203,9.932000,0.057356468,15472.058,false
SA_Energy_Dominance,203,10.034000,0.057251786,15669.213,false
SA_Energy_Dominance,203,10.094000,0.057234634,15810.545,false
SA_Energy_Dominance,203,9.958000,0.057261971,15787.987,false
SA_Energy_Dominance,203,10.216000,0.057196484,16019.795,false
SA_Energy_Dominance,203,10.418000,0.056936026,16178.151,false
SA_Energy_Dominance,203,10.276000,0.056978500,16134.244,false
SA_Energy_Dominance,203,10.618000,0.056822325,16201.378,false
SA_Energy_Dominance,203,10.510000,0.056852688,15831.008,false
SA_Energy_Dominance,203,10.664000,0.056743567,16621.322,false
SA_Energy_Dominance,203,10.746000,0.056740008,16661.617,false
SA_Energy_Dominance,203,11.028000,0.056671794,16257.275,false
SA_Energy_Dominance,203,10.898000,0.056700009,16257.275,false
SA_Energy_Dominance,203,11.128000,0.056555413,16188.147,false
SA_Energy_Dominance,203,11.196000,0.056555413,16215.147,false
SA_Energy_Dominance,203,11.354000,0.056544489,16217.242,false
SA_Energy_Dominance,203,11.044000,0.056597499,16271.996,false
SA_Energy_Dominance,203,11.266000,0.056555026,16201.312,false
SA_Energy_Dominance,203,11.414000,0.056423767,16262.578,false
SA_Energy_Dominance,203,11.492000,0.056415319,16267.211,false
SA_Energy_Dominance,203,11.766000,0.056380359,15961.689,false
SA_Energy_Dominance,203,11.934000,0.056336066,15961.689,false
SA_Energy_Dominance,203,12.030000,0.056243269,16074.117,false
SA_Energy_Dominance,203,12.138000,0.056082412,15849.972,false
SA_Energy_Dominance,203,12.330000,0.056007709,16220.312,false
SA_Energy_Dominance,203,12.472000,0.055995153,16308.948,false
SA_Energy_Dominance,203,12.756000,0.055984656,15865.371,false
SA_Energy_Dominance,203,13.036000,0.055346873,15551.334,false
SA_Energy_Dominance,203,12.762000,0.055376572,15662.273,false
SA_Energy_Dominance,203,13.148000,0.055285190,15305.640,false
SA_Energy_Dominance,203,13.304000,0.055180816,15520.483,false
SA_Energy_Dominance,203,13.404000,0.055172271,15225.409,false
SA_Energy_Dominance,203,13.502000,0.055151218,15192.527,false
SA_Energy_Dominance,203,13.692000,0.055130851,15226.610,false
SA_Energy_Dominance,203,13.884000,0.055130851,15139.201,false
SA_Energy_Dominance,203,14.180000,0.055085362,15218.070,false
SA_Energy_Dominance,203,13.982000,0.055115679,15218.070,false
SA_Energy_Dominance,203,14.294000,0.054607035,13764.053,false
SA_Energy_Dominance,203,14.196000,0.054985985,13781.892,false
SA_Energy_Dominance,203,14.404000,0.054580087,13383.763,false
SA_Energy_Dominance,203,15.162000,0.052710786,12142.737,false
SA_Energy_Dominance,203,14.846000,0.052710786,12076.603,false
SA_Energy_Dominance,203,14.714000,0.052712400,12748.906,false
SA_Energy_Dominance,203,14.430000,0.052828171,12805.755,false
SA_Energy_Dominance,203,14.424000,0.053786092,12588.814,false
SA_Energy_Dominance,203,14.542000,0.052728944,12241.615,false
SA_Energy_Dominance,204,4.308000,0.062467109,18803.842,false
SA_Energy_Dominance,204,4.232000,0.062490674,18799.693,false
SA_Energy_Dominance,204,4.372000,0.062447121,18857.981,false
SA_Energy_Dominance,204,4.214000,0.062635702,18423.360,false
SA_Energy_Dominance,204,4.216000,0.062563390,18444.328,false
SA_Energy_Dominance,204,4.738000,0.061835016,17529.016,false
SA_Energy_Dominance,204,4.802000,0.061751061,17104.232,false
SA_Energy_Dominance,204,4.694000,0.062094657,16971.472,false
SA_Energy_Dominance,204,4.776000,0.061757813,17098.909,false
SA_Energy_Dominance,204,4.774000,0.061771468,17098.909,false
SA_Energy_Dominance,204,4.824000,0.061735019,17081.070,false
SA_Energy_Dominance,204,4.806000,0.061738413,17135.824,false
SA_Energy_Dominance,204,4.874000,0.061435706,17056.095,false
SA_Energy_Dominance,204,4.872000,0.061456092,17059.328,false
SA_Energy_Dominance,204,4.918000,0.061181548,17830.724,false
SA_Energy_Dominance,204,4.886000,0.061345342,17955.324,false
SA_Energy_Dominance,204,4.866000,0.061509883,17810.566,false
SA_Energy_Dominance,204,4.894000,0.061257250,17837.291,false
SA_Energy_Dominance,204,4.972000,0.060995687,18016.142,false
SA_Energy_Dominance,204,5.048000,0.060934932,17956.484,false
SA_Energy_Dominance,204,5.076000,0.060883257,17909.407,false
SA_Energy_Dominance,204,5.196000,0.060759840,17593.577,false
SA_Energy_Dominance,204,5.220000,0.060729655,17843.264,false
SA_Energy_Dominance,204,5.358000,0.060656503,17944.097,false
SA_Energy_Dominance,204,5.310000,0.060658403,18217.276,false
SA_Energy_Dominance,204,5.402000,0.060580207,18217.276,false
SA_Energy_Dominance,204,5.488000,0.060519869,18204.104,false
SA_Energy_Dominance,204,5.580000,0.060517832,18208.474,false
SA_Energy_Dominance,204,5.588000,0.060028099,17982.124,false
SA_Energy_Dominance,204,5.662000,0.059710888,17864.130,false
SA_Energy_Dominance,204,5.684000,0.059607371,17873.448,false
SA_Energy_Dominance,204,5.700000,0.059512311,17873.448,false
SA_Energy_Dominance,204,5.768000,0.059449789,17842.461,false
SA_Energy_Dominance,204,5.786000,0.059414353,17955.017,false
SA_Energy_Dominance,204,5.804000,0.059409877,18139.303,false
SA_Energy_Dominance,204,5.898000,0.059322660,17979.569,false
SA_Energy_Dominance,204,5.868000,0.059345558,18095.142,false
SA_Energy_Dominance,204,5.914000,0.059258174,18209.901,false
SA_Energy_Dominance,204,5.956000,0.059237121,18155.147,false
SA_Energy_Dominance,204,5.972000,0.059136610,18015.519,false
SA_Energy_Dominance,204,6.136000,0.059038977,18190.625,false
SA_Energy_Dominance,204,6.116000,0.059042371,18133.698,false
SA_Energy_Dominance,204,6.074000,0.059053160,18132.163,false
SA_Energy_Dominance,204,6.290000,0.058974068,18060.809,false
SA_Energy_Dominance,204,6.386000,0.058965989,18258.114,false
SA_Energy_Dominance,204,6.422000,0.058960375,18209.017,false
SA_Energy_Dominance,204,6.464000,0.058933442,18342.557,false
SA_Energy_Dominance,204,6.524000,0.058921972,18194.212,false
SA_Energy_Dominance,204,6.540000,0.058797537,18034.319,false
SA_Energy_Dominance,204,6.576000,0.058703825,17798.807,false
SA_Energy_Dominance,204,6.556000,0.058753262,17855.655,false
SA_Energy_Dominance,204,6.920000,0.058649861,17790.857,false
SA_Energy_Dominance,204,6.878000,0.058677750,17829.323,false
SA_Energy_Dominance,204,6.972000,0.058637219,17668.437,false
SA_Energy_Dominance,204,7.002000,0.058568029,17486.689,false
SA_Energy_Dominance,204,7.236000,0.058554183,18169.751,false
SA_Energy_Dominance,204,7.260000,0.058509061,18325.211,false
SA_Energy_Dominance,204,7.444000,0.058483758,18151.393,false
SA_Energy_Dominance,204,7.464000,0.058437336,18094.435,false
SA_Energy_Dominance,204,7.528000,0.058385808,17283.542,false
SA_Energy_Dominance,204,7.332000,0.058490952,17307.641,false
SA_Energy_Dominance,204,7.556000,0.058241645,17320.230,false
SA_Energy_Dominance,204,7.584000,0.058177499,17171.886,false
SA_Energy_Dominance,204,7.606000,0.058068192,17044.765,false
SA_Energy_Dominance,204,7.644000,0.058030324,16745.904,false
SA_Energy_Dominance,204,7.726000,0.057886527,16585.031,false
SA_Energy_Dominance,204,7.646000,0.057907709,16585.031,false
SA_Energy_Dominance,204,7.756000,0.057807258,16436.686,false
SA_Energy_Dominance,204,7.792000,0.057785925,16370.879,false
SA_Energy_Dominance,204,7.890000,0.057785925,16351.716,false
SA_Energy_Dominance,204,7.956000,0.057748371,16347.868,false
SA_Energy_Dominance,204,7.996000,0.057744517,16865.487,false
SA_Energy_Dominance,204,8.086000,0.057723345,16698.523,false
SA_Energy_Dominance,204,8.136000,0.057719269,16675.562,false
SA_Energy_Dominance,204,8.204000,0.057544238,16592.409,false
SA_Energy_Dominance,204,8.246000,0.057536771,16699.595,false
SA_Energy_Dominance,204,8.190000,0.057691626,16672.870,false
SA_Energy_Dominance,204,8.316000,0.057510753,16592.696,false
SA_Energy_Dominance,204,8.340000,0.057447505,16599.235,false
SA_Energy_Dominance,204,8.394000,0.057392685,16201.530,false
SA_Energy_Dominance,204,8.612000,0.057311439,16368.897,false
SA_Energy_Dominance,204,8.702000,0.057051644,16292.700,false
SA_Energy_Dominance,204,8.756000,0.057023181,16244.231,false
SA_Energy_Dominance,204,8.874000,0.056968156,16286.425,false
SA_Energy_Dominance,204,8.946000,0.056934322,16318.053,false
SA_Energy_Dominance,204,9.054000,0.056933674,16224.277,false
SA_Energy_Dominance,204,9.174000,0.056930043,16236.556,false
SA_Energy_Dominance,204,9.284000,0.056919648,16254.216,false
SA_Energy_Dominance,204,9.348000,0.056910417,16223.744,false
SA_Energy_Dominance,204,9.416000,0.056882060,16026.063,false
SA_Energy_Dominance,204,9.482000,0.056755492,16027.059,false
SA_Energy_Dominance,204,9.574000,0.056706576,15951.140,false
SA_Energy_Dominance,204,9.630000,0.056685523,15835.599,false
SA_Energy_Dominance,204,9.958000,0.056668127,15345.791,false
SA_Energy_Dominance,204,10.054000,0.056646080,15262.312,false
SA_Energy_Dominance,204,10.124000,0.056641553,15459.035,false
SA_Energy_Dominance,204,10.326000,0.053540384,13895.082,true
SA_Energy_Dominance,204,10.226000,0.053562675,13772.709,true
SA_Energy_Dominance,204,10.220000,0.054171967,13998.037,false
SA_Energy_Dominance,204,10.390000,0.053537963,14421.006,true
SA_Energy_Dominance,204,10.466000,0.053534331,13155.084,true
SA_Energy_Dominance,205,4.494000,0.062589437,17794.346,false
SA_Energy_Dominance,205,4.444000,0.062590703,18023.636,false
SA_Energy_Dominance,205,4.428000,0.062754081,17601.828,false
SA_Energy_Dominance,205,4.190000,0.062918538,18137.170,false
SA_Energy_Dominance,205,4.188000,0.062939442,18130.326,false
SA_Energy_Dominance,205,4.216000,0.062804927,17594.334,false
SA_Energy_Dominance,205,4.238000,0.062762638,17594.334,false
SA_Energy_Dominance,205,5.246000,0.061536626,16711.965,false
SA_Energy_Dominance,205,5.194000,0.061611219,16771.380,false
SA_Energy_Dominance,205,5.182000,0.061623312,16782.992,false
SA_Energy_Dominance,205,5.066000,0.061691828,16837.598,false
SA_Energy_Dominance,205,5.044000,0.061754339,16938.310,false
SA_Energy_Dominance,205,5.012000,0.061769870,16942.095,false
SA_Energy_Dominance,205,4.994000,0.061815341,16939.124,false
SA_Energy_Dominance,205,4.956000,0.061823211,16894.854,false
SA_Energy_Dominance,205,4.952000,0.061876139,16809.081,false
SA_Energy_Dominance,205,5.168000,0.061664969,16810.747,false
SA_Energy_Dominance,205,4.900000,0.061910564,16912.889,false
SA_Energy_Dominance,205,4.904000,0.061885820,16933.382,false
SA_Energy_Dominance,205,4.812000,0.062009298,17069.828,false
SA_Energy_Dominance,205,4.846000,0.061933736,17069.828,false
SA_Energy_Dominance,205,4.818000,0.061941141,17465.598,false
SA_Energy_Dominance,205,4.632000,0.062136291,17711.485,false
SA_Energy_Dominance,205,4.644000,0.062080131,17566.989,false
SA_Energy_Dominance,205,4.684000,0.062029528,17566.989,false
SA_Energy_Dominance,205,4.678000,0.062067890,17490.315,false
SA_Energy_Dominance,205,4.642000,0.062105890,17610.773,false
SA_Energy_Dominance,205,4.564000,0.062329517,18394.625,false
SA_Energy_Dominance,205,5.282000,0.061513326,18490.648,false
SA_Energy_Dominance,205,5.280000,0.061528857,18490.648,false
SA_Energy_Dominance,205,5.348000,0.061433966,18377.792,false
SA_Energy_Dominance,205,5.362000,0.061432885,18377.792,false
SA_Energy_Dominance,205,5.314000,0.061458930,18371.381,false
SA_Energy_Dominance,205,5.380000,0.061374667,18567.179,false
SA_Energy_Dominance,205,5.438000,0.061248660,18675.170,false
SA_Energy_Dominance,205,5.514000,0.061119781,18795.167,false
SA_Energy_Dominance,205,5.470000,0.061131215,18795.167,false
SA_Energy_Dominance,205,5.550000,0.061090567,18650.670,false
SA_Energy_Dominance,205,5.606000,0.061073428,18896.440,false
SA_Energy_Dominance,205,5.610000,0.061047649,18795.914,false
SA_Energy_Dominance,205,5.664000,0.060999181,18533.742,false
SA_Energy_Dominance,205,5.650000,0.061020234,18533.742,false
SA_Energy_Dominance,205,5.710000,0.060931734,18244.258,false
SA_Energy_Dominance,205,5.770000,0.060905119,18246.352,false
SA_Energy_Dominance,205,5.778000,0.060879593,18232.759,false
SA_Energy_Dominance,205,5.806000,0.060862697,18675.748,false
SA_Energy_Dominance,205,5.854000,0.060820859,18043.555,false
SA_Energy_Dominance,205,5.966000,0.060719747,18043.555,false
SA_Energy_Dominance,205,5.962000,0.060748672,18022.206,false
SA_Energy_Dominance,205,6.014000,0.060710362,18022.206,false
SA_Energy_Dominance,205,6.084000,0.060246457,18132.670,false
SA_Energy_Dominance,205,6.212000,0.059985823,18392.121,false
SA_Energy_Dominance,205,6.132000,0.060217404,18392.121,false
SA_Energy_Dominance,205,6.200000,0.060070035,18470.775,false
SA_Energy_Dominance,205,6.262000,0.059937051,18401.525,false
SA_Energy_Dominance,205,6.254000,0.059979156,18401.525,false
SA_Energy_Dominance,205,6.308000,0.059911910,18217.150,false
SA_Energy_Dominance,205,6.350000,0.059866104,18223.561,false
SA_Energy_Dominance,205,6.410000,0.059826286,18207.631,false
SA_Energy_Dominance,205,6.440000,0.059816007,18297.627,false
SA_Energy_Dominance,205,6.552000,0.059748434,18187.962,false
SA_Energy_Dominance,205,6.654000,0.059478361,17647.345,false
SA_Energy_Dominance,205,6.596000,0.059527325,17382.518,false
SA_Energy_Dominance,205,6.678000,0.059437696,17481.770,false
SA_Energy_Dominance,205,6.646000,0.059519875,17481.770,false
SA_Energy_Dominance,205,6.708000,0.059423516,17761.926,false
SA_Energy_Dominance,205,6.738000,0.059398324,17749.647,false
SA_Energy_Dominance,205,6.836000,0.059361414,17749.647,false
SA_Energy_Dominance,205,6.880000,0.059355147,17801.206,false
SA_Energy_Dominance,205,6.952000,0.059297770,17473.958,false
SA_Energy_Dominance,205,6.906000,0.059306944,17354.124,false
SA_Energy_Dominance,205,6.990000,0.059285988,17354.124,false
SA_Energy_Dominance,205,7.004000,0.059124949,17405.826,false
SA_Energy_Dominance,205,7.112000,0.057866490,16500.073,false
SA_Energy_Dominance,205,7.078000,0.058025616,16500.073,false
SA_Energy_Dominance,205,7.268000,0.057765338,16676.483,false
SA_Energy_Dominance,205,7.328000,0.057748515,16745.610,false
SA_Energy_Dominance,205,7.458000,0.057675011,16390.516,false
SA_Energy_Dominance,205,7.366000,0.057677713,16401.445,false
SA_Energy_Dominance,205,7.806000,0.057627750,16312.594,false
SA_Energy_Dominance,205,7.742000,0.057635979,16342.584,false
SA_Energy_Dominance,205,7.890000,0.057288397,15708.062,false
SA_Energy_Dominance,205,7.934000,0.057112113,15880.606,false
SA_Energy_Dominance,205,7.940000,0.057033003,15880.606,false
SA_Energy_Dominance,205,7.844000,0.057410449,15783.463,false
SA_Energy_Dominance,205,7.998000,0.056988402,15760.905,false
SA_Energy_Dominance,205,8.080000,0.056962370,15787.630,false
SA_Energy_Dominance,205,8.168000,0.056918078,15915.450,false
SA_Energy_Dominance,205,8.216000,0.056908549,15844.061,false
SA_Energy_Dominance,205,8.298000,0.056887496,15918.197,false
SA_Energy_Dominance,205,8.342000,0.056885869,15975.056,false
SA_Energy_Dominance,205,8.448000,0.056866210,15923.767,false
SA_Energy_Dominance,205,8.504000,0.056853447,15864.038,false
SA_Energy_Dominance,205,8.594000,0.056819230,15690.511,false
SA_Energy_Dominance,205,8.662000,0.056810851,15629.384,false
SA_Energy_Dominance,205,8.730000,0.056521995,15424.838,false
SA_Energy_Dominance,205,8.856000,0.056517275,15283.376,false
SA_Energy_Dominance,205,8.914000,0.056497616,15283.376,false
SA_Energy_Dominance,205,8.986000,0.056495317,15262.027,false
SA_Energy_Dominance,205,9.120000,0.056462043,15232.996,false
SA_Energy_Dominance,205,9.068000,0.056488062,15232.996,false
SA_Energy_Dominance,205,9.210000,0.054451580,13361.037,false
SA_Energy_Dominance,205,9.154000,0.054741268,13733.163,false
SA_Energy_Dominance,205,9.330000,0.054335305,13732.278,false
SA_Energy_Dominance,205,9.272000,0.054378000,13977.682,false
SA_Energy_Dominance,205,9.388000,0.054323109,13966.050,false
SA_Energy_Dominance,205,9.448000,0.054323109,13266.921,false
SA_Energy_Dominance,205,9.580000,0.054319477,13339.281,false
SA_Energy_Dominance,205,9.518000,0.054319477,13569.869,false
SA_Energy_Dominance,205,9.638000,0.054317863,13566.898,false
SA_Energy_Dominance,206,5.316000,0.061557678,16515.420,false
SA_Energy_Dominance,206,5.256000,0.061599784,16348.590,false
SA_Energy_Dominance,206,5.332000,0.061547399,16515.420,false
SA_Energy_Dominance,206,5.334000,0.061536626,16515.420,false
SA_Energy_Dominance,206,5.280000,0.061557678,16682.250,false
SA_Energy_Dominance,206,5.234000,0.061755957,16654.980,false
SA_Energy_Dominance,206,5.032000,0.061788264,16743.074,false
SA_Energy_Dominance,206,5.012000,0.061827813,16805.984,false
SA_Energy_Dominance,206,5.004000,0.062013722,16479.668,false
SA_Energy_Dominance,206,4.830000,0.062376113,16626.033,false
SA_Energy_Dominance,206,4.860000,0.062363937,16538.030,false
SA_Energy_Dominance,206,4.902000,0.062337371,16761.237,false
SA_Energy_Dominance,206,4.904000,0.062284827,16546.814,false
SA_Energy_Dominance,206,4.908000,0.062274161,16595.911,false
SA_Energy_Dominance,206,4.810000,0.062652848,16801.822,false
SA_Energy_Dominance,206,4.758000,0.062843069,16837.367,false
SA_Energy_Dominance,206,4.630000,0.063092596,17424.118,false
SA_Energy_Dominance,206,4.456000,0.063255546,17511.360,false
SA_Energy_Dominance,206,4.444000,0.063317464,17496.214,false
SA_Energy_Dominance,206,4.432000,0.063336906,18135.258,false
SA_Energy_Dominance,206,4.466000,0.063231642,18159.024,false
SA_Energy_Dominance,206,4.476000,0.063172565,18014.528,false
SA_Energy_Dominance,206,4.490000,0.063151512,18041.253,false
SA_Energy_Dominance,206,4.468000,0.063197012,18031.069,false
SA_Energy_Dominance,206,4.634000,0.062882294,18860.082,false
SA_Energy_Dominance,206,5.246000,0.061639450,16669.748,false
SA_Energy_Dominance,206,6.500000,0.061446587,19522.562,false
SA_Energy_Dominance,206,6.582000,0.061376867,19522.562,false
SA_Energy_Dominance,206,6.594000,0.061353697,19522.562,false
SA_Energy_Dominance,206,6.468000,0.061455953,19623.274,false
SA_Energy_Dominance,206,6.600000,0.061163425,18343.782,false
SA_Energy_Dominance,206,6.614000,0.060885458,18490.356,false
SA_Energy_Dominance,206,6.654000,0.060877411,18490.356,false
SA_Energy_Dominance,206,6.702000,0.060827177,18461.433,false
SA_Energy_Dominance,206,6.716000,0.060716992,18447.559,false
SA_Energy_Dominance,206,6.708000,0.060744727,18442.683,false
SA_Energy_Dominance,206,6.760000,0.060682413,18477.916,false
SA_Energy_Dominance,206,6.770000,0.060605417,18288.440,false
SA_Energy_Dominance,206,6.808000,0.060588123,18397.791,false
SA_Energy_Dominance,206,6.844000,0.060579187,18181.507,false
SA_Energy_Dominance,206,6.856000,0.060528953,18046.842,false
SA_Energy_Dominance,206,6.926000,0.060463224,17928.037,false
SA_Energy_Dominance,206,7.094000,0.058967100,17525.080,false
SA_Energy_Dominance,206,7.078000,0.059018863,17521.207,false
SA_Energy_Dominance,206,7.238000,0.058893714,17559.009,false
SA_Energy_Dominance,206,7.206000,0.058910914,17559.009,false
SA_Energy_Dominance,206,7.280000,0.058863673,17480.356,false
SA_Energy_Dominance,206,7.346000,0.058844727,17542.058,false
SA_Energy_Dominance,206,7.468000,0.058655072,17816.414,false
SA_Energy_Dominance,206,7.408000,0.058728244,17816.414,false
SA_Energy_Dominance,206,7.486000,0.058592197,17852.673,false
SA_Energy_Dominance,206,7.666000,0.058578302,17655.306,false
SA_Energy_Dominance,206,7.720000,0.058499555,17667.026,false
SA_Energy_Dominance,206,7.888000,0.058401787,17620.345,false
SA_Energy_Dominance,206,7.776000,0.058448347,17470.500,false
SA_Energy_Dominance,206,8.012000,0.058334857,17492.849,false
SA_Energy_Dominance,206,7.934000,0.058336508,17289.881,false
SA_Energy_Dominance,206,8.102000,0.058304061,17229.293,false
SA_Energy_Dominance,206,8.228000,0.058284635,17229.293,false
SA_Energy_Dominance,206,8.368000,0.058242814,17132.919,false
SA_Energy_Dominance,206,8.298000,0.058270996,17132.919,false
SA_Energy_Dominance,206,8.438000,0.058205267,17132.919,false
SA_Energy_Dominance,206,8.494000,0.058113975,17275.496,false
SA_Energy_Dominance,206,8.798000,0.058079299,17179.783,false
SA_Energy_Dominance,206,8.928000,0.057537543,16288.444,false
SA_Energy_Dominance,206,8.962000,0.057440051,16161.006,false
SA_Energy_Dominance,206,9.058000,0.057382472,16080.216,false
SA_Energy_Dominance,206,9.110000,0.057371299,15694.795,false
SA_Energy_Dominance,206,9.304000,0.057097151,15890.014,false
SA_Energy_Dominance,206,9.242000,0.057098837,15874.270,false
SA_Energy_Dominance,206,9.240000,0.057261878,15858.340,false
SA_Energy_Dominance,206,9.384000,0.057062388,15858.340,false
SA_Energy_Dominance,206,9.498000,0.057022524,15571.420,false
SA_Energy_Dominance,206,9.562000,0.057021399,15784.752,false
SA_Energy_Dominance,206,9.626000,0.057016433,15787.985,false
SA_Energy_Dominance,206,9.774000,0.056995380,15823.654,false
SA_Energy_Dominance,206,9.834000,0.056993160,16098.363,false
SA_Energy_Dominance,206,9.946000,0.056989333,16067.376,false
SA_Energy_Dominance,206,9.890000,0.056989859,16331.889,false
SA_Energy_Dominance,206,10.016000,0.056971569,16672.836,false
SA_Energy_Dominance,206,10.138000,0.056685240,15676.587,false
SA_Energy_Dominance,206,10.248000,0.056628241,15843.417,false
SA_Energy_Dominance,206,10.530000,0.056368941,16425.339,false
SA_Energy_Dominance,206,10.480000,0.056443264,16224.550,false
SA_Energy_Dominance,206,10.266000,0.056489998,15913.629,false
SA_Energy_Dominance,206,11.094000,0.053821174,12898.066,false
SA_Energy_Dominance,206,10.748000,0.053821303,13153.740,false
SA_Energy_Dominance,206,10.656000,0.053831010,13183.793,false
SA_Energy_Dominance,206,10.556000,0.054058916,13108.413,false
SA_Energy_Dominance,206,10.574000,0.053847078,13794.058,false
SA_Energy_Dominance,206,10.828000,0.053821303,13849.654,false
SA_Energy_Dominance,207,5.168000,0.061539475,16991.569,false
SA_Energy_Dominance,207,5.122000,0.061576302,16929.971,false
SA_Energy_Dominance,207,5.074000,0.061580129,17188.538,false
SA_Energy_Dominance,207,5.068000,0.061621765,17137.249,false
SA_Energy_Dominance,207,4.778000,0.062111541,17144.117,false
SA_Energy_Dominance,207,5.052000,0.061814999,17061.128,false
SA_Energy_Dominance,207,5.038000,0.061864346,17176.701,false
SA_Energy_Dominance,207,5.032000,0.061908710,17080.842,false
SA_Energy_Dominance,207,4.996000,0.061946257,16914.012,false
SA_Energy_Dominance,207,5.026000,0.061929763,17125.112,false
SA_Energy_Dominance,207,4.902000,0.062014398,17356.071,false
SA_Energy_Dominance,207,4.920000,0.061961825,17063.184,false
SA_Energy_Dominance,207,4.876000,0.062015040,17112.561,false
SA_Energy_Dominance,207,4.818000,0.062045204,17246.342,false
SA_Energy_Dominance,207,4.802000,0.062066257,17256.450,false
SA_Energy_Dominance,207,4.790000,0.062075293,17248.071,false
SA_Energy_Dominance,207,4.854000,0.062038226,17191.216,false
SA_Energy_Dominance,207,4.834000,0.062044612,17150.908,false
SA_Energy_Dominance,207,4.536000,0.062124508,17030.915,false
SA_Energy_Dominance,207,4.450000,0.062226881,17004.190,false
SA_Energy_Dominance,207,4.520000,0.062215988,17076.595,false
SA_Energy_Dominance,207,4.440000,0.062365173,17213.693,false
SA_Energy_Dominance,207,4.424000,0.062571957,17334.803,false
SA_Energy_Dominance,207,5.350000,0.061492473,16342.999,false
SA_Energy_Dominance,207,5.338000,0.061496746,16342.999,false
SA_Energy_Dominance,207,5.374000,0.061479884,16342.999,false
SA_Energy_Dominance,207,5.262000,0.061520740,16324.641,false
SA_Energy_Dominance,207,5.248000,0.061530359,16657.176,false
SA_Energy_Dominance,207,5.760000,0.061358981,17343.852,false
SA_Energy_Dominance,207,5.742000,0.061403561,17509.379,false
SA_Energy_Dominance,207,5.766000,0.061294696,17491.540,false
SA_Energy_Dominance,207,5.896000,0.061221251,17568.480,false
SA_Energy_Dominance,207,5.960000,0.061197208,18037.343,false
SA_Energy_Dominance,207,5.994000,0.061057058,17892.847,false
SA_Energy_Dominance,207,5.974000,0.061075824,17633.002,false
SA_Energy_Dominance,207,6.048000,0.061039340,17633.002,false
SA_Energy_Dominance,207,6.026000,0.061045662,17706.247,false
SA_Energy_Dominance,207,6.146000,0.060025841,18752.486,false
SA_Energy_Dominance,207,6.190000,0.060020284,18716.724,false
SA_Energy_Dominance,207,6.280000,0.059982961,18498.605,false
SA_Energy_Dominance,207,6.224000,0.059990643,18496.511,false
SA_Energy_Dominance,207,6.314000,0.059917320,17974.380,false
SA_Energy_Dominance,207,6.284000,0.059953195,18013.390,false
SA_Energy_Dominance,207,6.472000,0.059897689,18063.895,false
SA_Energy_Dominance,207,6.478000,0.059633943,17635.638,false
SA_Energy_Dominance,207,6.840000,0.059584487,17487.248,false
SA_Energy_Dominance,207,6.874000,0.059530830,17647.467,false
SA_Energy_Dominance,207,6.688000,0.059622288,17765.819,false
SA_Energy_Dominance,207,6.866000,0.059570148,17677.086,false
SA_Energy_Dominance,207,6.888000,0.059491460,17542.038,false
SA_Energy_Dominance,207,6.932000,0.059491460,17542.038,false
SA_Energy_Dominance,207,6.942000,0.059449354,17542.038,false
SA_Energy_Dominance,207,6.992000,0.059415996,17467.156,false
SA_Energy_Dominance,207,7.028000,0.059396337,17423.891,false
SA_Energy_Dominance,207,7.168000,0.059250330,17533.631,false
SA_Energy_Dominance,207,7.166000,0.059286562,17533.631,false
SA_Energy_Dominance,207,7.296000,0.059178731,17423.860,false
SA_Energy_Dominance,207,7.454000,0.059158705,17578.479,false
SA_Energy_Dominance,207,7.550000,0.059148618,17647.607,false
SA_Energy_Dominance,207,7.686000,0.059145337,17546.895,false
SA_Energy_Dominance,207,7.858000,0.059141943,17638.555,false
SA_Energy_Dominance,207,7.930000,0.059139240,17612.694,false
SA_Energy_Dominance,207,8.026000,0.059099931,17643.845,false
SA_Energy_Dominance,207,8.086000,0.058837811,17931.823,false
SA_Energy_Dominance,207,8.368000,0.058786026,17467.213,false
SA_Energy_Dominance,207,8.374000,0.058688143,17561.901,false
SA_Energy_Dominance,207,8.424000,0.058488907,17505.170,false
SA_Energy_Dominance,207,8.456000,0.058252912,17224.896,false
SA_Energy_Dominance,207,8.590000,0.058156475,17138.207,false
SA_Energy_Dominance,207,8.546000,0.058215075,17138.207,false
SA_Energy_Dominance,207,8.684000,0.058147598,17138.207,false
SA_Energy_Dominance,207,8.776000,0.058104079,17141.883,false
SA_Energy_Dominance,207,8.894000,0.058019868,17352.983,false
SA_Energy_Dominance,207,9.010000,0.057973805,17399.697,false
SA_Energy_Dominance,207,9.102000,0.057954146,17399.697,false
SA_Energy_Dominance,207,9.164000,0.057940127,17392.582,false
SA_Energy_Dominance,207,9.404000,0.057802143,17735.498,false
SA_Energy_Dominance,207,9.454000,0.057724306,17803.988,false
SA_Energy_Dominance,207,9.174000,0.057869050,17803.988,false
SA_Energy_Dominance,207,9.480000,0.057660159,17803.988,false
SA_Energy_Dominance,207,9.532000,0.057491953,17771.062,false
SA_Energy_Dominance,207,9.592000,0.057475771,17739.804,false
SA_Energy_Dominance,207,9.676000,0.057163125,16452.724,false
SA_Energy_Dominance,207,9.792000,0.057152598,16452.724,false
SA_Energy_Dominance,207,9.954000,0.057137660,16764.055,false
SA_Energy_Dominance,207,9.620000,0.057285030,16701.145,false
SA_Energy_Dominance,207,10.054000,0.057123641,16924.186,false
SA_Energy_Dominance,207,10.130000,0.057105057,16891.118,false
SA_Energy_Dominance,207,10.446000,0.057023633,16781.593,false
SA_Energy_Dominance,207,10.248000,0.057080487,16784.564,false
SA_Energy_Dominance,207,10.294000,0.057024050,16987.004,false
SA_Energy_Dominance,207,10.586000,0.056872578,17056.196,false
SA_Energy_Dominance,207,10.778000,0.056738421,16493.384,false
SA_Energy_Dominance,207,10.682000,0.056803218,16495.479,false
SA_Energy_Dominance,207,10.878000,0.056735135,16507.966,false
SA_Energy_Dominance,207,10.980000,0.056668301,16320.626,false
SA_Energy_Dominance,207,11.004000,0.056374079,16005.614,false
SA_Energy_Dominance,207,11.280000,0.056141194,16015.246,false
SA_Energy_Dominance,207,11.286000,0.056021013,15832.445,false
SA_Energy_Dominance,207,11.382000,0.055904010,15655.177,false
SA_Energy_Dominance,207,11.144000,0.056151924,15666.012,false
SA_Energy_Dominance,207,11.726000,0.055885215,15561.856,false
SA_Energy_Dominance,207,11.766000,0.055817557,15235.260,false
SA_Energy_Dominance,207,11.940000,0.055756169,15031.632,false
SA_Energy_Dominance,207,12.132000,0.055735409,14789.347,false
SA_Energy_Dominance,207,12.146000,0.055663233,14701.990,false
SA_Energy_Dominance,207,12.226000,0.055573628,14523.550,false
SA_Energy_Dominance,207,12.410000,0.055381916,14446.416,false
SA_Energy_Dominance,207,12.498000,0.055334687,14232.127,false
SA_Energy_Dominance,207,12.680000,0.055321581,14232.127,false
SA_Energy_Dominance,207,12.366000,0.055519890,14116.712,false
SA_Energy_Dominance,207,12.732000,0.055133421,13983.198,false
SA_Energy_Dominance,207,12.876000,0.054314428,12918.700,false
SA_Energy_Dominance,207,13.206000,0.053982039,12875.230,false
SA_Energy_Dominance,207,13.060000,0.054020835,12893.069,false
SA_Energy_Dominance,207,13.058000,0.054147353,12893.069,false
SA_Energy_Dominance,207,13.540000,0.053978720,12537.838,false
SA_Energy_Dominance,207,13.688000,0.053956848,12561.858,false
SA_Energy_Dominance,207,14.044000,0.052440441,11786.196,false
SA_Energy_Dominance,207,13.912000,0.052444231,12160.211,false
SA_Energy_Dominance,207,13.846000,0.052558548,12580.860,false
SA_Energy_Dominance,207,14.286000,0.052416109,12588.460,false
SA_Energy_Dominance,208,5.336000,0.061529294,16515.420,false
SA_Energy_Dominance,208,5.338000,0.061528756,16399.848,false
SA_Energy_Dominance,208,5.324000,0.061538019,16515.420,false
SA_Energy_Dominance,208,5.206000,0.061550687,16870.851,false
SA_Energy_Dominance,208,4.992000,0.061656465,16906.022,false
SA_Energy_Dominance,208,4.994000,0.061620557,17009.196,false
SA_Energy_Dominance,208,4.906000,0.061827992,16916.944,false
SA_Energy_Dominance,208,4.848000,0.061841784,17196.584,false
SA_Energy_Dominance,208,4.828000,0.061940147,17513.248,false
SA_Energy_Dominance,208,4.806000,0.061968531,17310.373,false
SA_Energy_Dominance,208,4.782000,0.062010637,17310.373,false
SA_Energy_Dominance,208,4.796000,0.061986454,17125.352,false
SA_Energy_Dominance,208,4.738000,0.062064177,17083.635,false
SA_Energy_Dominance,208,4.734000,0.062740613,17385.177,false
SA_Energy_Dominance,208,4.694000,0.062927939,17632.442,false
SA_Energy_Dominance,208,6.916000,0.061009390,17604.436,false
SA_Energy_Dominance,208,7.114000,0.060948634,17555.339,false
SA_Energy_Dominance,208,7.178000,0.060943824,17337.325,false
SA_Energy_Dominance,208,7.650000,0.060281998,17520.321,false
SA_Energy_Dominance,208,7.630000,0.060321866,17449.175,false
SA_Energy_Dominance,208,7.696000,0.060214148,17522.248,false
SA_Energy_Dominance,208,7.228000,0.060422270,17663.162,false
SA_Energy_Dominance,208,7.934000,0.059127257,17637.849,false
SA_Energy_Dominance,208,8.036000,0.059044194,17924.157,false
SA_Energy_Dominance,208,8.070000,0.058852278,17760.182,false
SA_Energy_Dominance,208,7.786000,0.059152817,17760.182,false
SA_Energy_Dominance,208,8.106000,0.058754541,17564.429,false
SA_Energy_Dominance,208,8.218000,0.058743326,17507.580,false
SA_Energy_Dominance,208,8.294000,0.058638636,17615.695,false
SA_Energy_Dominance,208,8.660000,0.058565901,17615.695,false
SA_Energy_Dominance,208,8.522000,0.058634760,17663.594,false
SA_Energy_Dominance,208,8.612000,0.058584946,17663.594,false
SA_Energy_Dominance,208,8.566000,0.058606035,17734.589,false
SA_Energy_Dominance,208,8.918000,0.058153160,17577.827,false
SA_Energy_Dominance,208,9.068000,0.058000770,17530.042,false
SA_Energy_Dominance,208,9.122000,0.058000770,17579.139,false
SA_Energy_Dominance,208,9.174000,0.057985090,17225.511,false
SA_Energy_Dominance,208,9.014000,0.058034419,16991.394,false
SA_Energy_Dominance,208,9.272000,0.057950268,16933.815,false
SA_Energy_Dominance,208,9.386000,0.057845889,16947.515,false
SA_Energy_Dominance,208,9.434000,0.057799964,17008.258,false
SA_Energy_Dominance,208,9.532000,0.057780304,17000.235,false
SA_Energy_Dominance,208,9.732000,0.057752538,16931.108,false
SA_Energy_Dominance,208,9.958000,0.057680572,16931.108,false
SA_Energy_Dominance,208,9.880000,0.057751419,16892.980,false
SA_Energy_Dominance,208,10.068000,0.057333105,15731.833,false
SA_Energy_Dominance,208,10.060000,0.057411279,16079.424,false
SA_Energy_Dominance,208,10.280000,0.056642872,16997.733,false
SA_Energy_Dominance,208,10.194000,0.056645993,17226.768,false
SA_Energy_Dominance,208,10.424000,0.056631552,17123.085,false
SA_Energy_Dominance,208,10.598000,0.056575958,17030.222,false
SA_Energy_Dominance,208,10.704000,0.056544321,16773.043,false
SA_Energy_Dominance,208,10.804000,0.056349486,16847.858,false
SA_Energy_Dominance,208,11.174000,0.056045876,16743.726,false
SA_Energy_Dominance,208,11.068000,0.056117050,16743.726,false
SA_Energy_Dominance,208,11.242000,0.055961667,17244.546,false
SA_Energy_Dominance,208,11.550000,0.055938103,17308.313,false
SA_Energy_Dominance,208,11.674000,0.055923662,17286.964,false
SA_Energy_Dominance,208,11.736000,0.055665153,14844.355,false
SA_Energy_Dominance,208,12.060000,0.055130993,14737.120,false
SA_Energy_Dominance,208,11.860000,0.055176616,14858.970,false
SA_Energy_Dominance,208,12.140000,0.055109172,15119.812,false
SA_Energy_Dominance,208,12.270000,0.055075592,15007.543,false
SA_Energy_Dominance,208,12.412000,0.055029981,14678.482,false
SA_Energy_Dominance,208,12.610000,0.054946748,14725.610,false
SA_Energy_Dominance,208,12.768000,0.054713608,14790.132,false
SA_Energy_Dominance,208,12.666000,0.054745545,14834.039,false
SA_Energy_Dominance,208,12.872000,0.054709459,14752.572,false
SA_Energy_Dominance,208,13.084000,0.054705961,13878.274,false
SA_Energy_Dominance,208,13.296000,0.054668194,13977.065,false
SA_Energy_Dominance,208,13.406000,0.054655088,14415.092,false
SA_Energy_Dominance,208,13.596000,0.054628018,14326.459,false
SA_Energy_Dominance,208,13.694000,0.054500710,14419.698,false
SA_Energy_Dominance,208,13.874000,0.054346566,14419.698,false
SA_Energy_Dominance,208,14.024000,0.054337438,14518.789,false
SA_Energy_Dominance,208,14.134000,0.054331629,14430.015,false
SA_Energy_Dominance,208,14.288000,0.054270277,14501.311,false
SA_Energy_Dominance,208,14.420000,0.054263762,14404.861,false
SA_Energy_Dominance,208,14.652000,0.053968856,14416.497,false
SA_Energy_Dominance,208,14.812000,0.053915642,14416.497,false
SA_Energy_Dominance,208,14.940000,0.053890853,14382.287,false
SA_Energy_Dominance,208,15.046000,0.053888177,14373.908,false
SA_Energy_Dominance,208,15.176000,0.053877134,14372.905,false
SA_Energy_Dominance,208,15.290000,0.053779383,14051.041,false
SA_Energy_Dominance,208,15.400000,0.053766277,14010.112,false
SA_Energy_Dominance,208,15.516000,0.053752317,14430.837,false
SA_Energy_Dominance,208,15.694000,0.053731179,14430.968,false
SA_Energy_Dominance,208,15.820000,0.053647798,13974.883,false
SA_Energy_Dominance,208,15.952000,0.053633357,14109.561,false
SA_Energy_Dominance,208,16.070000,0.053631707,14021.179,false
SA_Energy_Dominance,208,16.152000,0.052573976,12526.649,false
SA_Energy_Dominance,208,16.364000,0.052041707,13299.211,false
SA_Energy_Dominance,208,16.198000,0.052057475,13245.450,false
SA_Energy_Dominance,208,16.594000,0.052009480,12966.362,false
SA_Energy_Dominance,208,16.716000,0.052002058,13135.203,false
SA_Energy_Dominance,208,17.012000,0.052000040,12720.150,false
SA_Energy_Dominance,209,4.556000,0.061804294,17991.099,false
SA_Energy_Dominance,209,4.534000,0.061934723,17963.025,false
SA_Energy_Dominance,209,4.532000,0.061951014,17963.025,false
SA_Energy_Dominance,209,4.522000,0.061977032,17981.075,false
SA_Energy_Dominance,209,4.678000,0.061464555,18030.243,false
SA_Energy_Dominance,209,4.636000,0.061576191,18105.812,false
SA_Energy_Dominance,209,4.992000,0.061272770,18374.635,false
SA_Energy_Dominance,209,5.002000,0.061251717,18480.423,false
SA_Energy_Dominance,209,5.030000,0.061191894,18480.423,false
SA_Energy_Dominance,209,4.964000,0.061373711,18571.513,false
SA_Energy_Dominance,209,5.114000,0.061185839,18234.063,false
SA_Energy_Dominance,209,5.374000,0.061005979,18148.062,false
SA_Energy_Dominance,209,5.432000,0.060800756,17932.386,false
SA_Energy_Dominance,209,5.418000,0.060809494,17932.386,false
SA_Energy_Dominance,209,5.440000,0.060750287,18291.031,false
SA_Energy_Dominance,209,5.456000,0.060747866,18368.181,false
SA_Energy_Dominance,209,5.314000,0.061050532,18375.875,false
SA_Energy_Dominance,209,5.626000,0.060670431,18131.015,false
SA_Energy_Dominance,209,5.644000,0.060620994,17871.036,false
SA_Energy_Dominance,209,5.834000,0.060481781,17524.447,false
SA_Energy_Dominance,209,5.770000,0.060505243,17524.447,false
SA_Energy_Dominance,209,5.752000,0.060598375,17573.544,false
SA_Energy_Dominance,209,5.890000,0.060448601,17888.244,false
SA_Energy_Dominance,209,5.912000,0.060355005,18050.880,false
SA_Energy_Dominance,209,5.916000,0.060178922,18204.245,false
SA_Energy_Dominance,209,5.942000,0.060174605,18204.245,false
SA_Energy_Dominance,209,5.984000,0.060172991,18255.533,false
SA_Energy_Dominance,209,5.986000,0.059945476,18220.512,false
SA_Energy_Dominance,209,6.094000,0.059803860,18340.110,false
SA_Energy_Dominance,209,6.126000,0.059770400,18342.205,false
SA_Energy_Dominance,209,6.170000,0.059765328,18413.890,false
SA_Energy_Dominance,209,6.374000,0.059737821,18514.120,false
SA_Energy_Dominance,209,6.394000,0.059703392,18328.595,false
SA_Energy_Dominance,209,6.450000,0.059237804,17253.443,false
SA_Energy_Dominance,209,6.492000,0.059197165,17336.618,false
SA_Energy_Dominance,209,6.602000,0.058922901,17272.944,false
SA_Energy_Dominance,209,6.622000,0.058840201,17415.400,false
SA_Energy_Dominance,209,6.708000,0.058676278,17882.066,false
SA_Energy_Dominance,209,6.654000,0.058697331,17882.066,false
SA_Energy_Dominance,209,7.022000,0.058442993,17875.596,false
SA_Energy_Dominance,209,6.900000,0.058544855,18276.926,false
SA_Energy_Dominance,209,6.926000,0.058460105,18119.166,false
SA_Energy_Dominance,209,7.060000,0.058440397,18131.755,false
SA_Energy_Dominance,209,7.140000,0.057786795,17609.502,false
SA_Energy_Dominance,209,7.288000,0.057742503,17609.502,false
SA_Energy_Dominance,209,7.214000,0.057777552,17656.353,false
SA_Energy_Dominance,209,7.352000,0.057668138,17559.524,false
SA_Energy_Dominance,209,7.378000,0.057338208,17436.333,false
SA_Energy_Dominance,209,7.524000,0.057274692,17423.558,false
SA_Energy_Dominance,209,7.760000,0.057246016,17558.231,false
SA_Energy_Dominance,209,7.780000,0.057023243,17326.126,false
SA_Energy_Dominance,209,7.776000,0.057128507,17246.642,false
SA_Energy_Dominance,209,7.818000,0.057012351,17150.064,false
SA_Energy_Dominance,209,7.858000,0.056961675,17119.077,false
SA_Energy_Dominance,209,7.910000,0.056950308,17075.170,false
SA_Energy_Dominance,209,8.082000,0.056788681,16799.303,false
SA_Energy_Dominance,209,8.156000,0.056694559,16755.156,false
SA_Energy_Dominance,209,8.196000,0.056684279,16630.556,false
SA_Energy_Dominance,209,8.102000,0.056703938,16632.524,false
SA_Energy_Dominance,209,8.020000,0.056801187,16579.267,false
SA_Energy_Dominance,209,8.292000,0.056575178,16627.997,false
SA_Energy_Dominance,209,8.462000,0.056234451,16604.998,false
SA_Energy_Dominance,209,8.418000,0.056299797,16604.998,false
SA_Energy_Dominance,209,8.628000,0.056208203,16563.961,false
SA_Energy_Dominance,209,8.718000,0.056200580,16383.894,false
SA_Energy_Dominance,209,8.832000,0.056168138,17416.225,false
SA_Energy_Dominance,209,8.894000,0.056135740,17362.425,false
SA_Energy_Dominance,209,9.032000,0.056003038,17199.175,false
SA_Energy_Dominance,209,8.920000,0.056073055,17098.462,false
SA_Energy_Dominance,209,9.164000,0.055724246,16118.805,false
SA_Energy_Dominance,209,9.062000,0.055843004,16289.163,false
SA_Energy_Dominance,209,9.224000,0.055721544,16144.667,false
SA_Energy_Dominance,209,9.228000,0.055657365,16171.392,false
SA_Energy_Dominance,209,9.308000,0.055616203,15463.571,false
SA_Energy_Dominance,209,9.442000,0.055579164,15495.528,false
SA_Energy_Dominance,209,9.362000,0.055586586,15542.445,false
SA_Energy_Dominance,209,9.636000,0.055535168,15577.199,false
SA_Energy_Dominance,209,9.842000,0.055529566,15592.097,false
SA_Energy_Dominance,209,10.140000,0.055345279,15845.063,false
SA_Energy_Dominance,209,10.070000,0.055345279,15845.063,false
SA_Energy_Dominance,209,9.944000,0.055362825,15936.091,false
SA_Energy_Dominance,209,10.238000,0.055336652,16039.679,false
SA_Energy_Dominance,209,10.308000,0.055303632,16103.358,false
SA_Energy_Dominance,209,10.418000,0.055199913,16109.249,false
SA_Energy_Dominance,209,10.476000,0.055123736,15976.185,false
SA_Energy_Dominance,209,10.586000,0.055078285,15790.277,false
SA_Energy_Dominance,209,10.700000,0.054993486,16545.563,false
SA_Energy_Dominance,209,10.822000,0.054980007,16176.642,false
SA_Energy_Dominance,209,10.920000,0.054864757,16283.763,false
SA_Energy_Dominance,209,11.254000,0.054814710,16350.087,false
SA_Energy_Dominance,209,11.260000,0.054603331,15888.569,false
SA_Energy_Dominance,209,11.506000,0.054547521,15804.795,false
SA_Energy_Dominance,209,11.574000,0.054429075,16443.209,false
SA_Energy_Dominance,209,11.670000,0.054356773,16463.662,false
SA_Energy_Dominance,209,11.830000,0.054282345,16028.111,false
SA_Energy_Dominance,209,12.002000,0.054273869,16028.111,false
SA_Energy_Dominance,209,12.086000,0.054224711,16255.878,false
SA_Energy_Dominance,209,12.210000,0.054173139,16164.383,false
SA_Energy_Dominance,209,12.290000,0.054153334,15473.229,false
SA_Energy_Dominance,209,12.394000,0.054130610,15644.759,false
SA_Energy_Dominance,209,12.576000,0.054059290,15359.229,false
SA_Energy_Dominance,209,12.778000,0.054041169,15412.503,false
SA_Energy_Dominance,209,12.978000,0.053930074,14671.283,false
SA_Energy_Dominance,209,12.888000,0.053951127,14724.085,false
SA_Energy_Dominance,209,13.164000,0.053902943,14895.494,false
SA_Energy_Dominance,209,13.250000,0.053815408,14857.664,false
SA_Energy_Dominance,209,13.378000,0.053777989,14823.779,false
SA_Energy_Dominance,209,13.476000,0.053764270,14764.101,false
SA_Energy_Dominance,209,13.702000,0.053750941,14650.756,false
SA_Energy_Dominance,209,14.008000,0.053690095,14749.660,false
SA_Energy_Dominance,209,14.072000,0.051997854,13050.212,false
SA_Energy_Dominance,209,14.196000,0.051888851,12830.250,false
SA_Energy_Dominance,209,14.340000,0.051885219,12501.832,false
SA_Energy_Dominance,209,14.472000,0.051879974,12488.576,false
NSGA-II,200,2.876000,0.062150121,18786.201,false
NSGA-II,200,3.108000,0.061338179,18465.837,false
NSGA-II,200,2.930000,0.061681551,18950.796,false
NSGA-II,200,4.156000,0.056557801,15867.118,false
NSGA-II,200,2.888000,0.062027131,18737.934,false
NSGA-II,200,2.988000,0.061560296,18360.263,false
NSGA-II,200,2.894000,0.061918893,18610.905,false
NSGA-II,200,4.448000,0.055883464,16427.266,false
NSGA-II,200,2.924000,0.061765707,19103.472,false
NSGA-II,200,3.770000,0.057523082,15658.232,false
NSGA-II,200,4.784000,0.055270675,15560.586,false
NSGA-II,200,5.312000,0.054824921,16000.712,false
NSGA-II,200,4.054000,0.056685941,16345.682,false
NSGA-II,200,3.526000,0.058001593,16333.936,false
NSGA-II,200,4.862000,0.055136401,16066.987,false
NSGA-II,200,3.662000,0.057761873,15911.983,false
NSGA-II,200,2.846000,0.062314919,18587.071,false
NSGA-II,200,6.058000,0.054471452,15612.494,false
NSGA-II,200,3.514000,0.058128404,16139.947,false
NSGA-II,200,6.536000,0.054402078,16051.190,false
NSGA-II,200,4.690000,0.055416042,15871.044,false
NSGA-II,200,3.838000,0.057402390,15435.106,false
NSGA-II,200,6.036000,0.054568175,15957.886,false
NSGA-II,200,4.502000,0.055581352,16447.810,false
NSGA-II,200,3.984000,0.056909657,15996.760,false
NSGA-II,200,3.052000,0.061540931,18741.836,false
NSGA-II,200,5.040000,0.054912832,16060.684,false
NSGA-II,200,3.146000,0.060987101,18022.389,false
NSGA-II,200,3.542000,0.057853956,15864.047,false
NSGA-II,200,4.750000,0.055397501,15688.534,false
NSGA-II,200,6.924000,0.054302705,15890.043,false
NSGA-II,200,3.724000,0.057601000,15656.801,false
NSGA-II,200,3.796000,0.057408280,15625.132,false
NSGA-II,200,4.498000,0.055673494,15113.354,false
NSGA-II,200,4.618000,0.055418605,15977.887,false
NSGA-II,200,4.870000,0.055045138,16121.420,false
NSGA-II,200,4.924000,0.054930023,16012.781,true
NSGA-II,200,6.796000,0.054376514,15806.432,false
NSGA-II,200,4.216000,0.055925190,16249.650,false
NSGA-II,200,6.194000,0.054433611,15508.835,false
NSGA-II,200,3.878000,0.057124105,16180.287,false
NSGA-II,200,5.796000,0.054607917,16100.095,false
NSGA-II,200,5.346000,0.054718000,15470.934,false
NSGA-II,200,3.980000,0.056992301,15858.320,false
NSGA-II,200,4.014000,0.056823209,15770.086,false
NSGA-II,200,5.842000,0.054604424,15838.440,false
NSGA-II,200,3.620000,0.057790483,16104.835,false
NSGA-II,200,5.890000,0.054578166,15931.777,false
NSGA-II,200,4.834000,0.055239515,15636.721,false
NSGA-II,200,3.422000,0.058533714,16070.813,false
NSGA-II,200,5.570000,0.054636441,15523.582,false
NSGA-II,201,4.566000,0.055337052,15674.835,false
NSGA-II,201,3.568000,0.057594203,16245.739,false
NSGA-II,201,4.016000,0.056243975,16150.734,false
NSGA-II,201,3.344000,0.059507000,17345.499,false
NSGA-II,201,4.384000,0.055589920,16208.849,false
NSGA-II,201,4.242000,0.055671798,16424.078,false
NSGA-II,201,3.614000,0.057405011,16981.488,false
NSGA-II,201,4.736000,0.055152056,15743.047,false
NSGA-II,201,3.978000,0.056299454,16067.204,false
NSGA-II,201,3.632000,0.057116707,17725.070,false
NSGA-II,201,4.772000,0.055131749,16444.202,false
NSGA-II,201,3.292000,0.059740257,16873.713,false
NSGA-II,201,4.124000,0.056027553,16392.627,false
NSGA-II,201,4.624000,0.055275352,16304.254,false
NSGA-II,201,4.402000,0.055409457,16447.459,false
NSGA-II,201,6.252000,0.054314079,15836.715,true
NSGA-II,201,4.676000,0.055220100,15399.413,false
NSGA-II,201,4.954000,0.054745092,15889.292,true
NSGA-II,201,3.358000,0.057919490,17045.085,false
NSGA-II,201,3.812000,0.056815081,16303.741,false
NSGA-II,201,3.346000,0.058961944,17696.271,false
NSGA-II,201,3.788000,0.057018805,16299.755,false
NSGA-II,201,4.824000,0.055076700,16456.168,false
NSGA-II,201,4.924000,0.054942615,16196.583,false
NSGA-II,201,4.108000,0.056195179,16167.626,false
NSGA-II,201,4.880000,0.055024650,16329.302,true
NSGA-II,201,4.462000,0.055350266,15839.791,false
NSGA-II,201,3.154000,0.059836927,17277.722,false
NSGA-II,201,4.342000,0.055610660,16159.561,false
NSGA-II,201,5.608000,0.054489319,15734.759,true
NSGA-II,201,3.880000,0.056494975,16380.259,false
NSGA-II,201,6.438000,0.054138843,15627.512,true
NSGA-II,201,5.200000,0.054678710,16327.840,true
NSGA-II,201,4.950000,0.054865805,15415.139,true
NSGA-II,201,3.802000,0.056947246,16972.735,false
NSGA-II,201,6.290000,0.054311282,16013.387,true
NSGA-II,201,6.204000,0.054337959,15852.459,true
NSGA-II,201,5.672000,0.054412042,15117.343,true
NSGA-II,201,3.872000,0.056604792,16555.875,false
NSGA-II,201,6.398000,0.054227047,15792.191,true
NSGA-II,201,5.256000,0.054623729,15559.605,true
NSGA-II,201,5.312000,0.054545075,16077.398,true
NSGA-II,201,3.330000,0.059625349,17246.665,false
NSGA-II,201,5.830000,0.054354794,15517.298,true
NSGA-II,201,4.204000,0.055837176,15767.139,false
NSGA-II,201,3.816000,0.056745894,16179.007,false
NSGA-II,202,3.116000,0.061558878,17971.403,false
NSGA-II,202,4.130000,0.056244684,16284.486,false
NSGA-II,202,5.352000,0.055370752,14819.529,false
NSGA-II,202,3.122000,0.059039765,16849.093,false
NSGA-II,202,2.988000,0.061689604,18416.950,false
NSGA-II,202,3.008000,0.061574695,18372.330,false
NSGA-II,202,2.864000,0.062480074,19079.999,false
NSGA-II,202,4.962000,0.055517263,15571.393,false
NSGA-II,202,4.532000,0.055790988,15424.619,false
NSGA-II,202,2.876000,0.062160724,18658.803,false
NSGA-II,202,3.472000,0.057813432,16762.377,false
NSGA-II,202,3.296000,0.058207407,16433.341,false
NSGA-II,202,3.900000,0.056678592,15812.885,false
NSGA-II,202,4.078000,0.056420856,16007.853,false
NSGA-II,202,4.912000,0.055558400,15068.341,false
NSGA-II,202,4.110000,0.056336380,16284.486,false
NSGA-II,202,2.962000,0.061890347,18574.895,false
NSGA-II,202,3.430000,0.057842626,16787.726,false
NSGA-II,202,4.036000,0.056481326,16175.357,false
NSGA-II,202,3.486000,0.057513270,17091.537,false
NSGA-II,202,4.308000,0.056179370,15614.932,false
NSGA-II,202,5.144000,0.055414119,15353.933,false
NSGA-II,202,4.522000,0.055932759,15002.405,false
NSGA-II,202,5.582000,0.055143614,14985.384,false
NSGA-II,202,6.280000,0.055058038,15674.563,false
NSGA-II,202,2.872000,0.062405100,18853.155,false
NSGA-II,202,5.454000,0.055247529,14777.293,false
NSGA-II,202,3.246000,0.058516029,17361.921,false
NSGA-II,202,4.466000,0.055952925,14983.375,false
NSGA-II,202,4.688000,0.055629715,15342.374,false
NSGA-II,202,3.940000,0.056533285,15859.256,false
NSGA-II,202,3.612000,0.057094799,16675.956,false
NSGA-II,202,5.252000,0.055385073,15073.151,false
NSGA-II,202,3.664000,0.056808891,16784.669,false
NSGA-II,202,3.352000,0.058090158,17020.374,false
NSGA-II,202,4.652000,0.055764860,15396.869,false
NSGA-II,202,3.208000,0.058818482,16994.284,false
NSGA-II,202,5.376000,0.055279592,14930.686,false
NSGA-II,202,3.158000,0.058892091,16990.851,false
NSGA-II,202,3.118000,0.061433266,18058.217,false
NSGA-II,202,5.938000,0.055077190,15156.792,false
NSGA-II,202,3.514000,0.057384616,16675.956,false
NSGA-II,202,4.314000,0.055990808,16240.961,false
NSGA-II,202,5.090000,0.055418811,15136.972,false
NSGA-II,202,2.912000,0.061929414,19422.782,false
NSGA-II,203,3.276000,0.060434880,18231.830,false
NSGA-II,203,3.262000,0.060519091,18231.830,false
NSGA-II,203,3.602000,0.057092084,17845.581,false
NSGA-II,203,2.898000,0.062429351,18588.512,false
NSGA-II,203,3.688000,0.057057315,16955.767,false
NSGA-II,203,4.720000,0.055172488,16767.929,false
NSGA-II,203,4.282000,0.055690658,17033.103,false
NSGA-II,203,3.092000,0.060906853,17880.100,false
NSGA-II,203,3.290000,0.060186977,18262.236,false
NSGA-II,203,5.136000,0.054895623,16753.903,false
NSGA-II,203,2.912000,0.062253372,18471.365,false
NSGA-II,203,3.010000,0.062030648,18249.155,false
NSGA-II,203,4.180000,0.055879765,16909.930,false
NSGA-II,203,4.510000,0.055435563,17372.875,false
NSGA-II,203,3.352000,0.058643713,17160.599,false
NSGA-II,203,3.864000,0.056265629,17164.788,false
NSGA-II,203,3.210000,0.060619342,18053.778,false
NSGA-II,203,4.806000,0.055112153,16709.189,false
NSGA-II,203,3.824000,0.056272160,17395.211,false
NSGA-II,203,4.646000,0.055201623,16773.262,false
NSGA-II,203,3.314000,0.058665884,17370.465,false
NSGA-II,203,3.480000,0.057092998,17526.009,false
NSGA-II,203,3.186000,0.060811583,17868.251,false
NSGA-II,203,4.960000,0.055011192,16973.179,false
NSGA-II,203,3.374000,0.057589911,16911.903,false
NSGA-II,203,4.308000,0.055683207,17112.398,false
NSGA-II,203,4.770000,0.055145009,17328.570,false
NSGA-II,203,4.476000,0.055465788,17223.614,false
NSGA-II,203,4.606000,0.055202660,16466.551,false
NSGA-II,203,4.392000,0.055511403,16764.561,false
NSGA-II,203,4.220000,0.055700353,16929.296,false
NSGA-II,203,3.938000,0.056149954,16750.425,false
NSGA-II,203,5.030000,0.054980728,16657.779,false
NSGA-II,203,4.832000,0.055092619,16813.241,false
NSGA-II,203,3.794000,0.056579152,17266.656,false
NSGA-II,203,5.064000,0.054964469,16721.225,false
NSGA-II,203,2.832000,0.062498659,18446.276,false
NSGA-II,203,4.318000,0.055549641,16840.604,false
NSGA-II,203,3.696000,0.056692265,17438.373,false
NSGA-II,203,4.574000,0.055376180,16406.998,false
NSGA-II,203,3.650000,0.057078587,16992.193,false
NSGA-II,203,3.740000,0.056605052,17363.672,false
NSGA-II,203,4.148000,0.055908575,17603.149,false
NSGA-II,203,3.976000,0.055937683,16579.482,false
NSGA-II,203,4.912000,0.055070743,16611.860,false
NSGA-II,204,3.382000,0.057872359,17304.780,false
NSGA-II,204,4.506000,0.055705014,16971.141,false
NSGA-II,204,3.018000,0.062473291,18788.515,false
NSGA-II,204,3.158000,0.059568860,17724.552,false
NSGA-II,204,3.614000,0.056974595,17196.400,false
NSGA-II,204,4.182000,0.055972888,16409.558,false
NSGA-II,204,3.666000,0.056831131,16785.275,false
NSGA-II,204,3.258000,0.058767888,18150.980,false
NSGA-II,204,4.000000,0.056147151,17009.468,false
NSGA-II,204,3.694000,0.056715489,16445.083,false
NSGA-II,204,4.576000,0.055576705,17083.872,false
NSGA-II,204,2.986000,0.063013510,18470.946,false
NSGA-II,204,4.118000,0.056030593,17399.899,false
NSGA-II,204,4.634000,0.055552515,17696.135,false
NSGA-II,204,3.980000,0.056280029,17009.468,false
NSGA-II,204,4.538000,0.055582747,17796.719,false
NSGA-II,204,3.794000,0.056399194,16860.047,false
NSGA-II,204,4.916000,0.055350884,17377.587,false
NSGA-II,204,3.584000,0.057108060,17086.715,false
NSGA-II,204,3.560000,0.057303145,16912.262,false
NSGA-II,204,3.052000,0.062431952,18553.648,false
NSGA-II,204,3.262000,0.058134587,17216.373,false
NSGA-II,204,3.188000,0.059407255,17894.988,false
NSGA-II,204,3.230000,0.058864885,18055.392,false
NSGA-II,204,4.264000,0.055744179,16880.977,false
NSGA-II,204,3.424000,0.057716316,17567.767,false
NSGA-II,204,4.680000,0.055451637,17098.958,false
NSGA-II,204,4.020000,0.056037025,16586.917,false
NSGA-II,204,2.984000,0.063309824,18292.438,false
NSGA-II,204,4.972000,0.055338130,16728.626,false
NSGA-II,204,4.764000,0.055402717,16759.618,false
NSGA-II,204,3.774000,0.056505363,16700.356,false
NSGA-II,204,3.828000,0.056387364,16365.451,false
NSGA-II,204,3.102000,0.059642375,17723.167,false
NSGA-II,204,3.452000,0.057364744,16934.676,false
NSGA-II,204,3.568000,0.057203645,16446.892,false
NSGA-II,204,4.436000,0.055730631,16644.865,false
NSGA-II,204,3.000000,0.062701401,18487.406,false
NSGA-II,204,5.080000,0.055337102,17145.370,false
NSGA-II,204,5.096000,0.055220431,16866.305,false
NSGA-II,204,3.622000,0.056863188,16910.288,false
NSGA-II,204,3.942000,0.056365634,16656.397,false
NSGA-II,204,4.234000,0.055895609,16884.795,false
NSGA-II,205,2.940000,0.062643035,19103.231,false
NSGA-II,205,2.976000,0.062360731,18883.324,false
NSGA-II,205,2.960000,0.062463473,18735.501,false
NSGA-II,205,2.936000,0.063014020,18718.538,false
NSGA-II,205,3.938000,0.056011886,16371.906,false
NSGA-II,205,3.624000,0.056579071,16777.749,false
NSGA-II,205,4.170000,0.055713739,16083.976,false
NSGA-II,205,3.218000,0.057976956,16636.373,false
NSGA-II,205,3.830000,0.056161204,16475.439,false
NSGA-II,205,3.724000,0.056447987,17325.092,false
NSGA-II,205,3.082000,0.059490931,17589.572,false
NSGA-II,205,3.226000,0.057791816,16556.848,false
NSGA-II,205,3.792000,0.056321892,17345.104,false
NSGA-II,205,3.160000,0.058131638,16816.899,false
NSGA-II,205,3.284000,0.057500755,17444.302,false
NSGA-II,205,3.092000,0.059324091,17442.073,false
NSGA-II,205,3.520000,0.056928341,16609.916,false
NSGA-II,205,4.982000,0.055177899,15934.305,false
NSGA-II,205,4.626000,0.055306299,15866.135,false
NSGA-II,205,3.446000,0.056967585,16804.388,false
NSGA-II,205,3.800000,0.056170390,16257.666,false
NSGA-II,205,4.072000,0.055786474,16743.630,false
NSGA-II,205,4.596000,0.055319214,15887.859,false
NSGA-II,205,3.374000,0.057325541,16927.805,false
NSGA-II,205,3.998000,0.055962471,16524.288,false
NSGA-II,205,4.698000,0.055205064,15733.263,false
NSGA-II,205,3.874000,0.056144861,17056.247,false
NSGA-II,205,5.228000,0.055008599,15608.838,false
NSGA-II,205,4.016000,0.055852121,16506.578,true
NSGA-II,205,4.556000,0.055375602,15978.074,false
NSGA-II,205,3.436000,0.057272222,16441.226,false
NSGA-II,205,5.074000,0.055150674,15689.210,false
NSGA-II,205,3.532000,0.056756049,16653.266,false
NSGA-II,205,3.440000,0.057124528,16741.379,false
NSGA-II,205,3.400000,0.057313225,16630.653,false
NSGA-II,205,4.316000,0.055502658,15744.808,false
NSGA-II,205,3.662000,0.056489703,16338.429,false
NSGA-II,205,3.096000,0.058577483,17137.244,false
NSGA-II,205,3.318000,0.057328787,16792.610,false
NSGA-II,205,4.830000,0.055188357,15923.022,false
NSGA-II,205,3.620000,0.056677462,16545.328,false
NSGA-II,205,3.124000,0.058524678,17196.064,false
NSGA-II,205,4.178000,0.055560983,16424.223,true
NSGA-II,205,3.250000,0.057694707,16628.395,false
NSGA-II,205,5.358000,0.054929030,15261.013,false
NSGA-II,205,2.996000,0.059545108,17571.322,false
NSGA-II,205,5.114000,0.055040870,15974.662,false
NSGA-II,205,4.376000,0.055409220,16169.534,false
NSGA-II,205,4.432000,0.055379859,16222.913,false
NSGA-II,206,3.086000,0.058788096,17228.572,false
NSGA-II,206,3.336000,0.057421512,17131.279,false
NSGA-II,206,3.828000,0.056652306,17678.974,false
NSGA-II,206,4.504000,0.055707771,15319.278,false
NSGA-II,206,3.184000,0.058112951,16985.483,false
NSGA-II,206,3.514000,0.057007555,16503.376,false
NSGA-II,206,3.866000,0.056538644,17021.938,false
NSGA-II,206,3.170000,0.058318546,17176.257,false
NSGA-II,206,3.452000,0.057104703,17426.731,false
NSGA-II,206,4.596000,0.055679191,15354.712,false
NSGA-II,206,4.658000,0.055495220,15091.006,false
NSGA-II,206,4.464000,0.055953043,15287.370,false
NSGA-II,206,3.426000,0.057308639,17197.309,false
NSGA-II,206,2.916000,0.059707243,18728.689,false
NSGA-II,206,3.120000,0.058375778,17049.966,false
NSGA-II,206,5.012000,0.055330679,15093.089,false
NSGA-II,206,5.060000,0.055313824,14897.535,false
NSGA-II,206,3.606000,0.057003326,17024.080,false
NSGA-II,206,3.178000,0.058246419,17126.510,false
NSGA-II,206,3.960000,0.056440095,16626.291,false
NSGA-II,206,5.556000,0.054930786,15085.927,false
NSGA-II,206,3.190000,0.057721319,16517.084,false
NSGA-II,206,5.100000,0.055292266,15123.747,false
NSGA-II,206,5.150000,0.055217182,14750.629,false
NSGA-II,206,5.420000,0.055011101,15057.860,false
NSGA-II,206,3.418000,0.057361902,17018.349,false
NSGA-II,206,3.230000,0.057564597,17072.982,false
NSGA-II,206,2.930000,0.059517722,18667.964,false
NSGA-II,206,3.434000,0.057179841,16522.669,false
NSGA-II,206,3.610000,0.056674984,16959.910,false
NSGA-II,206,4.376000,0.056191198,15788.439,false
NSGA-II,206,4.326000,0.056265388,16032.697,false
NSGA-II,206,4.612000,0.055615297,14833.244,false
NSGA-II,206,3.106000,0.058478019,16998.576,false
NSGA-II,206,5.314000,0.055202265,14966.495,false
NSGA-II,206,6.076000,0.054762809,15115.804,false
NSGA-II,206,6.188000,0.054732457,15147.011,false
NSGA-II,206,3.078000,0.058919976,18177.856,false
NSGA-II,206,4.736000,0.055353866,15130.437,false
NSGA-II,206,2.892000,0.059877291,18908.687,false
NSGA-II,206,5.384000,0.055045000,14930.423,false
NSGA-II,206,3.974000,0.056313445,16750.021,false
NSGA-II,206,2.952000,0.059235324,18471.663,false
NSGA-II,206,2.992000,0.059070765,18467.174,false
NSGA-II,206,5.714000,0.054839854,15209.470,false
NSGA-II,207,3.106000,0.060829787,18038.633,false
NSGA-II,207,3.564000,0.057631934,16708.478,false
NSGA-II,207,3.730000,0.057313536,16925.348,false
NSGA-II,207,3.756000,0.057081182,17901.518,false
NSGA-II,207,3.638000,0.057468606,16858.177,false
NSGA-II,207,3.698000,0.057375157,17938.406,false
NSGA-II,207,3.074000,0.061895480,17976.937,false
NSGA-II,207,4.838000,0.055708308,16008.427,false
NSGA-II,207,3.494000,0.057976048,17123.473,false
NSGA-II,207,4.396000,0.056068962,16191.026,false
NSGA-II,207,4.152000,0.056197526,16009.206,false
NSGA-II,207,2.970000,0.061920974,18222.753,false
NSGA-II,207,2.924000,0.062063596,17551.023,false
NSGA-II,207,5.430000,0.055393841,16244.545,false
NSGA-II,207,3.516000,0.057775247,16506.574,false
NSGA-II,207,3.280000,0.059476855,17812.453,false
NSGA-II,207,3.606000,0.057522323,17020.997,false
NSGA-II,207,3.316000,0.058352867,17810.106,false
NSGA-II,207,5.666000,0.055214503,16133.387,false
NSGA-II,207,3.096000,0.060985023,18201.833,false
NSGA-II,207,3.444000,0.058092016,17086.814,false
NSGA-II,207,5.068000,0.055637705,15940.094,false
NSGA-II,207,3.148000,0.060352435,17751.912,false
NSGA-II,207,3.822000,0.056968674,16304.454,false
NSGA-II,207,4.046000,0.056738772,17022.868,false
NSGA-II,207,3.110000,0.060366135,17751.912,false
NSGA-II,207,2.896000,0.062609555,18129.416,false
NSGA-II,207,4.536000,0.055936679,15951.170,false
NSGA-II,207,4.052000,0.056311978,16009.206,false
NSGA-II,207,3.198000,0.059992308,17504.893,false
NSGA-II,207,5.454000,0.055250438,16238.457,false
NSGA-II,207,4.748000,0.055728668,16153.234,false
NSGA-II,207,3.884000,0.056910366,16898.689,false
NSGA-II,207,3.900000,0.056779715,16375.590,false
NSGA-II,207,2.910000,0.062269331,18079.539,false
NSGA-II,207,5.348000,0.055429315,16408.385,false
NSGA-II,207,4.890000,0.055639957,15798.112,false
NSGA-II,207,3.300000,0.059042569,18261.138,false
NSGA-II,207,3.418000,0.058173008,17125.974,false
NSGA-II,207,4.368000,0.056164035,16126.171,false
NSGA-II,207,5.174000,0.055460291,15994.967,false
NSGA-II,208,3.150000,0.062376133,18473.353,false
NSGA-II,208,3.322000,0.058541277,16579.787,false
NSGA-II,208,3.154000,0.059551020,17080.457,false
NSGA-II,208,3.102000,0.062544722,18257.860,false
NSGA-II,208,3.474000,0.057897852,16475.598,false
NSGA-II,208,4.058000,0.056282800,16307.389,false
NSGA-II,208,3.244000,0.059021783,17259.567,false
NSGA-II,208,3.040000,0.062711651,18320.469,false
NSGA-II,208,3.622000,0.057305103,15413.186,false
NSGA-II,208,3.250000,0.058761966,17111.384,false
NSGA-II,208,3.524000,0.057532302,15808.216,false
NSGA-II,208,4.754000,0.055672494,15004.244,false
NSGA-II,208,3.268000,0.058658372,16821.204,false
NSGA-II,208,4.600000,0.055798781,16224.878,false
NSGA-II,208,2.958000,0.062924817,18581.239,false
NSGA-II,208,3.206000,0.059099949,16950.881,false
NSGA-II,208,3.126000,0.062388010,18396.872,false
NSGA-II,208,4.390000,0.055883790,16045.227,false
NSGA-II,208,3.350000,0.058089373,16210.109,false
NSGA-II,208,4.156000,0.056104036,16437.724,false
NSGA-II,208,4.794000,0.055634087,15645.587,false
NSGA-II,208,5.080000,0.055442866,15541.732,false
NSGA-II,208,4.120000,0.056121057,15290.377,false
NSGA-II,208,3.768000,0.056925317,16013.298,false
NSGA-II,208,3.690000,0.057045582,16151.935,false
NSGA-II,208,3.974000,0.056316104,15615.689,false
NSGA-II,208,4.860000,0.055533189,15281.582,false
NSGA-II,208,3.346000,0.058317908,16254.379,false
NSGA-II,208,4.694000,0.055706002,16085.142,false
NSGA-II,208,3.480000,0.057598846,16708.366,false
NSGA-II,208,3.344000,0.058449259,16706.782,false
NSGA-II,208,4.518000,0.055820367,15846.088,false
NSGA-II,208,4.848000,0.055633719,16341.798,false
NSGA-II,208,5.102000,0.055322881,15542.768,false
NSGA-II,208,3.772000,0.056690583,15963.966,false
NSGA-II,208,4.466000,0.055849114,15823.055,false
NSGA-II,208,4.208000,0.055961757,15687.769,false
NSGA-II,208,3.394000,0.057925608,16104.516,false
NSGA-II,208,3.644000,0.057187550,16094.764,false
NSGA-II,208,4.116000,0.056257900,16158.481,false
NSGA-II,208,4.634000,0.055789846,15812.041,false
NSGA-II,208,3.804000,0.056604904,15931.140,false
NSGA-II,208,4.662000,0.055789537,16142.436,false
NSGA-II,209,3.534000,0.056443552,16674.127,true
NSGA-II,209,3.322000,0.056853014,16564.950,false
NSGA-II,209,3.058000,0.058124628,18413.726,true
NSGA-II,209,3.614000,0.056231140,16601.374,true
NSGA-II,209,2.932000,0.062323579,19220.208,false
NSGA-II,209,3.396000,0.056731975,16449.161,false
NSGA-II,209,3.782000,0.056032937,16278.365,true
NSGA-II,209,3.262000,0.057327366,17013.671,false
NSGA-II,209,3.106000,0.057999648,18455.938,false
NSGA-II,209,3.736000,0.056083835,17156.353,true
NSGA-II,209,3.276000,0.057138177,17080.226,false
NSGA-II,209,2.962000,0.061969807,18860.364,false
NSGA-II,209,2.924000,0.062667539,19392.190,false
NSGA-II,209,3.838000,0.056010817,16885.904,true
NSGA-II,209,3.016000,0.061632739,18421.038,false
NSGA-II,209,3.140000,0.057501107,18333.569,true
NSGA-II,209,4.306000,0.055561025,16489.191,false
NSGA-II,209,3.958000,0.055865899,16680.596,true
NSGA-II,209,3.302000,0.057107759,17125.606,false
NSGA-II,209,4.262000,0.055594416,16533.973,false
NSGA-II,209,4.118000,0.055748349,16648.643,true
NSGA-II,209,3.434000,0.056564585,16663.959,true
NSGA-II,209,4.024000,0.055859443,16391.770,false
NSGA-II,209,3.574000,0.056395567,16777.746,true
NSGA-II,209,3.504000,0.056466991,17053.342,true
NSGA-II,209,3.078000,0.058024878,18391.378,true
NSGA-II,209,3.370000,0.056761862,16700.497,true
NSGA-II,209,4.164000,0.055682492,16886.782,true
NSGA-II,209,4.026000,0.055749986,16881.657,true
NSGA-II,209,3.706000,0.056134245,16123.035,true
NSGA-II,209,2.980000,0.061964193,18915.118,false
NSGA-II,209,3.110000,0.057814425,18301.386,true
NSGA-II,209,4.248000,0.055671052,16327.675,false
NSGA-II,209,3.402000,0.056598287,17300.246,true
NSGA-II,209,4.414000,0.055513059,16851.688,false
NSGA-II,209,3.002000,0.061890720,18718.273,false
NSGA-II,209,4.496000,0.055487391,16547.790,false
NSGA-II,209,3.890000,0.055920729,16253.258,true
NSGA-II,209,3.660000,0.056138697,17097.049,true
NSGA-II,209,2.930000,0.062430259,19047.866,false
NSGA-II,209,3.012000,0.061717079,18480.913,false
NSGA-II,209,3.312000,0.056991418,16435.861,false
NSGA-II,209,4.210000,0.055676562,16205.835,false
SPEA-II,200,3.318000,0.058394767,17458.553,false
SPEA-II,200,3.476000,0.057889845,17028.105,false
SPEA-II,200,3.248000,0.058610820,16809.258,false
SPEA-II,200,3.320000,0.058339157,17714.704,false
SPEA-II,200,2.762000,0.060937711,18346.556,false
SPEA-II,200,3.410000,0.057959096,17632.295,false
SPEA-II,200,2.750000,0.061046603,18199.773,false
SPEA-II,200,3.340000,0.058184956,17563.294,false
SPEA-II,200,2.846000,0.060660044,18151.922,false
SPEA-II,200,2.722000,0.061115453,18351.232,false
SPEA-II,200,2.782000,0.060851547,17785.141,false
SPEA-II,200,3.906000,0.057169416,16746.516,false
SPEA-II,200,4.266000,0.056907542,16566.544,false
SPEA-II,200,2.836000,0.060723859,17550.382,false
SPEA-II,200,3.502000,0.057766325,17016.084,false
SPEA-II,200,3.748000,0.057353473,16169.837,false
SPEA-II,200,3.374000,0.058038557,17731.083,false
SPEA-II,200,3.270000,0.058471330,17328.886,false
SPEA-II,200,3.806000,0.057326652,16629.174,false
SPEA-II,200,3.188000,0.058795403,17183.960,false
SPEA-II,200,2.882000,0.060581665,17469.315,false
SPEA-II,200,2.802000,0.060724357,17975.901,false
SPEA-II,200,2.718000,0.061390789,18526.222,false
SPEA-II,200,2.698000,0.061420123,18429.513,false
SPEA-II,200,4.166000,0.056931413,16358.049,false
SPEA-II,200,3.970000,0.057028684,16769.755,false
SPEA-II,200,4.098000,0.056990881,16518.708,false
SPEA-II,200,3.508000,0.057714505,16832.043,false
SPEA-II,200,3.662000,0.057419179,16488.514,false
SPEA-II,200,3.252000,0.058547661,16936.695,false
SPEA-II,200,3.358000,0.058160155,17799.208,false
SPEA-II,200,3.712000,0.057357844,16438.850,false
SPEA-II,200,3.922000,0.057129391,16273.199,false
SPEA-II,200,3.968000,0.057101741,16848.191,false
SPEA-II,200,3.212000,0.058791305,17020.625,false
SPEA-II,200,3.816000,0.057195961,16411.677,false
SPEA-II,200,3.278000,0.058398293,17263.816,false
SPEA-II,200,3.010000,0.060579008,17451.694,false
SPEA-II,200,3.338000,0.058256527,17676.001,false
SPEA-II,200,4.216000,0.056927593,17026.911,false
SPEA-II,200,3.570000,0.057475534,16146.386,false
SPEA-II,201,3.620000,0.057998010,17149.057,false
SPEA-II,201,3.322000,0.058618701,16896.518,false
SPEA-II,201,3.316000,0.058877830,17110.478,false
SPEA-II,201,3.368000,0.058615053,17163.343,false
SPEA-II,201,3.436000,0.058438748,16581.523,false
SPEA-II,201,4.092000,0.057414416,17167.087,false
SPEA-II,201,3.978000,0.057570275,17483.377,false
SPEA-II,201,2.796000,0.061638302,17972.373,false
SPEA-II,201,4.066000,0.057466281,18243.600,false
SPEA-II,201,2.812000,0.061558540,18242.018,false
SPEA-II,201,4.016000,0.057514136,17407.670,false
SPEA-II,201,3.452000,0.058374507,17019.540,false
SPEA-II,201,3.678000,0.057914936,17715.548,false
SPEA-II,201,2.726000,0.061870322,18364.857,false
SPEA-II,201,2.752000,0.061717599,18645.717,false
SPEA-II,201,2.700000,0.061929419,18443.474,false
SPEA-II,201,3.704000,0.057854542,17904.311,false
SPEA-II,201,2.744000,0.061770489,18281.959,false
SPEA-II,201,3.768000,0.057785013,18091.948,false
SPEA-II,201,2.964000,0.061313132,17890.846,false
SPEA-II,201,3.290000,0.058914279,17091.316,false
SPEA-II,201,2.818000,0.061493338,18033.915,false
SPEA-II,201,2.778000,0.061686393,18475.725,false
SPEA-II,201,3.036000,0.061177950,18397.129,false
SPEA-II,201,4.038000,0.057497356,17411.011,false
SPEA-II,201,3.032000,0.061272668,18501.763,false
SPEA-II,201,3.070000,0.061150113,18319.502,false
SPEA-II,201,3.466000,0.058330810,17324.027,false
SPEA-II,201,3.606000,0.058047842,18208.816,false
SPEA-II,201,3.748000,0.057789491,18031.104,false
SPEA-II,201,3.732000,0.057811910,17270.875,false
SPEA-II,201,3.416000,0.058477230,16955.921,false
SPEA-II,201,3.664000,0.057974714,17985.357,false
SPEA-II,201,2.822000,0.061437073,18671.062,false
SPEA-II,201,3.264000,0.061019019,18252.983,false
SPEA-II,201,3.642000,0.057978824,16901.740,false
SPEA-II,201,3.880000,0.057625042,18175.204,false
SPEA-II,201,3.962000,0.057579457,16916.584,false
SPEA-II,201,3.996000,0.057517256,17279.109,false
SPEA-II,201,2.888000,0.061370139,17538.093,false
SPEA-II,201,3.550000,0.058096834,16628.966,false
SPEA-II,201,3.146000,0.061025841,18846.607,false
SPEA-II,201,3.930000,0.057610092,16973.638,false
SPEA-II,201,3.400000,0.058477734,17717.627,false
SPEA-II,201,3.864000,0.057642007,17991.880,false
SPEA-II,201,3.804000,0.057667057,18171.457,false
SPEA-II,201,3.514000,0.058142387,17412.361,false
SPEA-II,202,2.928000,0.061048644,18511.616,false
SPEA-II,202,4.476000,0.056073581,15693.936,false
SPEA-II,202,3.850000,0.056786369,16695.464,false
SPEA-II,202,4.906000,0.055739644,15582.520,false
SPEA-II,202,4.268000,0.056305317,16118.759,false
SPEA-II,202,3.294000,0.058689990,17532.800,false
SPEA-II,202,4.916000,0.055649795,15091.600,false
SPEA-II,202,3.938000,0.056670127,16843.213,false
SPEA-II,202,3.582000,0.057434902,17258.842,false
SPEA-II,202,4.370000,0.056212813,16483.597,false
SPEA-II,202,3.204000,0.060558410,18796.671,false
SPEA-II,202,3.870000,0.056723790,16524.243,false
SPEA-II,202,2.844000,0.061113024,18874.280,false
SPEA-II,202,3.680000,0.057050607,17206.517,false
SPEA-II,202,3.520000,0.057599101,17073.886,false
SPEA-II,202,3.676000,0.057262646,16935.292,false
SPEA-II,202,3.318000,0.058602109,17633.643,false
SPEA-II,202,4.420000,0.056137114,16087.635,false
SPEA-II,202,3.428000,0.058491754,17243.900,false
SPEA-II,202,4.308000,0.056219255,16275.062,false
SPEA-II,202,4.270000,0.056237417,16131.497,false
SPEA-II,202,3.642000,0.057308029,17182.756,false
SPEA-II,202,4.876000,0.055749054,15274.451,false
SPEA-II,202,3.358000,0.058595340,17523.386,false
SPEA-II,202,4.050000,0.056418389,16273.540,false
SPEA-II,202,3.244000,0.060028657,17763.352,false
SPEA-II,202,2.818000,0.061293585,18841.545,false
SPEA-II,202,4.578000,0.055924672,15134.686,false
SPEA-II,202,2.756000,0.061657327,18108.514,false
SPEA-II,202,3.506000,0.058447074,17569.237,false
SPEA-II,202,4.630000,0.055803352,15823.579,false
SPEA-II,202,3.512000,0.057706773,16996.430,false
SPEA-II,202,2.766000,0.061551529,18717.517,false
SPEA-II,202,3.824000,0.056905638,16671.941,false
SPEA-II,202,5.158000,0.055456686,16017.179,false
SPEA-II,202,3.982000,0.056590127,16047.879,false
SPEA-II,202,4.222000,0.056359384,15716.566,false
SPEA-II,202,4.184000,0.056396779,16220.943,false
SPEA-II,202,4.532000,0.055968135,15269.151,false
SPEA-II,202,3.554000,0.057468334,17041.266,false
SPEA-II,202,4.012000,0.056487383,16128.500,false
SPEA-II,202,3.700000,0.056947405,17129.061,false
SPEA-II,202,3.594000,0.057339679,17153.521,false
SPEA-II,202,2.872000,0.061072134,18588.859,false
SPEA-II,202,2.780000,0.061436388,18706.607,false
SPEA-II,202,3.252000,0.058729050,17577.070,false
SPEA-II,202,2.810000,0.061398937,18710.212,false
SPEA-II,202,3.758000,0.056912672,16650.100,false
SPEA-II,203,3.008000,0.060151905,18081.009,false
SPEA-II,203,2.784000,0.060610455,18529.286,false
SPEA-II,203,2.846000,0.060482293,18252.559,false
SPEA-II,203,3.016000,0.059966809,18235.585,false
SPEA-II,203,2.858000,0.060377460,18313.292,false
SPEA-II,203,3.032000,0.059955978,18589.280,false
SPEA-II,203,2.824000,0.060522282,18153.304,false
SPEA-II,203,3.152000,0.059803506,17679.350,false
SPEA-II,203,3.682000,0.059510545,18371.212,false
SPEA-II,203,3.518000,0.059616869,18421.025,false
SPEA-II,203,3.232000,0.059682476,18018.281,false
SPEA-II,203,2.960000,0.060178361,18867.186,false
SPEA-II,203,3.158000,0.059726779,18040.755,false
SPEA-II,203,2.860000,0.060280988,18062.525,false
SPEA-II,203,2.694000,0.061102412,18166.170,false
SPEA-II,203,2.796000,0.060559408,18051.927,false
SPEA-II,203,2.752000,0.060718984,18703.491,false
SPEA-II,203,2.722000,0.060865194,18169.427,false
SPEA-II,203,2.806000,0.060532488,18334.313,false
SPEA-II,203,3.672000,0.059515021,18323.402,false
SPEA-II,203,3.578000,0.059529434,18428.147,false
SPEA-II,203,3.544000,0.059555558,18576.794,false
SPEA-II,203,3.496000,0.059618048,18489.857,false
SPEA-II,203,2.738000,0.060783610,18239.464,false
SPEA-II,203,3.540000,0.059611617,18304.771,false
SPEA-II,203,3.246000,0.059655737,17571.086,false
SPEA-II,203,3.056000,0.059812491,18131.205,false
SPEA-II,203,2.930000,0.060220968,18814.604,false
SPEA-II,203,2.906000,0.060270596,18346.051,false
SPEA-II,204,2.774000,0.059283191,17992.438,true
SPEA-II,204,2.706000,0.059996935,17977.579,true
SPEA-II,204,3.174000,0.057416412,17191.025,true
SPEA-II,204,3.136000,0.057856237,17488.221,false
SPEA-II,204,3.286000,0.057012966,16717.133,true
SPEA-II,204,3.480000,0.056640702,16788.651,false
SPEA-II,204,3.864000,0.056087047,16960.602,false
SPEA-II,204,3.830000,0.056110158,16458.119,false
SPEA-II,204,3.216000,0.057366469,17011.584,true
SPEA-II,204,3.386000,0.056726972,17071.294,true
SPEA-II,204,3.364000,0.056792793,16841.954,true
SPEA-II,204,3.464000,0.056677613,16788.651,false
SPEA-II,204,4.138000,0.055871902,16747.375,false
SPEA-II,204,3.616000,0.056313359,16842.616,false
SPEA-II,204,3.156000,0.057474901,17420.373,true
SPEA-II,204,3.490000,0.056501495,16087.524,true
SPEA-II,204,2.744000,0.059767366,18307.338,true
SPEA-II,204,3.088000,0.057954078,17348.067,true
SPEA-II,204,2.770000,0.059483158,18091.182,true
SPEA-II,204,3.812000,0.056225907,16576.457,false
SPEA-II,204,3.076000,0.058189913,17538.296,false
SPEA-II,204,3.412000,0.056725234,16665.137,false
SPEA-II,204,2.780000,0.059218406,17799.962,true
SPEA-II,204,3.056000,0.058527030,17506.261,false
SPEA-II,204,3.614000,0.056395123,16525.417,false
SPEA-II,204,2.764000,0.059584644,17634.972,true
SPEA-II,204,3.944000,0.055970982,16815.474,false
SPEA-II,204,3.246000,0.057082279,16656.514,true
SPEA-II,204,3.562000,0.056397903,16941.163,true
SPEA-II,204,3.706000,0.056230534,17168.296,false
SPEA-II,204,3.538000,0.056450147,16286.590,false
SPEA-II,204,3.298000,0.056851836,16940.009,true
SPEA-II,204,3.656000,0.056285089,16982.443,false
SPEA-II,204,2.670000,0.060267876,18380.831,true
SPEA-II,204,3.360000,0.056842226,17021.994,true
SPEA-II,204,2.686000,0.060079674,18177.414,true
SPEA-II,204,3.922000,0.056066660,16657.640,false
SPEA-II,204,3.228000,0.057266610,17086.724,true
SPEA-II,204,3.336000,0.056845825,17047.922,true
SPEA-II,205,3.364000,0.058742182,17101.477,false
SPEA-II,205,3.088000,0.059863608,17957.930,false
SPEA-II,205,3.420000,0.058710205,17046.723,false
SPEA-II,205,3.126000,0.059680418,18172.404,false
SPEA-II,205,3.202000,0.059525144,17989.049,false
SPEA-II,205,5.088000,0.055614670,15600.828,false
SPEA-II,205,3.164000,0.059599633,17972.685,false
SPEA-II,205,3.752000,0.057804661,16667.608,false
SPEA-II,205,4.742000,0.056293708,15831.114,false
SPEA-II,205,5.430000,0.055206334,15165.465,false
SPEA-II,205,3.882000,0.057468006,16369.605,false
SPEA-II,205,2.942000,0.061050606,19009.912,false
SPEA-II,205,4.648000,0.056816795,16372.322,false
SPEA-II,205,2.906000,0.061055165,19086.979,false
SPEA-II,205,4.430000,0.056922029,16589.330,false
SPEA-II,205,2.832000,0.061061597,19168.339,false
SPEA-II,205,4.074000,0.057173547,16776.450,false
SPEA-II,205,3.712000,0.057830211,16776.769,false
SPEA-II,205,5.362000,0.055225854,15216.754,false
SPEA-II,205,3.674000,0.057911304,16749.475,false
SPEA-II,205,3.452000,0.058531659,17155.623,false
SPEA-II,205,3.278000,0.059204150,16827.683,false
SPEA-II,205,3.520000,0.058464190,17044.311,false
SPEA-II,205,4.216000,0.057036893,16624.558,false
SPEA-II,205,4.862000,0.055904308,15855.291,false
SPEA-II,205,5.890000,0.054969625,15571.342,false
SPEA-II,205,2.736000,0.061795282,19076.122,false
SPEA-II,205,5.756000,0.055052409,15515.344,false
SPEA-II,205,3.252000,0.059300957,17983.232,false
SPEA-II,205,3.230000,0.059384534,18253.838,false
SPEA-II,205,6.182000,0.054879529,15788.676,false
SPEA-II,205,3.970000,0.057277017,16894.295,false
SPEA-II,205,4.540000,0.056859109,16727.458,false
SPEA-II,205,5.212000,0.055303749,15533.940,false
SPEA-II,205,4.726000,0.056774042,16316.258,false
SPEA-II,205,3.896000,0.057354426,16780.580,false
SPEA-II,205,3.576000,0.057936182,16617.622,false
SPEA-II,205,4.904000,0.055879797,15499.913,false
SPEA-II,205,5.582000,0.055060285,14942.866,false
SPEA-II,205,2.828000,0.061294393,19575.285,false
SPEA-II,205,5.792000,0.055007367,15081.179,false
SPEA-II,205,4.178000,0.057071330,16709.741,false
SPEA-II,205,4.958000,0.055641703,15528.644,false
SPEA-II,205,3.566000,0.058209355,17296.017,false
SPEA-II,205,5.286000,0.055279927,15342.584,false
SPEA-II,205,5.484000,0.055075173,14908.864,false
SPEA-II,205,4.914000,0.055781590,15749.990,false
SPEA-II,205,3.766000,0.057538791,17134.504,false
SPEA-II,205,2.768000,0.061339214,19384.340,false
SPEA-II,205,3.078000,0.060069942,18268.640,false
SPEA-II,205,2.738000,0.061427369,19746.430,false
SPEA-II,205,5.134000,0.055375934,15447.592,false
SPEA-II,205,2.730000,0.062351975,18890.552,false
SPEA-II,205,4.000000,0.057174765,16367.500,false
SPEA-II,205,4.370000,0.056935521,16654.142,false
SPEA-II,206,3.054000,0.058174518,18385.658,true
SPEA-II,206,2.774000,0.060504228,18392.311,false
SPEA-II,206,3.076000,0.058136172,18050.349,false
SPEA-II,206,3.760000,0.056752780,16764.608,false
SPEA-II,206,2.988000,0.058603357,17978.475,true
SPEA-II,206,2.980000,0.058824093,18244.830,true
SPEA-II,206,3.200000,0.057778682,18091.618,false
SPEA-II,206,3.724000,0.056825604,17046.886,false
SPEA-II,206,3.262000,0.057458043,17010.259,false
SPEA-II,206,3.540000,0.057043695,17137.188,false
SPEA-II,206,2.806000,0.060430889,18275.040,false
SPEA-II,206,3.558000,0.057031571,16807.810,false
SPEA-II,206,3.098000,0.058079000,18116.293,false
SPEA-II,206,3.626000,0.056910850,16821.415,false
SPEA-II,206,3.156000,0.057855392,18039.092,false
SPEA-II,206,2.998000,0.058431642,17734.334,true
SPEA-II,206,3.686000,0.056876805,16833.764,false
SPEA-II,206,4.100000,0.056394379,16785.612,false
SPEA-II,206,3.818000,0.056638892,16626.226,false
SPEA-II,206,2.706000,0.060798999,18142.946,false
SPEA-II,206,2.720000,0.060600037,18546.432,false
SPEA-II,206,3.598000,0.057000858,16806.344,false
SPEA-II,206,4.016000,0.056451633,16969.070,false
SPEA-II,206,2.752000,0.060549347,18169.243,false
SPEA-II,206,3.022000,0.058323124,17940.759,true
SPEA-II,206,3.102000,0.058017600,18169.378,false
SPEA-II,206,3.106000,0.057930475,18454.926,true
SPEA-II,206,3.030000,0.058268171,17663.433,true
SPEA-II,206,3.222000,0.057672174,17717.467,false
SPEA-II,206,3.932000,0.056502607,16900.597,false
SPEA-II,206,3.362000,0.057396519,16980.363,false
SPEA-II,206,3.886000,0.056549731,17141.470,false
SPEA-II,206,3.364000,0.057134633,17121.614,false
SPEA-II,206,3.302000,0.057416743,17637.506,false
SPEA-II,206,2.716000,0.060752028,18235.418,false
SPEA-II,206,3.188000,0.057842117,17601.333,false
SPEA-II,206,3.758000,0.056809991,17360.681,false
SPEA-II,206,3.504000,0.057127697,17500.105,false
SPEA-II,207,3.604000,0.058524788,17258.992,false
SPEA-II,207,3.390000,0.059033057,17661.046,false
SPEA-II,207,3.400000,0.058934429,18184.925,false
SPEA-II,207,2.750000,0.060957738,18960.138,false
SPEA-II,207,3.850000,0.057709918,16712.849,false
SPEA-II,207,4.622000,0.056678454,16473.318,false
SPEA-II,207,3.788000,0.057873094,16514.870,false
SPEA-II,207,4.160000,0.057071851,16702.229,false
SPEA-II,207,2.828000,0.060710000,19156.710,false
SPEA-II,207,3.762000,0.057981955,16563.239,false
SPEA-II,207,3.814000,0.057786641,16532.604,false
SPEA-II,207,4.488000,0.056818399,16636.423,false
SPEA-II,207,3.210000,0.059531298,18571.384,false
SPEA-II,207,3.870000,0.057465559,16682.986,false
SPEA-II,207,2.740000,0.062156188,18872.220,false
SPEA-II,207,5.498000,0.056315091,15712.301,false
SPEA-II,207,4.920000,0.056348671,15639.951,false
SPEA-II,207,4.640000,0.056599168,16379.451,false
SPEA-II,207,3.238000,0.059233015,18851.965,false
SPEA-II,207,4.412000,0.056981780,16309.033,false
SPEA-II,207,2.746000,0.061531358,18864.227,false
SPEA-II,207,4.054000,0.057324254,16766.918,false
SPEA-II,207,3.918000,0.057333280,16635.475,false
SPEA-II,207,3.984000,0.057330848,16631.763,false
SPEA-II,207,2.974000,0.060592674,18802.929,false
SPEA-II,207,4.070000,0.057206842,16730.003,false
SPEA-II,207,2.890000,0.060668826,18744.803,false
SPEA-II,207,4.320000,0.057059778,16770.428,false
SPEA-II,207,4.956000,0.056328716,16133.575,false
SPEA-II,207,4.650000,0.056447646,16411.400,false
SPEA-II,207,3.422000,0.058737249,17967.281,false
SPEA-II,207,5.430000,0.056324171,15686.385,false
SPEA-II,207,4.552000,0.056740505,16318.152,false
SPEA-II,207,4.372000,0.056984196,16801.288,false
SPEA-II,207,3.654000,0.058090679,16961.231,false
SPEA-II,207,3.024000,0.060574110,18803.036,false
SPEA-II,207,4.862000,0.056414077,16161.356,false
SPEA-II,207,3.444000,0.058570886,17953.867,false
SPEA-II,207,4.110000,0.057170110,15725.225,false
SPEA-II,207,2.766000,0.060895436,18881.904,false
SPEA-II,207,2.788000,0.060733216,18980.347,false
SPEA-II,208,3.648000,0.058691744,17457.268,false
SPEA-II,208,3.542000,0.058733002,17260.932,false
SPEA-II,208,3.454000,0.059390000,18044.493,false
SPEA-II,208,2.738000,0.060756009,18039.590,false
SPEA-II,208,2.916000,0.060428652,18425.344,false
SPEA-II,208,3.414000,0.059448250,17385.284,false
SPEA-II,208,2.824000,0.060500376,18196.286,false
SPEA-II,208,2.814000,0.060574495,18366.380,false
SPEA-II,208,2.756000,0.060708037,18092.472,false
SPEA-II,208,2.854000,0.060469801,18220.197,false
SPEA-II,208,3.294000,0.059743078,18071.121,false
SPEA-II,208,3.996000,0.058316746,17547.513,false
SPEA-II,208,3.074000,0.060289730,18305.428,false
SPEA-II,208,2.940000,0.060362575,18047.367,false
SPEA-II,208,3.706000,0.058655028,17433.133,false
SPEA-II,208,2.772000,0.060681829,17986.341,false
SPEA-II,208,3.886000,0.058393603,17266.038,false
SPEA-II,208,2.730000,0.060851467,18785.054,false
SPEA-II,208,4.012000,0.058219735,17235.669,false
SPEA-II,208,3.224000,0.060204317,18139.092,false
SPEA-II,208,4.076000,0.058195897,17480.017,false
SPEA-II,208,3.464000,0.059216048,18150.465,false
SPEA-II,208,3.848000,0.058459264,17517.992,false
SPEA-II,208,2.780000,0.060601829,18424.076,false
SPEA-II,208,3.162000,0.060207379,18016.855,false
SPEA-II,208,2.934000,0.060421360,18277.000,false
SPEA-II,208,3.708000,0.058587274,17330.213,false
SPEA-II,208,3.676000,0.058667231,17297.687,false
SPEA-II,208,2.718000,0.060929754,18427.168,false
SPEA-II,208,3.580000,0.058727389,17209.643,false
SPEA-II,208,3.716000,0.058487347,17572.086,false
SPEA-II,208,3.424000,0.059409819,17383.189,false
SPEA-II,208,3.358000,0.059565046,17947.781,false
SPEA-II,208,3.378000,0.059488093,17543.651,false
SPEA-II,208,3.932000,0.058378092,17211.178,false
SPEA-II,208,2.992000,0.060341277,18483.450,false
SPEA-II,208,3.632000,0.058710162,17248.788,false
SPEA-II,208,3.510000,0.058876613,17440.548,false
SPEA-II,208,3.116000,0.060221881,18841.401,false
SPEA-II,209,3.092000,0.058406697,17627.006,false
SPEA-II,209,3.844000,0.057065098,16569.330,false
SPEA-II,209,3.726000,0.057172437,16562.966,false
SPEA-II,209,3.370000,0.057505892,16972.292,false
SPEA-II,209,3.972000,0.056973927,16900.117,false
SPEA-II,209,3.326000,0.057601368,17360.438,false
SPEA-II,209,4.182000,0.056754955,16932.050,false
SPEA-II,209,3.238000,0.057815885,17024.661,false
SPEA-II,209,2.768000,0.060978678,19077.422,false
SPEA-II,209,3.272000,0.057669308,16872.930,false
SPEA-II,209,3.350000,0.057507465,17124.068,false
SPEA-II,209,3.052000,0.058754769,17476.494,false
SPEA-II,209,2.890000,0.060962276,18700.136,false
SPEA-II,209,3.260000,0.057780733,17350.472,false
SPEA-II,209,2.804000,0.060969564,18781.468,false
SPEA-II,209,4.128000,0.056826596,16902.659,false
SPEA-II,209,3.218000,0.057960155,17159.812,false
SPEA-II,209,3.866000,0.056986416,16145.378,false
SPEA-II,209,3.608000,0.057189886,17161.816,false
SPEA-II,209,4.418000,0.056664124,16307.983,false
SPEA-II,209,2.624000,0.061718620,18951.387,true
SPEA-II,209,3.122000,0.058157853,17627.380,false
SPEA-II,209,2.664000,0.061458278,18887.999,true
SPEA-II,209,3.526000,0.057297076,17358.862,false
SPEA-II,209,2.680000,0.061250525,19529.933,false
SPEA-II,209,3.772000,0.057077515,16398.528,false
SPEA-II,209,3.070000,0.058409335,17674.374,false
SPEA-II,209,4.152000,0.056778294,16965.678,false
SPEA-II,209,4.006000,0.056927267,16657.054,false
SPEA-II,209,4.378000,0.056721818,16392.173,false
SPEA-II,209,2.640000,0.061493175,18996.186,true
SPEA-II,209,3.136000,0.058067705,17806.657,false
SPEA-II,209,3.450000,0.057443821,17168.576,false
SPEA-II,209,3.586000,0.057265005,16906.042,false
SPEA-II,209,2.968000,0.060831771,18540.074,false
SPEA-II,209,2.912000,0.060903568,18685.415,false
SPEA-II,209,3.164000,0.058025853,17738.171,false
SPEA-II,209,4.542000,0.056561360,15949.342,false
SPEA-II,209,4.444000,0.056597285,16557.695,false
SPEA-II,209,3.750000,0.057086620,16495.865,false
SPEA-II,209,4.438000,0.056649810,16221.475,false
SPEA-II,209,4.064000,0.056852366,16802.672,false
SPEA-II,209,4.030000,0.056920298,16568.421,false
SPEA-II,209,3.192000,0.057983963,17543.714,false
SPEA-II,209,2.716000,0.061053581,19326.454,false
SPEA-II,209,3.298000,0.057603655,16857.634,false
AMOSA,200,3.328000,0.062225041,18510.735,false
AMOSA,200,3.142000,0.063812142,17991.724,false
AMOSA,200,3.160000,0.062752756,17998.256,false
AMOSA,200,3.458000,0.061804649,17901.410,false
AMOSA,200,3.428000,0.062100313,18234.287,false
AMOSA,200,3.452000,0.062019042,17950.411,false
AMOSA,200,3.858000,0.061194796,18973.018,false
AMOSA,200,3.820000,0.061265067,18122.952,false
AMOSA,200,3.660000,0.061563879,18744.386,false
AMOSA,200,3.506000,0.061723273,18037.915,false
AMOSA,200,3.298000,0.062428280,17532.150,false
AMOSA,200,3.396000,0.062180180,19254.673,false
AMOSA,201,3.568000,0.062294481,18551.342,false
AMOSA,201,3.476000,0.062312820,18101.162,false
AMOSA,201,3.452000,0.062548848,18350.029,false
AMOSA,201,4.198000,0.061306949,18083.474,false
AMOSA,201,4.140000,0.061500756,17460.203,false
AMOSA,201,4.024000,0.061747649,17963.092,false
AMOSA,201,4.136000,0.061731090,17724.954,false
AMOSA,201,4.960000,0.061119856,16218.605,false
AMOSA,201,4.820000,0.061221088,16854.938,false
AMOSA,201,4.676000,0.061301679,16561.570,false
AMOSA,201,4.698000,0.061267603,16635.645,false
AMOSA,201,3.266000,0.062861536,18769.149,false
AMOSA,201,3.298000,0.062812895,18504.846,false
AMOSA,201,3.094000,0.063653418,18123.239,false
AMOSA,201,3.124000,0.063519142,17939.156,false
AMOSA,201,3.156000,0.063340276,17902.723,false
AMOSA,201,3.170000,0.063005487,17426.247,false
AMOSA,201,3.138000,0.063445225,18695.673,false
AMOSA,201,3.158000,0.063116502,18071.115,false
AMOSA,201,3.878000,0.061913992,18009.114,false
AMOSA,201,3.858000,0.061992329,17665.905,false
AMOSA,201,3.880000,0.061752037,18181.156,false
AMOSA,201,3.784000,0.061997878,17862.885,false
AMOSA,201,3.598000,0.062246060,18210.085,false
AMOSA,201,3.682000,0.062030504,18296.540,false
AMOSA,201,3.642000,0.062185098,18313.633,false
AMOSA,202,4.106000,0.061028462,19559.859,false
AMOSA,202,4.218000,0.060965409,18940.736,false
AMOSA,202,4.152000,0.061021838,18818.740,false
AMOSA,202,4.308000,0.060948966,19060.776,false
AMOSA,202,3.906000,0.061265446,18900.648,false
AMOSA,202,3.892000,0.061756177,19300.094,false
AMOSA,202,3.912000,0.061108064,19644.222,false
AMOSA,202,3.050000,0.063809102,18177.999,false
AMOSA,202,3.098000,0.063792532,18383.465,false
AMOSA,202,3.294000,0.061756576,17574.609,false
AMOSA,202,3.116000,0.062724062,17776.919,false
AMOSA,202,3.222000,0.062036843,18057.262,false
AMOSA,202,3.186000,0.062547238,18048.825,false
AMOSA,202,3.202000,0.062374054,17872.161,false
AMOSA,202,3.166000,0.062565184,18286.397,false
AMOSA,203,3.868000,0.061697597,17905.343,false
AMOSA,203,3.742000,0.061928374,18449.964,false
AMOSA,203,3.792000,0.061898954,17423.036,false
AMOSA,203,3.470000,0.062377307,18245.906,false
AMOSA,203,3.520000,0.062284261,17977.131,false
AMOSA,203,3.702000,0.062276303,17903.272,false
AMOSA,203,3.418000,0.062611903,18551.745,false
AMOSA,203,3.504000,0.062347779,17690.325,false
AMOSA,203,3.426000,0.062436845,17910.775,false
AMOSA,203,3.198000,0.062860253,18084.497,false
AMOSA,203,3.294000,0.062670870,18099.104,false
AMOSA,203,3.260000,0.062778172,18137.538,false
AMOSA,203,3.142000,0.063349663,17230.863,false
AMOSA,203,4.844000,0.061038412,16936.541,false
AMOSA,203,4.036000,0.061073881,17118.054,false
AMOSA,203,3.970000,0.061295989,17511.907,false
AMOSA,203,3.904000,0.061622613,17586.694,false
AMOSA,203,3.806000,0.061835762,18170.118,false
AMOSA,203,3.920000,0.061475762,18205.077,false
AMOSA,204,3.230000,0.062672879,17864.394,false
AMOSA,204,3.186000,0.063423376,18464.243,false
AMOSA,204,3.150000,0.063560128,18606.931,false
AMOSA,204,3.192000,0.063359374,19104.869,false
AMOSA,204,3.168000,0.063439359,18872.027,false
AMOSA,204,4.540000,0.060801329,17510.309,false
AMOSA,204,4.924000,0.060455376,17068.837,false
AMOSA,204,4.832000,0.060471091,17193.229,false
AMOSA,204,4.254000,0.060926914,18038.005,false
AMOSA,204,4.148000,0.060994094,18689.706,false
AMOSA,204,4.142000,0.061273849,18012.696,false
AMOSA,204,4.062000,0.061299393,18040.651,false
AMOSA,204,3.870000,0.061454940,18228.872,false
AMOSA,204,3.444000,0.061790163,18763.494,false
AMOSA,204,3.452000,0.061755149,18388.329,false
AMOSA,204,3.418000,0.061825977,18486.401,false
AMOSA,204,3.478000,0.061481046,18600.488,false
AMOSA,204,3.454000,0.061656443,18757.147,false
AMOSA,204,3.370000,0.061858440,18815.316,false
AMOSA,204,3.346000,0.062086724,18286.776,false
AMOSA,204,3.208000,0.062732357,17995.295,false
AMOSA,204,3.206000,0.062895385,18592.104,false
AMOSA,204,3.278000,0.062668284,17710.362,false
AMOSA,205,4.620000,0.061397185,17886.974,false
AMOSA,205,3.492000,0.061935230,18241.382,false
AMOSA,205,3.326000,0.062229023,17399.970,false
AMOSA,205,3.348000,0.062091822,17959.306,false
AMOSA,205,3.434000,0.061973714,17594.990,false
AMOSA,205,3.524000,0.061885687,17707.447,false
AMOSA,205,3.292000,0.062284031,17432.670,false
AMOSA,205,3.256000,0.062523691,17847.225,false
AMOSA,205,3.242000,0.062639202,17812.309,false
AMOSA,205,3.036000,0.063547235,18710.158,false
AMOSA,205,3.248000,0.062604930,18071.858,false
AMOSA,205,3.278000,0.062405287,17731.915,false
AMOSA,205,3.220000,0.062705879,17737.043,false
AMOSA,205,3.270000,0.062495416,18376.988,false
AMOSA,205,3.208000,0.062760799,17573.258,false
AMOSA,205,3.122000,0.062783462,18127.518,false
AMOSA,205,3.118000,0.062913015,17872.280,false
AMOSA,205,3.178000,0.062770662,18267.327,false
AMOSA,205,3.108000,0.063018746,18217.837,false
AMOSA,205,3.076000,0.063051675,18237.104,false
AMOSA,205,3.934000,0.061625247,17930.625,false
AMOSA,205,3.950000,0.061403575,17619.721,false
AMOSA,206,3.076000,0.064480469,18191.210,false
AMOSA,206,3.116000,0.063534946,18422.361,false
AMOSA,206,3.082000,0.063589891,18427.387,false
AMOSA,206,3.206000,0.062660025,18626.413,false
AMOSA,206,3.148000,0.062986471,17869.921,false
AMOSA,206,3.648000,0.062001388,17749.900,false
AMOSA,206,3.772000,0.061817854,17372.594,false
AMOSA,206,3.732000,0.061860392,17033.576,false
AMOSA,206,3.406000,0.062348558,17705.226,false
AMOSA,206,3.572000,0.062115415,17802.453,false
AMOSA,206,4.054000,0.061302648,18755.937,false
AMOSA,206,3.962000,0.061565953,18392.529,false
AMOSA,206,3.980000,0.061512557,18094.977,false
AMOSA,206,3.842000,0.061642587,18563.982,false
AMOSA,206,3.870000,0.061582074,18438.313,false
AMOSA,206,4.088000,0.060885000,17997.194,false
AMOSA,206,4.282000,0.060727290,18575.005,false
AMOSA,206,4.528000,0.060696904,18721.253,false
AMOSA,206,5.316000,0.060339940,17861.622,false
AMOSA,206,5.650000,0.060271737,17346.017,false
AMOSA,206,5.176000,0.060365633,17969.321,false
AMOSA,206,4.938000,0.060485596,17489.725,false
AMOSA,206,4.980000,0.060447127,17564.650,false
AMOSA,206,4.738000,0.060527192,17851.470,false
AMOSA,206,4.724000,0.060584367,17784.805,false
AMOSA,206,4.580000,0.060591703,17868.409,false
AMOSA,207,4.770000,0.061220131,16565.288,false
AMOSA,207,4.750000,0.061234999,16966.957,false
AMOSA,207,4.708000,0.061250933,16715.146,false
AMOSA,207,4.808000,0.061104806,16957.916,false
AMOSA,207,4.852000,0.061097760,17051.002,false
AMOSA,207,3.144000,0.063139262,17879.580,false
AMOSA,207,3.162000,0.063012941,18044.167,false
AMOSA,207,3.146000,0.063041477,18133.946,false
AMOSA,207,3.280000,0.062659317,18585.733,false
AMOSA,207,3.284000,0.062353897,18279.027,false
AMOSA,207,3.208000,0.062803707,18551.666,false
AMOSA,207,3.262000,0.062662276,17966.136,false
AMOSA,207,3.232000,0.062671860,18528.266,false
AMOSA,207,3.830000,0.061776948,18049.566,false
AMOSA,207,3.538000,0.062114923,17687.300,false
AMOSA,207,3.544000,0.061850372,17355.091,false
AMOSA,207,3.676000,0.061778552,17520.308,false
AMOSA,207,3.488000,0.062204932,18287.515,false
AMOSA,207,4.524000,0.061342077,17596.110,false
AMOSA,207,4.318000,0.061376350,18154.529,false
AMOSA,207,4.448000,0.061361566,17565.337,false
AMOSA,207,4.150000,0.061631202,17818.864,false
AMOSA,207,4.288000,0.061412005,17877.918,false
AMOSA,207,3.108000,0.063259067,17835.188,false
AMOSA,207,4.678000,0.061281505,16285.577,false
AMOSA,207,4.642000,0.061298613,16294.341,false
AMOSA,208,4.352000,0.061193746,16840.898,false
AMOSA,208,3.558000,0.061737276,16868.870,false
AMOSA,208,3.984000,0.061374907,17287.890,false
AMOSA,208,3.906000,0.061491132,17527.753,false
AMOSA,208,3.964000,0.061480820,16882.043,false
AMOSA,208,3.722000,0.061570473,17157.075,false
AMOSA,208,3.494000,0.061737502,17555.419,false
AMOSA,208,3.482000,0.061889201,17203.120,false
AMOSA,208,3.338000,0.061913760,17135.314,false
AMOSA,208,3.572000,0.061701936,17442.264,false
AMOSA,208,3.152000,0.062564131,17878.134,false
AMOSA,208,3.238000,0.062082679,18184.141,false
AMOSA,208,3.332000,0.062066400,18671.977,false
AMOSA,208,3.186000,0.062460820,18393.265,false
AMOSA,208,3.196000,0.062267018,18515.404,false
AMOSA,208,4.712000,0.060809655,16579.740,false
AMOSA,208,4.638000,0.060896454,16378.013,false
AMOSA,208,4.592000,0.061044233,16612.072,false
AMOSA,208,4.466000,0.061071610,16614.790,false
AMOSA,208,4.096000,0.061249486,17247.673,false
AMOSA,208,4.416000,0.061105141,17247.546,false
AMOSA,208,4.336000,0.061194175,17342.491,false
AMOSA,209,3.478000,0.061079142,16897.886,false
AMOSA,209,3.426000,0.061209835,17858.898,false
AMOSA,209,3.356000,0.061265602,17029.248,false
AMOSA,209,3.322000,0.061321212,18257.599,false
AMOSA,209,3.348000,0.061309739,17872.432,false
AMOSA,209,3.266000,0.061360704,18369.773,false
AMOSA,209,3.172000,0.062014722,18749.807,false
AMOSA,209,3.264000,0.061704857,18054.515,false
AMOSA,209,3.244000,0.061722865,17930.962,false
AMOSA,209,3.126000,0.062392168,18536.002,false
AMOSA,209,3.128000,0.062026265,17879.695,false
AMOSA,209,3.200000,0.061762466,18557.218,false
AMOSA,209,4.440000,0.060649877,17916.307,false
AMOSA,209,4.382000,0.060661500,18464.931,false
AMOSA,209,4.466000,0.060546388,17979.746,false
AMOSA,209,3.562000,0.060776962,16788.311,false
AMOSA,209,4.044000,0.060741951,16715.343,false
GA_WaitingTime_Dominance_PC90,200,2.238000,0.062734822,17583.277,false
GA_WaitingTime_Dominance_PC90,200,2.246000,0.062575093,17601.091,false
GA_WaitingTime_Dominance_PC90,200,2.232000,0.062819373,17636.688,false
GA_WaitingTime_Dominance_PC90,200,2.172000,0.062831977,17653.341,false
GA_WaitingTime_Dominance_PC90,200,2.164000,0.063175055,17642.026,false
GA_WaitingTime_Dominance_PC90,200,2.170000,0.062966606,17604.658,false
GA_WaitingTime_Dominance_PC90,200,2.204000,0.062823673,17647.654,false
GA_WaitingTime_Dominance_PC90,200,2.160000,0.063192208,17684.142,false
GA_WaitingTime_Dominance_PC90,200,2.168000,0.063153079,17615.379,false
GA_WaitingTime_Dominance_PC90,201,2.242000,0.063005350,17557.244,false
GA_WaitingTime_Dominance_PC90,201,2.216000,0.063034237,17602.901,false
GA_WaitingTime_Dominance_PC90,201,2.164000,0.063410899,17631.083,false
GA_WaitingTime_Dominance_PC90,201,2.160000,0.063457213,17675.846,false
GA_WaitingTime_Dominance_PC90,201,2.166000,0.063124247,17610.004,false
GA_WaitingTime_Dominance_PC90,201,2.162000,0.063425749,17590.230,false
GA_WaitingTime_Dominance_PC90,201,2.158000,0.063723274,17629.115,false
GA_WaitingTime_Dominance_PC90,202,3.350000,0.062640221,17515.342,false
GA_WaitingTime_Dominance_PC90,202,2.794000,0.062749721,17414.198,false
GA_WaitingTime_Dominance_PC90,202,2.594000,0.062886422,17408.478,false
GA_WaitingTime_Dominance_PC90,202,2.620000,0.062863219,17335.619,false
GA_WaitingTime_Dominance_PC90,202,2.552000,0.062993155,17332.291,false
GA_WaitingTime_Dominance_PC90,202,2.556000,0.062942805,17372.172,false
GA_WaitingTime_Dominance_PC90,202,2.586000,0.062927310,17433.576,false
GA_WaitingTime_Dominance_PC90,202,2.532000,0.063136233,17514.945,false
GA_WaitingTime_Dominance_PC90,202,2.500000,0.063221673,17616.019,false
GA_WaitingTime_Dominance_PC90,202,2.458000,0.063458152,17663.361,false
GA_WaitingTime_Dominance_PC90,202,2.424000,0.063799446,17562.468,false
GA_WaitingTime_Dominance_PC90,202,2.432000,0.063554370,17625.245,false
GA_WaitingTime_Dominance_PC90,202,2.420000,0.063994441,17531.897,false
GA_WaitingTime_Dominance_PC90,202,2.426000,0.063722936,17565.085,false
GA_WaitingTime_Dominance_PC90,202,2.476000,0.063375643,17613.681,false
GA_WaitingTime_Dominance_PC90,202,2.422000,0.063894867,17649.992,false
GA_WaitingTime_Dominance_PC90,202,2.404000,0.064016600,17544.319,false
GA_WaitingTime_Dominance_PC90,202,2.264000,0.064043884,17623.835,false
GA_WaitingTime_Dominance_PC90,202,2.198000,0.064497261,17633.862,false
GA_WaitingTime_Dominance_PC90,202,2.210000,0.064311072,17630.915,false
GA_WaitingTime_Dominance_PC90,202,2.172000,0.064516182,17657.239,false
GA_WaitingTime_Dominance_PC90,202,2.156000,0.064579372,17603.947,false
GA_WaitingTime_Dominance_PC90,202,2.146000,0.064978743,17590.024,false
GA_WaitingTime_Dominance_PC90,202,2.140000,0.065040500,17622.678,false
GA_WaitingTime_Dominance_PC90,203,2.196000,0.061900522,17610.947,true
GA_WaitingTime_Dominance_PC90,203,2.186000,0.062240017,17499.484,true
GA_WaitingTime_Dominance_PC90,203,2.192000,0.062221925,17630.944,true
GA_WaitingTime_Dominance_PC90,203,2.164000,0.062444031,17643.954,true
GA_WaitingTime_Dominance_PC90,203,2.184000,0.062283200,17648.546,true
GA_WaitingTime_Dominance_PC90,203,2.182000,0.062285815,17667.200,true
GA_WaitingTime_Dominance_PC90,203,2.168000,0.062436704,17610.684,true
GA_WaitingTime_Dominance_PC90,203,2.176000,0.062419407,17685.003,true
GA_WaitingTime_Dominance_PC90,204,2.720000,0.063051892,17052.992,false
GA_WaitingTime_Dominance_PC90,204,2.740000,0.062774007,16881.698,false
GA_WaitingTime_Dominance_PC90,204,2.648000,0.063124297,17683.725,false
GA_WaitingTime_Dominance_PC90,204,2.644000,0.063161023,17171.198,false
GA_WaitingTime_Dominance_PC90,204,2.636000,0.063251615,17476.381,false
GA_WaitingTime_Dominance_PC90,204,2.246000,0.063517250,17496.679,false
GA_WaitingTime_Dominance_PC90,204,2.162000,0.063628435,17504.601,false
GA_WaitingTime_Dominance_PC90,204,2.126000,0.063779107,17681.370,false
GA_WaitingTime_Dominance_PC90,204,2.146000,0.063711975,17594.073,false
GA_WaitingTime_Dominance_PC90,204,2.168000,0.063565285,17488.885,false
GA_WaitingTime_Dominance_PC90,204,2.112000,0.063984009,17664.435,false
GA_WaitingTime_Dominance_PC90,204,2.114000,0.063855023,17633.683,false
GA_WaitingTime_Dominance_PC90,204,2.100000,0.064153804,17666.794,false
GA_WaitingTime_Dominance_PC90,205,3.396000,0.063539698,15623.673,false
GA_WaitingTime_Dominance_PC90,205,3.326000,0.063642427,16226.897,false
GA_WaitingTime_Dominance_PC90,205,3.352000,0.063581231,15784.539,false
GA_WaitingTime_Dominance_PC90,205,3.334000,0.063620121,16315.243,false
GA_WaitingTime_Dominance_PC90,205,2.192000,0.063789792,17545.942,false
GA_WaitingTime_Dominance_PC90,205,2.188000,0.063809687,17594.494,false
GA_WaitingTime_Dominance_PC90,205,2.132000,0.063958824,17631.414,false
GA_WaitingTime_Dominance_PC90,205,2.126000,0.064111936,17671.934,false
GA_WaitingTime_Dominance_PC90,205,2.116000,0.064181855,17615.401,false
GA_WaitingTime_Dominance_PC90,205,2.124000,0.064162866,17612.437,false
GA_WaitingTime_Dominance_PC90,205,2.128000,0.064003291,17612.437,false
GA_WaitingTime_Dominance_PC90,205,2.110000,0.064219162,17661.367,false
GA_WaitingTime_Dominance_PC90,205,2.140000,0.063822017,17584.414,false
GA_WaitingTime_Dominance_PC90,205,2.106000,0.064320896,17678.585,false
GA_WaitingTime_Dominance_PC90,205,2.104000,0.064421236,17635.320,false
GA_WaitingTime_Dominance_PC90,206,3.386000,0.063412641,17562.426,false
GA_WaitingTime_Dominance_PC90,206,3.184000,0.063421168,16767.204,false
GA_WaitingTime_Dominance_PC90,206,2.564000,0.063451922,17566.838,false
GA_WaitingTime_Dominance_PC90,206,2.428000,0.063487484,17679.388,false
GA_WaitingTime_Dominance_PC90,206,2.174000,0.063588415,17617.190,false
GA_WaitingTime_Dominance_PC90,206,2.146000,0.063961561,17638.399,false
GA_WaitingTime_Dominance_PC90,206,2.150000,0.063855784,17607.412,false
GA_WaitingTime_Dominance_PC90,206,2.154000,0.063787102,17651.074,false
GA_WaitingTime_Dominance_PC90,206,2.156000,0.063592666,17607.412,false
GA_WaitingTime_Dominance_PC90,207,2.476000,0.063026018,17588.041,false
GA_WaitingTime_Dominance_PC90,207,2.550000,0.063011162,17541.114,false
GA_WaitingTime_Dominance_PC90,207,2.172000,0.063122507,17517.421,false
GA_WaitingTime_Dominance_PC90,207,2.160000,0.063168687,17405.581,false
GA_WaitingTime_Dominance_PC90,207,2.140000,0.063199398,17645.140,false
GA_WaitingTime_Dominance_PC90,207,2.138000,0.063314974,17618.030,false
GA_WaitingTime_Dominance_PC90,207,2.236000,0.063108762,17676.339,false
GA_WaitingTime_Dominance_PC90,207,2.130000,0.063378433,17657.729,false
GA_WaitingTime_Dominance_PC90,207,2.170000,0.063150010,17657.729,false
GA_WaitingTime_Dominance_PC90,207,2.124000,0.063464371,17668.839,false
GA_WaitingTime_Dominance_PC90,207,2.460000,0.063106626,17608.121,false
GA_WaitingTime_Dominance_PC90,208,2.166000,0.062658567,17644.911,false
GA_WaitingTime_Dominance_PC90,208,2.150000,0.062900268,17574.859,false
GA_WaitingTime_Dominance_PC90,208,2.120000,0.062935637,17553.875,false
GA_WaitingTime_Dominance_PC90,208,2.106000,0.063321280,17569.582,false
GA_WaitingTime_Dominance_PC90,208,2.108000,0.063317721,17651.607,false
GA_WaitingTime_Dominance_PC90,208,2.110000,0.063294869,17469.431,false
GA_WaitingTime_Dominance_PC90,208,2.114000,0.063110093,17569.582,false
GA_WaitingTime_Dominance_PC90,209,2.128000,0.063278210,17598.424,false
GA_WaitingTime_Dominance_PC90,209,2.134000,0.063022503,17600.674,false
GA_WaitingTime_Dominance_PC90,209,2.140000,0.062917672,17598.424,false
GA_WaitingTime_Dominance_PC90,209,2.124000,0.063488293,17576.112,false
GA_WaitingTime_Dominance_PC90,209,2.120000,0.063539592,17643.841,false
GA_WaitingTime_Dominance_PC90,209,2.122000,0.063518874,17669.832,false
GA_Energy_Dominance_PC90,200,4.468000,0.061376850,17526.903,false
GA_Energy_Dominance_PC90,200,6.422000,0.060821528,17376.787,false
GA_Energy_Dominance_PC90,200,6.208000,0.061109712,16710.232,false
GA_Energy_Dominance_PC90,200,6.514000,0.059020063,16846.012,false
GA_Energy_Dominance_PC90,200,7.804000,0.058885524,17083.578,false
GA_Energy_Dominance_PC90,200,7.988000,0.058269829,15948.235,false
GA_Energy_Dominance_PC90,200,8.430000,0.058007814,17037.471,false
GA_Energy_Dominance_PC90,200,9.372000,0.056996796,16230.835,false
GA_Energy_Dominance_PC90,200,8.778000,0.057206430,16150.517,false
GA_Energy_Dominance_PC90,200,8.592000,0.057832528,16501.141,false
GA_Energy_Dominance_PC90,200,9.326000,0.057066527,16456.565,false
GA_Energy_Dominance_PC90,200,10.044000,0.056408774,16683.234,false
GA_Energy_Dominance_PC90,200,9.562000,0.056713009,16993.502,false
GA_Energy_Dominance_PC90,200,10.276000,0.055831588,15873.870,false
GA_Energy_Dominance_PC90,200,11.892000,0.055164474,15522.404,false
GA_Energy_Dominance_PC90,200,10.480000,0.055574548,15550.628,false
GA_Energy_Dominance_PC90,200,11.112000,0.055488615,16103.071,false
GA_Energy_Dominance_PC90,200,10.186000,0.056102223,16141.703,false
GA_Energy_Dominance_PC90,200,11.292000,0.055320678,15153.466,false
GA_Energy_Dominance_PC90,200,12.354000,0.054953201,15398.727,false
GA_Energy_Dominance_PC90,200,12.276000,0.055129058,15431.549,false
GA_Energy_Dominance_PC90,200,11.764000,0.055275511,15332.609,false
GA_Energy_Dominance_PC90,200,12.408000,0.054716885,15481.829,false
GA_Energy_Dominance_PC90,200,12.912000,0.054379585,15197.494,false
GA_Energy_Dominance_PC90,200,13.088000,0.054304491,15561.338,false
GA_Energy_Dominance_PC90,200,12.640000,0.054462382,15211.450,false
GA_Energy_Dominance_PC90,200,13.156000,0.053891692,15700.495,false
GA_Energy_Dominance_PC90,200,13.956000,0.053531415,14840.889,false
GA_Energy_Dominance_PC90,200,14.124000,0.053428604,14515.306,false
GA_Energy_Dominance_PC90,200,13.812000,0.053579862,15097.816,false
GA_Energy_Dominance_PC90,200,14.642000,0.053015891,14706.018,false
GA_Energy_Dominance_PC90,200,14.542000,0.053139065,14405.109,false
GA_Energy_Dominance_PC90,200,14.214000,0.053197218,14812.247,false
GA_Energy_Dominance_PC90,200,15.122000,0.052797181,14528.636,false
GA_Energy_Dominance_PC90,200,15.250000,0.052682548,14809.697,false
GA_Energy_Dominance_PC90,200,15.458000,0.052578336,14723.701,false
GA_Energy_Dominance_PC90,200,14.736000,0.052829165,14775.651,false
GA_Energy_Dominance_PC90,200,15.796000,0.052462061,14707.553,false
GA_Energy_Dominance_PC90,200,15.832000,0.052273761,15270.990,false
GA_Energy_Dominance_PC90,200,16.192000,0.052123959,14958.185,false
GA_Energy_Dominance_PC90,200,16.510000,0.052081520,14262.814,false
GA_Energy_Dominance_PC90,200,16.646000,0.051925552,14258.939,false
GA_Energy_Dominance_PC90,200,15.996000,0.052189288,14254.366,false
GA_Energy_Dominance_PC90,200,16.952000,0.051907745,14046.112,false
GA_Energy_Dominance_PC90,200,17.572000,0.051764495,14177.741,false
GA_Energy_Dominance_PC90,200,17.828000,0.051710078,13628.382,false
GA_Energy_Dominance_PC90,200,18.040000,0.051391244,13238.922,false
GA_Energy_Dominance_PC90,200,17.914000,0.051495735,13326.132,false
GA_Energy_Dominance_PC90,200,19.144000,0.050900697,13169.656,false
GA_Energy_Dominance_PC90,200,18.694000,0.050982539,13488.748,false
GA_Energy_Dominance_PC90,200,18.246000,0.051189938,13249.747,false
GA_Energy_Dominance_PC90,200,19.322000,0.050701425,13074.498,false
GA_Energy_Dominance_PC90,200,19.518000,0.050672685,12664.936,false
GA_Energy_Dominance_PC90,200,19.692000,0.050479417,12900.061,false
GA_Energy_Dominance_PC90,200,19.880000,0.050455997,12784.561,false
GA_Energy_Dominance_PC90,200,20.348000,0.050384393,12565.362,false
GA_Energy_Dominance_PC90,200,20.544000,0.050322318,13125.365,false
GA_Energy_Dominance_PC90,200,20.972000,0.050197717,12604.824,false
GA_Energy_Dominance_PC90,200,21.592000,0.050010370,12918.650,false
GA_Energy_Dominance_PC90,200,21.378000,0.050017532,12728.911,false
GA_Energy_Dominance_PC90,200,21.050000,0.050076141,12782.462,false
GA_Energy_Dominance_PC90,200,22.026000,0.049948138,12598.408,false
GA_Energy_Dominance_PC90,200,22.286000,0.049862884,12698.577,false
GA_Energy_Dominance_PC90,200,22.512000,0.049778233,12574.876,false
GA_Energy_Dominance_PC90,200,22.800000,0.049556589,12192.218,false
GA_Energy_Dominance_PC90,200,22.782000,0.049678096,11804.222,false
GA_Energy_Dominance_PC90,200,23.140000,0.049464519,11941.751,false
GA_Energy_Dominance_PC90,200,23.486000,0.049310571,12206.034,false
GA_Energy_Dominance_PC90,200,23.804000,0.049157880,12111.670,false
GA_Energy_Dominance_PC90,200,24.104000,0.049121613,11958.845,false
GA_Energy_Dominance_PC90,200,24.778000,0.049063534,11831.562,false
GA_Energy_Dominance_PC90,200,24.960000,0.048923031,12059.234,false
GA_Energy_Dominance_PC90,200,25.158000,0.048784223,12097.275,false
GA_Energy_Dominance_PC90,200,25.710000,0.048765627,11936.493,false
GA_Energy_Dominance_PC90,200,26.004000,0.048562854,11844.667,false
GA_Energy_Dominance_PC90,200,25.714000,0.048608905,11801.858,false
GA_Energy_Dominance_PC90,200,26.294000,0.048325140,11825.382,false
GA_Energy_Dominance_PC90,200,26.612000,0.048253373,11472.697,false
GA_Energy_Dominance_PC90,200,26.740000,0.048005174,11650.284,false
GA_Energy_Dominance_PC90,200,26.996000,0.047934132,11361.610,false
GA_Energy_Dominance_PC90,200,27.354000,0.047869904,11482.767,false
GA_Energy_Dominance_PC90,200,28.034000,0.047806627,11455.646,false
GA_Energy_Dominance_PC90,200,27.668000,0.047822191,11475.135,false
GA_Energy_Dominance_PC90,200,28.688000,0.047727158,10830.592,false
GA_Energy_Dominance_PC90,200,28.394000,0.047727756,10991.541,false
GA_Energy_Dominance_PC90,200,30.094000,0.047637911,10962.314,false
GA_Energy_Dominance_PC90,200,29.532000,0.047664431,10780.507,false
GA_Energy_Dominance_PC90,201,4.458000,0.063663137,17312.567,false
GA_Energy_Dominance_PC90,201,5.160000,0.061389278,17070.378,false
GA_Energy_Dominance_PC90,201,4.718000,0.062107693,16848.676,false
GA_Energy_Dominance_PC90,201,4.824000,0.061537277,17214.210,false
GA_Energy_Dominance_PC90,201,5.922000,0.060618001,16482.444,false
GA_Energy_Dominance_PC90,201,5.728000,0.061258720,17310.990,false
GA_Energy_Dominance_PC90,201,7.054000,0.059283869,16620.068,false
GA_Energy_Dominance_PC90,201,7.848000,0.059253584,17392.296,false
GA_Energy_Dominance_PC90,201,6.442000,0.059345765,16881.600,false
GA_Energy_Dominance_PC90,201,7.950000,0.058419428,17211.081,false
GA_Energy_Dominance_PC90,201,7.902000,0.059105256,16695.690,false
GA_Energy_Dominance_PC90,201,8.046000,0.057889208,16641.615,false
GA_Energy_Dominance_PC90,201,8.418000,0.057818847,17407.210,false
GA_Energy_Dominance_PC90,201,9.004000,0.056996927,16754.655,false
GA_Energy_Dominance_PC90,201,9.236000,0.056947828,15516.538,false
GA_Energy_Dominance_PC90,201,9.626000,0.056914952,16186.225,false
GA_Energy_Dominance_PC90,201,9.680000,0.056363602,17235.763,false
GA_Energy_Dominance_PC90,201,8.800000,0.057172270,17164.612,false
GA_Energy_Dominance_PC90,201,9.996000,0.056089069,17098.223,false
GA_Energy_Dominance_PC90,201,10.762000,0.055716821,16235.450,false
GA_Energy_Dominance_PC90,201,10.642000,0.055727109,16124.159,false
GA_Energy_Dominance_PC90,201,10.418000,0.055853638,15814.933,false
GA_Energy_Dominance_PC90,201,11.156000,0.055336096,15844.617,false
GA_Energy_Dominance_PC90,201,10.880000,0.055485693,16568.512,false
GA_Energy_Dominance_PC90,201,11.590000,0.054560309,16724.545,false
GA_Energy_Dominance_PC90,201,11.322000,0.054846439,16388.006,false
GA_Energy_Dominance_PC90,201,11.380000,0.054661250,15813.448,false
GA_Energy_Dominance_PC90,201,12.092000,0.054328336,15216.778,false
GA_Energy_Dominance_PC90,201,12.312000,0.054151830,15278.081,false
GA_Energy_Dominance_PC90,201,11.172000,0.054948598,15511.768,false
GA_Energy_Dominance_PC90,201,11.858000,0.054424671,15971.990,false
GA_Energy_Dominance_PC90,201,12.656000,0.054107928,15568.512,false
GA_Energy_Dominance_PC90,201,12.956000,0.054094311,15180.605,false
GA_Energy_Dominance_PC90,201,13.292000,0.053832227,15465.139,false
GA_Energy_Dominance_PC90,201,13.162000,0.053838282,15720.830,false
GA_Energy_Dominance_PC90,201,13.052000,0.053953413,15335.285,false
GA_Energy_Dominance_PC90,201,13.496000,0.053331944,15188.003,false
GA_Energy_Dominance_PC90,201,13.766000,0.053080436,14875.627,false
GA_Energy_Dominance_PC90,201,14.336000,0.052866021,15201.498,false
GA_Energy_Dominance_PC90,201,14.444000,0.052708375,15373.001,false
GA_Energy_Dominance_PC90,201,14.138000,0.052929731,15369.634,false
GA_Energy_Dominance_PC90,201,14.702000,0.052603549,15141.647,false
GA_Energy_Dominance_PC90,201,15.044000,0.052037033,14589.009,false
GA_Energy_Dominance_PC90,201,15.146000,0.051877774,14893.854,false
GA_Energy_Dominance_PC90,201,15.450000,0.051774284,14385.173,false
GA_Energy_Dominance_PC90,201,14.720000,0.052129402,14589.812,false
GA_Energy_Dominance_PC90,201,15.680000,0.051571263,14408.139,false
GA_Energy_Dominance_PC90,201,15.840000,0.051491161,14332.754,false
GA_Energy_Dominance_PC90,201,15.962000,0.051128527,14488.925,false
GA_Energy_Dominance_PC90,201,16.222000,0.050980369,13870.614,false
GA_Energy_Dominance_PC90,201,16.310000,0.050831538,13213.948,false
GA_Energy_Dominance_PC90,201,16.582000,0.050789159,13270.306,false
GA_Energy_Dominance_PC90,201,16.966000,0.050688227,13119.963,false
GA_Energy_Dominance_PC90,201,16.776000,0.050714491,13445.272,false
GA_Energy_Dominance_PC90,201,17.222000,0.050619568,13674.341,false
GA_Energy_Dominance_PC90,201,17.378000,0.050431979,13523.076,false
GA_Energy_Dominance_PC90,201,17.772000,0.050263812,12890.654,false
GA_Energy_Dominance_PC90,201,18.040000,0.050101452,12652.040,false
GA_Energy_Dominance_PC90,201,17.628000,0.050321331,12786.459,false
GA_Energy_Dominance_PC90,201,18.258000,0.050081011,13617.301,false
GA_Energy_Dominance_PC90,201,18.770000,0.049981088,13268.655,false
GA_Energy_Dominance_PC90,201,18.496000,0.050020055,12915.174,false
GA_Energy_Dominance_PC90,201,18.926000,0.049925359,13108.574,false
GA_Energy_Dominance_PC90,201,18.940000,0.049755380,13173.376,false
GA_Energy_Dominance_PC90,201,19.414000,0.049722297,13217.591,false
GA_Energy_Dominance_PC90,201,19.614000,0.049711348,13011.706,false
GA_Energy_Dominance_PC90,201,19.982000,0.049596377,13157.884,false
GA_Energy_Dominance_PC90,201,19.784000,0.049622750,13163.738,false
GA_Energy_Dominance_PC90,201,20.198000,0.049539446,13053.933,false
GA_Energy_Dominance_PC90,201,20.512000,0.049526729,13140.734,false
GA_Energy_Dominance_PC90,201,20.724000,0.049494586,12836.952,false
GA_Energy_Dominance_PC90,201,20.946000,0.049439979,13126.184,false
GA_Energy_Dominance_PC90,201,21.246000,0.049247053,13166.379,false
GA_Energy_Dominance_PC90,201,21.794000,0.049186769,12655.233,false
GA_Energy_Dominance_PC90,201,21.510000,0.049190454,13046.315,false
GA_Energy_Dominance_PC90,201,22.546000,0.049019062,13176.817,false
GA_Energy_Dominance_PC90,201,22.822000,0.048931764,12828.214,false
GA_Energy_Dominance_PC90,201,22.066000,0.049099142,12909.569,false
GA_Energy_Dominance_PC90,201,23.098000,0.048910012,12797.551,false
GA_Energy_Dominance_PC90,201,23.734000,0.048848865,12850.634,false
GA_Energy_Dominance_PC90,201,23.518000,0.048904919,12786.194,false
GA_Energy_Dominance_PC90,201,24.042000,0.048729663,12079.974,false
GA_Energy_Dominance_PC90,201,24.348000,0.048672911,11995.744,false
GA_Energy_Dominance_PC90,201,24.636000,0.048648823,12001.179,false
GA_Energy_Dominance_PC90,201,26.356000,0.048615669,11764.464,false
GA_Energy_Dominance_PC90,201,24.864000,0.048617096,11593.634,false
GA_Energy_Dominance_PC90,202,4.318000,0.062535646,17206.002,false
GA_Energy_Dominance_PC90,202,4.792000,0.061316300,17661.688,false
GA_Energy_Dominance_PC90,202,4.804000,0.061290281,17661.688,false
GA_Energy_Dominance_PC90,202,4.668000,0.062158591,16983.055,false
GA_Energy_Dominance_PC90,202,5.896000,0.060434845,16255.715,false
GA_Energy_Dominance_PC90,202,5.316000,0.060479955,16727.561,false
GA_Energy_Dominance_PC90,202,6.504000,0.059549570,16805.362,false
GA_Energy_Dominance_PC90,202,6.160000,0.060155276,16946.102,false
GA_Energy_Dominance_PC90,202,7.046000,0.059245879,16213.401,false
GA_Energy_Dominance_PC90,202,6.170000,0.060053842,15938.482,false
GA_Energy_Dominance_PC90,202,6.422000,0.059664987,16042.803,false
GA_Energy_Dominance_PC90,202,7.080000,0.059129635,16014.752,false
GA_Energy_Dominance_PC90,202,6.838000,0.059312566,15264.624,false
GA_Energy_Dominance_PC90,202,7.640000,0.058171232,16177.713,false
GA_Energy_Dominance_PC90,202,7.998000,0.057561390,15881.661,false
GA_Energy_Dominance_PC90,202,7.806000,0.057850988,16200.788,false
GA_Energy_Dominance_PC90,202,7.220000,0.058539433,16971.304,false
GA_Energy_Dominance_PC90,202,8.226000,0.057365284,15723.968,false
GA_Energy_Dominance_PC90,202,7.676000,0.057868493,15767.291,false
GA_Energy_Dominance_PC90,202,8.102000,0.057378297,16372.420,false
GA_Energy_Dominance_PC90,202,8.430000,0.057212969,15675.006,false
GA_Energy_Dominance_PC90,202,8.716000,0.056825598,15836.959,false
GA_Energy_Dominance_PC90,202,8.786000,0.056816572,16034.779,false
GA_Energy_Dominance_PC90,202,8.788000,0.056727541,14695.044,false
GA_Energy_Dominance_PC90,202,8.658000,0.056910679,14526.048,false
GA_Energy_Dominance_PC90,202,9.104000,0.056274621,14813.066,false
GA_Energy_Dominance_PC90,202,9.404000,0.055957639,15075.587,false
GA_Energy_Dominance_PC90,202,9.268000,0.056274025,14501.645,false
GA_Energy_Dominance_PC90,202,9.948000,0.055429640,15316.274,false
GA_Energy_Dominance_PC90,202,9.346000,0.056242529,14535.066,false
GA_Energy_Dominance_PC90,202,8.886000,0.056402286,14545.902,false
GA_Energy_Dominance_PC90,202,9.742000,0.055482821,15641.706,false
GA_Energy_Dominance_PC90,202,9.476000,0.055498822,15499.905,false
GA_Energy_Dominance_PC90,202,9.968000,0.054995994,15569.414,false
GA_Energy_Dominance_PC90,202,10.080000,0.054767505,14655.499,false
GA_Energy_Dominance_PC90,202,9.950000,0.055155587,14756.121,false
GA_Energy_Dominance_PC90,202,10.544000,0.054608215,14720.264,false
GA_Energy_Dominance_PC90,202,10.366000,0.054754979,14821.595,false
GA_Energy_Dominance_PC90,202,11.490000,0.054548870,14973.590,false
GA_Energy_Dominance_PC90,202,11.744000,0.054452276,14637.973,false
GA_Energy_Dominance_PC90,202,11.860000,0.054432040,13976.726,false
GA_Energy_Dominance_PC90,202,11.942000,0.054239712,13658.319,false
GA_Energy_Dominance_PC90,202,12.258000,0.053976110,14749.814,false
GA_Energy_Dominance_PC90,202,12.482000,0.053818517,14146.058,false
GA_Energy_Dominance_PC90,202,12.040000,0.054118447,13727.539,false
GA_Energy_Dominance_PC90,202,12.688000,0.053594207,14047.281,false
GA_Energy_Dominance_PC90,202,12.554000,0.053645258,13966.087,false
GA_Energy_Dominance_PC90,202,12.986000,0.053187697,14121.167,false
GA_Energy_Dominance_PC90,202,12.874000,0.053266181,14475.003,false
GA_Energy_Dominance_PC90,202,13.714000,0.052862131,13322.646,false
GA_Energy_Dominance_PC90,202,13.110000,0.052957622,13489.027,false
GA_Energy_Dominance_PC90,202,13.384000,0.052889152,13757.618,false
GA_Energy_Dominance_PC90,202,13.740000,0.052699527,13381.869,false
GA_Energy_Dominance_PC90,202,14.194000,0.052575790,13487.786,false
GA_Energy_Dominance_PC90,202,13.912000,0.052688192,13498.289,false
GA_Energy_Dominance_PC90,202,14.336000,0.052510727,13888.522,false
GA_Energy_Dominance_PC90,202,14.528000,0.052406998,13707.368,false
GA_Energy_Dominance_PC90,202,14.944000,0.052143140,13215.261,false
GA_Energy_Dominance_PC90,202,14.638000,0.052254734,13111.886,false
GA_Energy_Dominance_PC90,202,15.064000,0.052060452,13565.424,false
GA_Energy_Dominance_PC90,202,15.214000,0.051962851,13477.215,false
GA_Energy_Dominance_PC90,202,15.410000,0.051910143,13253.178,false
GA_Energy_Dominance_PC90,202,14.766000,0.052206630,13318.618,false
GA_Energy_Dominance_PC90,202,15.588000,0.051764056,13202.718,false
GA_Energy_Dominance_PC90,202,15.780000,0.051523823,13046.775,false
GA_Energy_Dominance_PC90,202,15.946000,0.051387480,13171.239,false
GA_Energy_Dominance_PC90,202,16.406000,0.051354104,12724.667,false
GA_Energy_Dominance_PC90,202,16.550000,0.051347296,12898.680,false
GA_Energy_Dominance_PC90,202,16.696000,0.051269882,12722.616,false
GA_Energy_Dominance_PC90,202,17.394000,0.050997370,12895.429,false
GA_Energy_Dominance_PC90,202,17.156000,0.051089187,12945.722,false
GA_Energy_Dominance_PC90,202,16.902000,0.051168218,12987.556,false
GA_Energy_Dominance_PC90,202,17.742000,0.050906697,12667.218,false
GA_Energy_Dominance_PC90,202,18.214000,0.050671983,12768.160,false
GA_Energy_Dominance_PC90,202,18.014000,0.050783135,13066.307,false
GA_Energy_Dominance_PC90,202,18.478000,0.050653744,13098.855,false
GA_Energy_Dominance_PC90,202,18.660000,0.050602714,12761.229,false
GA_Energy_Dominance_PC90,202,18.876000,0.050466107,13310.161,false
GA_Energy_Dominance_PC90,202,19.118000,0.050342763,12726.035,false
GA_Energy_Dominance_PC90,202,19.290000,0.050277696,12495.977,false
GA_Energy_Dominance_PC90,202,19.600000,0.050192761,12656.249,false
GA_Energy_Dominance_PC90,202,19.778000,0.049996166,12852.569,false
GA_Energy_Dominance_PC90,202,20.042000,0.049923645,12473.194,false
GA_Energy_Dominance_PC90,202,20.274000,0.049896811,12737.748,false
GA_Energy_Dominance_PC90,202,20.620000,0.049846275,12711.543,false
GA_Energy_Dominance_PC90,202,20.794000,0.049821172,12829.202,false
GA_Energy_Dominance_PC90,202,21.006000,0.049780728,12300.084,false
GA_Energy_Dominance_PC90,202,21.282000,0.049631011,12464.680,false
GA_Energy_Dominance_PC90,202,21.698000,0.049508690,12307.161,false
GA_Energy_Dominance_PC90,202,21.912000,0.049455454,12174.679,false
GA_Energy_Dominance_PC90,202,22.450000,0.049401060,12508.119,false
GA_Energy_Dominance_PC90,202,22.146000,0.049424462,12298.521,false
GA_Energy_Dominance_PC90,202,22.650000,0.049389981,12134.746,false
GA_Energy_Dominance_PC90,202,23.130000,0.049199747,11768.261,false
GA_Energy_Dominance_PC90,202,24.230000,0.048898884,11270.012,false
GA_Energy_Dominance_PC90,202,23.382000,0.048970239,11499.997,false
GA_Energy_Dominance_PC90,202,24.722000,0.048876811,11177.145,false
GA_Energy_Dominance_PC90,202,24.480000,0.048897861,11244.527,false
GA_Energy_Dominance_PC90,202,23.964000,0.048922314,11644.698,false
GA_Energy_Dominance_PC90,203,5.320000,0.061557678,16515.420,false
GA_Energy_Dominance_PC90,203,4.184000,0.062697497,16238.294,false
GA_Energy_Dominance_PC90,203,4.792000,0.062306322,16645.372,false
GA_Energy_Dominance_PC90,203,5.778000,0.061556129,16531.488,false
GA_Energy_Dominance_PC90,203,6.722000,0.060537181,17573.915,false
GA_Energy_Dominance_PC90,203,6.594000,0.060551560,17372.142,false
GA_Energy_Dominance_PC90,203,6.780000,0.060280624,16906.467,false
GA_Energy_Dominance_PC90,203,6.890000,0.059824440,17340.507,false
GA_Energy_Dominance_PC90,203,7.384000,0.058347729,17279.883,false
GA_Energy_Dominance_PC90,203,7.364000,0.058559261,16274.675,false
GA_Energy_Dominance_PC90,203,7.092000,0.059488371,16947.094,false
GA_Energy_Dominance_PC90,203,7.660000,0.057861513,15664.823,false
GA_Energy_Dominance_PC90,203,8.220000,0.057409502,15373.878,false
GA_Energy_Dominance_PC90,203,8.064000,0.057849128,16253.674,false
GA_Energy_Dominance_PC90,203,8.604000,0.057372605,16300.309,false
GA_Energy_Dominance_PC90,203,8.842000,0.057156090,16322.577,false
GA_Energy_Dominance_PC90,203,9.044000,0.056809120,15309.343,false
GA_Energy_Dominance_PC90,203,10.060000,0.055946426,16246.658,false
GA_Energy_Dominance_PC90,203,9.510000,0.056252770,15493.063,false
GA_Energy_Dominance_PC90,203,9.950000,0.056168031,16492.891,false
GA_Energy_Dominance_PC90,203,10.548000,0.055807400,15717.157,false
GA_Energy_Dominance_PC90,203,10.684000,0.055543288,16523.396,false
GA_Energy_Dominance_PC90,203,10.416000,0.055825343,17371.701,false
GA_Energy_Dominance_PC90,203,10.906000,0.055249100,15788.973,false
GA_Energy_Dominance_PC90,203,11.036000,0.055085428,16662.643,false
GA_Energy_Dominance_PC90,203,10.790000,0.055314280,16035.560,false
GA_Energy_Dominance_PC90,203,11.244000,0.054857512,16167.306,false
GA_Energy_Dominance_PC90,203,11.208000,0.054947252,15914.331,false
GA_Energy_Dominance_PC90,203,11.552000,0.054399717,16431.786,false
GA_Energy_Dominance_PC90,203,11.436000,0.054693173,15671.920,false
GA_Energy_Dominance_PC90,203,11.712000,0.054107938,15642.950,false
GA_Energy_Dominance_PC90,203,11.578000,0.054121710,15073.981,false
GA_Energy_Dominance_PC90,203,11.742000,0.053881428,15507.101,false
GA_Energy_Dominance_PC90,203,11.772000,0.053627096,15172.186,false
GA_Energy_Dominance_PC90,203,12.432000,0.053383831,14954.655,false
GA_Energy_Dominance_PC90,203,12.024000,0.053545048,14687.272,false
GA_Energy_Dominance_PC90,203,12.466000,0.053265287,14725.204,false
GA_Energy_Dominance_PC90,203,12.300000,0.053446176,15350.585,false
GA_Energy_Dominance_PC90,203,12.740000,0.053114020,15485.120,false
GA_Energy_Dominance_PC90,203,12.912000,0.053039722,14826.804,false
GA_Energy_Dominance_PC90,203,12.610000,0.053193582,15195.370,false
GA_Energy_Dominance_PC90,203,13.408000,0.052794370,14627.704,false
GA_Energy_Dominance_PC90,203,13.234000,0.052905386,14792.241,false
GA_Energy_Dominance_PC90,203,13.122000,0.052931435,14813.804,false
GA_Energy_Dominance_PC90,203,13.476000,0.052387422,14371.004,false
GA_Energy_Dominance_PC90,203,13.628000,0.052324865,14284.051,false
GA_Energy_Dominance_PC90,203,13.954000,0.052235091,14381.112,false
GA_Energy_Dominance_PC90,203,14.080000,0.052084511,13833.661,false
GA_Energy_Dominance_PC90,203,14.410000,0.051851975,13618.403,false
GA_Energy_Dominance_PC90,203,14.742000,0.051782250,13614.453,false
GA_Energy_Dominance_PC90,203,14.920000,0.051583565,13321.625,false
GA_Energy_Dominance_PC90,203,15.146000,0.051486237,13194.973,false
GA_Energy_Dominance_PC90,203,15.302000,0.051309947,12984.454,false
GA_Energy_Dominance_PC90,203,15.612000,0.051214807,13160.902,false
GA_Energy_Dominance_PC90,203,16.062000,0.051066827,12852.010,false
GA_Energy_Dominance_PC90,203,15.882000,0.051090363,12887.801,false
GA_Energy_Dominance_PC90,203,17.010000,0.050904229,12812.454,false
GA_Energy_Dominance_PC90,203,16.736000,0.050933817,12839.297,false
GA_Energy_Dominance_PC90,203,16.260000,0.050947658,12781.460,false
GA_Energy_Dominance_PC90,203,17.162000,0.050892304,12800.874,false
GA_Energy_Dominance_PC90,203,17.494000,0.050835736,12428.811,false
GA_Energy_Dominance_PC90,203,17.812000,0.050780082,12620.396,false
GA_Energy_Dominance_PC90,203,18.030000,0.050733704,12525.579,false
GA_Energy_Dominance_PC90,203,18.146000,0.050588028,12393.430,false
GA_Energy_Dominance_PC90,203,18.386000,0.050458247,12081.409,false
GA_Energy_Dominance_PC90,203,18.566000,0.050451105,12657.584,false
GA_Energy_Dominance_PC90,203,18.806000,0.050282680,11798.518,false
GA_Energy_Dominance_PC90,203,19.078000,0.050074644,11749.696,false
GA_Energy_Dominance_PC90,203,19.584000,0.049993954,11290.424,false
GA_Energy_Dominance_PC90,203,18.880000,0.050113903,11472.514,false
GA_Energy_Dominance_PC90,203,19.856000,0.049943428,11383.176,false
GA_Energy_Dominance_PC90,203,20.144000,0.049808915,11216.846,false
GA_Energy_Dominance_PC90,203,20.176000,0.049675354,11210.786,false
GA_Energy_Dominance_PC90,203,20.358000,0.049649566,11225.962,false
GA_Energy_Dominance_PC90,203,20.614000,0.049472809,10859.055,false
GA_Energy_Dominance_PC90,203,20.856000,0.049336820,10521.083,false
GA_Energy_Dominance_PC90,203,21.206000,0.049300598,10306.754,false
GA_Energy_Dominance_PC90,203,21.458000,0.049233914,10330.014,false
GA_Energy_Dominance_PC90,203,22.436000,0.049083726,10237.415,false
GA_Energy_Dominance_PC90,203,22.078000,0.049106510,10062.480,false
GA_Energy_Dominance_PC90,203,21.806000,0.049128141,10512.849,false
GA_Energy_Dominance_PC90,203,22.878000,0.049057134,10136.469,false
GA_Energy_Dominance_PC90,203,22.628000,0.049073928,10079.002,false
GA_Energy_Dominance_PC90,204,5.320000,0.061557678,16515.420,false
GA_Energy_Dominance_PC90,204,4.898000,0.064466988,17454.607,false
GA_Energy_Dominance_PC90,204,4.994000,0.062320442,16954.552,false
GA_Energy_Dominance_PC90,204,4.944000,0.062780585,16618.437,false
GA_Energy_Dominance_PC90,204,6.460000,0.060791906,17532.922,false
GA_Energy_Dominance_PC90,204,6.644000,0.060570372,16643.707,false
GA_Energy_Dominance_PC90,204,7.084000,0.059907334,16690.100,false
GA_Energy_Dominance_PC90,204,7.406000,0.059301818,16821.573,false
GA_Energy_Dominance_PC90,204,7.258000,0.059660819,15692.900,false
GA_Energy_Dominance_PC90,204,8.780000,0.058199341,16471.332,false
GA_Energy_Dominance_PC90,204,9.150000,0.058001991,17173.732,false
GA_Energy_Dominance_PC90,204,7.684000,0.058248289,16878.693,false
GA_Energy_Dominance_PC90,204,8.846000,0.058102160,16909.317,false
GA_Energy_Dominance_PC90,204,8.444000,0.058239830,17059.562,false
GA_Energy_Dominance_PC90,204,8.982000,0.058029767,16770.040,false
GA_Energy_Dominance_PC90,204,10.162000,0.056449687,15631.937,false
GA_Energy_Dominance_PC90,204,9.428000,0.057045147,15435.900,false
GA_Energy_Dominance_PC90,204,11.532000,0.056022255,16435.699,false
GA_Energy_Dominance_PC90,204,9.740000,0.056591876,15280.373,false
GA_Energy_Dominance_PC90,204,9.158000,0.057200762,16517.775,false
GA_Energy_Dominance_PC90,204,10.402000,0.056053690,15280.897,false
GA_Energy_Dominance_PC90,204,12.510000,0.055139031,15560.002,false
GA_Energy_Dominance_PC90,204,10.290000,0.056370556,16321.705,false
GA_Energy_Dominance_PC90,204,12.466000,0.055303698,16206.311,false
GA_Energy_Dominance_PC90,204,11.654000,0.055450135,15541.811,false
GA_Energy_Dominance_PC90,204,12.966000,0.055128710,15290.012,false
GA_Energy_Dominance_PC90,204,12.312000,0.055437865,15568.304,false
GA_Energy_Dominance_PC90,204,13.164000,0.054980803,14716.416,false
GA_Energy_Dominance_PC90,204,13.782000,0.054423744,15067.777,false
GA_Energy_Dominance_PC90,204,13.552000,0.054500794,15196.611,false
GA_Energy_Dominance_PC90,204,13.412000,0.054710212,15041.733,false
GA_Energy_Dominance_PC90,204,14.030000,0.054380567,14964.621,false
GA_Energy_Dominance_PC90,204,14.460000,0.053525046,15510.235,false
GA_Energy_Dominance_PC90,204,14.578000,0.053474899,15193.489,false
GA_Energy_Dominance_PC90,204,14.124000,0.053682398,14987.714,false
GA_Energy_Dominance_PC90,204,14.584000,0.053127973,14416.991,false
GA_Energy_Dominance_PC90,204,15.100000,0.052733501,14781.145,false
GA_Energy_Dominance_PC90,204,14.850000,0.052870951,14432.080,false
GA_Energy_Dominance_PC90,204,15.592000,0.052372536,14106.745,false
GA_Energy_Dominance_PC90,204,15.862000,0.052242235,14087.556,false
GA_Energy_Dominance_PC90,204,16.446000,0.051995157,14124.424,false
GA_Energy_Dominance_PC90,204,16.230000,0.052079055,14119.287,false
GA_Energy_Dominance_PC90,204,16.778000,0.051884277,14033.463,false
GA_Energy_Dominance_PC90,204,17.618000,0.051525939,14167.577,false
GA_Energy_Dominance_PC90,204,17.778000,0.051494388,13976.295,false
GA_Energy_Dominance_PC90,204,18.024000,0.051417313,13545.026,false
GA_Energy_Dominance_PC90,204,18.092000,0.051249391,13372.867,false
GA_Energy_Dominance_PC90,204,18.516000,0.051198530,13441.358,false
GA_Energy_Dominance_PC90,204,18.876000,0.051085485,13168.558,false
GA_Energy_Dominance_PC90,204,19.608000,0.050876096,13681.652,false
GA_Energy_Dominance_PC90,204,19.440000,0.050958275,13823.177,false
GA_Energy_Dominance_PC90,204,20.026000,0.050710997,13547.158,false
GA_Energy_Dominance_PC90,204,20.220000,0.050557490,13471.594,false
GA_Energy_Dominance_PC90,204,20.342000,0.050377879,13030.558,false
GA_Energy_Dominance_PC90,204,20.686000,0.050318696,13517.954,false
GA_Energy_Dominance_PC90,204,20.840000,0.050158774,13470.519,false
GA_Energy_Dominance_PC90,204,21.150000,0.050107489,13552.000,false
GA_Energy_Dominance_PC90,204,21.346000,0.050095416,12894.293,false
GA_Energy_Dominance_PC90,204,21.490000,0.049891249,12874.166,false
GA_Energy_Dominance_PC90,204,21.558000,0.049738322,12919.667,false
GA_Energy_Dominance_PC90,204,21.670000,0.049533723,12980.283,false
GA_Energy_Dominance_PC90,204,21.856000,0.049531182,12911.974,false
GA_Energy_Dominance_PC90,204,22.050000,0.049415535,12953.465,false
GA_Energy_Dominance_PC90,204,22.360000,0.049374540,12494.050,false
GA_Energy_Dominance_PC90,204,22.648000,0.049236493,12638.119,false
GA_Energy_Dominance_PC90,204,22.898000,0.049161088,12474.697,false
GA_Energy_Dominance_PC90,204,23.302000,0.049107782,12563.225,false
GA_Energy_Dominance_PC90,204,23.620000,0.049053066,12380.551,false
GA_Energy_Dominance_PC90,204,24.238000,0.048821119,12309.620,false
GA_Energy_Dominance_PC90,204,23.998000,0.048909238,12331.652,false
GA_Energy_Dominance_PC90,204,25.068000,0.048759495,12422.841,false
GA_Energy_Dominance_PC90,204,24.510000,0.048790610,11943.574,false
GA_Energy_Dominance_PC90,204,25.424000,0.048700837,12177.981,false
GA_Energy_Dominance_PC90,204,25.946000,0.048536802,11836.186,false
GA_Energy_Dominance_PC90,204,26.530000,0.048390395,11806.448,false
GA_Energy_Dominance_PC90,204,26.262000,0.048506709,11926.982,false
GA_Energy_Dominance_PC90,204,26.772000,0.048330201,11578.464,false
GA_Energy_Dominance_PC90,204,27.202000,0.048223355,11624.920,false
GA_Energy_Dominance_PC90,204,27.774000,0.048173600,11539.696,false
GA_Energy_Dominance_PC90,204,28.124000,0.048080277,11511.416,false
GA_Energy_Dominance_PC90,204,28.494000,0.048019203,11219.051,false
GA_Energy_Dominance_PC90,204,29.448000,0.047954420,11169.489,false
GA_Energy_Dominance_PC90,204,29.170000,0.047962059,10950.198,false
GA_Energy_Dominance_PC90,205,4.352000,0.062446801,16902.026,false
GA_Energy_Dominance_PC90,205,5.042000,0.060509285,16805.139,false
GA_Energy_Dominance_PC90,205,4.364000,0.061422751,16927.158,false
GA_Energy_Dominance_PC90,205,4.888000,0.060827324,17105.529,false
GA_Energy_Dominance_PC90,205,4.808000,0.060973673,15955.001,false
GA_Energy_Dominance_PC90,205,5.736000,0.060435203,16084.310,false
GA_Energy_Dominance_PC90,205,4.652000,0.061082457,16383.299,false
GA_Energy_Dominance_PC90,205,6.640000,0.058947719,16740.723,false
GA_Energy_Dominance_PC90,205,6.092000,0.060081165,16427.929,false
GA_Energy_Dominance_PC90,205,6.336000,0.059395443,16113.833,false
GA_Energy_Dominance_PC90,205,6.644000,0.058641336,16086.295,false
GA_Energy_Dominance_PC90,205,7.260000,0.058261388,16604.089,false
GA_Energy_Dominance_PC90,205,7.150000,0.058442226,16104.108,false
GA_Energy_Dominance_PC90,205,8.316000,0.057368950,16326.199,false
GA_Energy_Dominance_PC90,205,6.894000,0.058483679,15916.035,false
GA_Energy_Dominance_PC90,205,7.746000,0.057517369,16470.297,false
GA_Energy_Dominance_PC90,205,8.160000,0.057509021,16264.402,false
GA_Energy_Dominance_PC90,205,7.404000,0.057945292,16597.973,false
GA_Energy_Dominance_PC90,205,8.582000,0.056647686,16386.586,false
GA_Energy_Dominance_PC90,205,8.406000,0.057079621,16535.689,false
GA_Energy_Dominance_PC90,205,8.844000,0.056619668,16688.081,false
GA_Energy_Dominance_PC90,205,8.462000,0.056780365,15675.570,false
GA_Energy_Dominance_PC90,205,8.920000,0.055922252,15916.172,false
GA_Energy_Dominance_PC90,205,8.918000,0.056229031,16194.637,false
GA_Energy_Dominance_PC90,205,8.846000,0.056376149,16750.334,false
GA_Energy_Dominance_PC90,205,9.376000,0.055725274,16003.020,false
GA_Energy_Dominance_PC90,205,9.904000,0.055492619,16404.374,false
GA_Energy_Dominance_PC90,205,10.052000,0.055418452,16301.036,false
GA_Energy_Dominance_PC90,205,9.528000,0.055565105,16099.480,false
GA_Energy_Dominance_PC90,205,10.186000,0.055000807,15608.493,false
GA_Energy_Dominance_PC90,205,10.326000,0.054748953,15453.709,false
GA_Energy_Dominance_PC90,205,10.400000,0.054645105,15131.556,false
GA_Energy_Dominance_PC90,205,10.792000,0.054273771,15658.261,false
GA_Energy_Dominance_PC90,205,10.314000,0.054860357,15848.897,false
GA_Energy_Dominance_PC90,205,10.494000,0.054511231,15966.492,false
GA_Energy_Dominance_PC90,205,10.562000,0.054382253,15791.605,false
GA_Energy_Dominance_PC90,205,10.894000,0.054138601,15468.595,false
GA_Energy_Dominance_PC90,205,11.040000,0.053825710,16044.122,false
GA_Energy_Dominance_PC90,205,11.100000,0.053666937,15526.341,false
GA_Energy_Dominance_PC90,205,11.176000,0.053596728,15120.379,false
GA_Energy_Dominance_PC90,205,10.944000,0.053868426,16052.321,false
GA_Energy_Dominance_PC90,205,11.218000,0.053480557,14654.513,false
GA_Energy_Dominance_PC90,205,11.470000,0.053200915,15334.939,false
GA_Energy_Dominance_PC90,205,11.586000,0.053108589,14641.198,false
GA_Energy_Dominance_PC90,205,12.102000,0.052714235,13930.248,false
GA_Energy_Dominance_PC90,205,11.700000,0.052750363,14084.092,true
GA_Energy_Dominance_PC90,205,11.986000,0.052743728,13981.710,true
GA_Energy_Dominance_PC90,205,12.486000,0.052425070,14746.901,false
GA_Energy_Dominance_PC90,205,12.452000,0.052528348,13875.954,false
GA_Energy_Dominance_PC90,205,12.184000,0.052529152,13984.051,true
GA_Energy_Dominance_PC90,205,13.090000,0.052066739,14083.111,true
GA_Energy_Dominance_PC90,205,12.582000,0.052214229,13909.316,true
GA_Energy_Dominance_PC90,205,13.052000,0.052172899,14065.613,true
GA_Energy_Dominance_PC90,205,13.260000,0.052029038,13381.169,true
GA_Energy_Dominance_PC90,205,13.456000,0.051840585,13127.954,true
GA_Energy_Dominance_PC90,205,13.572000,0.051812903,13430.332,true
GA_Energy_Dominance_PC90,205,13.680000,0.051747351,13324.572,true
GA_Energy_Dominance_PC90,205,13.842000,0.051648427,13317.511,true
GA_Energy_Dominance_PC90,205,14.120000,0.051529290,13138.054,true
GA_Energy_Dominance_PC90,205,14.608000,0.051408960,13096.429,false
GA_Energy_Dominance_PC90,205,14.382000,0.051467158,13212.498,false
GA_Energy_Dominance_PC90,205,14.942000,0.051329975,12919.630,false
GA_Energy_Dominance_PC90,205,14.736000,0.051392999,13519.177,false
GA_Energy_Dominance_PC90,205,15.444000,0.051261918,13132.809,false
GA_Energy_Dominance_PC90,205,15.956000,0.051238296,13276.505,false
GA_Energy_Dominance_PC90,205,15.242000,0.051286141,13106.158,false
GA_Energy_Dominance_PC90,205,15.806000,0.051256780,13199.160,false
GA_Energy_Dominance_PC90,205,16.326000,0.051162352,13206.825,false
GA_Energy_Dominance_PC90,205,16.644000,0.050842108,12918.303,false
GA_Energy_Dominance_PC90,205,16.492000,0.050892774,12984.889,false
GA_Energy_Dominance_PC90,205,16.488000,0.051076682,13062.067,false
GA_Energy_Dominance_PC90,205,16.912000,0.050383167,12672.897,true
GA_Energy_Dominance_PC90,205,17.204000,0.050098892,12498.810,true
GA_Energy_Dominance_PC90,205,17.146000,0.050227466,12688.409,true
GA_Energy_Dominance_PC90,205,17.366000,0.049956762,12275.152,true
GA_Energy_Dominance_PC90,205,17.660000,0.049919182,12461.356,true
GA_Energy_Dominance_PC90,205,18.048000,0.049860808,12388.783,true
GA_Energy_Dominance_PC90,205,18.226000,0.049846357,12214.836,true
GA_Energy_Dominance_PC90,205,17.852000,0.049903455,11888.796,true
GA_Energy_Dominance_PC90,205,18.422000,0.049730277,11954.507,true
GA_Energy_Dominance_PC90,205,18.584000,0.049669341,11750.706,true
GA_Energy_Dominance_PC90,205,18.766000,0.049552509,12086.475,true
GA_Energy_Dominance_PC90,205,19.568000,0.049186057,12221.503,false
GA_Energy_Dominance_PC90,205,19.224000,0.049315097,12417.102,true
GA_Energy_Dominance_PC90,205,19.064000,0.049534366,12342.592,true
GA_Energy_Dominance_PC90,205,19.962000,0.049174226,11951.925,false
GA_Energy_Dominance_PC90,205,20.156000,0.049127692,12158.610,false
GA_Energy_Dominance_PC90,205,20.374000,0.049093041,12115.319,false
GA_Energy_Dominance_PC90,205,20.654000,0.049032173,11861.347,false
GA_Energy_Dominance_PC90,205,21.004000,0.048890480,11745.864,false
GA_Energy_Dominance_PC90,205,21.224000,0.048864517,12201.506,false
GA_Energy_Dominance_PC90,205,21.408000,0.048836263,11981.571,false
GA_Energy_Dominance_PC90,205,21.698000,0.048751588,11757.852,false
GA_Energy_Dominance_PC90,205,21.910000,0.048706602,11740.238,false
GA_Energy_Dominance_PC90,205,22.148000,0.048606435,11513.201,false
GA_Energy_Dominance_PC90,205,22.354000,0.048593052,12142.036,false
GA_Energy_Dominance_PC90,205,23.464000,0.048457078,11801.751,false
GA_Energy_Dominance_PC90,205,23.764000,0.048433584,11910.153,false
GA_Energy_Dominance_PC90,205,24.112000,0.048359984,11638.169,false
GA_Energy_Dominance_PC90,206,4.328000,0.062124295,17404.390,false
GA_Energy_Dominance_PC90,206,4.216000,0.062168756,17212.766,false
GA_Energy_Dominance_PC90,206,4.848000,0.061700958,17597.816,false
GA_Energy_Dominance_PC90,206,4.140000,0.062259846,17420.745,false
GA_Energy_Dominance_PC90,206,4.528000,0.061891375,16884.944,false
GA_Energy_Dominance_PC90,206,5.128000,0.061250892,17255.781,false
GA_Energy_Dominance_PC90,206,4.420000,0.061962100,17147.896,false
GA_Energy_Dominance_PC90,206,5.266000,0.061223693,17405.316,false
GA_Energy_Dominance_PC90,206,4.598000,0.061746557,17199.071,false
GA_Energy_Dominance_PC90,206,4.886000,0.061636294,17263.688,false
GA_Energy_Dominance_PC90,206,4.976000,0.061381952,17607.513,false
GA_Energy_Dominance_PC90,206,5.598000,0.060515733,17314.937,false
GA_Energy_Dominance_PC90,206,5.676000,0.060320034,17251.663,false
GA_Energy_Dominance_PC90,206,5.946000,0.059733386,16126.429,false
GA_Energy_Dominance_PC90,206,5.708000,0.060096288,17236.123,false
GA_Energy_Dominance_PC90,206,6.270000,0.059441765,16567.838,false
GA_Energy_Dominance_PC90,206,5.384000,0.060619141,16772.822,false
GA_Energy_Dominance_PC90,206,6.218000,0.059600097,16189.098,false
GA_Energy_Dominance_PC90,206,6.296000,0.059136105,16406.012,false
GA_Energy_Dominance_PC90,206,6.954000,0.059049575,16130.363,false
GA_Energy_Dominance_PC90,206,7.142000,0.058685920,16461.911,false
GA_Energy_Dominance_PC90,206,7.010000,0.058912148,15773.079,false
GA_Energy_Dominance_PC90,206,8.086000,0.057652883,16198.967,false
GA_Energy_Dominance_PC90,206,7.546000,0.057696409,16313.737,false
GA_Energy_Dominance_PC90,206,7.182000,0.057858359,16523.363,false
GA_Energy_Dominance_PC90,206,7.746000,0.057682520,16084.485,false
GA_Energy_Dominance_PC90,206,8.260000,0.057373766,16126.545,false
GA_Energy_Dominance_PC90,206,8.924000,0.056892985,16679.041,false
GA_Energy_Dominance_PC90,206,8.482000,0.057019412,15928.884,false
GA_Energy_Dominance_PC90,206,8.796000,0.056985128,15893.163,false
GA_Energy_Dominance_PC90,206,8.912000,0.056965332,15795.570,false
GA_Energy_Dominance_PC90,206,9.576000,0.056578155,16258.851,false
GA_Energy_Dominance_PC90,206,9.160000,0.056609272,16227.575,false
GA_Energy_Dominance_PC90,206,9.810000,0.056333986,15163.469,false
GA_Energy_Dominance_PC90,206,10.026000,0.056240294,15605.471,false
GA_Energy_Dominance_PC90,206,9.670000,0.056526639,15628.768,false
GA_Energy_Dominance_PC90,206,10.054000,0.055625788,15865.065,false
GA_Energy_Dominance_PC90,206,10.196000,0.055538215,16224.206,false
GA_Energy_Dominance_PC90,206,10.286000,0.055111724,15617.814,false
GA_Energy_Dominance_PC90,206,10.964000,0.054199695,15557.432,false
GA_Energy_Dominance_PC90,206,10.682000,0.054405551,15481.513,false
GA_Energy_Dominance_PC90,206,10.350000,0.054830382,15807.548,false
GA_Energy_Dominance_PC90,206,11.148000,0.054163701,15430.469,false
GA_Energy_Dominance_PC90,206,11.320000,0.054037997,15020.886,false
GA_Energy_Dominance_PC90,206,11.610000,0.053728860,14690.561,false
GA_Energy_Dominance_PC90,206,11.450000,0.053940170,15279.858,false
GA_Energy_Dominance_PC90,206,11.452000,0.053839642,15269.912,false
GA_Energy_Dominance_PC90,206,11.988000,0.053343128,14835.267,false
GA_Energy_Dominance_PC90,206,11.648000,0.053385914,14897.759,false
GA_Energy_Dominance_PC90,206,12.088000,0.053294324,14826.000,false
GA_Energy_Dominance_PC90,206,12.188000,0.053186243,14786.918,false
GA_Energy_Dominance_PC90,206,12.378000,0.053141259,14633.404,false
GA_Energy_Dominance_PC90,206,12.482000,0.053063169,14497.402,false
GA_Energy_Dominance_PC90,206,12.714000,0.053022248,14548.984,false
GA_Energy_Dominance_PC90,206,12.598000,0.053049164,14674.239,false
GA_Energy_Dominance_PC90,206,13.476000,0.052798592,14720.405,false
GA_Energy_Dominance_PC90,206,13.034000,0.052873953,14607.996,false
GA_Energy_Dominance_PC90,206,13.140000,0.052823617,14525.865,false
GA_Energy_Dominance_PC90,206,13.310000,0.052817953,14602.874,false
GA_Energy_Dominance_PC90,206,13.888000,0.052784209,14687.093,false
GA_Energy_Dominance_PC90,206,13.946000,0.052561242,14727.072,false
GA_Energy_Dominance_PC90,206,14.212000,0.052540410,14748.264,false
GA_Energy_Dominance_PC90,206,14.364000,0.052510622,14895.884,false
GA_Energy_Dominance_PC90,206,14.394000,0.052364940,14707.458,false
GA_Energy_Dominance_PC90,206,14.602000,0.052283738,14732.022,false
GA_Energy_Dominance_PC90,206,14.848000,0.052256923,14526.403,false
GA_Energy_Dominance_PC90,206,15.320000,0.051929396,14508.555,false
GA_Energy_Dominance_PC90,206,15.198000,0.052063848,14521.315,false
GA_Energy_Dominance_PC90,206,15.454000,0.051848487,14390.752,false
GA_Energy_Dominance_PC90,206,15.502000,0.051660804,14287.175,false
GA_Energy_Dominance_PC90,206,15.798000,0.051376043,14127.661,false
GA_Energy_Dominance_PC90,206,16.706000,0.051354617,14227.384,false
GA_Energy_Dominance_PC90,206,17.098000,0.051213079,13967.607,false
GA_Energy_Dominance_PC90,206,17.488000,0.051092959,14267.432,false
GA_Energy_Dominance_PC90,206,17.672000,0.051003370,13752.816,false
GA_Energy_Dominance_PC90,206,18.194000,0.050735063,13775.427,false
GA_Energy_Dominance_PC90,206,18.020000,0.050749616,13563.949,false
GA_Energy_Dominance_PC90,206,18.458000,0.050579758,13883.493,false
GA_Energy_Dominance_PC90,206,19.094000,0.050404320,13035.463,false
GA_Energy_Dominance_PC90,206,18.642000,0.050533345,13373.409,false
GA_Energy_Dominance_PC90,206,19.410000,0.050073340,12840.405,false
GA_Energy_Dominance_PC90,206,19.696000,0.050059216,12934.622,false
GA_Energy_Dominance_PC90,206,19.922000,0.050028944,12749.062,false
GA_Energy_Dominance_PC90,206,20.166000,0.049874878,12579.486,false
GA_Energy_Dominance_PC90,206,20.714000,0.049725610,12593.615,false
GA_Energy_Dominance_PC90,206,20.384000,0.049814333,12462.038,false
GA_Energy_Dominance_PC90,206,21.020000,0.049664540,12554.058,false
GA_Energy_Dominance_PC90,206,22.856000,0.049576424,12287.964,false
GA_Energy_Dominance_PC90,206,21.222000,0.049640522,12491.626,false
GA_Energy_Dominance_PC90,206,21.430000,0.049624105,12416.417,false
GA_Energy_Dominance_PC90,206,21.988000,0.049612974,12411.856,false
GA_Energy_Dominance_PC90,206,22.496000,0.049596261,12577.161,false
GA_Energy_Dominance_PC90,207,4.382000,0.063489208,16845.346,false
GA_Energy_Dominance_PC90,207,4.542000,0.061896184,16855.448,false
GA_Energy_Dominance_PC90,207,4.724000,0.061600740,16926.171,false
GA_Energy_Dominance_PC90,207,4.552000,0.061790942,17126.930,false
GA_Energy_Dominance_PC90,207,4.760000,0.061083720,17283.613,false
GA_Energy_Dominance_PC90,207,5.676000,0.060823406,16515.632,false
GA_Energy_Dominance_PC90,207,5.326000,0.060984701,16552.785,false
GA_Energy_Dominance_PC90,207,6.246000,0.059871254,16263.252,false
GA_Energy_Dominance_PC90,207,5.684000,0.060610503,16134.538,false
GA_Energy_Dominance_PC90,207,6.088000,0.060026990,16147.347,false
GA_Energy_Dominance_PC90,207,5.788000,0.060610500,16437.320,false
GA_Energy_Dominance_PC90,207,6.016000,0.060427178,16141.077,false
GA_Energy_Dominance_PC90,207,6.430000,0.059772763,16399.714,false
GA_Energy_Dominance_PC90,207,6.572000,0.059649530,16150.546,false
GA_Energy_Dominance_PC90,207,6.692000,0.059413062,16047.194,false
GA_Energy_Dominance_PC90,207,6.812000,0.059374205,16033.454,false
GA_Energy_Dominance_PC90,207,7.012000,0.059123663,16358.891,false
GA_Energy_Dominance_PC90,207,7.090000,0.058987982,15577.512,false
GA_Energy_Dominance_PC90,207,7.110000,0.058861363,16070.602,false
GA_Energy_Dominance_PC90,207,6.940000,0.059317594,16081.370,false
GA_Energy_Dominance_PC90,207,7.208000,0.058584723,15750.579,false
GA_Energy_Dominance_PC90,207,7.308000,0.058208622,15592.902,false
GA_Energy_Dominance_PC90,207,7.696000,0.058159807,15609.591,false
GA_Energy_Dominance_PC90,207,7.698000,0.057914970,15211.545,false
GA_Energy_Dominance_PC90,207,7.740000,0.057788455,14729.278,false
GA_Energy_Dominance_PC90,207,7.946000,0.057504139,15496.760,false
GA_Energy_Dominance_PC90,207,8.108000,0.057473504,15332.464,false
GA_Energy_Dominance_PC90,207,8.154000,0.057325779,15562.361,false
GA_Energy_Dominance_PC90,207,8.216000,0.057288184,15615.099,false
GA_Energy_Dominance_PC90,207,8.390000,0.057081345,15782.801,false
GA_Energy_Dominance_PC90,207,8.506000,0.057066373,15025.831,false
GA_Energy_Dominance_PC90,207,8.536000,0.056990221,15133.901,false
GA_Energy_Dominance_PC90,207,8.552000,0.056604493,15862.937,false
GA_Energy_Dominance_PC90,207,9.008000,0.056478963,15375.540,false
GA_Energy_Dominance_PC90,207,8.798000,0.056516091,15068.895,false
GA_Energy_Dominance_PC90,207,9.260000,0.056172353,14816.865,false
GA_Energy_Dominance_PC90,207,9.060000,0.056203807,15510.673,false
GA_Energy_Dominance_PC90,207,9.594000,0.055730847,15366.788,false
GA_Energy_Dominance_PC90,207,9.308000,0.055818989,15639.702,false
GA_Energy_Dominance_PC90,207,9.972000,0.055479414,14651.236,false
GA_Energy_Dominance_PC90,207,10.090000,0.055265199,14303.869,false
GA_Energy_Dominance_PC90,207,10.058000,0.055377271,14615.882,false
GA_Energy_Dominance_PC90,207,9.716000,0.055482720,14648.327,false
GA_Energy_Dominance_PC90,207,10.328000,0.054920313,14704.968,false
GA_Energy_Dominance_PC90,207,10.220000,0.055138067,14314.917,false
GA_Energy_Dominance_PC90,207,10.370000,0.054804358,14357.629,false
GA_Energy_Dominance_PC90,207,10.494000,0.054741758,13922.469,false
GA_Energy_Dominance_PC90,207,10.234000,0.054948674,14153.603,false
GA_Energy_Dominance_PC90,207,10.536000,0.054068312,13073.234,false
GA_Energy_Dominance_PC90,207,10.918000,0.053769621,13577.864,false
GA_Energy_Dominance_PC90,207,11.056000,0.053753182,13360.131,false
GA_Energy_Dominance_PC90,207,10.780000,0.054059760,13450.356,false
GA_Energy_Dominance_PC90,207,10.814000,0.053826640,13151.958,false
GA_Energy_Dominance_PC90,207,11.068000,0.053626607,13179.717,false
GA_Energy_Dominance_PC90,207,11.188000,0.053496145,12800.001,false
GA_Energy_Dominance_PC90,207,11.366000,0.053284575,12289.451,false
GA_Energy_Dominance_PC90,207,11.266000,0.053334103,12475.986,false
GA_Energy_Dominance_PC90,207,11.608000,0.053169448,12569.336,false
GA_Energy_Dominance_PC90,207,11.736000,0.053150289,12647.716,false
GA_Energy_Dominance_PC90,207,11.874000,0.053133610,12740.163,false
GA_Energy_Dominance_PC90,207,12.008000,0.053045768,12173.959,false
GA_Energy_Dominance_PC90,207,12.306000,0.052880295,12943.137,false
GA_Energy_Dominance_PC90,207,12.500000,0.052783561,12034.192,false
GA_Energy_Dominance_PC90,207,13.282000,0.052511653,12066.650,false
GA_Energy_Dominance_PC90,207,12.878000,0.052521980,11902.366,false
GA_Energy_Dominance_PC90,207,12.618000,0.052692392,12309.050,false
GA_Energy_Dominance_PC90,207,13.350000,0.052375261,12387.426,false
GA_Energy_Dominance_PC90,207,13.808000,0.052094035,12064.172,false
GA_Energy_Dominance_PC90,207,13.582000,0.052215002,12009.405,false
GA_Energy_Dominance_PC90,207,13.904000,0.051926573,12440.250,false
GA_Energy_Dominance_PC90,207,14.158000,0.051440612,12296.561,true
GA_Energy_Dominance_PC90,207,14.316000,0.051378069,12189.598,true
GA_Energy_Dominance_PC90,207,14.004000,0.051535906,12231.448,true
GA_Energy_Dominance_PC90,207,14.568000,0.051208044,12279.095,true
GA_Energy_Dominance_PC90,207,15.242000,0.051152420,12507.270,true
GA_Energy_Dominance_PC90,207,15.048000,0.051170677,12511.143,true
GA_Energy_Dominance_PC90,207,15.556000,0.051112009,12028.479,true
GA_Energy_Dominance_PC90,207,15.720000,0.051086471,12475.237,true
GA_Energy_Dominance_PC90,207,15.868000,0.051001048,12273.201,true
GA_Energy_Dominance_PC90,207,16.098000,0.050989010,12355.656,false
GA_Energy_Dominance_PC90,207,16.310000,0.050960682,12500.856,false
GA_Energy_Dominance_PC90,208,4.602000,0.061802336,17646.387,false
GA_Energy_Dominance_PC90,208,4.258000,0.062085321,17494.568,false
GA_Energy_Dominance_PC90,208,4.988000,0.061453527,17136.181,false
GA_Energy_Dominance_PC90,208,4.604000,0.061466263,17004.332,false
GA_Energy_Dominance_PC90,208,5.016000,0.060658818,17253.566,false
GA_Energy_Dominance_PC90,208,5.044000,0.060403773,17160.536,false
GA_Energy_Dominance_PC90,208,5.060000,0.060038613,17180.076,false
GA_Energy_Dominance_PC90,208,5.356000,0.059738662,17430.253,false
GA_Energy_Dominance_PC90,208,5.258000,0.059746726,17317.791,false
GA_Energy_Dominance_PC90,208,5.510000,0.059734331,17221.345,false
GA_Energy_Dominance_PC90,208,5.544000,0.059125708,17049.686,false
GA_Energy_Dominance_PC90,208,5.534000,0.059475386,16918.378,false
GA_Energy_Dominance_PC90,208,5.790000,0.059064016,16695.919,false
GA_Energy_Dominance_PC90,208,5.648000,0.059105283,16714.732,false
GA_Energy_Dominance_PC90,208,5.896000,0.059003448,16943.418,false
GA_Energy_Dominance_PC90,208,6.016000,0.058667009,17067.971,false
GA_Energy_Dominance_PC90,208,6.210000,0.058467327,16399.691,false
GA_Energy_Dominance_PC90,208,6.508000,0.057992457,17478.848,false
GA_Energy_Dominance_PC90,208,6.700000,0.057890415,16985.556,false
GA_Energy_Dominance_PC90,208,6.582000,0.057901833,15817.155,false
GA_Energy_Dominance_PC90,208,6.702000,0.057822040,16382.748,false
GA_Energy_Dominance_PC90,208,6.708000,0.057500086,16879.436,false
GA_Energy_Dominance_PC90,208,6.992000,0.056446565,16259.028,false
GA_Energy_Dominance_PC90,208,6.870000,0.056493113,16381.827,false
GA_Energy_Dominance_PC90,208,6.732000,0.056535124,16455.202,false
GA_Energy_Dominance_PC90,208,7.002000,0.056348563,16126.271,false
GA_Energy_Dominance_PC90,208,7.362000,0.056030898,15767.696,false
GA_Energy_Dominance_PC90,208,7.290000,0.056074974,15727.266,false
GA_Energy_Dominance_PC90,208,7.082000,0.056090927,15844.759,false
GA_Energy_Dominance_PC90,208,7.422000,0.056003033,16246.301,false
GA_Energy_Dominance_PC90,208,7.486000,0.055921250,16021.528,false
GA_Energy_Dominance_PC90,208,7.572000,0.055795950,15875.552,false
GA_Energy_Dominance_PC90,208,7.726000,0.055760423,15763.501,false
GA_Energy_Dominance_PC90,208,7.912000,0.055643854,15721.095,false
GA_Energy_Dominance_PC90,208,8.004000,0.055631356,15111.366,false
GA_Energy_Dominance_PC90,208,7.840000,0.055742950,15640.890,false
GA_Energy_Dominance_PC90,208,8.066000,0.055595053,15702.970,false
GA_Energy_Dominance_PC90,208,8.256000,0.055492066,15134.828,false
GA_Energy_Dominance_PC90,208,8.116000,0.055540643,15240.464,false
GA_Energy_Dominance_PC90,208,8.376000,0.055443120,14939.639,false
GA_Energy_Dominance_PC90,208,8.316000,0.055490991,15176.993,false
GA_Energy_Dominance_PC90,208,8.454000,0.055283778,14998.899,false
GA_Energy_Dominance_PC90,208,8.746000,0.055174583,15384.105,false
GA_Energy_Dominance_PC90,208,8.560000,0.055227400,14909.300,false
GA_Energy_Dominance_PC90,208,8.838000,0.055150813,14982.464,false
GA_Energy_Dominance_PC90,208,8.668000,0.055201001,15401.280,false
GA_Energy_Dominance_PC90,208,8.882000,0.055025232,15271.294,false
GA_Energy_Dominance_PC90,208,9.466000,0.054849993,14765.868,false
GA_Energy_Dominance_PC90,208,9.398000,0.054867969,14234.153,false
GA_Energy_Dominance_PC90,208,9.564000,0.054727521,14576.307,false
GA_Energy_Dominance_PC90,208,9.204000,0.054891467,14573.246,false
GA_Energy_Dominance_PC90,208,9.590000,0.054639566,14335.083,false
GA_Energy_Dominance_PC90,208,9.752000,0.054533476,14732.058,false
GA_Energy_Dominance_PC90,208,10.030000,0.054398624,14715.223,false
GA_Energy_Dominance_PC90,208,9.906000,0.054496574,14874.799,false
GA_Energy_Dominance_PC90,208,10.126000,0.054330540,14491.150,false
GA_Energy_Dominance_PC90,208,10.416000,0.054153388,14361.278,false
GA_Energy_Dominance_PC90,208,10.242000,0.054188888,14641.432,false
GA_Energy_Dominance_PC90,208,10.326000,0.054177928,14270.779,false
GA_Energy_Dominance_PC90,208,10.146000,0.054233627,14273.774,false
GA_Energy_Dominance_PC90,208,10.490000,0.054125271,14407.363,false
GA_Energy_Dominance_PC90,208,10.596000,0.054025432,14401.391,false
GA_Energy_Dominance_PC90,208,10.732000,0.053987934,14496.624,false
GA_Energy_Dominance_PC90,208,11.048000,0.053835419,14312.823,false
GA_Energy_Dominance_PC90,208,10.798000,0.053902576,14454.091,false
GA_Energy_Dominance_PC90,208,11.202000,0.053715469,14642.034,false
GA_Energy_Dominance_PC90,208,11.358000,0.053661074,14359.616,false
GA_Energy_Dominance_PC90,208,11.388000,0.053569623,14429.651,false
GA_Energy_Dominance_PC90,208,11.658000,0.053464037,14240.961,false
GA_Energy_Dominance_PC90,208,11.412000,0.053469755,14219.306,false
GA_Energy_Dominance_PC90,208,11.738000,0.053367217,14184.789,false
GA_Energy_Dominance_PC90,208,11.870000,0.053310513,14507.325,false
GA_Energy_Dominance_PC90,208,11.964000,0.053280252,14406.491,false
GA_Energy_Dominance_PC90,208,12.112000,0.053213481,14365.239,false
GA_Energy_Dominance_PC90,208,12.264000,0.053207428,14666.467,false
GA_Energy_Dominance_PC90,208,12.584000,0.053133270,14139.486,false
GA_Energy_Dominance_PC90,208,12.408000,0.053202724,14186.054,false
GA_Energy_Dominance_PC90,208,12.680000,0.053115179,14405.334,false
GA_Energy_Dominance_PC90,208,13.010000,0.053041875,14281.762,false
GA_Energy_Dominance_PC90,208,12.852000,0.053068751,14030.050,false
GA_Energy_Dominance_PC90,208,13.124000,0.052927286,13910.268,false
GA_Energy_Dominance_PC90,208,13.298000,0.052892388,14088.400,false
GA_Energy_Dominance_PC90,208,13.456000,0.052846554,13848.789,false
GA_Energy_Dominance_PC90,208,13.480000,0.052672404,13497.649,false
GA_Energy_Dominance_PC90,208,13.690000,0.052621833,13904.427,false
GA_Energy_Dominance_PC90,208,13.940000,0.052562238,13907.951,false
GA_Energy_Dominance_PC90,208,14.070000,0.052504059,13684.373,false
GA_Energy_Dominance_PC90,208,14.210000,0.052459988,14040.450,false
GA_Energy_Dominance_PC90,208,14.540000,0.052392363,13904.903,false
GA_Energy_Dominance_PC90,208,14.752000,0.052370835,13676.298,false
GA_Energy_Dominance_PC90,208,15.026000,0.052243634,13767.533,false
GA_Energy_Dominance_PC90,208,15.148000,0.052143314,13781.196,false
GA_Energy_Dominance_PC90,208,15.294000,0.052113429,13707.409,false
GA_Energy_Dominance_PC90,208,15.428000,0.052078817,13751.459,false
GA_Energy_Dominance_PC90,208,15.554000,0.052029425,13864.931,false
GA_Energy_Dominance_PC90,208,15.722000,0.051999110,13570.936,false
GA_Energy_Dominance_PC90,208,15.934000,0.051967101,13482.253,false
GA_Energy_Dominance_PC90,208,16.102000,0.051931104,13463.436,false
GA_Energy_Dominance_PC90,208,16.474000,0.051831664,13706.849,false
GA_Energy_Dominance_PC90,208,16.694000,0.051766974,13622.141,false
GA_Energy_Dominance_PC90,208,17.128000,0.051739720,13450.691,false
GA_Energy_Dominance_PC90,208,16.294000,0.051834997,13587.543,false
GA_Energy_Dominance_PC90,208,16.852000,0.051751591,13662.674,false
GA_Energy_Dominance_PC90,208,17.442000,0.051722067,13901.348,false
GA_Energy_Dominance_PC90,209,5.320000,0.061557678,16515.420,false
GA_Energy_Dominance_PC90,209,4.614000,0.062317040,15723.127,false
GA_Energy_Dominance_PC90,209,4.190000,0.062474784,17621.378,false
GA_Energy_Dominance_PC90,209,4.958000,0.061577978,17572.898,false
GA_Energy_Dominance_PC90,209,4.946000,0.062257834,17290.982,false
GA_Energy_Dominance_PC90,209,4.294000,0.062362634,17290.138,false
GA_Energy_Dominance_PC90,209,5.432000,0.061054012,17240.872,false
GA_Energy_Dominance_PC90,209,5.936000,0.060400476,16714.290,false
GA_Energy_Dominance_PC90,209,7.014000,0.059532752,16542.659,false
GA_Energy_Dominance_PC90,209,6.268000,0.060127062,17342.342,false
GA_Energy_Dominance_PC90,209,6.304000,0.059612333,16992.198,false
GA_Energy_Dominance_PC90,209,7.078000,0.059139084,16782.229,false
GA_Energy_Dominance_PC90,209,7.502000,0.059041484,16918.815,false
GA_Energy_Dominance_PC90,209,7.718000,0.058600743,17241.929,false
GA_Energy_Dominance_PC90,209,8.298000,0.057441588,16677.290,false
GA_Energy_Dominance_PC90,209,8.066000,0.058268323,16429.936,false
GA_Energy_Dominance_PC90,209,9.424000,0.057250457,16725.447,false
GA_Energy_Dominance_PC90,209,8.820000,0.057297062,15763.136,false
GA_Energy_Dominance_PC90,209,10.442000,0.056688946,16117.571,false
GA_Energy_Dominance_PC90,209,10.460000,0.056518004,15951.315,false
GA_Energy_Dominance_PC90,209,10.884000,0.056477464,15773.960,false
GA_Energy_Dominance_PC90,209,10.654000,0.056488345,15753.224,false
GA_Energy_Dominance_PC90,209,9.592000,0.056773916,17098.561,false
GA_Energy_Dominance_PC90,209,11.152000,0.056212614,16348.255,false
GA_Energy_Dominance_PC90,209,10.890000,0.056318454,15716.348,false
GA_Energy_Dominance_PC90,209,11.180000,0.055914108,15918.025,false
GA_Energy_Dominance_PC90,209,11.430000,0.055236651,15590.718,false
GA_Energy_Dominance_PC90,209,11.796000,0.055100250,15365.457,false
GA_Energy_Dominance_PC90,209,11.946000,0.054961840,15619.310,false
GA_Energy_Dominance_PC90,209,11.804000,0.054964793,15300.975,false
GA_Energy_Dominance_PC90,209,12.126000,0.054586602,15265.182,false
GA_Energy_Dominance_PC90,209,11.950000,0.054875547,15969.272,false
GA_Energy_Dominance_PC90,209,12.064000,0.054861836,15739.385,false
GA_Energy_Dominance_PC90,209,12.590000,0.054483070,15769.607,false
GA_Energy_Dominance_PC90,209,12.738000,0.054386049,15563.739,false
GA_Energy_Dominance_PC90,209,12.824000,0.054278303,15465.315,false
GA_Energy_Dominance_PC90,209,13.236000,0.053992441,15435.874,false
GA_Energy_Dominance_PC90,209,13.254000,0.053894690,14809.599,false
GA_Energy_Dominance_PC90,209,13.040000,0.054167630,15450.551,false
GA_Energy_Dominance_PC90,209,13.450000,0.053833776,15964.517,false
GA_Energy_Dominance_PC90,209,13.534000,0.053603424,14663.230,false
GA_Energy_Dominance_PC90,209,14.454000,0.053494108,14294.036,false
GA_Energy_Dominance_PC90,209,14.990000,0.053447566,14763.010,false
GA_Energy_Dominance_PC90,209,15.118000,0.053357615,15516.662,false
GA_Energy_Dominance_PC90,209,15.236000,0.053199969,15119.424,false
GA_Energy_Dominance_PC90,209,15.364000,0.053021304,15222.235,false
GA_Energy_Dominance_PC90,209,15.406000,0.052915177,15011.479,false
GA_Energy_Dominance_PC90,209,15.692000,0.052874898,15141.665,false
GA_Energy_Dominance_PC90,209,15.846000,0.052741298,15040.113,false
GA_Energy_Dominance_PC90,209,15.922000,0.052577012,15271.323,false
GA_Energy_Dominance_PC90,209,16.154000,0.052381199,15032.236,false
GA_Energy_Dominance_PC90,209,16.634000,0.051999037,15011.067,false
GA_Energy_Dominance_PC90,209,16.444000,0.052181733,15374.166,false
GA_Energy_Dominance_PC90,209,17.352000,0.051798138,14987.497,false
GA_Energy_Dominance_PC90,209,17.398000,0.051663140,14679.924,false
GA_Energy_Dominance_PC90,209,16.978000,0.051831176,14857.333,false
GA_Energy_Dominance_PC90,209,17.568000,0.051600230,15410.607,false
GA_Energy_Dominance_PC90,209,18.524000,0.051188782,15041.302,false
GA_Energy_Dominance_PC90,209,17.808000,0.051206669,15373.569,false
GA_Energy_Dominance_PC90,209,17.592000,0.051266605,14985.802,false
GA_Energy_Dominance_PC90,209,18.712000,0.050947603,15011.226,false
GA_Energy_Dominance_PC90,209,18.930000,0.050808838,14700.686,false
GA_Energy_Dominance_PC90,209,19.604000,0.050716241,14776.234,false
GA_Energy_Dominance_PC90,209,19.350000,0.050723758,14633.659,false
GA_Energy_Dominance_PC90,209,19.808000,0.050537634,14216.970,false
GA_Energy_Dominance_PC90,209,20.050000,0.050479601,14367.064,false
GA_Energy_Dominance_PC90,209,20.350000,0.050479191,14076.604,false
GA_Energy_Dominance_PC90,209,20.852000,0.050064901,13890.375,false
GA_Energy_Dominance_PC90,209,20.748000,0.050208595,13762.975,false
GA_Energy_Dominance_PC90,209,21.366000,0.050027600,13522.374,false
GA_Energy_Dominance_PC90,209,21.036000,0.050055997,13828.621,false
GA_Energy_Dominance_PC90,209,22.130000,0.049667750,13488.260,false
GA_Energy_Dominance_PC90,209,21.510000,0.049743681,13638.277,false
GA_Energy_Dominance_PC90,209,22.572000,0.049567681,13156.466,false
GA_Energy_Dominance_PC90,209,22.352000,0.049577033,13198.879,false
GA_Energy_Dominance_PC90,209,22.880000,0.049453835,13574.548,false
GA_Energy_Dominance_PC90,209,23.110000,0.049394598,13599.047,false
GA_Energy_Dominance_PC90,209,23.568000,0.049289190,13606.886,false
GA_Energy_Dominance_PC90,209,24.074000,0.049255926,13284.062,false
GA_Energy_Dominance_PC90,209,24.498000,0.049137557,13138.096,false
GA_Energy_Dominance_PC90,209,25.306000,0.048921620,12612.464,false
GA_Energy_Dominance_PC90,209,24.946000,0.048944621,13002.989,false
GA_Energy_Dominance_PC90,209,25.540000,0.048784410,12920.356,false
GA_Energy_Dominance_PC90,209,25.906000,0.048737039,12730.436,false
GA_Energy_Dominance_PC90,209,26.616000,0.048342545,12433.817,false
GA_Energy_Dominance_PC90,209,26.270000,0.048455859,12332.528,false
GA_Energy_Dominance_PC90,209,26.878000,0.048268865,12135.587,false
GA_Energy_Dominance_PC90,209,27.088000,0.048031145,12174.776,false
GA_Energy_Dominance_PC90,209,27.812000,0.047871442,12001.164,false
GA_Energy_Dominance_PC90,209,28.284000,0.047857078,11882.069,false
GA_Energy_Dominance_PC90,209,27.342000,0.048000963,12100.069,false
SA_WaitingTime_Dominance_PC90,200,3.428000,0.063574826,15613.842,false
SA_WaitingTime_Dominance_PC90,200,3.400000,0.063589900,15674.905,false
SA_WaitingTime_Dominance_PC90,200,3.356000,0.063766616,16062.663,false
SA_WaitingTime_Dominance_PC90,200,3.348000,0.063824927,16209.350,false
SA_WaitingTime_Dominance_PC90,200,2.666000,0.063923527,17587.913,false
SA_WaitingTime_Dominance_PC90,200,2.638000,0.063942923,17659.904,false
SA_WaitingTime_Dominance_PC90,200,2.586000,0.064284219,17593.870,false
SA_WaitingTime_Dominance_PC90,200,2.602000,0.064215548,17593.870,false
SA_WaitingTime_Dominance_PC90,200,2.562000,0.064292636,17637.272,false
SA_WaitingTime_Dominance_PC90,200,2.556000,0.064397900,17637.272,false
SA_WaitingTime_Dominance_PC90,200,2.526000,0.064411754,17662.738,false
SA_WaitingTime_Dominance_PC90,200,2.512000,0.064448958,17661.120,false
SA_WaitingTime_Dominance_PC90,200,2.502000,0.064507721,17682.886,false
SA_WaitingTime_Dominance_PC90,200,2.506000,0.064478464,17682.886,false
SA_WaitingTime_Dominance_PC90,200,2.208000,0.064985731,17672.444,false
SA_WaitingTime_Dominance_PC90,200,2.046000,0.065619620,17628.810,false
SA_WaitingTime_Dominance_PC90,200,2.024000,0.065960697,17581.211,false
SA_WaitingTime_Dominance_PC90,200,2.030000,0.065697518,17573.348,false
SA_WaitingTime_Dominance_PC90,200,2.138000,0.065212055,17682.955,false
SA_WaitingTime_Dominance_PC90,200,2.106000,0.065417661,17682.955,false
SA_WaitingTime_Dominance_PC90,200,2.176000,0.065070795,17612.912,false
SA_WaitingTime_Dominance_PC90,200,2.172000,0.065100293,17612.912,false
SA_WaitingTime_Dominance_PC90,200,2.098000,0.065493511,17643.478,false
SA_WaitingTime_Dominance_PC90,200,2.082000,0.065507285,17602.457,false
SA_WaitingTime_Dominance_PC90,200,2.080000,0.065543733,17608.654,false
SA_WaitingTime_Dominance_PC90,200,2.120000,0.065300423,17602.457,false
SA_WaitingTime_Dominance_PC90,200,2.136000,0.065299563,17591.645,false
SA_WaitingTime_Dominance_PC90,200,2.256000,0.064507884,17684.160,false
SA_WaitingTime_Dominance_PC90,200,2.234000,0.064819816,17630.666,false
SA_WaitingTime_Dominance_PC90,200,2.220000,0.064871009,17653.799,false
SA_WaitingTime_Dominance_PC90,200,2.222000,0.064845484,17627.172,false
SA_WaitingTime_Dominance_PC90,201,3.420000,0.063589900,15983.072,false
SA_WaitingTime_Dominance_PC90,201,3.438000,0.063545405,15613.842,false
SA_WaitingTime_Dominance_PC90,201,3.670000,0.063499962,17672.844,false
SA_WaitingTime_Dominance_PC90,201,3.638000,0.063530437,17657.989,false
SA_WaitingTime_Dominance_PC90,201,3.712000,0.063487115,17494.976,false
SA_WaitingTime_Dominance_PC90,201,3.734000,0.063435129,17497.070,false
SA_WaitingTime_Dominance_PC90,201,3.924000,0.063161753,17523.896,false
SA_WaitingTime_Dominance_PC90,201,3.870000,0.063165578,17413.656,false
SA_WaitingTime_Dominance_PC90,201,3.398000,0.063602215,16111.481,false
SA_WaitingTime_Dominance_PC90,201,3.392000,0.063986552,16282.843,false
SA_WaitingTime_Dominance_PC90,201,2.140000,0.064787780,17680.702,false
SA_WaitingTime_Dominance_PC90,201,2.104000,0.065163896,17622.351,false
SA_WaitingTime_Dominance_PC90,201,2.100000,0.065193595,17611.311,false
SA_WaitingTime_Dominance_PC90,201,2.122000,0.064857668,17682.977,false
SA_WaitingTime_Dominance_PC90,201,2.156000,0.064748758,17532.771,false
SA_WaitingTime_Dominance_PC90,201,2.306000,0.064253937,17560.192,false
SA_WaitingTime_Dominance_PC90,201,2.228000,0.064295865,17592.251,false
SA_WaitingTime_Dominance_PC90,201,2.216000,0.064445032,17677.948,false
SA_WaitingTime_Dominance_PC90,201,2.204000,0.064496796,17677.948,false
SA_WaitingTime_Dominance_PC90,201,2.192000,0.064530696,17677.948,false
SA_WaitingTime_Dominance_PC90,201,2.408000,0.064213897,17575.939,false
SA_WaitingTime_Dominance_PC90,201,2.416000,0.064098126,17645.621,false
SA_WaitingTime_Dominance_PC90,201,2.396000,0.064245924,17640.577,false
SA_WaitingTime_Dominance_PC90,202,3.428000,0.063602724,15736.989,false
SA_WaitingTime_Dominance_PC90,202,3.418000,0.063610953,15718.568,false
SA_WaitingTime_Dominance_PC90,202,3.412000,0.063632006,15613.842,false
SA_WaitingTime_Dominance_PC90,202,3.402000,0.064139001,15997.997,false
SA_WaitingTime_Dominance_PC90,202,3.394000,0.064315866,16208.311,false
SA_WaitingTime_Dominance_PC90,202,3.356000,0.064329191,15937.729,false
SA_WaitingTime_Dominance_PC90,202,2.768000,0.064384745,17636.387,false
SA_WaitingTime_Dominance_PC90,202,2.802000,0.064363692,17636.387,false
SA_WaitingTime_Dominance_PC90,202,2.784000,0.064364340,17636.387,false
SA_WaitingTime_Dominance_PC90,202,2.174000,0.064884412,17657.691,false
SA_WaitingTime_Dominance_PC90,202,2.152000,0.065019210,17654.351,false
SA_WaitingTime_Dominance_PC90,202,2.160000,0.064982923,17679.803,false
SA_WaitingTime_Dominance_PC90,202,2.148000,0.065084176,17667.524,false
SA_WaitingTime_Dominance_PC90,202,2.432000,0.064388747,17596.989,false
SA_WaitingTime_Dominance_PC90,202,2.332000,0.064524047,17612.249,false
SA_WaitingTime_Dominance_PC90,202,2.340000,0.064478199,17630.013,false
SA_WaitingTime_Dominance_PC90,202,2.334000,0.064504378,17605.573,false
SA_WaitingTime_Dominance_PC90,202,2.304000,0.064683765,17648.728,false
SA_WaitingTime_Dominance_PC90,202,2.296000,0.064720349,17648.728,false
SA_WaitingTime_Dominance_PC90,202,2.306000,0.064610040,17648.728,false
SA_WaitingTime_Dominance_PC90,202,2.132000,0.065857265,17632.403,false
SA_WaitingTime_Dominance_PC90,202,2.114000,0.065925541,17653.058,false
SA_WaitingTime_Dominance_PC90,202,2.134000,0.065803122,17653.058,false
SA_WaitingTime_Dominance_PC90,203,3.360000,0.063560273,16411.706,false
SA_WaitingTime_Dominance_PC90,203,3.338000,0.063602378,16354.857,false
SA_WaitingTime_Dominance_PC90,203,3.336000,0.063644484,16385.844,false
SA_WaitingTime_Dominance_PC90,203,3.340000,0.063600681,16915.162,false
SA_WaitingTime_Dominance_PC90,203,3.446000,0.063551437,17282.749,false
SA_WaitingTime_Dominance_PC90,203,3.238000,0.063715540,17328.605,false
SA_WaitingTime_Dominance_PC90,203,3.230000,0.063890524,17279.508,false
SA_WaitingTime_Dominance_PC90,203,3.236000,0.063850605,17279.508,false
SA_WaitingTime_Dominance_PC90,203,3.218000,0.063933636,17520.559,false
SA_WaitingTime_Dominance_PC90,203,4.680000,0.063539490,17627.548,false
SA_WaitingTime_Dominance_PC90,203,4.810000,0.063134815,17331.324,false
SA_WaitingTime_Dominance_PC90,203,4.786000,0.063192071,17151.031,false
SA_WaitingTime_Dominance_PC90,203,4.784000,0.063221990,17281.343,false
SA_WaitingTime_Dominance_PC90,203,4.796000,0.063182172,17281.343,false
SA_WaitingTime_Dominance_PC90,203,4.740000,0.063281843,17685.096,false
SA_WaitingTime_Dominance_PC90,203,4.716000,0.063464127,17626.252,false
SA_WaitingTime_Dominance_PC90,203,2.450000,0.064758379,17320.408,false
SA_WaitingTime_Dominance_PC90,203,2.446000,0.064832770,17551.842,false
SA_WaitingTime_Dominance_PC90,203,2.784000,0.064585618,17533.624,false
SA_WaitingTime_Dominance_PC90,203,2.774000,0.064658985,17385.581,false
SA_WaitingTime_Dominance_PC90,203,2.750000,0.064682447,17537.880,false
SA_WaitingTime_Dominance_PC90,203,2.686000,0.064722925,17537.880,false
SA_WaitingTime_Dominance_PC90,203,2.706000,0.064703734,17680.811,false
SA_WaitingTime_Dominance_PC90,203,2.394000,0.064948396,17400.947,false
SA_WaitingTime_Dominance_PC90,203,2.260000,0.065263836,17616.770,false
SA_WaitingTime_Dominance_PC90,203,2.284000,0.065223370,17598.969,false
SA_WaitingTime_Dominance_PC90,203,2.210000,0.065508203,17638.942,false
SA_WaitingTime_Dominance_PC90,203,2.178000,0.065534451,17600.242,false
SA_WaitingTime_Dominance_PC90,203,2.238000,0.065438995,17663.383,false
SA_WaitingTime_Dominance_PC90,203,2.342000,0.065073675,17559.517,false
SA_WaitingTime_Dominance_PC90,203,2.296000,0.065137545,17614.595,false
SA_WaitingTime_Dominance_PC90,203,2.308000,0.065088108,17536.950,false
SA_WaitingTime_Dominance_PC90,203,2.022000,0.065708571,17679.709,false
SA_WaitingTime_Dominance_PC90,203,1.984000,0.065799558,17631.111,false
SA_WaitingTime_Dominance_PC90,203,1.992000,0.065737076,17523.858,false
SA_WaitingTime_Dominance_PC90,204,3.424000,0.063567859,15566.331,false
SA_WaitingTime_Dominance_PC90,204,3.450000,0.063565358,15661.353,false
SA_WaitingTime_Dominance_PC90,204,2.346000,0.063665472,17639.386,false
SA_WaitingTime_Dominance_PC90,204,2.370000,0.063603789,17558.638,false
SA_WaitingTime_Dominance_PC90,204,2.424000,0.063587163,17638.331,false
SA_WaitingTime_Dominance_PC90,204,2.318000,0.064065782,17613.663,false
SA_WaitingTime_Dominance_PC90,204,2.316000,0.064103991,17616.573,false
SA_WaitingTime_Dominance_PC90,204,2.292000,0.064108856,17676.366,false
SA_WaitingTime_Dominance_PC90,204,2.126000,0.064376688,17552.092,false
SA_WaitingTime_Dominance_PC90,204,2.132000,0.064358399,17630.743,false
SA_WaitingTime_Dominance_PC90,204,2.128000,0.064367752,17515.171,false
SA_WaitingTime_Dominance_PC90,204,2.134000,0.064159311,17575.702,false
SA_WaitingTime_Dominance_PC90,204,2.120000,0.064425835,17659.233,false
SA_WaitingTime_Dominance_PC90,204,2.086000,0.064749110,17615.743,false
SA_WaitingTime_Dominance_PC90,204,2.080000,0.064790075,17544.077,false
SA_WaitingTime_Dominance_PC90,204,2.084000,0.064776330,17591.588,false
SA_WaitingTime_Dominance_PC90,204,2.088000,0.064720894,17493.023,false
SA_WaitingTime_Dominance_PC90,204,2.076000,0.064854385,17512.350,false
SA_WaitingTime_Dominance_PC90,204,2.078000,0.064812262,17532.456,false
SA_WaitingTime_Dominance_PC90,204,2.066000,0.064899045,17676.952,false
SA_WaitingTime_Dominance_PC90,205,2.592000,0.063417459,17643.714,false
SA_WaitingTime_Dominance_PC90,205,2.454000,0.063457455,17490.196,false
SA_WaitingTime_Dominance_PC90,205,2.322000,0.063929039,17531.013,false
SA_WaitingTime_Dominance_PC90,205,2.292000,0.064001856,17571.189,false
SA_WaitingTime_Dominance_PC90,205,2.284000,0.064032103,17607.861,false
SA_WaitingTime_Dominance_PC90,205,2.266000,0.064183580,17641.644,false
SA_WaitingTime_Dominance_PC90,205,2.302000,0.063982677,17641.600,false
SA_WaitingTime_Dominance_PC90,205,2.304000,0.063948562,17641.600,false
SA_WaitingTime_Dominance_PC90,205,2.278000,0.064049026,17552.095,false
SA_WaitingTime_Dominance_PC90,205,2.272000,0.064067316,17586.471,false
SA_WaitingTime_Dominance_PC90,205,2.104000,0.065854929,17521.038,false
SA_WaitingTime_Dominance_PC90,205,2.140000,0.065184511,17637.322,false
SA_WaitingTime_Dominance_PC90,205,2.152000,0.065102332,17650.792,false
SA_WaitingTime_Dominance_PC90,205,2.138000,0.065210023,17679.849,false
SA_WaitingTime_Dominance_PC90,205,2.144000,0.065145226,17679.849,false
SA_WaitingTime_Dominance_PC90,205,2.120000,0.065591537,17506.494,false
SA_WaitingTime_Dominance_PC90,205,2.110000,0.065655115,17663.047,false
SA_WaitingTime_Dominance_PC90,205,2.132000,0.065550418,17658.403,false
SA_WaitingTime_Dominance_PC90,205,2.128000,0.065580181,17601.476,false
SA_WaitingTime_Dominance_PC90,205,2.180000,0.064337454,17676.952,false
SA_WaitingTime_Dominance_PC90,205,2.170000,0.064661905,17677.780,false
SA_WaitingTime_Dominance_PC90,205,2.192000,0.064254296,17661.242,false
SA_WaitingTime_Dominance_PC90,205,2.164000,0.064721407,17654.703,false
SA_WaitingTime_Dominance_PC90,206,3.412000,0.063606103,15613.842,false
SA_WaitingTime_Dominance_PC90,206,3.410000,0.063744828,15613.842,false
SA_WaitingTime_Dominance_PC90,206,3.420000,0.063589900,15859.925,false
SA_WaitingTime_Dominance_PC90,206,3.284000,0.064727956,16991.617,false
SA_WaitingTime_Dominance_PC90,206,3.288000,0.064699337,16923.943,false
SA_WaitingTime_Dominance_PC90,206,3.320000,0.064665087,16880.677,false
SA_WaitingTime_Dominance_PC90,206,3.332000,0.064600039,16859.905,false
SA_WaitingTime_Dominance_PC90,206,3.330000,0.064616872,16908.041,false
SA_WaitingTime_Dominance_PC90,206,3.302000,0.064699032,17220.692,false
SA_WaitingTime_Dominance_PC90,206,3.304000,0.064677979,17196.925,false
SA_WaitingTime_Dominance_PC90,206,2.216000,0.064888271,17529.548,false
SA_WaitingTime_Dominance_PC90,206,2.054000,0.065155263,17580.915,false
SA_WaitingTime_Dominance_PC90,206,2.016000,0.065289547,17650.783,false
SA_WaitingTime_Dominance_PC90,206,2.032000,0.065249729,17618.997,false
SA_WaitingTime_Dominance_PC90,206,2.002000,0.065375950,17636.611,false
SA_WaitingTime_Dominance_PC90,206,2.012000,0.065338396,17632.763,false
SA_WaitingTime_Dominance_PC90,206,2.104000,0.064901026,17663.779,false
SA_WaitingTime_Dominance_PC90,206,2.072000,0.065075120,17683.325,false
SA_WaitingTime_Dominance_PC90,206,2.086000,0.064981954,17683.325,false
SA_WaitingTime_Dominance_PC90,207,3.422000,0.063546807,15566.331,false
SA_WaitingTime_Dominance_PC90,207,3.356000,0.063619143,16058.189,false
SA_WaitingTime_Dominance_PC90,207,3.358000,0.063565034,16115.404,false
SA_WaitingTime_Dominance_PC90,207,3.352000,0.063682085,16171.033,false
SA_WaitingTime_Dominance_PC90,207,2.340000,0.064425044,17614.712,false
SA_WaitingTime_Dominance_PC90,207,2.324000,0.064454506,17614.712,false
SA_WaitingTime_Dominance_PC90,207,2.390000,0.064149651,17612.927,false
SA_WaitingTime_Dominance_PC90,207,2.382000,0.064216766,17501.727,false
SA_WaitingTime_Dominance_PC90,207,2.368000,0.064230906,17561.696,false
SA_WaitingTime_Dominance_PC90,207,2.550000,0.063953926,17452.300,false
SA_WaitingTime_Dominance_PC90,207,2.536000,0.064012671,17532.075,false
SA_WaitingTime_Dominance_PC90,207,2.530000,0.064028366,17532.075,false
SA_WaitingTime_Dominance_PC90,207,2.492000,0.064030001,17523.646,false
SA_WaitingTime_Dominance_PC90,207,2.474000,0.064030841,17586.436,false
SA_WaitingTime_Dominance_PC90,207,2.198000,0.064649982,17613.871,false
SA_WaitingTime_Dominance_PC90,207,2.202000,0.064617036,17613.871,false
SA_WaitingTime_Dominance_PC90,207,2.174000,0.064865055,17547.578,false
SA_WaitingTime_Dominance_PC90,207,2.182000,0.064811056,17573.159,false
SA_WaitingTime_Dominance_PC90,207,2.166000,0.064965724,17590.998,false
SA_WaitingTime_Dominance_PC90,207,2.098000,0.065293516,17583.698,false
SA_WaitingTime_Dominance_PC90,207,2.112000,0.065273376,17672.034,false
SA_WaitingTime_Dominance_PC90,207,2.068000,0.065503977,17658.166,false
SA_WaitingTime_Dominance_PC90,207,2.052000,0.065520496,17673.162,false
SA_WaitingTime_Dominance_PC90,207,2.116000,0.065093333,17564.556,false
SA_WaitingTime_Dominance_PC90,207,2.088000,0.065339240,17667.606,false
SA_WaitingTime_Dominance_PC90,208,3.434000,0.063603419,15620.703,false
SA_WaitingTime_Dominance_PC90,208,3.426000,0.063610953,15714.113,false
SA_WaitingTime_Dominance_PC90,208,3.414000,0.063715618,15647.999,false
SA_WaitingTime_Dominance_PC90,208,3.416000,0.063632006,15676.278,false
SA_WaitingTime_Dominance_PC90,208,3.212000,0.064083319,16585.586,false
SA_WaitingTime_Dominance_PC90,208,3.146000,0.064136030,16779.527,false
SA_WaitingTime_Dominance_PC90,208,2.550000,0.064891345,17666.477,false
SA_WaitingTime_Dominance_PC90,208,2.488000,0.065066734,17539.029,false
SA_WaitingTime_Dominance_PC90,208,2.188000,0.065100294,17556.767,false
SA_WaitingTime_Dominance_PC90,208,2.166000,0.065144864,17592.229,false
SA_WaitingTime_Dominance_PC90,208,2.156000,0.065313981,17633.309,false
SA_WaitingTime_Dominance_PC90,208,2.074000,0.065343162,17423.189,false
SA_WaitingTime_Dominance_PC90,208,2.038000,0.065360294,17449.783,false
SA_WaitingTime_Dominance_PC90,208,2.028000,0.065549769,17683.559,false
SA_WaitingTime_Dominance_PC90,208,2.034000,0.065402776,17656.834,false
SA_WaitingTime_Dominance_PC90,208,2.022000,0.065624548,17652.960,false
SA_WaitingTime_Dominance_PC90,209,3.400000,0.063589900,15674.905,false
SA_WaitingTime_Dominance_PC90,209,3.416000,0.063546137,15847.240,false
SA_WaitingTime_Dominance_PC90,209,3.422000,0.063462602,16029.417,false
SA_WaitingTime_Dominance_PC90,209,3.454000,0.063457154,15907.839,false
SA_WaitingTime_Dominance_PC90,209,3.224000,0.064260965,16881.728,false
SA_WaitingTime_Dominance_PC90,209,3.154000,0.064494605,17281.301,false
SA_WaitingTime_Dominance_PC90,209,3.208000,0.064468420,17126.497,false
SA_WaitingTime_Dominance_PC90,209,3.150000,0.064596349,17126.497,false
SA_WaitingTime_Dominance_PC90,209,2.152000,0.064846083,17677.803,false
SA_WaitingTime_Dominance_PC90,209,2.124000,0.065127344,17678.251,false
SA_WaitingTime_Dominance_PC90,209,2.128000,0.065103293,17676.418,false
SA_WaitingTime_Dominance_PC90,209,2.112000,0.065173388,17678.513,false
SA_WaitingTime_Dominance_PC90,209,2.056000,0.065675400,17637.125,false
SA_WaitingTime_Dominance_PC90,209,2.078000,0.065490268,17657.774,false
SA_WaitingTime_Dominance_PC90,209,2.090000,0.065365245,17650.097,false
SA_WaitingTime_Dominance_PC90,209,2.092000,0.065302156,17650.097,false
SA_WaitingTime_Dominance_PC90,209,2.082000,0.065428941,17635.358,false
SA_WaitingTime_Dominance_PC90,209,2.076000,0.065563817,17635.358,false
SA_Energy_Dominance_PC90,200,5.256000,0.061557678,16576.798,false
SA_Energy_Dominance_PC90,200,5.320000,0.061503797,16469.474,false
SA_Energy_Dominance_PC90,200,5.212000,0.061625147,16880.672,false
SA_Energy_Dominance_PC90,200,5.210000,0.061630761,16880.672,false
SA_Energy_Dominance_PC90,200,5.014000,0.062243771,17368.279,false
SA_Energy_Dominance_PC90,200,5.012000,0.062259302,17382.653,false
SA_Energy_Dominance_PC90,200,4.878000,0.062581934,17605.507,false
SA_Energy_Dominance_PC90,200,4.868000,0.062632465,17442.763,false
SA_Energy_Dominance_PC90,200,5.284000,0.061547012,16612.160,false
SA_Energy_Dominance_PC90,200,4.956000,0.062315493,17077.727,false
SA_Energy_Dominance_PC90,200,4.930000,0.062362957,17092.466,false
SA_Energy_Dominance_PC90,200,5.182000,0.061687502,16668.387,false
SA_Energy_Dominance_PC90,200,5.112000,0.061747269,16872.144,false
SA_Energy_Dominance_PC90,200,5.092000,0.061767987,16691.571,false
SA_Energy_Dominance_PC90,200,5.084000,0.061919909,16652.231,false
SA_Energy_Dominance_PC90,200,5.022000,0.061999568,16721.895,false
SA_Energy_Dominance_PC90,200,5.034000,0.061988092,16813.416,false
SA_Energy_Dominance_PC90,200,4.536000,0.062845534,17360.586,false
SA_Energy_Dominance_PC90,200,4.560000,0.062794964,17311.489,false
SA_Energy_Dominance_PC90,200,4.548000,0.062814591,17313.045,false
SA_Energy_Dominance_PC90,200,4.590000,0.062772596,17489.573,false
SA_Energy_Dominance_PC90,200,4.564000,0.062780391,17614.959,false
SA_Energy_Dominance_PC90,200,4.630000,0.062754854,17508.279,false
SA_Energy_Dominance_PC90,200,4.688000,0.062744662,17473.362,false
SA_Energy_Dominance_PC90,200,4.700000,0.062733518,17486.848,false
SA_Energy_Dominance_PC90,200,4.798000,0.062707155,16916.840,false
SA_Energy_Dominance_PC90,200,6.672000,0.060893274,17574.448,false
SA_Energy_Dominance_PC90,200,6.534000,0.060913975,17574.448,false
SA_Energy_Dominance_PC90,200,6.564000,0.060904246,17574.448,false
SA_Energy_Dominance_PC90,200,6.532000,0.061048227,17574.448,false
SA_Energy_Dominance_PC90,200,7.356000,0.060642172,17471.792,false
SA_Energy_Dominance_PC90,200,7.402000,0.060637206,17584.650,false
SA_Energy_Dominance_PC90,200,7.266000,0.060666729,17619.097,false
SA_Energy_Dominance_PC90,200,7.556000,0.060634156,17559.446,false
SA_Energy_Dominance_PC90,200,7.610000,0.060622941,17533.585,false
SA_Energy_Dominance_PC90,200,7.662000,0.060586492,17533.585,false
SA_Energy_Dominance_PC90,200,7.694000,0.060483852,17429.142,false
SA_Energy_Dominance_PC90,200,7.808000,0.060464735,17345.080,false
SA_Energy_Dominance_PC90,200,7.902000,0.060453813,17362.919,false
SA_Energy_Dominance_PC90,200,7.968000,0.060432760,17583.251,false
SA_Energy_Dominance_PC90,200,8.094000,0.060282211,17583.251,false
SA_Energy_Dominance_PC90,200,8.134000,0.060276653,17673.857,false
SA_Energy_Dominance_PC90,200,8.178000,0.060248269,17673.857,false
SA_Energy_Dominance_PC90,200,8.006000,0.060320896,17673.857,false
SA_Energy_Dominance_PC90,200,8.334000,0.059978422,17249.222,false
SA_Energy_Dominance_PC90,200,8.262000,0.060061134,17266.687,false
SA_Energy_Dominance_PC90,200,8.506000,0.059882660,17110.447,false
SA_Energy_Dominance_PC90,200,8.200000,0.060193997,17277.277,false
SA_Energy_Dominance_PC90,200,8.464000,0.059911247,17404.714,false
SA_Energy_Dominance_PC90,200,8.834000,0.059863590,17452.531,false
SA_Energy_Dominance_PC90,200,8.724000,0.059874518,17614.792,false
SA_Energy_Dominance_PC90,200,8.978000,0.059738677,17461.161,false
SA_Energy_Dominance_PC90,200,9.070000,0.059321114,16563.535,false
SA_Energy_Dominance_PC90,200,8.998000,0.059673177,16921.175,false
SA_Energy_Dominance_PC90,200,9.336000,0.059164945,16915.766,false
SA_Energy_Dominance_PC90,200,9.328000,0.059210201,16918.439,false
SA_Energy_Dominance_PC90,200,9.502000,0.058535525,17010.512,false
SA_Energy_Dominance_PC90,200,9.392000,0.058588836,17010.512,false
SA_Energy_Dominance_PC90,200,9.554000,0.058530559,16999.149,false
SA_Energy_Dominance_PC90,200,9.664000,0.058379352,16992.431,false
SA_Energy_Dominance_PC90,200,9.960000,0.058353249,16912.947,false
SA_Energy_Dominance_PC90,200,9.976000,0.058272875,16927.686,false
SA_Energy_Dominance_PC90,200,10.108000,0.058239319,16938.295,false
SA_Energy_Dominance_PC90,200,10.224000,0.058197213,17287.920,false
SA_Energy_Dominance_PC90,200,10.338000,0.058011599,17111.454,false
SA_Energy_Dominance_PC90,200,10.414000,0.058005243,16893.074,false
SA_Energy_Dominance_PC90,200,10.468000,0.057942838,16930.673,false
SA_Energy_Dominance_PC90,200,10.504000,0.057883014,16763.843,false
SA_Energy_Dominance_PC90,200,10.588000,0.057589218,17332.485,false
SA_Energy_Dominance_PC90,200,10.722000,0.057571474,17332.485,false
SA_Energy_Dominance_PC90,200,10.862000,0.057560808,17288.578,false
SA_Energy_Dominance_PC90,200,10.880000,0.056940865,16085.335,false
SA_Energy_Dominance_PC90,200,11.154000,0.056897132,15874.235,false
SA_Energy_Dominance_PC90,200,11.252000,0.056827886,15701.543,false
SA_Energy_Dominance_PC90,200,11.470000,0.056773258,15713.822,false
SA_Energy_Dominance_PC90,200,11.508000,0.056694399,16146.591,false
SA_Energy_Dominance_PC90,200,12.086000,0.055874614,16306.506,false
SA_Energy_Dominance_PC90,200,11.752000,0.055904742,16422.410,false
SA_Energy_Dominance_PC90,200,12.188000,0.055832318,16535.717,false
SA_Energy_Dominance_PC90,200,12.898000,0.055516416,16209.095,false
SA_Energy_Dominance_PC90,200,12.446000,0.055542191,16637.627,false
SA_Energy_Dominance_PC90,200,12.788000,0.055516416,16614.183,false
SA_Energy_Dominance_PC90,200,13.056000,0.055468055,16551.273,false
SA_Energy_Dominance_PC90,200,13.354000,0.055286272,16220.679,false
SA_Energy_Dominance_PC90,200,13.258000,0.055303975,16217.446,false
SA_Energy_Dominance_PC90,200,13.462000,0.055239852,16226.349,false
SA_Energy_Dominance_PC90,200,13.132000,0.055354806,16144.713,false
SA_Energy_Dominance_PC90,200,13.740000,0.055137887,16011.602,false
SA_Energy_Dominance_PC90,200,13.840000,0.055042199,15971.079,false
SA_Energy_Dominance_PC90,200,13.992000,0.054987362,15979.829,false
SA_Energy_Dominance_PC90,200,14.128000,0.054982886,15972.723,false
SA_Energy_Dominance_PC90,200,14.228000,0.054975312,15774.925,false
SA_Energy_Dominance_PC90,200,14.392000,0.054953215,14443.446,false
SA_Energy_Dominance_PC90,200,14.578000,0.054855477,14282.798,false
SA_Energy_Dominance_PC90,200,14.696000,0.054815299,14167.225,false
SA_Energy_Dominance_PC90,200,14.888000,0.054813281,14173.636,false
SA_Energy_Dominance_PC90,200,15.186000,0.054386990,13979.987,false
SA_Energy_Dominance_PC90,200,15.358000,0.054336522,13939.547,false
SA_Energy_Dominance_PC90,200,15.474000,0.054332891,14008.674,false
SA_Energy_Dominance_PC90,200,14.942000,0.054487779,14109.508,false
SA_Energy_Dominance_PC90,200,15.602000,0.054282136,13832.035,false
SA_Energy_Dominance_PC90,200,15.766000,0.054259845,13680.433,false
SA_Energy_Dominance_PC90,200,16.096000,0.054226013,13587.261,false
SA_Energy_Dominance_PC90,200,15.948000,0.054254228,13587.261,false
SA_Energy_Dominance_PC90,200,16.346000,0.054215225,13587.261,false
SA_Energy_Dominance_PC90,200,16.552000,0.054204437,13493.498,false
SA_Energy_Dominance_PC90,200,16.852000,0.054202016,13755.839,false
SA_Energy_Dominance_PC90,200,16.986000,0.054192001,13755.839,false
SA_Energy_Dominance_PC90,200,17.074000,0.051606272,10809.924,false
SA_Energy_Dominance_PC90,200,17.866000,0.051533360,11236.124,false
SA_Energy_Dominance_PC90,200,17.498000,0.051535781,10988.904,false
SA_Energy_Dominance_PC90,200,17.278000,0.051561556,11022.841,false
SA_Energy_Dominance_PC90,201,5.322000,0.061546463,16515.420,false
SA_Energy_Dominance_PC90,201,5.276000,0.061557678,16508.314,false
SA_Energy_Dominance_PC90,201,5.242000,0.061885955,16632.083,false
SA_Energy_Dominance_PC90,201,5.240000,0.061972608,16727.014,false
SA_Energy_Dominance_PC90,201,5.124000,0.062009919,16948.275,false
SA_Energy_Dominance_PC90,201,5.094000,0.062152445,16932.615,false
SA_Energy_Dominance_PC90,201,5.046000,0.062377030,17085.914,false
SA_Energy_Dominance_PC90,201,5.056000,0.062354748,16963.602,false
SA_Energy_Dominance_PC90,201,4.462000,0.062480548,17494.478,false
SA_Energy_Dominance_PC90,201,4.398000,0.062504576,17582.471,false
SA_Energy_Dominance_PC90,201,4.334000,0.062804235,17577.263,false
SA_Energy_Dominance_PC90,201,4.378000,0.062795838,17626.069,false
SA_Energy_Dominance_PC90,201,6.680000,0.061524852,17211.966,false
SA_Energy_Dominance_PC90,201,6.688000,0.061375900,17042.227,false
SA_Energy_Dominance_PC90,201,6.884000,0.061326317,17439.738,false
SA_Energy_Dominance_PC90,201,6.904000,0.061186783,17388.449,false
SA_Energy_Dominance_PC90,201,6.690000,0.061339186,17457.603,false
SA_Energy_Dominance_PC90,201,6.924000,0.061127501,17457.603,false
SA_Energy_Dominance_PC90,201,7.210000,0.060665964,17675.197,false
SA_Energy_Dominance_PC90,201,7.172000,0.060676752,17631.559,false
SA_Energy_Dominance_PC90,201,7.014000,0.060685704,17611.433,false
SA_Energy_Dominance_PC90,201,7.092000,0.060678081,17374.027,false
SA_Energy_Dominance_PC90,201,7.678000,0.060554085,17590.795,false
SA_Energy_Dominance_PC90,201,7.612000,0.060590171,17636.236,false
SA_Energy_Dominance_PC90,201,7.670000,0.060576942,17206.681,false
SA_Energy_Dominance_PC90,201,7.738000,0.060515032,17142.619,false
SA_Energy_Dominance_PC90,201,7.740000,0.060491468,17027.047,false
SA_Energy_Dominance_PC90,201,8.000000,0.060443650,17039.818,false
SA_Energy_Dominance_PC90,201,8.044000,0.060440092,17656.543,false
SA_Energy_Dominance_PC90,201,8.104000,0.060272269,17404.370,false
SA_Energy_Dominance_PC90,201,8.120000,0.060228326,17526.308,false
SA_Energy_Dominance_PC90,201,8.864000,0.059291210,16940.997,false
SA_Energy_Dominance_PC90,201,8.940000,0.059192893,16940.997,false
SA_Energy_Dominance_PC90,201,8.976000,0.059154122,17204.044,false
SA_Energy_Dominance_PC90,201,8.288000,0.059458223,17263.804,false
SA_Energy_Dominance_PC90,201,9.164000,0.059113763,17483.060,false
SA_Energy_Dominance_PC90,201,9.224000,0.059102293,17394.195,false
SA_Energy_Dominance_PC90,201,9.342000,0.059025728,17322.053,false
SA_Energy_Dominance_PC90,201,9.402000,0.058984918,17449.049,false
SA_Energy_Dominance_PC90,201,9.538000,0.058886304,17070.908,false
SA_Energy_Dominance_PC90,201,9.490000,0.058935741,17070.908,false
SA_Energy_Dominance_PC90,201,9.560000,0.058812737,16861.124,false
SA_Energy_Dominance_PC90,201,9.588000,0.058692810,16861.124,false
SA_Energy_Dominance_PC90,201,9.784000,0.058635525,17072.224,false
SA_Energy_Dominance_PC90,201,9.874000,0.058633508,16987.760,false
SA_Energy_Dominance_PC90,201,9.974000,0.058504381,16661.976,false
SA_Energy_Dominance_PC90,201,9.886000,0.058519645,16495.146,false
SA_Energy_Dominance_PC90,201,10.034000,0.058436105,16847.738,false
SA_Energy_Dominance_PC90,201,10.052000,0.058306737,16575.091,false
SA_Energy_Dominance_PC90,201,10.114000,0.058076362,16623.307,false
SA_Energy_Dominance_PC90,201,10.070000,0.058147326,16871.486,false
SA_Energy_Dominance_PC90,201,10.252000,0.058065147,16668.518,false
SA_Energy_Dominance_PC90,201,10.444000,0.058043898,16677.159,false
SA_Energy_Dominance_PC90,201,10.484000,0.057903058,16648.542,false
SA_Energy_Dominance_PC90,201,10.612000,0.057875016,16654.953,false
SA_Energy_Dominance_PC90,201,10.678000,0.057853579,16720.522,false
SA_Energy_Dominance_PC90,201,10.860000,0.057627891,16804.599,false
SA_Energy_Dominance_PC90,201,11.016000,0.057493078,17138.038,false
SA_Energy_Dominance_PC90,201,11.090000,0.057237468,16809.371,false
SA_Energy_Dominance_PC90,201,11.118000,0.057030369,17256.817,false
SA_Energy_Dominance_PC90,201,11.346000,0.056709122,16682.694,false
SA_Energy_Dominance_PC90,201,11.188000,0.056907703,16798.266,false
SA_Energy_Dominance_PC90,201,11.730000,0.056630035,16329.256,false
SA_Energy_Dominance_PC90,201,11.710000,0.056700085,16552.480,false
SA_Energy_Dominance_PC90,201,12.024000,0.056310112,16522.170,false
SA_Energy_Dominance_PC90,201,11.758000,0.056534608,16509.581,false
SA_Energy_Dominance_PC90,201,11.910000,0.056321807,16455.946,false
SA_Energy_Dominance_PC90,201,12.242000,0.056244858,16831.459,false
SA_Energy_Dominance_PC90,201,12.336000,0.056069006,16081.257,false
SA_Energy_Dominance_PC90,201,12.402000,0.055998650,16082.260,false
SA_Energy_Dominance_PC90,201,12.614000,0.055964398,16082.260,false
SA_Energy_Dominance_PC90,201,12.740000,0.055958255,16206.238,false
SA_Energy_Dominance_PC90,201,13.030000,0.055938385,16147.042,false
SA_Energy_Dominance_PC90,201,13.324000,0.055716071,15491.243,false
SA_Energy_Dominance_PC90,201,13.182000,0.055827526,15469.895,false
SA_Energy_Dominance_PC90,201,13.228000,0.055746059,15470.897,false
SA_Energy_Dominance_PC90,201,13.504000,0.055677450,15469.895,false
SA_Energy_Dominance_PC90,201,13.764000,0.055666526,15509.288,false
SA_Energy_Dominance_PC90,201,13.924000,0.055630651,15366.519,false
SA_Energy_Dominance_PC90,201,14.090000,0.055504208,15065.002,false
SA_Energy_Dominance_PC90,201,14.268000,0.055443307,14863.657,false
SA_Energy_Dominance_PC90,201,14.420000,0.055200739,14980.644,false
SA_Energy_Dominance_PC90,201,14.318000,0.055307265,14982.739,false
SA_Energy_Dominance_PC90,201,14.624000,0.055179686,15083.451,false
SA_Energy_Dominance_PC90,201,14.796000,0.055177510,15105.929,false
SA_Energy_Dominance_PC90,201,15.002000,0.055080927,15009.730,false
SA_Energy_Dominance_PC90,201,15.282000,0.055061594,14952.065,false
SA_Energy_Dominance_PC90,201,15.438000,0.055059576,14997.367,false
SA_Energy_Dominance_PC90,201,15.564000,0.055051529,15081.501,false
SA_Energy_Dominance_PC90,201,15.592000,0.054667383,15384.428,false
SA_Energy_Dominance_PC90,201,16.362000,0.052136626,12766.472,false
SA_Energy_Dominance_PC90,201,15.886000,0.052141301,12586.796,false
SA_Energy_Dominance_PC90,201,15.698000,0.052149348,12715.485,false
SA_Energy_Dominance_PC90,201,16.052000,0.052140775,13030.431,false
SA_Energy_Dominance_PC90,202,5.288000,0.061557678,16516.955,false
SA_Energy_Dominance_PC90,202,5.320000,0.061523779,16467.909,false
SA_Energy_Dominance_PC90,202,4.774000,0.062005049,16859.018,false
SA_Energy_Dominance_PC90,202,4.794000,0.061985434,17003.514,false
SA_Energy_Dominance_PC90,202,4.822000,0.061883982,16884.443,false
SA_Energy_Dominance_PC90,202,4.816000,0.061889310,16899.836,false
SA_Energy_Dominance_PC90,202,4.844000,0.061883165,16802.876,false
SA_Energy_Dominance_PC90,202,4.676000,0.062358173,17267.767,false
SA_Energy_Dominance_PC90,202,4.652000,0.062372272,17304.275,false
SA_Energy_Dominance_PC90,202,4.634000,0.062380282,17087.358,false
SA_Energy_Dominance_PC90,202,4.720000,0.062106798,17674.273,false
SA_Energy_Dominance_PC90,202,4.474000,0.062585160,17632.513,false
SA_Energy_Dominance_PC90,202,4.490000,0.062503795,17415.415,false
SA_Energy_Dominance_PC90,202,4.498000,0.062456194,17428.004,false
SA_Energy_Dominance_PC90,202,4.508000,0.062387603,17428.004,false
SA_Energy_Dominance_PC90,202,4.480000,0.062508200,17641.279,false
SA_Energy_Dominance_PC90,202,5.228000,0.061557678,16510.274,false
SA_Energy_Dominance_PC90,202,5.170000,0.061599784,16632.936,false
SA_Energy_Dominance_PC90,202,5.160000,0.061636368,16629.471,false
SA_Energy_Dominance_PC90,202,5.118000,0.061655613,16946.887,false
SA_Energy_Dominance_PC90,202,5.116000,0.061741708,16907.982,false
SA_Energy_Dominance_PC90,202,5.100000,0.061791037,16909.516,false
SA_Energy_Dominance_PC90,202,4.228000,0.062673706,17603.073,false
SA_Energy_Dominance_PC90,202,4.192000,0.063398813,17606.414,false
SA_Energy_Dominance_PC90,202,4.312000,0.062594095,17675.429,false
SA_Energy_Dominance_PC90,202,4.300000,0.062626069,17670.553,false
SA_Energy_Dominance_PC90,202,4.266000,0.062641600,17543.116,false
SA_Energy_Dominance_PC90,202,5.648000,0.061393308,17226.095,false
SA_Energy_Dominance_PC90,202,5.710000,0.061230902,17460.212,false
SA_Energy_Dominance_PC90,202,5.740000,0.061227583,17405.458,false
SA_Energy_Dominance_PC90,202,5.802000,0.061214476,17407.688,false
SA_Energy_Dominance_PC90,202,5.832000,0.061021656,17284.123,false
SA_Energy_Dominance_PC90,202,5.806000,0.061059402,17284.123,false
SA_Energy_Dominance_PC90,202,5.862000,0.060998345,17284.123,false
SA_Energy_Dominance_PC90,202,5.888000,0.060977292,17156.125,false
SA_Energy_Dominance_PC90,202,5.986000,0.060972274,17227.025,false
SA_Energy_Dominance_PC90,202,6.034000,0.060862431,17155.877,false
SA_Energy_Dominance_PC90,202,6.088000,0.060842026,17155.877,false
SA_Energy_Dominance_PC90,202,6.198000,0.060817624,17155.877,false
SA_Energy_Dominance_PC90,202,6.490000,0.060558801,17003.425,false
SA_Energy_Dominance_PC90,202,6.354000,0.060624530,17013.626,false
SA_Energy_Dominance_PC90,202,6.302000,0.060631935,17013.626,false
SA_Energy_Dominance_PC90,202,6.418000,0.060571301,17013.626,false
SA_Energy_Dominance_PC90,202,6.386000,0.060571301,17114.339,false
SA_Energy_Dominance_PC90,202,6.464000,0.060563464,17105.573,false
SA_Energy_Dominance_PC90,202,6.524000,0.060557197,16837.672,false
SA_Energy_Dominance_PC90,202,6.552000,0.060531647,16810.672,false
SA_Energy_Dominance_PC90,202,6.664000,0.060444960,16775.414,false
SA_Energy_Dominance_PC90,202,6.626000,0.060444960,16775.414,false
SA_Energy_Dominance_PC90,202,6.598000,0.060445992,16805.248,false
SA_Energy_Dominance_PC90,202,6.772000,0.060388540,16556.528,false
SA_Energy_Dominance_PC90,202,6.788000,0.060312330,16458.849,false
SA_Energy_Dominance_PC90,202,6.866000,0.060134669,16649.669,false
SA_Energy_Dominance_PC90,202,6.834000,0.060175173,16704.422,false
SA_Energy_Dominance_PC90,202,6.948000,0.060133364,16704.422,false
SA_Energy_Dominance_PC90,202,7.026000,0.060116541,16283.179,false
SA_Energy_Dominance_PC90,202,7.082000,0.059806076,16734.497,false
SA_Energy_Dominance_PC90,202,7.070000,0.059870191,16611.350,false
SA_Energy_Dominance_PC90,202,7.120000,0.059776065,16902.394,false
SA_Energy_Dominance_PC90,202,7.146000,0.059686272,17294.806,false
SA_Energy_Dominance_PC90,202,7.218000,0.059616309,17449.222,false
SA_Energy_Dominance_PC90,202,7.180000,0.059627464,17213.237,false
SA_Energy_Dominance_PC90,202,7.250000,0.059585537,17182.250,false
SA_Energy_Dominance_PC90,202,7.318000,0.059457223,17174.383,false
SA_Energy_Dominance_PC90,202,7.360000,0.059396579,17299.806,false
SA_Energy_Dominance_PC90,202,7.392000,0.059316174,17624.114,false
SA_Energy_Dominance_PC90,202,7.470000,0.059283273,17537.198,false
SA_Energy_Dominance_PC90,202,7.516000,0.059236668,17141.477,false
SA_Energy_Dominance_PC90,202,7.600000,0.059092168,17047.253,false
SA_Energy_Dominance_PC90,202,7.562000,0.059211242,17065.262,false
SA_Energy_Dominance_PC90,202,7.720000,0.059064479,17005.593,false
SA_Energy_Dominance_PC90,202,7.774000,0.059040100,16918.563,false
SA_Energy_Dominance_PC90,202,7.786000,0.058979510,17016.501,false
SA_Energy_Dominance_PC90,202,7.850000,0.058744021,16920.650,false
SA_Energy_Dominance_PC90,202,7.806000,0.058791653,16912.627,false
SA_Energy_Dominance_PC90,202,7.976000,0.057694613,16587.645,false
SA_Energy_Dominance_PC90,202,7.898000,0.057745364,16954.460,false
SA_Energy_Dominance_PC90,202,7.876000,0.057821122,16838.352,false
SA_Energy_Dominance_PC90,202,8.022000,0.057678558,16800.071,false
SA_Energy_Dominance_PC90,202,8.086000,0.057667932,16883.972,false
SA_Energy_Dominance_PC90,202,8.186000,0.057573236,16572.358,false
SA_Energy_Dominance_PC90,202,8.350000,0.057548657,16435.511,false
SA_Energy_Dominance_PC90,202,8.406000,0.057495279,16352.459,false
SA_Energy_Dominance_PC90,202,8.464000,0.057472858,16173.021,false
SA_Energy_Dominance_PC90,202,8.510000,0.057440695,16072.308,false
SA_Energy_Dominance_PC90,202,8.628000,0.057368636,15591.700,false
SA_Energy_Dominance_PC90,202,8.836000,0.057054873,15149.023,false
SA_Energy_Dominance_PC90,202,8.692000,0.057211712,15149.023,false
SA_Energy_Dominance_PC90,202,8.828000,0.057194315,15193.293,false
SA_Energy_Dominance_PC90,202,8.890000,0.057040087,14982.193,false
SA_Energy_Dominance_PC90,202,9.030000,0.057012986,14895.672,false
SA_Energy_Dominance_PC90,202,9.090000,0.056979190,15128.915,false
SA_Energy_Dominance_PC90,202,9.234000,0.056970764,15128.915,false
SA_Energy_Dominance_PC90,202,9.342000,0.056951999,15128.915,false
SA_Energy_Dominance_PC90,202,9.360000,0.056568871,14640.331,false
SA_Energy_Dominance_PC90,202,9.538000,0.056431115,14608.557,false
SA_Energy_Dominance_PC90,202,9.438000,0.056474240,14476.074,false
SA_Energy_Dominance_PC90,202,9.646000,0.056395911,14472.214,false
SA_Energy_Dominance_PC90,202,10.126000,0.056319321,15227.982,false
SA_Energy_Dominance_PC90,202,10.212000,0.056270162,15116.875,false
SA_Energy_Dominance_PC90,202,10.046000,0.056341417,15320.197,false
SA_Energy_Dominance_PC90,202,10.296000,0.053742893,13464.354,false
SA_Energy_Dominance_PC90,202,10.418000,0.053737648,13464.354,false
SA_Energy_Dominance_PC90,203,5.328000,0.061516720,16515.420,false
SA_Energy_Dominance_PC90,203,5.252000,0.061536626,16969.278,false
SA_Energy_Dominance_PC90,203,4.518000,0.063783446,17236.087,false
SA_Energy_Dominance_PC90,203,4.504000,0.063804499,17491.457,false
SA_Energy_Dominance_PC90,203,4.524000,0.063730209,17491.457,false
SA_Energy_Dominance_PC90,203,4.486000,0.063941678,17360.094,false
SA_Energy_Dominance_PC90,203,4.592000,0.063610848,17467.740,false
SA_Energy_Dominance_PC90,203,4.634000,0.063505584,17443.973,false
SA_Energy_Dominance_PC90,203,4.628000,0.063559748,17444.763,false
SA_Energy_Dominance_PC90,203,5.240000,0.061566363,16969.278,false
SA_Energy_Dominance_PC90,203,5.236000,0.061608469,16899.282,false
SA_Energy_Dominance_PC90,203,5.216000,0.061678736,16989.024,false
SA_Energy_Dominance_PC90,203,5.190000,0.061702764,17013.882,false
SA_Energy_Dominance_PC90,203,5.126000,0.061715211,17172.368,false
SA_Energy_Dominance_PC90,203,5.082000,0.061724918,17172.368,false
SA_Energy_Dominance_PC90,203,5.024000,0.061785108,17146.635,false
SA_Energy_Dominance_PC90,203,4.990000,0.061846917,17255.491,false
SA_Energy_Dominance_PC90,203,4.966000,0.061946583,17339.580,false
SA_Energy_Dominance_PC90,203,4.930000,0.061957756,17473.208,false
SA_Energy_Dominance_PC90,203,4.922000,0.062136780,17540.389,false
SA_Energy_Dominance_PC90,203,4.910000,0.062194825,17392.424,false
SA_Energy_Dominance_PC90,203,4.846000,0.062264585,17412.138,false
SA_Energy_Dominance_PC90,203,4.842000,0.062550927,17139.011,false
SA_Energy_Dominance_PC90,203,4.640000,0.063376351,17570.816,false
SA_Energy_Dominance_PC90,203,4.654000,0.063368997,17469.982,false
SA_Energy_Dominance_PC90,203,4.698000,0.062577092,17492.859,false
SA_Energy_Dominance_PC90,203,4.686000,0.062579269,17565.497,false
SA_Energy_Dominance_PC90,203,4.668000,0.062812226,17508.282,false
SA_Energy_Dominance_PC90,203,4.672000,0.062748080,17125.820,false
SA_Energy_Dominance_PC90,203,6.040000,0.061436125,16547.209,false
SA_Energy_Dominance_PC90,203,5.976000,0.061477091,16547.209,false
SA_Energy_Dominance_PC90,203,6.096000,0.061404065,16463.891,false
SA_Energy_Dominance_PC90,203,6.360000,0.060689819,17663.176,false
SA_Energy_Dominance_PC90,203,6.356000,0.060731924,17663.176,false
SA_Energy_Dominance_PC90,203,6.348000,0.060791884,17613.434,false
SA_Energy_Dominance_PC90,203,6.166000,0.060870139,17665.577,false
SA_Energy_Dominance_PC90,203,6.634000,0.060327726,17560.653,false
SA_Energy_Dominance_PC90,203,6.658000,0.060319855,17644.184,false
SA_Energy_Dominance_PC90,203,6.746000,0.060314839,17578.439,false
SA_Energy_Dominance_PC90,203,6.798000,0.060276043,17578.439,false
SA_Energy_Dominance_PC90,203,6.834000,0.060253007,17619.248,false
SA_Energy_Dominance_PC90,203,6.878000,0.060231954,17552.215,false
SA_Energy_Dominance_PC90,203,6.964000,0.060091852,17408.907,false
SA_Energy_Dominance_PC90,203,7.024000,0.060076914,17408.907,false
SA_Energy_Dominance_PC90,203,6.904000,0.060176714,17400.258,false
SA_Energy_Dominance_PC90,203,7.064000,0.060047218,17527.695,false
SA_Energy_Dominance_PC90,203,7.072000,0.059869048,17666.599,false
SA_Energy_Dominance_PC90,203,7.152000,0.059815982,17558.633,false
SA_Energy_Dominance_PC90,203,7.398000,0.059503964,16959.072,false
SA_Energy_Dominance_PC90,203,7.228000,0.059771077,17053.296,false
SA_Energy_Dominance_PC90,203,7.312000,0.059517740,17304.107,false
SA_Energy_Dominance_PC90,203,7.270000,0.059541304,17511.928,false
SA_Energy_Dominance_PC90,203,7.528000,0.059406217,17267.670,false
SA_Energy_Dominance_PC90,203,7.792000,0.059404200,17267.670,false
SA_Energy_Dominance_PC90,203,7.822000,0.059291151,17223.400,false
SA_Energy_Dominance_PC90,203,7.930000,0.059244466,17102.024,false
SA_Energy_Dominance_PC90,203,7.956000,0.058692297,16830.582,false
SA_Energy_Dominance_PC90,203,8.012000,0.058674751,16878.361,false
SA_Energy_Dominance_PC90,203,8.124000,0.058669308,17153.381,false
SA_Energy_Dominance_PC90,203,8.178000,0.058613121,17346.073,false
SA_Energy_Dominance_PC90,203,8.226000,0.058473241,17164.251,false
SA_Energy_Dominance_PC90,203,8.276000,0.058412514,17115.154,false
SA_Energy_Dominance_PC90,203,8.326000,0.058328585,17299.733,false
SA_Energy_Dominance_PC90,203,8.360000,0.058266075,17632.553,false
SA_Energy_Dominance_PC90,203,8.470000,0.058252506,17438.968,false
SA_Energy_Dominance_PC90,203,8.580000,0.058155677,17469.955,false
SA_Energy_Dominance_PC90,203,8.676000,0.058144753,17456.751,false
SA_Energy_Dominance_PC90,203,8.700000,0.058060205,17197.294,false
SA_Energy_Dominance_PC90,203,8.816000,0.058049281,17169.647,false
SA_Energy_Dominance_PC90,203,9.012000,0.057703776,17479.875,false
SA_Energy_Dominance_PC90,203,8.914000,0.057756248,17533.275,false
SA_Energy_Dominance_PC90,203,9.170000,0.057583126,17357.335,false
SA_Energy_Dominance_PC90,203,9.166000,0.057677440,17157.258,false
SA_Energy_Dominance_PC90,203,9.190000,0.057322371,17356.281,false
SA_Energy_Dominance_PC90,203,9.300000,0.057311256,17347.306,false
SA_Energy_Dominance_PC90,203,9.570000,0.057012687,16828.759,false
SA_Energy_Dominance_PC90,203,9.364000,0.057208429,16780.085,false
SA_Energy_Dominance_PC90,203,9.508000,0.057053597,16780.085,false
SA_Energy_Dominance_PC90,203,9.616000,0.056855267,16467.515,false
SA_Energy_Dominance_PC90,203,9.700000,0.056813339,16467.515,false
SA_Energy_Dominance_PC90,203,9.788000,0.056808373,16418.418,false
SA_Energy_Dominance_PC90,203,9.894000,0.056755159,16418.418,false
SA_Energy_Dominance_PC90,203,10.010000,0.056731895,16402.195,false
SA_Energy_Dominance_PC90,203,10.034000,0.056623696,16409.429,false
SA_Energy_Dominance_PC90,203,10.258000,0.056367009,16013.365,false
SA_Energy_Dominance_PC90,203,10.354000,0.056352223,16013.365,false
SA_Energy_Dominance_PC90,203,10.136000,0.056447209,16080.398,false
SA_Energy_Dominance_PC90,203,10.550000,0.056319578,16229.358,false
SA_Energy_Dominance_PC90,203,10.796000,0.056212915,16215.452,false
SA_Energy_Dominance_PC90,203,10.932000,0.056172927,16195.512,false
SA_Energy_Dominance_PC90,203,11.038000,0.056137424,16159.706,false
SA_Energy_Dominance_PC90,203,11.136000,0.056026532,15802.404,false
SA_Energy_Dominance_PC90,203,11.348000,0.056001952,15759.138,false
SA_Energy_Dominance_PC90,203,11.450000,0.055999250,15739.324,false
SA_Energy_Dominance_PC90,203,11.596000,0.055915953,15775.313,false
SA_Energy_Dominance_PC90,203,11.704000,0.055898407,15768.902,false
SA_Energy_Dominance_PC90,203,11.788000,0.055837130,15247.414,false
SA_Energy_Dominance_PC90,203,11.842000,0.055568175,14415.282,false
SA_Energy_Dominance_PC90,203,11.876000,0.055385088,14817.550,false
SA_Energy_Dominance_PC90,203,11.998000,0.055214630,14717.099,false
SA_Energy_Dominance_PC90,203,12.092000,0.055162955,14768.203,false
SA_Energy_Dominance_PC90,203,12.372000,0.055060719,14400.706,false
SA_Energy_Dominance_PC90,203,12.282000,0.055092882,14646.784,false
SA_Energy_Dominance_PC90,203,12.452000,0.055032800,14646.784,false
SA_Energy_Dominance_PC90,203,12.772000,0.054991321,14431.090,false
SA_Energy_Dominance_PC90,203,12.560000,0.054994716,14427.756,false
SA_Energy_Dominance_PC90,203,12.186000,0.055139461,14427.756,false
SA_Energy_Dominance_PC90,203,12.912000,0.054978624,14318.124,false
SA_Energy_Dominance_PC90,203,13.000000,0.054975921,14148.993,false
SA_Energy_Dominance_PC90,203,13.226000,0.052521003,13650.437,false
SA_Energy_Dominance_PC90,203,13.322000,0.052517372,13636.788,false
SA_Energy_Dominance_PC90,203,13.078000,0.052573068,13574.290,false
SA_Energy_Dominance_PC90,203,13.060000,0.052828241,13631.090,false
SA_Energy_Dominance_PC90,203,13.036000,0.053030566,13631.090,false
SA_Energy_Dominance_PC90,204,4.362000,0.062273726,17184.736,false
SA_Energy_Dominance_PC90,204,4.342000,0.062338274,17110.935,false
SA_Energy_Dominance_PC90,204,4.382000,0.062193501,17234.083,false
SA_Energy_Dominance_PC90,204,4.292000,0.062867222,17142.359,false
SA_Energy_Dominance_PC90,204,4.222000,0.063034450,17475.878,false
SA_Energy_Dominance_PC90,204,4.198000,0.063038277,17421.124,false
SA_Energy_Dominance_PC90,204,4.196000,0.063079860,17421.124,false
SA_Energy_Dominance_PC90,204,4.172000,0.063095093,17533.824,false
SA_Energy_Dominance_PC90,204,4.228000,0.063010326,17587.518,false
SA_Energy_Dominance_PC90,204,4.302000,0.062709181,17239.880,false
SA_Energy_Dominance_PC90,204,4.498000,0.061981480,17409.870,false
SA_Energy_Dominance_PC90,204,4.456000,0.062013145,17422.148,false
SA_Energy_Dominance_PC90,204,4.480000,0.061985187,17340.670,false
SA_Energy_Dominance_PC90,204,4.508000,0.061964134,17283.743,false
SA_Energy_Dominance_PC90,204,4.616000,0.061859853,17263.691,false
SA_Energy_Dominance_PC90,204,4.618000,0.061827087,17263.691,false
SA_Energy_Dominance_PC90,204,4.650000,0.061824666,17263.691,false
SA_Energy_Dominance_PC90,204,4.700000,0.061486942,17518.978,false
SA_Energy_Dominance_PC90,204,4.682000,0.061486942,17518.978,false
SA_Energy_Dominance_PC90,204,4.714000,0.061477989,17469.294,false
SA_Energy_Dominance_PC90,204,4.780000,0.061420810,17472.265,false
SA_Energy_Dominance_PC90,204,4.760000,0.061440436,17516.535,false
SA_Energy_Dominance_PC90,204,4.800000,0.061378574,17683.494,false
SA_Energy_Dominance_PC90,204,4.828000,0.061357521,17680.523,false
SA_Energy_Dominance_PC90,204,5.036000,0.061145035,17345.672,false
SA_Energy_Dominance_PC90,204,5.024000,0.061154742,17412.705,false
SA_Energy_Dominance_PC90,204,5.064000,0.061117831,17415.676,false
SA_Energy_Dominance_PC90,204,5.122000,0.061109029,17473.498,false
SA_Energy_Dominance_PC90,204,5.138000,0.060863699,17480.880,false
SA_Energy_Dominance_PC90,204,5.146000,0.060631447,17644.843,false
SA_Energy_Dominance_PC90,204,5.204000,0.060625303,17646.938,false
SA_Energy_Dominance_PC90,204,5.216000,0.060607014,17573.988,false
SA_Energy_Dominance_PC90,204,5.248000,0.060565005,17573.988,false
SA_Energy_Dominance_PC90,204,5.294000,0.060519560,17573.988,false
SA_Energy_Dominance_PC90,204,5.276000,0.060549536,17608.118,false
SA_Energy_Dominance_PC90,204,5.836000,0.060484691,16779.670,false
SA_Energy_Dominance_PC90,204,5.858000,0.060475655,16779.670,false
SA_Energy_Dominance_PC90,204,5.812000,0.060492186,17051.282,false
SA_Energy_Dominance_PC90,204,5.882000,0.060386148,16978.975,false
SA_Energy_Dominance_PC90,204,5.866000,0.060435586,16935.069,false
SA_Energy_Dominance_PC90,204,5.948000,0.060119026,17093.981,false
SA_Energy_Dominance_PC90,204,5.970000,0.060108938,17106.260,false
SA_Energy_Dominance_PC90,204,5.888000,0.060151935,17256.306,false
SA_Energy_Dominance_PC90,204,6.046000,0.060095829,17337.461,false
SA_Energy_Dominance_PC90,204,6.148000,0.060059990,17380.727,false
SA_Energy_Dominance_PC90,204,6.208000,0.060042247,17481.439,false
SA_Energy_Dominance_PC90,204,6.236000,0.059971313,17623.522,false
SA_Energy_Dominance_PC90,204,6.314000,0.059836411,17369.368,false
SA_Energy_Dominance_PC90,204,6.364000,0.059491912,17214.302,false
SA_Energy_Dominance_PC90,204,6.454000,0.059350440,17493.505,false
SA_Energy_Dominance_PC90,204,6.332000,0.059566767,17493.505,false
SA_Energy_Dominance_PC90,204,6.522000,0.059308512,17462.518,false
SA_Energy_Dominance_PC90,204,6.638000,0.059304448,17462.518,false
SA_Energy_Dominance_PC90,204,6.722000,0.058750131,16925.843,false
SA_Energy_Dominance_PC90,204,6.784000,0.058725552,16925.843,false
SA_Energy_Dominance_PC90,204,6.888000,0.058710288,17098.317,false
SA_Energy_Dominance_PC90,204,6.950000,0.058704730,17075.760,false
SA_Energy_Dominance_PC90,204,7.054000,0.058687994,17019.522,false
SA_Energy_Dominance_PC90,204,7.096000,0.058661975,16990.829,false
SA_Energy_Dominance_PC90,204,7.130000,0.058562221,16929.342,false
SA_Energy_Dominance_PC90,204,7.128000,0.058618126,16929.342,false
SA_Energy_Dominance_PC90,204,7.196000,0.058545398,17163.459,false
SA_Energy_Dominance_PC90,204,7.408000,0.058515597,17310.102,false
SA_Energy_Dominance_PC90,204,7.540000,0.058474196,17209.271,false
SA_Energy_Dominance_PC90,204,7.474000,0.058480196,17239.528,false
SA_Energy_Dominance_PC90,204,7.742000,0.058369957,17316.778,false
SA_Energy_Dominance_PC90,204,7.810000,0.058347324,17333.805,false
SA_Energy_Dominance_PC90,204,8.040000,0.058338866,17679.788,false
SA_Energy_Dominance_PC90,204,7.666000,0.058453748,16521.419,false
SA_Energy_Dominance_PC90,204,8.210000,0.058296271,16447.827,false
SA_Energy_Dominance_PC90,204,8.304000,0.058277495,16146.183,false
SA_Energy_Dominance_PC90,204,8.380000,0.058248908,16146.183,false
SA_Energy_Dominance_PC90,204,8.540000,0.058214891,16143.801,false
SA_Energy_Dominance_PC90,204,8.726000,0.058029445,15845.802,false
SA_Energy_Dominance_PC90,204,8.668000,0.058058659,15845.802,false
SA_Energy_Dominance_PC90,204,8.552000,0.058099817,16115.165,false
SA_Energy_Dominance_PC90,204,8.772000,0.057847098,15925.001,false
SA_Energy_Dominance_PC90,204,8.944000,0.057824856,15936.871,false
SA_Energy_Dominance_PC90,204,9.070000,0.057803358,15754.661,false
SA_Energy_Dominance_PC90,204,9.158000,0.057782306,15772.500,false
SA_Energy_Dominance_PC90,204,9.258000,0.057721440,15586.641,false
SA_Energy_Dominance_PC90,204,9.322000,0.057665229,15951.444,false
SA_Energy_Dominance_PC90,204,9.536000,0.057657760,16047.302,false
SA_Energy_Dominance_PC90,204,10.092000,0.054011838,13230.359,false
SA_Energy_Dominance_PC90,204,9.992000,0.054068588,13191.349,false
SA_Energy_Dominance_PC90,204,10.194000,0.054003791,13188.008,false
SA_Energy_Dominance_PC90,204,10.550000,0.053993021,13521.607,false
SA_Energy_Dominance_PC90,204,10.718000,0.053981160,13554.931,false
SA_Energy_Dominance_PC90,204,10.636000,0.053988423,13553.000,false
SA_Energy_Dominance_PC90,204,10.934000,0.053979546,13652.556,false
SA_Energy_Dominance_PC90,205,5.330000,0.061503797,16414.587,false
SA_Energy_Dominance_PC90,205,5.322000,0.061532444,16515.420,false
SA_Energy_Dominance_PC90,205,4.972000,0.062003610,17044.308,false
SA_Energy_Dominance_PC90,205,4.864000,0.062044115,17120.926,false
SA_Energy_Dominance_PC90,205,4.590000,0.062994079,17507.215,false
SA_Energy_Dominance_PC90,205,4.598000,0.062990759,17525.053,false
SA_Energy_Dominance_PC90,205,4.546000,0.063031062,17621.570,false
SA_Energy_Dominance_PC90,205,4.522000,0.063063144,17621.570,false
SA_Energy_Dominance_PC90,205,4.470000,0.063961139,17245.541,false
SA_Energy_Dominance_PC90,205,4.482000,0.063863322,17060.521,false
SA_Energy_Dominance_PC90,205,4.492000,0.063818843,17281.700,false
SA_Energy_Dominance_PC90,205,5.178000,0.061607574,16812.589,false
SA_Energy_Dominance_PC90,205,5.202000,0.061555850,16662.276,false
SA_Energy_Dominance_PC90,205,5.174000,0.061690220,16542.819,false
SA_Energy_Dominance_PC90,205,5.058000,0.061758737,16537.411,false
SA_Energy_Dominance_PC90,205,5.026000,0.061774268,16540.643,false
SA_Energy_Dominance_PC90,205,4.998000,0.061859668,16505.330,false
SA_Energy_Dominance_PC90,205,5.214000,0.061543746,16607.522,false
SA_Energy_Dominance_PC90,205,4.844000,0.062074079,17247.321,false
SA_Energy_Dominance_PC90,205,4.812000,0.062099982,17402.798,false
SA_Energy_Dominance_PC90,205,4.762000,0.062171357,17448.265,false
SA_Energy_Dominance_PC90,205,4.728000,0.062174058,17554.933,false
SA_Energy_Dominance_PC90,205,4.714000,0.062176076,17611.781,false
SA_Energy_Dominance_PC90,205,4.644000,0.062183404,17566.615,false
SA_Energy_Dominance_PC90,205,4.636000,0.062792605,17617.790,false
SA_Energy_Dominance_PC90,205,4.914000,0.062016877,17492.602,false
SA_Energy_Dominance_PC90,205,4.874000,0.062029173,17571.067,false
SA_Energy_Dominance_PC90,205,7.410000,0.061495638,17014.203,false
SA_Energy_Dominance_PC90,205,7.468000,0.061473679,16929.311,false
SA_Energy_Dominance_PC90,205,7.576000,0.061429963,16801.874,false
SA_Energy_Dominance_PC90,205,7.496000,0.061438036,16962.396,false
SA_Energy_Dominance_PC90,205,7.606000,0.061328971,16567.177,false
SA_Energy_Dominance_PC90,205,7.684000,0.061270080,16643.736,false
SA_Energy_Dominance_PC90,205,7.810000,0.061268469,16643.736,false
SA_Energy_Dominance_PC90,205,7.910000,0.061239149,16784.895,false
SA_Energy_Dominance_PC90,205,7.940000,0.061198463,16621.660,false
SA_Energy_Dominance_PC90,205,8.068000,0.061177744,16545.557,false
SA_Energy_Dominance_PC90,205,8.088000,0.061102030,16696.476,false
SA_Energy_Dominance_PC90,205,8.186000,0.061040348,16670.614,false
SA_Energy_Dominance_PC90,205,8.192000,0.061010149,16436.497,false
SA_Energy_Dominance_PC90,205,8.308000,0.060999869,16342.075,false
SA_Energy_Dominance_PC90,205,8.412000,0.060947843,16391.926,false
SA_Energy_Dominance_PC90,205,8.440000,0.060840327,16418.664,false
SA_Energy_Dominance_PC90,205,8.652000,0.060642916,16677.200,false
SA_Energy_Dominance_PC90,205,8.520000,0.060707713,16677.200,false
SA_Energy_Dominance_PC90,205,8.596000,0.060651717,16819.455,false
SA_Energy_Dominance_PC90,205,8.480000,0.060749488,16819.455,false
SA_Energy_Dominance_PC90,205,8.782000,0.060607185,16813.372,false
SA_Energy_Dominance_PC90,205,8.846000,0.060558278,16786.705,false
SA_Energy_Dominance_PC90,205,8.882000,0.060263941,16710.839,false
SA_Energy_Dominance_PC90,205,9.024000,0.060195480,16768.953,false
SA_Energy_Dominance_PC90,205,9.138000,0.059944819,16667.980,false
SA_Energy_Dominance_PC90,205,9.088000,0.060087599,16795.417,false
SA_Energy_Dominance_PC90,205,9.162000,0.059884036,16672.432,false
SA_Energy_Dominance_PC90,205,9.186000,0.059735524,17109.978,false
SA_Energy_Dominance_PC90,205,9.304000,0.059648946,17015.754,false
SA_Energy_Dominance_PC90,205,9.450000,0.059605209,16944.741,false
SA_Energy_Dominance_PC90,205,9.550000,0.059494477,16944.741,false
SA_Energy_Dominance_PC90,205,9.480000,0.059536219,16916.592,false
SA_Energy_Dominance_PC90,205,9.678000,0.059451618,17162.867,false
SA_Energy_Dominance_PC90,205,9.904000,0.059337576,17283.096,false
SA_Energy_Dominance_PC90,205,9.968000,0.059329920,17310.083,false
SA_Energy_Dominance_PC90,205,9.984000,0.059261929,17506.916,false
SA_Energy_Dominance_PC90,205,10.042000,0.059207184,17231.448,false
SA_Energy_Dominance_PC90,205,10.126000,0.059178885,17128.102,false
SA_Energy_Dominance_PC90,205,10.190000,0.059136207,17111.565,false
SA_Energy_Dominance_PC90,205,10.336000,0.059107519,17114.036,false
SA_Energy_Dominance_PC90,205,10.424000,0.059029935,17391.825,false
SA_Energy_Dominance_PC90,205,10.514000,0.059025215,17391.825,false
SA_Energy_Dominance_PC90,205,10.536000,0.058835976,16483.948,false
SA_Energy_Dominance_PC90,205,10.614000,0.058683738,16669.972,false
SA_Energy_Dominance_PC90,205,10.868000,0.058629129,16667.743,false
SA_Energy_Dominance_PC90,205,11.108000,0.058491358,16761.800,false
SA_Energy_Dominance_PC90,205,11.196000,0.058369069,16475.452,false
SA_Energy_Dominance_PC90,205,10.872000,0.058539041,16421.900,false
SA_Energy_Dominance_PC90,205,11.292000,0.058187953,16538.821,false
SA_Energy_Dominance_PC90,205,11.306000,0.057917596,16293.028,false
SA_Energy_Dominance_PC90,205,11.396000,0.057869952,16349.877,false
SA_Energy_Dominance_PC90,205,11.504000,0.057755928,15967.069,false
SA_Energy_Dominance_PC90,205,11.676000,0.057626945,16067.700,false
SA_Energy_Dominance_PC90,205,11.728000,0.057558765,16183.272,false
SA_Energy_Dominance_PC90,205,11.784000,0.057455201,16324.114,false
SA_Energy_Dominance_PC90,205,11.868000,0.056674387,15068.583,false
SA_Energy_Dominance_PC90,205,12.082000,0.056357113,15117.298,false
SA_Energy_Dominance_PC90,205,12.204000,0.056291995,14834.895,false
SA_Energy_Dominance_PC90,205,12.488000,0.056186483,14343.953,false
SA_Energy_Dominance_PC90,205,12.372000,0.056234128,14398.840,false
SA_Energy_Dominance_PC90,205,11.870000,0.056460169,14347.294,false
SA_Energy_Dominance_PC90,205,12.580000,0.056180602,14325.575,false
SA_Energy_Dominance_PC90,205,12.664000,0.056126510,13943.483,false
SA_Energy_Dominance_PC90,205,12.752000,0.056124210,14135.994,false
SA_Energy_Dominance_PC90,205,12.836000,0.056119069,14122.179,false
SA_Energy_Dominance_PC90,205,13.092000,0.053606171,13487.791,false
SA_Energy_Dominance_PC90,205,12.934000,0.053616258,13531.316,false
SA_Energy_Dominance_PC90,205,12.920000,0.054423597,13208.744,false
SA_Energy_Dominance_PC90,205,13.182000,0.053597090,13387.409,false
SA_Energy_Dominance_PC90,205,13.286000,0.053593458,13119.560,false
SA_Energy_Dominance_PC90,205,13.380000,0.053588061,13446.916,false
SA_Energy_Dominance_PC90,205,13.504000,0.053565381,12963.123,false
SA_Energy_Dominance_PC90,205,13.656000,0.053551662,13294.595,false
SA_Energy_Dominance_PC90,205,13.972000,0.053534521,12945.417,false
SA_Energy_Dominance_PC90,205,13.774000,0.053541989,12798.788,false
SA_Energy_Dominance_PC90,206,5.316000,0.061557678,16515.420,false
SA_Energy_Dominance_PC90,206,5.256000,0.061599784,16348.590,false
SA_Energy_Dominance_PC90,206,5.332000,0.061547399,16515.420,false
SA_Energy_Dominance_PC90,206,5.334000,0.061536626,16515.420,false
SA_Energy_Dominance_PC90,206,5.280000,0.061557678,16682.250,false
SA_Energy_Dominance_PC90,206,5.032000,0.061788264,16743.074,false
SA_Energy_Dominance_PC90,206,5.012000,0.061827813,16805.984,false
SA_Energy_Dominance_PC90,206,5.004000,0.062013722,16479.668,false
SA_Energy_Dominance_PC90,206,4.830000,0.062376113,16626.033,false
SA_Energy_Dominance_PC90,206,4.860000,0.062363937,16538.030,false
SA_Energy_Dominance_PC90,206,4.902000,0.062337371,16761.237,false
SA_Energy_Dominance_PC90,206,4.904000,0.062284827,16546.814,false
SA_Energy_Dominance_PC90,206,4.908000,0.062274161,16595.911,false
SA_Energy_Dominance_PC90,206,4.810000,0.062652848,16801.822,false
SA_Energy_Dominance_PC90,206,4.758000,0.062843069,16837.367,false
SA_Energy_Dominance_PC90,206,4.520000,0.062891173,17666.930,false
SA_Energy_Dominance_PC90,206,4.392000,0.063036573,17604.875,false
SA_Energy_Dominance_PC90,206,4.390000,0.063102299,17482.315,false
SA_Energy_Dominance_PC90,206,5.244000,0.061659685,16588.871,false
SA_Energy_Dominance_PC90,206,5.206000,0.061741537,16596.894,false
SA_Energy_Dominance_PC90,206,5.160000,0.061765223,16450.644,false
SA_Energy_Dominance_PC90,206,5.196000,0.061756142,16481.524,false
SA_Energy_Dominance_PC90,206,6.508000,0.061366900,17140.397,false
SA_Energy_Dominance_PC90,206,6.584000,0.060180494,17587.922,false
SA_Energy_Dominance_PC90,206,6.536000,0.060274225,17595.945,false
SA_Energy_Dominance_PC90,206,6.558000,0.060184322,17622.670,false
SA_Energy_Dominance_PC90,206,6.620000,0.060161471,17459.187,false
SA_Energy_Dominance_PC90,206,6.640000,0.060076062,17563.625,false
SA_Energy_Dominance_PC90,206,6.702000,0.059980095,17598.448,false
SA_Energy_Dominance_PC90,206,6.684000,0.060022200,17598.448,false
SA_Energy_Dominance_PC90,206,6.754000,0.059980095,17543.562,false
SA_Energy_Dominance_PC90,206,6.824000,0.059959139,17514.669,false
SA_Energy_Dominance_PC90,206,6.886000,0.059944979,17469.085,false
SA_Energy_Dominance_PC90,206,6.936000,0.059944979,17428.519,false
SA_Energy_Dominance_PC90,206,7.018000,0.059937557,17359.659,false
SA_Energy_Dominance_PC90,206,7.072000,0.059907324,17027.830,false
SA_Energy_Dominance_PC90,206,7.078000,0.059859282,16986.402,false
SA_Energy_Dominance_PC90,206,7.200000,0.059827762,16931.648,false
SA_Energy_Dominance_PC90,206,7.290000,0.059807476,16897.145,false
SA_Energy_Dominance_PC90,206,7.446000,0.059749666,16796.312,false
SA_Energy_Dominance_PC90,206,7.562000,0.058400071,16881.208,false
SA_Energy_Dominance_PC90,206,7.518000,0.058414348,16888.062,false
SA_Energy_Dominance_PC90,206,7.604000,0.058374517,16766.275,false
SA_Energy_Dominance_PC90,206,7.512000,0.058466824,16839.180,false
SA_Energy_Dominance_PC90,206,7.482000,0.058664983,16757.830,false
SA_Energy_Dominance_PC90,206,7.680000,0.058338637,16908.768,false
SA_Energy_Dominance_PC90,206,7.836000,0.058335457,16691.456,false
SA_Energy_Dominance_PC90,206,7.854000,0.058285482,16558.045,false
SA_Energy_Dominance_PC90,206,7.960000,0.058256657,16160.462,false
SA_Energy_Dominance_PC90,206,8.108000,0.058250096,16275.670,false
SA_Energy_Dominance_PC90,206,8.188000,0.058238778,16275.670,false
SA_Energy_Dominance_PC90,206,7.896000,0.058264017,16232.761,false
SA_Energy_Dominance_PC90,206,8.240000,0.057468420,16998.558,false
SA_Energy_Dominance_PC90,206,8.208000,0.057568486,16964.055,false
SA_Energy_Dominance_PC90,206,8.388000,0.057444045,16469.792,false
SA_Energy_Dominance_PC90,206,8.480000,0.057230777,16548.432,false
SA_Energy_Dominance_PC90,206,8.400000,0.057270096,16497.143,false
SA_Energy_Dominance_PC90,206,8.496000,0.057078504,15957.121,false
SA_Energy_Dominance_PC90,206,8.800000,0.057034211,15849.269,false
SA_Energy_Dominance_PC90,206,8.956000,0.056993610,15429.556,false
SA_Energy_Dominance_PC90,206,8.908000,0.057020751,15434.964,false
SA_Energy_Dominance_PC90,206,9.104000,0.056976458,15439.477,false
SA_Energy_Dominance_PC90,206,9.298000,0.056938436,15541.406,false
SA_Energy_Dominance_PC90,206,9.348000,0.056934163,15599.118,false
SA_Energy_Dominance_PC90,206,9.516000,0.056906033,15564.525,false
SA_Energy_Dominance_PC90,206,9.588000,0.056897487,15541.979,false
SA_Energy_Dominance_PC90,206,9.706000,0.056856850,15454.166,false
SA_Energy_Dominance_PC90,206,9.760000,0.056842838,15408.087,false
SA_Energy_Dominance_PC90,206,9.836000,0.056840417,15408.087,false
SA_Energy_Dominance_PC90,206,9.918000,0.056821541,15218.673,false
SA_Energy_Dominance_PC90,206,9.996000,0.056810106,15106.012,false
SA_Energy_Dominance_PC90,206,10.054000,0.056574019,15421.999,false
SA_Energy_Dominance_PC90,206,10.150000,0.054094246,11896.890,false
SA_Energy_Dominance_PC90,206,10.202000,0.053899956,12203.047,false
SA_Energy_Dominance_PC90,206,10.280000,0.053885834,12242.305,false
SA_Energy_Dominance_PC90,207,5.338000,0.061529294,16515.420,false
SA_Energy_Dominance_PC90,207,5.352000,0.061492473,16515.420,false
SA_Energy_Dominance_PC90,207,5.314000,0.061534578,16387.721,false
SA_Energy_Dominance_PC90,207,5.168000,0.061539475,16991.569,false
SA_Energy_Dominance_PC90,207,5.122000,0.061576302,16929.971,false
SA_Energy_Dominance_PC90,207,5.074000,0.061580129,17188.538,false
SA_Energy_Dominance_PC90,207,5.068000,0.061621765,17137.249,false
SA_Energy_Dominance_PC90,207,5.056000,0.062002652,16799.090,false
SA_Energy_Dominance_PC90,207,4.990000,0.062017043,16859.899,false
SA_Energy_Dominance_PC90,207,4.778000,0.062111541,17144.117,false
SA_Energy_Dominance_PC90,207,4.728000,0.062347253,17120.356,false
SA_Energy_Dominance_PC90,207,6.618000,0.061016470,17393.890,false
SA_Energy_Dominance_PC90,207,6.794000,0.060489948,17513.872,false
SA_Energy_Dominance_PC90,207,6.888000,0.060414984,17626.407,false
SA_Energy_Dominance_PC90,207,6.896000,0.060392420,17639.882,false
SA_Energy_Dominance_PC90,207,6.964000,0.060370128,17654.621,false
SA_Energy_Dominance_PC90,207,6.990000,0.060359322,17638.877,false
SA_Energy_Dominance_PC90,207,7.060000,0.060329623,17654.807,false
SA_Energy_Dominance_PC90,207,7.092000,0.060308570,17678.574,false
SA_Energy_Dominance_PC90,207,7.170000,0.060302922,17428.527,false
SA_Energy_Dominance_PC90,207,7.394000,0.059901026,17240.162,false
SA_Energy_Dominance_PC90,207,7.424000,0.059889541,17528.156,false
SA_Energy_Dominance_PC90,207,7.226000,0.059902292,17668.182,false
SA_Energy_Dominance_PC90,207,7.430000,0.059764851,17668.182,false
SA_Energy_Dominance_PC90,207,7.442000,0.059670876,17670.811,false
SA_Energy_Dominance_PC90,207,7.478000,0.059640034,17663.967,false
SA_Energy_Dominance_PC90,207,7.740000,0.059516905,17461.755,false
SA_Energy_Dominance_PC90,207,7.762000,0.059466100,17557.150,false
SA_Energy_Dominance_PC90,207,7.636000,0.059557852,17552.983,false
SA_Energy_Dominance_PC90,207,7.540000,0.059601666,17552.983,false
SA_Energy_Dominance_PC90,207,7.798000,0.059377916,17513.614,false
SA_Energy_Dominance_PC90,207,7.830000,0.059357511,17513.614,false
SA_Energy_Dominance_PC90,207,7.902000,0.058512293,17602.709,false
SA_Energy_Dominance_PC90,207,7.874000,0.058590368,17551.324,false
SA_Energy_Dominance_PC90,207,8.044000,0.058485105,17427.760,false
SA_Energy_Dominance_PC90,207,8.200000,0.058436599,17427.760,false
SA_Energy_Dominance_PC90,207,8.312000,0.058432326,17420.406,false
SA_Energy_Dominance_PC90,207,8.462000,0.058353057,17243.368,false
SA_Energy_Dominance_PC90,207,8.572000,0.058258071,17373.955,false
SA_Energy_Dominance_PC90,207,8.626000,0.058223085,17379.363,false
SA_Energy_Dominance_PC90,207,8.712000,0.058194688,17409.481,false
SA_Energy_Dominance_PC90,207,8.886000,0.058173974,17391.896,false
SA_Energy_Dominance_PC90,207,8.914000,0.058111187,17243.552,false
SA_Energy_Dominance_PC90,207,8.994000,0.058079820,17248.065,false
SA_Energy_Dominance_PC90,207,9.052000,0.058070291,17226.716,false
SA_Energy_Dominance_PC90,207,9.372000,0.058064943,17235.786,false
SA_Energy_Dominance_PC90,207,9.550000,0.057767201,17492.753,false
SA_Energy_Dominance_PC90,207,9.378000,0.057803233,17620.203,false
SA_Energy_Dominance_PC90,207,9.486000,0.057781220,17617.232,false
SA_Energy_Dominance_PC90,207,9.780000,0.057682329,17396.728,false
SA_Energy_Dominance_PC90,207,9.682000,0.057696048,17440.998,false
SA_Energy_Dominance_PC90,207,9.844000,0.057630525,17088.110,false
SA_Energy_Dominance_PC90,207,9.920000,0.057523871,16644.877,false
SA_Energy_Dominance_PC90,207,10.090000,0.057290793,16621.965,false
SA_Energy_Dominance_PC90,207,9.982000,0.057365427,16621.965,false
SA_Energy_Dominance_PC90,207,10.190000,0.057270388,16519.428,false
SA_Energy_Dominance_PC90,207,10.400000,0.057240609,16386.686,false
SA_Energy_Dominance_PC90,207,10.468000,0.057225486,16362.786,false
SA_Energy_Dominance_PC90,207,10.628000,0.057204786,16247.214,false
SA_Energy_Dominance_PC90,207,10.722000,0.056952978,15989.622,false
SA_Energy_Dominance_PC90,207,10.710000,0.057092900,15778.522,false
SA_Energy_Dominance_PC90,207,10.906000,0.056904040,15952.844,false
SA_Energy_Dominance_PC90,207,11.006000,0.056568399,16543.051,false
SA_Energy_Dominance_PC90,207,11.346000,0.056542518,16261.191,false
SA_Energy_Dominance_PC90,207,11.460000,0.056443612,16189.788,false
SA_Energy_Dominance_PC90,207,11.576000,0.056417032,16054.122,false
SA_Energy_Dominance_PC90,207,11.666000,0.056012998,16408.033,false
SA_Energy_Dominance_PC90,207,11.776000,0.056002470,16430.954,false
SA_Energy_Dominance_PC90,207,11.862000,0.055771323,16001.962,false
SA_Energy_Dominance_PC90,207,11.954000,0.055418359,15227.247,false
SA_Energy_Dominance_PC90,207,12.252000,0.055273567,14814.056,false
SA_Energy_Dominance_PC90,207,12.400000,0.055265338,14792.707,false
SA_Energy_Dominance_PC90,207,12.158000,0.055384096,14963.065,false
SA_Energy_Dominance_PC90,207,12.640000,0.055265338,14834.741,false
SA_Energy_Dominance_PC90,207,12.812000,0.055190845,15299.682,false
SA_Energy_Dominance_PC90,207,13.028000,0.055116218,15241.664,false
SA_Energy_Dominance_PC90,207,12.918000,0.055128665,15241.664,false
SA_Energy_Dominance_PC90,207,13.084000,0.054991484,14851.677,false
SA_Energy_Dominance_PC90,207,13.448000,0.054869983,14859.700,false
SA_Energy_Dominance_PC90,207,13.190000,0.054891634,14834.479,false
SA_Energy_Dominance_PC90,207,13.328000,0.054869983,14885.115,false
SA_Energy_Dominance_PC90,207,13.828000,0.052552096,12582.010,false
SA_Energy_Dominance_PC90,207,13.664000,0.052563018,12749.876,false
SA_Energy_Dominance_PC90,207,13.476000,0.053203428,12749.876,false
SA_Energy_Dominance_PC90,207,13.922000,0.052552096,12472.664,false
SA_Energy_Dominance_PC90,207,14.118000,0.052551008,12464.072,false
SA_Energy_Dominance_PC90,207,13.640000,0.052797419,13068.659,false
SA_Energy_Dominance_PC90,208,5.336000,0.061529294,16515.420,false
SA_Energy_Dominance_PC90,208,5.338000,0.061528756,16399.848,false
SA_Energy_Dominance_PC90,208,5.324000,0.061538019,16515.420,false
SA_Energy_Dominance_PC90,208,5.206000,0.061550687,16870.851,false
SA_Energy_Dominance_PC90,208,4.992000,0.061656465,16906.022,false
SA_Energy_Dominance_PC90,208,4.994000,0.061620557,17009.196,false
SA_Energy_Dominance_PC90,208,4.906000,0.061827992,16916.944,false
SA_Energy_Dominance_PC90,208,4.848000,0.061841784,17196.584,false
SA_Energy_Dominance_PC90,208,4.828000,0.061940147,17513.248,false
SA_Energy_Dominance_PC90,208,4.806000,0.061968531,17310.373,false
SA_Energy_Dominance_PC90,208,4.782000,0.062010637,17310.373,false
SA_Energy_Dominance_PC90,208,4.796000,0.061986454,17125.352,false
SA_Energy_Dominance_PC90,208,4.738000,0.062064177,17083.635,false
SA_Energy_Dominance_PC90,208,5.198000,0.061601530,16772.368,false
SA_Energy_Dominance_PC90,208,4.520000,0.062078916,17496.648,false
SA_Energy_Dominance_PC90,208,4.510000,0.062192152,17496.648,false
SA_Energy_Dominance_PC90,208,8.058000,0.061477776,17660.595,false
SA_Energy_Dominance_PC90,208,8.042000,0.061498829,17652.216,false
SA_Energy_Dominance_PC90,208,8.170000,0.061242301,17476.112,false
SA_Energy_Dominance_PC90,208,8.166000,0.061262687,17476.112,false
SA_Energy_Dominance_PC90,208,8.162000,0.061277811,17476.112,false
SA_Energy_Dominance_PC90,208,8.062000,0.061300074,17476.112,false
SA_Energy_Dominance_PC90,208,8.200000,0.061197464,17468.089,false
SA_Energy_Dominance_PC90,208,8.244000,0.061188287,17411.883,false
SA_Energy_Dominance_PC90,208,8.288000,0.061166486,17156.654,false
SA_Energy_Dominance_PC90,208,8.334000,0.061112782,17641.947,false
SA_Energy_Dominance_PC90,208,8.384000,0.061076782,17644.683,false
SA_Energy_Dominance_PC90,208,8.392000,0.061019150,17483.430,false
SA_Energy_Dominance_PC90,208,8.432000,0.061009913,17382.718,false
SA_Energy_Dominance_PC90,208,8.490000,0.060802219,17628.801,false
SA_Energy_Dominance_PC90,208,8.548000,0.060735780,17577.512,false
SA_Energy_Dominance_PC90,208,8.750000,0.060692417,17559.093,false
SA_Energy_Dominance_PC90,208,8.810000,0.060679076,17504.206,false
SA_Energy_Dominance_PC90,208,8.824000,0.060651834,17300.162,false
SA_Energy_Dominance_PC90,208,8.870000,0.060627455,17317.052,false
SA_Energy_Dominance_PC90,208,8.932000,0.060114330,17587.018,false
SA_Energy_Dominance_PC90,208,9.096000,0.060050082,17534.110,false
SA_Energy_Dominance_PC90,208,8.986000,0.060085137,17515.994,false
SA_Energy_Dominance_PC90,208,9.138000,0.059951352,17583.940,false
SA_Energy_Dominance_PC90,208,9.304000,0.059915266,17523.536,false
SA_Energy_Dominance_PC90,208,9.466000,0.059845964,17523.536,false
SA_Energy_Dominance_PC90,208,9.542000,0.059785729,17625.782,false
SA_Energy_Dominance_PC90,208,9.586000,0.059691878,17629.293,false
SA_Energy_Dominance_PC90,208,9.734000,0.059682279,17629.293,false
SA_Energy_Dominance_PC90,208,9.570000,0.059742514,17629.293,false
SA_Energy_Dominance_PC90,208,9.816000,0.059682187,17613.549,false
SA_Energy_Dominance_PC90,208,9.888000,0.059596804,17569.642,false
SA_Energy_Dominance_PC90,208,10.052000,0.059583698,17401.347,false
SA_Energy_Dominance_PC90,208,10.086000,0.059533899,17495.144,false
SA_Energy_Dominance_PC90,208,10.188000,0.059196055,17463.330,false
SA_Energy_Dominance_PC90,208,10.184000,0.059251088,17419.424,false
SA_Energy_Dominance_PC90,208,10.252000,0.059133151,17440.773,false
SA_Energy_Dominance_PC90,208,10.284000,0.059055364,17317.917,false
SA_Energy_Dominance_PC90,208,10.726000,0.058459285,17630.789,false
SA_Energy_Dominance_PC90,208,10.296000,0.058606523,17533.057,false
SA_Energy_Dominance_PC90,208,10.822000,0.058322014,17527.649,false
SA_Energy_Dominance_PC90,208,10.650000,0.058527043,17469.271,false
SA_Energy_Dominance_PC90,208,10.970000,0.058255747,17276.111,false
SA_Energy_Dominance_PC90,208,10.946000,0.058297853,17276.111,false
SA_Energy_Dominance_PC90,208,11.082000,0.058191601,17353.089,false
SA_Energy_Dominance_PC90,208,10.994000,0.058212987,17353.089,false
SA_Energy_Dominance_PC90,208,11.094000,0.058005425,16740.963,false
SA_Energy_Dominance_PC90,208,11.230000,0.057931158,16740.963,false
SA_Energy_Dominance_PC90,208,11.312000,0.057620926,16684.971,false
SA_Energy_Dominance_PC90,208,11.256000,0.057789348,16684.971,false
SA_Energy_Dominance_PC90,208,11.454000,0.057604687,16626.612,false
SA_Energy_Dominance_PC90,208,11.310000,0.057718353,16626.612,false
SA_Energy_Dominance_PC90,208,11.592000,0.057593899,16626.612,false
SA_Energy_Dominance_PC90,208,11.692000,0.057572847,16570.982,false
SA_Energy_Dominance_PC90,208,11.770000,0.057529245,16751.695,false
SA_Energy_Dominance_PC90,208,11.926000,0.057521622,16777.557,false
SA_Energy_Dominance_PC90,208,12.044000,0.057521622,16709.615,false
SA_Energy_Dominance_PC90,208,12.078000,0.057457955,16420.379,false
SA_Energy_Dominance_PC90,208,12.298000,0.057393673,16667.576,false
SA_Energy_Dominance_PC90,208,12.376000,0.057293660,16997.439,false
SA_Energy_Dominance_PC90,208,12.462000,0.057280897,16750.218,false
SA_Energy_Dominance_PC90,208,12.698000,0.057052244,16120.273,false
SA_Energy_Dominance_PC90,208,12.588000,0.057058297,16120.273,false
SA_Energy_Dominance_PC90,208,12.494000,0.057170269,16120.273,false
SA_Energy_Dominance_PC90,208,12.834000,0.057037551,16120.273,false
SA_Energy_Dominance_PC90,208,12.992000,0.056573461,15317.094,false
SA_Energy_Dominance_PC90,208,12.882000,0.056669463,15461.590,false
SA_Energy_Dominance_PC90,208,13.114000,0.056549434,15216.261,false
SA_Energy_Dominance_PC90,208,13.186000,0.056490051,15148.124,false
SA_Energy_Dominance_PC90,208,13.286000,0.056484524,14805.897,false
SA_Energy_Dominance_PC90,208,13.392000,0.056329636,14718.319,false
SA_Energy_Dominance_PC90,208,13.496000,0.056318969,14300.185,false
SA_Energy_Dominance_PC90,208,13.640000,0.056307535,14323.952,false
SA_Energy_Dominance_PC90,208,13.700000,0.055960803,14653.647,false
SA_Energy_Dominance_PC90,208,13.708000,0.055771995,14503.493,false
SA_Energy_Dominance_PC90,208,13.844000,0.055768436,14569.336,false
SA_Energy_Dominance_PC90,208,14.064000,0.055742664,14591.563,false
SA_Energy_Dominance_PC90,208,14.172000,0.055734766,14785.772,false
SA_Energy_Dominance_PC90,208,14.426000,0.055732018,14425.070,false
SA_Energy_Dominance_PC90,208,14.638000,0.055620927,14760.564,false
SA_Energy_Dominance_PC90,208,14.768000,0.055584478,14760.564,false
SA_Energy_Dominance_PC90,208,14.874000,0.055579074,14757.332,false
SA_Energy_Dominance_PC90,208,14.998000,0.055574598,14806.429,false
SA_Energy_Dominance_PC90,208,15.140000,0.055551692,14899.433,false
SA_Energy_Dominance_PC90,208,15.254000,0.055525674,14899.433,false
SA_Energy_Dominance_PC90,208,15.492000,0.055400054,14175.755,false
SA_Energy_Dominance_PC90,208,15.334000,0.055406916,14302.646,false
SA_Energy_Dominance_PC90,208,15.640000,0.055374123,14281.297,false
SA_Energy_Dominance_PC90,208,15.754000,0.055350933,14474.340,false
SA_Energy_Dominance_PC90,208,16.034000,0.055350933,14489.822,false
SA_Energy_Dominance_PC90,208,16.208000,0.055341463,14561.040,false
SA_Energy_Dominance_PC90,208,16.330000,0.055284352,14715.521,false
SA_Energy_Dominance_PC90,208,16.478000,0.055201617,14686.615,false
SA_Energy_Dominance_PC90,208,16.796000,0.054274057,13279.231,false
SA_Energy_Dominance_PC90,208,17.044000,0.052633171,12458.446,false
SA_Energy_Dominance_PC90,208,17.148000,0.052360663,11830.971,false
SA_Energy_Dominance_PC90,208,17.102000,0.052517572,12018.437,false
SA_Energy_Dominance_PC90,208,17.340000,0.052343117,11914.772,false
SA_Energy_Dominance_PC90,208,17.510000,0.052328365,12202.767,false
SA_Energy_Dominance_PC90,208,17.754000,0.052272291,12148.822,false
SA_Energy_Dominance_PC90,209,5.322000,0.061533099,16515.420,false
SA_Energy_Dominance_PC90,209,4.692000,0.061776190,17238.893,false
SA_Energy_Dominance_PC90,209,4.628000,0.061853262,17238.893,false
SA_Energy_Dominance_PC90,209,4.618000,0.061976999,17429.744,false
SA_Energy_Dominance_PC90,209,4.602000,0.062058619,17511.040,false
SA_Energy_Dominance_PC90,209,4.600000,0.062074909,17511.040,false
SA_Energy_Dominance_PC90,209,4.594000,0.062100928,17578.072,false
SA_Energy_Dominance_PC90,209,4.760000,0.061588450,17627.241,false
SA_Energy_Dominance_PC90,209,4.740000,0.061658469,17617.460,false
SA_Energy_Dominance_PC90,209,4.896000,0.061556430,17499.040,false
SA_Energy_Dominance_PC90,209,4.878000,0.061563295,17549.547,false
SA_Energy_Dominance_PC90,209,5.552000,0.061419057,17376.028,false
SA_Energy_Dominance_PC90,209,5.818000,0.061003024,16978.095,false
SA_Energy_Dominance_PC90,209,5.766000,0.061036840,16891.563,false
SA_Energy_Dominance_PC90,209,5.760000,0.061092042,17013.520,false
SA_Energy_Dominance_PC90,209,5.746000,0.061110331,17127.555,false
SA_Energy_Dominance_PC90,209,5.678000,0.061117779,17127.555,false
SA_Energy_Dominance_PC90,209,5.618000,0.061171407,16978.345,false
SA_Energy_Dominance_PC90,209,5.642000,0.061154585,16954.578,false
SA_Energy_Dominance_PC90,209,5.598000,0.061292545,17080.163,false
SA_Energy_Dominance_PC90,209,5.604000,0.061193356,17081.574,false
SA_Energy_Dominance_PC90,209,5.872000,0.060977413,17427.989,false
SA_Energy_Dominance_PC90,209,5.880000,0.060507812,17186.345,false
SA_Energy_Dominance_PC90,209,5.912000,0.060156630,17524.579,false
SA_Energy_Dominance_PC90,209,5.930000,0.060127416,17524.579,false
SA_Energy_Dominance_PC90,209,6.002000,0.060083243,17452.537,false
SA_Energy_Dominance_PC90,209,5.992000,0.060121710,17452.537,false
SA_Energy_Dominance_PC90,209,5.886000,0.060263758,17425.812,false
SA_Energy_Dominance_PC90,209,6.026000,0.060081033,17048.737,false
SA_Energy_Dominance_PC90,209,6.038000,0.060046683,16909.141,false
SA_Energy_Dominance_PC90,209,6.078000,0.060043331,16909.141,false
SA_Energy_Dominance_PC90,209,6.088000,0.060022278,16909.141,false
SA_Energy_Dominance_PC90,209,6.314000,0.059930105,17197.391,false
SA_Energy_Dominance_PC90,209,6.794000,0.059513669,17408.392,false
SA_Energy_Dominance_PC90,209,6.682000,0.059676894,17280.954,false
SA_Energy_Dominance_PC90,209,6.908000,0.059004976,17571.533,false
SA_Energy_Dominance_PC90,209,6.878000,0.059050849,17571.533,false
SA_Energy_Dominance_PC90,209,6.822000,0.059231635,17571.533,false
SA_Energy_Dominance_PC90,209,7.020000,0.058649849,17074.015,false
SA_Energy_Dominance_PC90,209,6.916000,0.058666978,17074.015,false
SA_Energy_Dominance_PC90,209,6.966000,0.058653114,17074.015,false
SA_Energy_Dominance_PC90,209,7.056000,0.058636252,17132.151,false
SA_Energy_Dominance_PC90,209,7.126000,0.058628434,17130.183,false
SA_Energy_Dominance_PC90,209,7.174000,0.058617767,17142.772,false
SA_Energy_Dominance_PC90,209,7.388000,0.058592682,16914.996,false
SA_Energy_Dominance_PC90,209,7.424000,0.058550770,16964.093,false
SA_Energy_Dominance_PC90,209,7.326000,0.058599785,17148.851,false
SA_Energy_Dominance_PC90,209,7.472000,0.058545156,17357.983,false
SA_Energy_Dominance_PC90,209,7.530000,0.058520765,17569.083,false
SA_Energy_Dominance_PC90,209,7.750000,0.058473793,17606.002,false
SA_Energy_Dominance_PC90,209,7.690000,0.058494846,17606.002,false
SA_Energy_Dominance_PC90,209,8.032000,0.058439698,17457.571,false
SA_Energy_Dominance_PC90,209,8.118000,0.058398740,17295.568,false
SA_Energy_Dominance_PC90,209,8.144000,0.058356634,17295.568,false
SA_Energy_Dominance_PC90,209,8.204000,0.058304718,17303.591,false
SA_Energy_Dominance_PC90,209,8.274000,0.058281699,17303.591,false
SA_Energy_Dominance_PC90,209,8.298000,0.058221268,17107.340,false
SA_Energy_Dominance_PC90,209,8.684000,0.057985841,16681.126,false
SA_Energy_Dominance_PC90,209,8.564000,0.058009152,16598.995,false
SA_Energy_Dominance_PC90,209,8.736000,0.057982282,16552.526,false
SA_Energy_Dominance_PC90,209,8.834000,0.057978133,16491.150,false
SA_Energy_Dominance_PC90,209,9.178000,0.057418570,16362.917,false
SA_Energy_Dominance_PC90,209,9.226000,0.057316493,16640.241,false
SA_Energy_Dominance_PC90,209,9.304000,0.057248465,16541.441,false
SA_Energy_Dominance_PC90,209,9.410000,0.057069024,16068.434,false
SA_Energy_Dominance_PC90,209,9.344000,0.057101790,16070.664,false
SA_Energy_Dominance_PC90,209,8.946000,0.057431651,16051.192,false
SA_Energy_Dominance_PC90,209,9.490000,0.056946571,16382.111,false
SA_Energy_Dominance_PC90,209,9.414000,0.056969882,16393.092,false
SA_Energy_Dominance_PC90,209,9.542000,0.056937619,16313.685,false
SA_Energy_Dominance_PC90,209,9.652000,0.056909404,16317.533,false
SA_Energy_Dominance_PC90,209,9.894000,0.056900903,16115.862,false
SA_Energy_Dominance_PC90,209,10.142000,0.056837930,16111.999,false
SA_Energy_Dominance_PC90,209,10.294000,0.056764742,16057.245,false
SA_Energy_Dominance_PC90,209,10.360000,0.056733720,16138.067,false
SA_Energy_Dominance_PC90,209,10.190000,0.056783049,16138.067,false
SA_Energy_Dominance_PC90,209,10.430000,0.056725491,16189.004,false
SA_Energy_Dominance_PC90,209,10.520000,0.056722172,16133.477,false
SA_Energy_Dominance_PC90,209,10.684000,0.056673711,15921.164,false
SA_Energy_Dominance_PC90,209,11.056000,0.056668154,15834.224,false
SA_Energy_Dominance_PC90,209,11.194000,0.056045950,15408.692,false
SA_Energy_Dominance_PC90,209,11.094000,0.056136396,15513.277,false
SA_Energy_Dominance_PC90,209,11.180000,0.056127903,15530.318,false
SA_Energy_Dominance_PC90,209,11.324000,0.055988385,15520.012,false
SA_Energy_Dominance_PC90,209,11.444000,0.055944092,15520.012,false
SA_Energy_Dominance_PC90,209,11.500000,0.055863350,15758.391,false
SA_Energy_Dominance_PC90,209,11.708000,0.055816298,15755.718,false
SA_Energy_Dominance_PC90,209,11.870000,0.055570396,15596.143,false
SA_Energy_Dominance_PC90,209,11.958000,0.055547156,15471.684,false
SA_Energy_Dominance_PC90,209,11.774000,0.055743192,15471.684,false
SA_Energy_Dominance_PC90,209,11.814000,0.055660737,15413.235,false
SA_Energy_Dominance_PC90,209,12.316000,0.055439620,15305.324,false
SA_Energy_Dominance_PC90,209,12.088000,0.055467835,15305.324,false
SA_Energy_Dominance_PC90,209,12.400000,0.055434576,15352.464,false
SA_Energy_Dominance_PC90,209,12.462000,0.055366752,15476.500,false
SA_Energy_Dominance_PC90,209,12.626000,0.055077281,15698.424,false
SA_Energy_Dominance_PC90,209,12.712000,0.055066197,15404.407,false
SA_Energy_Dominance_PC90,209,12.464000,0.055163935,15548.903,false
SA_Energy_Dominance_PC90,209,12.950000,0.055001666,15286.455,false
SA_Energy_Dominance_PC90,209,12.814000,0.055008562,15354.806,false
SA_Energy_Dominance_PC90,209,13.132000,0.054957472,15975.401,false
SA_Energy_Dominance_PC90,209,13.314000,0.052615258,13458.673,false
SA_Energy_Dominance_PC90,209,13.334000,0.052394017,13149.163,false
SA_Energy_Dominance_PC90,209,13.436000,0.052375235,13736.240,false
SA_Energy_Dominance_PC90,209,13.642000,0.052369989,13836.952,false
SA_Energy_Dominance_PC90,209,13.138000,0.052761538,13407.142,false
SA_Energy_Dominance_PC90,209,13.280000,0.052718263,13431.674,false
SA_Energy_Dominance_PC90,209,13.542000,0.052369989,13374.714,false
NSGA-II_PC90,200,4.782000,0.055664119,16289.139,false
NSGA-II_PC90,200,3.406000,0.057897056,16697.058,false
NSGA-II_PC90,200,3.556000,0.057625314,16713.081,false
NSGA-II_PC90,200,6.008000,0.055020384,16075.915,false
NSGA-II_PC90,200,3.654000,0.057186091,16435.037,false
NSGA-II_PC90,200,2.994000,0.062726389,17607.700,false
NSGA-II_PC90,200,3.620000,0.057389442,16566.507,false
NSGA-II_PC90,200,3.806000,0.056985986,16059.408,false
NSGA-II_PC90,200,4.640000,0.055743729,15936.866,false
NSGA-II_PC90,200,6.074000,0.054973649,15876.413,false
NSGA-II_PC90,200,3.902000,0.056584382,16462.184,false
NSGA-II_PC90,200,3.878000,0.056858362,16305.625,false
NSGA-II_PC90,200,4.680000,0.055680074,16092.998,false
NSGA-II_PC90,200,3.278000,0.058213153,16663.369,false
NSGA-II_PC90,200,4.276000,0.056094845,16164.264,false
NSGA-II_PC90,200,4.164000,0.056331042,16491.225,false
NSGA-II_PC90,200,5.390000,0.055179923,16421.618,false
NSGA-II_PC90,200,4.346000,0.056047921,16882.223,false
NSGA-II_PC90,200,3.074000,0.058760608,16983.139,false
NSGA-II_PC90,200,4.730000,0.055670439,15692.472,false
NSGA-II_PC90,200,5.480000,0.055150436,16160.584,false
NSGA-II_PC90,200,5.854000,0.055097850,15993.168,false
NSGA-II_PC90,200,3.134000,0.058468393,16531.459,false
NSGA-II_PC90,200,3.744000,0.057167404,16115.438,false
NSGA-II_PC90,200,5.966000,0.055029487,16286.255,false
NSGA-II_PC90,200,4.856000,0.055379853,16076.188,false
NSGA-II_PC90,200,5.930000,0.055038933,15978.609,false
NSGA-II_PC90,200,4.382000,0.055928197,16224.413,false
NSGA-II_PC90,200,4.500000,0.055780818,15368.842,false
NSGA-II_PC90,200,3.510000,0.057775968,16376.147,false
NSGA-II_PC90,200,5.116000,0.055183477,15912.461,false
NSGA-II_PC90,200,4.212000,0.056259486,16563.033,false
NSGA-II_PC90,200,3.016000,0.062609181,17078.368,false
NSGA-II_PC90,200,3.608000,0.057552813,17203.810,false
NSGA-II_PC90,200,5.748000,0.055108458,15499.489,false
NSGA-II_PC90,200,4.890000,0.055367940,15781.333,false
NSGA-II_PC90,200,4.084000,0.056352855,16444.457,false
NSGA-II_PC90,200,6.156000,0.054916048,15914.713,false
NSGA-II_PC90,200,4.220000,0.056171499,16854.932,false
NSGA-II_PC90,200,3.026000,0.062141640,17373.695,false
NSGA-II_PC90,200,3.350000,0.058100609,17323.982,false
NSGA-II_PC90,200,2.976000,0.063025892,17663.898,false
NSGA-II_PC90,200,5.016000,0.055257868,16009.053,false
NSGA-II_PC90,200,3.396000,0.058028632,16505.463,false
NSGA-II_PC90,200,3.930000,0.056464760,16976.923,false
NSGA-II_PC90,201,3.020000,0.062752219,17646.147,false
NSGA-II_PC90,201,3.040000,0.062499996,17288.492,false
NSGA-II_PC90,201,3.158000,0.062158226,17622.420,false
NSGA-II_PC90,201,3.070000,0.062446611,17085.552,false
NSGA-II_PC90,201,3.472000,0.058322792,17450.159,false
NSGA-II_PC90,201,3.352000,0.059430199,16988.716,false
NSGA-II_PC90,201,3.010000,0.062963407,17642.992,false
NSGA-II_PC90,201,3.716000,0.057457018,17423.884,false
NSGA-II_PC90,201,3.198000,0.062134393,17135.056,false
NSGA-II_PC90,201,3.656000,0.057669354,16876.437,false
NSGA-II_PC90,201,3.502000,0.058294493,16814.656,false
NSGA-II_PC90,201,4.232000,0.056233610,16739.137,false
NSGA-II_PC90,201,3.298000,0.059529628,17084.027,false
NSGA-II_PC90,201,3.380000,0.058550049,16906.700,false
NSGA-II_PC90,201,4.042000,0.056601704,16402.575,false
NSGA-II_PC90,201,5.150000,0.055668563,15648.753,false
NSGA-II_PC90,201,4.326000,0.056117779,16246.473,false
NSGA-II_PC90,201,3.564000,0.058068040,16361.214,false
NSGA-II_PC90,201,3.544000,0.058179146,16840.275,false
NSGA-II_PC90,201,3.326000,0.059512858,16942.633,false
NSGA-II_PC90,201,4.020000,0.056896242,16864.212,false
NSGA-II_PC90,201,3.742000,0.057238894,17203.803,false
NSGA-II_PC90,201,4.158000,0.056419161,16112.409,false
NSGA-II_PC90,201,3.954000,0.056947207,16352.997,false
NSGA-II_PC90,201,3.980000,0.056918798,16717.143,false
NSGA-II_PC90,201,4.148000,0.056545110,16736.608,false
NSGA-II_PC90,201,5.162000,0.055567556,15656.776,false
NSGA-II_PC90,201,3.224000,0.059584806,17171.131,false
NSGA-II_PC90,201,4.996000,0.055742950,16239.218,false
NSGA-II_PC90,201,4.288000,0.056202276,16542.463,false
NSGA-II_PC90,201,3.450000,0.058338789,17007.183,false
NSGA-II_PC90,201,3.422000,0.058401625,16836.478,false
NSGA-II_PC90,201,4.448000,0.056021358,16270.046,false
NSGA-II_PC90,201,3.580000,0.057834454,17513.947,false
NSGA-II_PC90,201,3.800000,0.057165562,17598.554,false
NSGA-II_PC90,201,3.096000,0.062243415,17496.096,false
NSGA-II_PC90,201,4.744000,0.055792070,16035.495,false
NSGA-II_PC90,201,3.730000,0.057366641,17582.028,false
NSGA-II_PC90,201,5.058000,0.055732559,15741.997,false
NSGA-II_PC90,202,3.152000,0.058225581,16992.911,false
NSGA-II_PC90,202,3.800000,0.056833966,16035.862,false
NSGA-II_PC90,202,3.170000,0.058164437,17069.510,false
NSGA-II_PC90,202,2.910000,0.062681470,17589.901,false
NSGA-II_PC90,202,4.050000,0.056533365,15473.681,false
NSGA-II_PC90,202,3.276000,0.057822362,16279.105,false
NSGA-II_PC90,202,3.242000,0.057866135,16899.024,false
NSGA-II_PC90,202,3.624000,0.057050805,16765.383,false
NSGA-II_PC90,202,3.424000,0.057388798,15966.403,false
NSGA-II_PC90,202,3.560000,0.057229908,16177.256,false
NSGA-II_PC90,202,3.116000,0.058272256,16615.396,false
NSGA-II_PC90,202,4.032000,0.056578878,15674.489,false
NSGA-II_PC90,202,3.736000,0.056850765,16172.759,false
NSGA-II_PC90,202,3.890000,0.056633356,15703.003,false
NSGA-II_PC90,202,3.716000,0.056874020,15670.213,false
NSGA-II_PC90,202,3.442000,0.057250619,16146.598,false
NSGA-II_PC90,202,3.802000,0.056767029,15797.119,false
NSGA-II_PC90,202,3.598000,0.057111447,15513.603,false
NSGA-II_PC90,202,3.336000,0.057691361,16596.667,false
NSGA-II_PC90,202,2.970000,0.059939356,17681.310,false
NSGA-II_PC90,202,3.208000,0.057993411,16893.022,false
NSGA-II_PC90,202,3.110000,0.058516619,16918.273,false
NSGA-II_PC90,202,3.320000,0.057805949,17108.577,false
NSGA-II_PC90,202,3.096000,0.059160902,16854.091,false
NSGA-II_PC90,202,2.934000,0.062508460,17538.134,false
NSGA-II_PC90,202,3.960000,0.056630389,15733.923,false
NSGA-II_PC90,202,3.650000,0.057045247,16604.923,false
NSGA-II_PC90,202,2.886000,0.062719662,17627.451,false
NSGA-II_PC90,202,4.308000,0.056403066,15358.792,false
NSGA-II_PC90,202,3.888000,0.056727172,16198.693,false
NSGA-II_PC90,202,3.906000,0.056632086,15774.134,false
NSGA-II_PC90,202,3.344000,0.057582636,17024.619,false
NSGA-II_PC90,202,3.016000,0.059473174,16939.922,false
NSGA-II_PC90,202,3.388000,0.057469829,15797.188,false
NSGA-II_PC90,202,4.122000,0.056528115,16086.096,false
NSGA-II_PC90,202,3.036000,0.059432592,17023.758,false
NSGA-II_PC90,202,3.578000,0.057144505,15752.233,false
NSGA-II_PC90,202,3.304000,0.057816384,16420.506,false
NSGA-II_PC90,202,4.226000,0.056495192,15624.359,false
NSGA-II_PC90,202,3.076000,0.059217868,17215.928,false
NSGA-II_PC90,203,3.168000,0.058755784,17580.565,false
NSGA-II_PC90,203,3.240000,0.058551101,17022.273,false
NSGA-II_PC90,203,4.470000,0.055647712,15627.569,false
NSGA-II_PC90,203,3.074000,0.062646929,17495.386,false
NSGA-II_PC90,203,3.602000,0.056840998,16860.862,false
NSGA-II_PC90,203,3.370000,0.057490034,17217.491,false
NSGA-II_PC90,203,3.510000,0.057238562,17235.498,false
NSGA-II_PC90,203,4.152000,0.055900415,16389.019,false
NSGA-II_PC90,203,4.244000,0.055892206,17240.503,false
NSGA-II_PC90,203,3.514000,0.057148231,17066.448,false
NSGA-II_PC90,203,4.320000,0.055789182,16156.422,false
NSGA-II_PC90,203,3.528000,0.057061024,16671.458,false
NSGA-II_PC90,203,4.878000,0.055433908,15461.185,false
NSGA-II_PC90,203,3.656000,0.056788934,17046.966,false
NSGA-II_PC90,203,5.276000,0.055264142,16267.117,false
NSGA-II_PC90,203,3.134000,0.058959453,16840.406,false
NSGA-II_PC90,203,3.078000,0.062376233,17495.386,false
NSGA-II_PC90,203,3.362000,0.057590784,17107.607,false
NSGA-II_PC90,203,4.098000,0.055928556,16322.883,false
NSGA-II_PC90,203,4.576000,0.055435687,16557.521,false
NSGA-II_PC90,203,4.032000,0.056036295,16255.803,false
NSGA-II_PC90,203,5.992000,0.054601266,16003.729,false
NSGA-II_PC90,203,3.732000,0.056676268,17283.649,false
NSGA-II_PC90,203,5.440000,0.055179541,16346.580,false
NSGA-II_PC90,203,6.046000,0.054518392,16008.527,false
NSGA-II_PC90,203,3.770000,0.056595038,16751.264,false
NSGA-II_PC90,203,3.870000,0.056178381,16445.543,false
NSGA-II_PC90,203,5.554000,0.054954305,15721.263,false
NSGA-II_PC90,203,5.972000,0.054717252,16141.892,false
NSGA-II_PC90,203,5.486000,0.055040117,15725.308,false
NSGA-II_PC90,203,3.994000,0.056169378,16864.561,false
NSGA-II_PC90,203,5.300000,0.055180734,16219.129,false
NSGA-II_PC90,203,4.416000,0.055694196,16084.757,false
NSGA-II_PC90,203,5.916000,0.054743207,16587.034,false
NSGA-II_PC90,203,5.594000,0.054876085,15861.384,false
NSGA-II_PC90,203,3.782000,0.056311994,15932.989,false
NSGA-II_PC90,203,3.470000,0.057240020,16915.123,false
NSGA-II_PC90,203,4.928000,0.055270389,16075.234,false
NSGA-II_PC90,203,5.712000,0.054811405,15932.871,false
NSGA-II_PC90,203,3.574000,0.056947053,17088.691,false
NSGA-II_PC90,203,3.258000,0.057635575,17043.550,false
NSGA-II_PC90,204,3.110000,0.062894345,17616.076,false
NSGA-II_PC90,204,3.090000,0.063066353,17560.406,false
NSGA-II_PC90,204,3.158000,0.062550828,17566.515,false
NSGA-II_PC90,204,3.226000,0.062426432,17405.615,false
NSGA-II_PC90,204,3.128000,0.062708003,17631.025,false
NSGA-II_PC90,204,3.726000,0.056570229,16869.354,false
NSGA-II_PC90,204,3.232000,0.058476221,16974.639,false
NSGA-II_PC90,204,3.866000,0.056160734,16104.010,false
NSGA-II_PC90,204,4.016000,0.055937357,16590.623,false
NSGA-II_PC90,204,5.056000,0.055000350,15980.025,false
NSGA-II_PC90,204,4.494000,0.055246112,16221.199,true
NSGA-II_PC90,204,3.876000,0.056062184,16532.150,false
NSGA-II_PC90,204,5.168000,0.054940379,15597.028,false
NSGA-II_PC90,204,3.514000,0.056828030,16519.034,false
NSGA-II_PC90,204,3.448000,0.057007448,16750.351,false
NSGA-II_PC90,204,3.736000,0.056313186,16661.435,false
NSGA-II_PC90,204,3.488000,0.056846014,16885.827,false
NSGA-II_PC90,204,3.854000,0.056263096,16099.134,false
NSGA-II_PC90,204,4.430000,0.055472534,16078.844,false
NSGA-II_PC90,204,4.352000,0.055477219,15824.953,false
NSGA-II_PC90,204,3.562000,0.056811400,16928.943,false
NSGA-II_PC90,204,3.614000,0.056784642,17347.856,false
NSGA-II_PC90,204,4.162000,0.055772403,16295.278,false
NSGA-II_PC90,204,4.552000,0.055205097,16446.204,false
NSGA-II_PC90,204,3.256000,0.057998756,16660.976,false
NSGA-II_PC90,204,5.230000,0.054936335,15545.898,false
NSGA-II_PC90,204,3.880000,0.055971005,16449.624,true
NSGA-II_PC90,204,4.188000,0.055614382,16650.946,false
NSGA-II_PC90,204,5.354000,0.054885311,16013.559,false
NSGA-II_PC90,204,5.376000,0.054777414,15881.773,false
NSGA-II_PC90,204,4.042000,0.055934427,16709.273,false
NSGA-II_PC90,204,3.680000,0.056625464,15929.434,false
NSGA-II_PC90,204,3.320000,0.057973468,16834.880,false
NSGA-II_PC90,204,4.472000,0.055378028,16226.271,false
NSGA-II_PC90,204,5.104000,0.054986849,15951.339,false
NSGA-II_PC90,204,4.080000,0.055803511,15814.043,false
NSGA-II_PC90,204,4.730000,0.055139510,16404.650,false
NSGA-II_PC90,204,3.970000,0.055953293,16544.475,false
NSGA-II_PC90,204,3.340000,0.057433196,17207.434,false
NSGA-II_PC90,204,3.414000,0.057265792,16540.030,false
NSGA-II_PC90,204,3.182000,0.062444542,17489.077,false
NSGA-II_PC90,204,4.864000,0.055116089,16296.727,false
NSGA-II_PC90,204,3.052000,0.063200016,17649.437,false
NSGA-II_PC90,204,4.964000,0.055079542,15890.036,false
NSGA-II_PC90,205,3.446000,0.057751311,17338.103,false
NSGA-II_PC90,205,3.696000,0.057178052,17102.328,false
NSGA-II_PC90,205,3.104000,0.061845151,16611.886,false
NSGA-II_PC90,205,3.220000,0.058723025,16519.250,false
NSGA-II_PC90,205,3.170000,0.059542332,16982.562,false
NSGA-II_PC90,205,3.816000,0.057040680,16997.259,false
NSGA-II_PC90,205,4.056000,0.056453711,17246.706,false
NSGA-II_PC90,205,3.124000,0.059544998,17556.063,false
NSGA-II_PC90,205,3.550000,0.057309298,17002.972,false
NSGA-II_PC90,205,5.324000,0.055055848,15780.441,false
NSGA-II_PC90,205,3.492000,0.057726254,16987.466,false
NSGA-II_PC90,205,5.244000,0.055193612,15392.189,false
NSGA-II_PC90,205,5.516000,0.054983616,16088.766,false
NSGA-II_PC90,205,3.838000,0.056768561,16704.190,false
NSGA-II_PC90,205,3.232000,0.058650770,16577.274,false
NSGA-II_PC90,205,4.204000,0.056028477,17015.984,false
NSGA-II_PC90,205,5.056000,0.055383668,16172.365,false
NSGA-II_PC90,205,4.816000,0.055447298,17164.601,false
NSGA-II_PC90,205,4.344000,0.055884821,16653.772,false
NSGA-II_PC90,205,4.436000,0.055837587,17129.126,false
NSGA-II_PC90,205,6.018000,0.054820365,15780.946,false
NSGA-II_PC90,205,4.452000,0.055741091,16903.574,false
NSGA-II_PC90,205,3.204000,0.058932343,17011.140,false
NSGA-II_PC90,205,3.296000,0.058276805,17451.694,false
NSGA-II_PC90,205,5.554000,0.054960846,16252.437,false
NSGA-II_PC90,205,3.740000,0.057088112,16550.196,false
NSGA-II_PC90,205,3.912000,0.056582994,16573.995,false
NSGA-II_PC90,205,4.894000,0.055387281,16770.253,false
NSGA-II_PC90,205,3.272000,0.058495965,16349.826,false
NSGA-II_PC90,205,3.510000,0.057599269,16929.452,false
NSGA-II_PC90,205,3.622000,0.057293760,16906.315,false
NSGA-II_PC90,205,4.482000,0.055735968,16926.132,false
NSGA-II_PC90,205,3.586000,0.057300405,16835.197,false
NSGA-II_PC90,205,4.120000,0.056339809,16519.029,false
NSGA-II_PC90,205,5.842000,0.054831882,14896.523,false
NSGA-II_PC90,205,4.088000,0.056373846,17333.391,false
NSGA-II_PC90,205,4.694000,0.055453422,16507.790,false
NSGA-II_PC90,205,3.400000,0.057801520,16631.292,false
NSGA-II_PC90,205,5.096000,0.055222661,16160.436,false
NSGA-II_PC90,205,3.368000,0.057861557,16767.927,false
NSGA-II_PC90,205,5.356000,0.055000163,16494.903,false
NSGA-II_PC90,205,3.516000,0.057499990,16896.066,false
NSGA-II_PC90,205,3.330000,0.057987688,16366.250,false
NSGA-II_PC90,205,4.148000,0.056193052,16860.290,false
NSGA-II_PC90,205,5.718000,0.054926844,15232.013,false
NSGA-II_PC90,205,6.060000,0.054738158,15664.252,false
NSGA-II_PC90,205,4.860000,0.055420880,16907.352,false
NSGA-II_PC90,205,4.650000,0.055633013,16971.127,false
NSGA-II_PC90,206,3.346000,0.058545886,15728.945,false
NSGA-II_PC90,206,3.868000,0.056727577,16043.746,false
NSGA-II_PC90,206,3.014000,0.061781676,17430.201,false
NSGA-II_PC90,206,3.784000,0.056962891,15725.345,false
NSGA-II_PC90,206,3.320000,0.058700328,16545.325,false
NSGA-II_PC90,206,3.794000,0.056776140,15952.161,false
NSGA-II_PC90,206,3.462000,0.057704874,15919.732,false
NSGA-II_PC90,206,4.994000,0.055345117,15810.035,false
NSGA-II_PC90,206,4.800000,0.055514558,16013.777,false
NSGA-II_PC90,206,3.436000,0.058030262,16452.330,false
NSGA-II_PC90,206,3.558000,0.057484452,16310.512,false
NSGA-II_PC90,206,6.706000,0.054815633,15622.356,false
NSGA-II_PC90,206,3.086000,0.060517861,17145.206,false
NSGA-II_PC90,206,5.178000,0.055166621,15787.637,false
NSGA-II_PC90,206,5.114000,0.055330389,16051.128,false
NSGA-II_PC90,206,3.464000,0.057485599,15772.943,false
NSGA-II_PC90,206,5.670000,0.055032116,15933.898,false
NSGA-II_PC90,206,3.020000,0.061196085,17351.125,false
NSGA-II_PC90,206,4.838000,0.055477687,16262.748,false
NSGA-II_PC90,206,4.184000,0.056220173,15858.363,false
NSGA-II_PC90,206,3.774000,0.057048308,16887.122,false
NSGA-II_PC90,206,5.358000,0.055137644,16148.482,false
NSGA-II_PC90,206,4.192000,0.056033075,15984.480,false
NSGA-II_PC90,206,3.684000,0.057067918,16183.652,false
NSGA-II_PC90,206,3.180000,0.058889732,16544.848,false
NSGA-II_PC90,206,3.164000,0.060445406,16805.176,false
NSGA-II_PC90,206,4.458000,0.055813448,15914.212,false
NSGA-II_PC90,206,5.554000,0.055084503,16002.512,false
NSGA-II_PC90,206,4.044000,0.056232126,15964.006,false
NSGA-II_PC90,206,5.162000,0.055313380,15870.290,false
NSGA-II_PC90,206,5.788000,0.055025531,15530.566,false
NSGA-II_PC90,206,3.926000,0.056446444,16050.551,false
NSGA-II_PC90,206,6.310000,0.054959147,15604.109,false
NSGA-II_PC90,206,4.022000,0.056371944,16646.000,false
NSGA-II_PC90,206,4.346000,0.055925907,16208.057,false
NSGA-II_PC90,206,3.356000,0.058085637,16384.095,false
NSGA-II_PC90,206,3.874000,0.056473427,16095.817,false
NSGA-II_PC90,206,3.226000,0.058766424,16715.797,false
NSGA-II_PC90,206,3.584000,0.057187472,15787.287,false
NSGA-II_PC90,206,4.582000,0.055564594,15895.129,false
NSGA-II_PC90,206,4.538000,0.055752438,15894.781,false
NSGA-II_PC90,206,4.410000,0.055845750,15899.776,false
NSGA-II_PC90,206,3.050000,0.060686951,17485.362,false
NSGA-II_PC90,206,4.950000,0.055425210,16404.630,false
NSGA-II_PC90,206,6.226000,0.055014420,15722.715,false
NSGA-II_PC90,207,3.102000,0.062654964,17640.030,false
NSGA-II_PC90,207,3.088000,0.062962071,17389.004,false
NSGA-II_PC90,207,3.306000,0.061641337,16826.990,false
NSGA-II_PC90,207,3.654000,0.058608707,17064.461,false
NSGA-II_PC90,207,3.580000,0.059110667,17359.555,false
NSGA-II_PC90,207,3.396000,0.060933953,17261.324,false
NSGA-II_PC90,207,3.386000,0.061051678,17316.160,false
NSGA-II_PC90,207,3.542000,0.059236975,17202.061,false
NSGA-II_PC90,207,5.694000,0.055948001,15102.663,false
NSGA-II_PC90,207,3.368000,0.061136526,17195.748,false
NSGA-II_PC90,207,3.032000,0.063067211,17563.579,false
NSGA-II_PC90,207,3.984000,0.057509713,16269.148,false
NSGA-II_PC90,207,3.090000,0.062870240,17629.053,false
NSGA-II_PC90,207,5.486000,0.055985320,14667.697,false
NSGA-II_PC90,207,3.002000,0.063087686,17563.579,false
NSGA-II_PC90,207,4.340000,0.057047391,16356.975,false
NSGA-II_PC90,207,3.154000,0.062571982,17293.605,false
NSGA-II_PC90,207,4.050000,0.057354390,16658.726,false
NSGA-II_PC90,207,3.702000,0.058218199,16970.796,false
NSGA-II_PC90,207,3.330000,0.061298779,17483.609,false
NSGA-II_PC90,207,3.690000,0.058465038,17061.999,false
NSGA-II_PC90,207,4.878000,0.056503472,15296.974,false
NSGA-II_PC90,207,4.976000,0.056481858,14826.058,false
NSGA-II_PC90,207,3.608000,0.058630923,16855.131,false
NSGA-II_PC90,207,3.992000,0.057394815,16514.486,false
NSGA-II_PC90,207,3.962000,0.057603506,16767.899,false
NSGA-II_PC90,207,4.540000,0.056775308,15560.926,false
NSGA-II_PC90,207,3.820000,0.057907152,16463.516,false
NSGA-II_PC90,207,4.238000,0.057108278,16067.788,false
NSGA-II_PC90,207,4.370000,0.057042105,16305.233,false
NSGA-II_PC90,207,3.766000,0.058012437,17304.227,false
NSGA-II_PC90,207,5.220000,0.056050407,15419.237,false
NSGA-II_PC90,207,4.132000,0.057197597,16208.707,false
NSGA-II_PC90,207,5.060000,0.056160117,15093.743,false
NSGA-II_PC90,207,3.912000,0.057809453,16666.037,false
NSGA-II_PC90,207,3.916000,0.057724035,16334.572,false
NSGA-II_PC90,207,4.472000,0.056905763,15989.749,false
NSGA-II_PC90,207,5.348000,0.055986316,14757.902,false
NSGA-II_PC90,207,5.814000,0.055897494,14965.348,false
NSGA-II_PC90,207,3.722000,0.058129528,16753.614,false
NSGA-II_PC90,207,3.434000,0.059322317,17081.966,false
NSGA-II_PC90,207,4.594000,0.056597639,15667.173,false
NSGA-II_PC90,207,3.424000,0.060551888,17326.020,false
NSGA-II_PC90,208,3.864000,0.056897472,15629.364,false
NSGA-II_PC90,208,3.934000,0.056843037,16313.686,false
NSGA-II_PC90,208,2.976000,0.062903312,17605.020,false
NSGA-II_PC90,208,3.612000,0.057099996,17287.450,false
NSGA-II_PC90,208,3.402000,0.057687102,17612.159,false
NSGA-II_PC90,208,4.056000,0.056734525,17136.881,false
NSGA-II_PC90,208,4.566000,0.056204034,16061.528,false
NSGA-II_PC90,208,5.660000,0.055994281,16627.306,false
NSGA-II_PC90,208,4.130000,0.056699054,16432.744,false
NSGA-II_PC90,208,3.154000,0.059222547,17266.741,false
NSGA-II_PC90,208,3.978000,0.056819000,16878.901,false
NSGA-II_PC90,208,3.336000,0.057779092,17060.494,false
NSGA-II_PC90,208,3.496000,0.057346216,16887.035,false
NSGA-II_PC90,208,3.018000,0.060299190,17121.757,false
NSGA-II_PC90,208,5.462000,0.056031657,15637.417,false
NSGA-II_PC90,208,5.858000,0.055844424,16264.563,false
NSGA-II_PC90,208,5.676000,0.055876106,15879.810,false
NSGA-II_PC90,208,4.378000,0.056304889,16077.588,false
NSGA-II_PC90,208,4.710000,0.056121215,16241.647,false
NSGA-II_PC90,208,5.998000,0.055732424,15980.286,false
NSGA-II_PC90,208,2.982000,0.060663772,17327.461,false
NSGA-II_PC90,208,4.316000,0.056373652,16421.891,false
NSGA-II_PC90,208,3.216000,0.058463872,17246.190,false
NSGA-II_PC90,208,4.202000,0.056674005,16274.844,false
NSGA-II_PC90,208,3.252000,0.058201105,16231.960,false
NSGA-II_PC90,208,4.426000,0.056301196,16295.255,false
NSGA-II_PC90,208,3.070000,0.059985852,16775.757,false
NSGA-II_PC90,208,3.740000,0.057011816,16002.049,false
NSGA-II_PC90,208,3.666000,0.057047364,16369.044,false
NSGA-II_PC90,208,3.250000,0.058366973,17063.540,false
NSGA-II_PC90,208,3.548000,0.057253244,17019.071,false
NSGA-II_PC90,208,4.210000,0.056566822,16454.240,false
NSGA-II_PC90,208,3.298000,0.058053240,16826.326,false
NSGA-II_PC90,208,3.086000,0.059911293,17314.047,false
NSGA-II_PC90,208,3.448000,0.057528875,17175.081,false
NSGA-II_PC90,208,5.902000,0.055822767,15795.142,false
NSGA-II_PC90,208,5.354000,0.056048888,15399.915,false
NSGA-II_PC90,208,3.744000,0.056932905,16346.487,false
NSGA-II_PC90,208,3.192000,0.058757939,16785.392,false
NSGA-II_PC90,208,6.116000,0.055640449,16169.514,false
NSGA-II_PC90,208,3.142000,0.059858989,16869.584,false
NSGA-II_PC90,208,3.600000,0.057233711,17035.142,false
NSGA-II_PC90,208,2.966000,0.063433638,17402.873,false
NSGA-II_PC90,208,4.496000,0.056276114,16480.956,false
NSGA-II_PC90,209,3.084000,0.061113705,17350.087,false
NSGA-II_PC90,209,3.056000,0.061705985,17439.305,false
NSGA-II_PC90,209,3.124000,0.059007131,17435.698,false
NSGA-II_PC90,209,3.264000,0.058331525,16656.760,false
NSGA-II_PC90,209,3.136000,0.058575257,17191.864,false
NSGA-II_PC90,209,3.238000,0.058393312,17393.861,false
NSGA-II_PC90,209,3.276000,0.058245487,16893.039,false
NSGA-II_PC90,209,5.170000,0.054933307,16634.292,false
NSGA-II_PC90,209,4.096000,0.055824145,15881.647,false
NSGA-II_PC90,209,3.110000,0.060858227,17318.243,false
NSGA-II_PC90,209,3.328000,0.058149903,17484.043,false
NSGA-II_PC90,209,4.042000,0.055831942,15252.704,false
NSGA-II_PC90,209,2.946000,0.062231530,17559.546,false
NSGA-II_PC90,209,3.178000,0.058408854,16535.719,false
NSGA-II_PC90,209,4.516000,0.055172339,15472.016,true
NSGA-II_PC90,209,3.374000,0.057851825,16492.788,false
NSGA-II_PC90,209,3.412000,0.057631256,16982.185,false
NSGA-II_PC90,209,5.496000,0.054883226,16453.136,false
NSGA-II_PC90,209,4.378000,0.055259161,16291.377,true
NSGA-II_PC90,209,3.900000,0.056078492,15834.042,false
NSGA-II_PC90,209,5.382000,0.054909536,15680.050,false
NSGA-II_PC90,209,4.152000,0.055687790,15896.172,true
NSGA-II_PC90,209,3.708000,0.056298179,16152.210,false
NSGA-II_PC90,209,3.456000,0.057446648,16250.387,false
NSGA-II_PC90,209,4.352000,0.055373712,15929.333,true
NSGA-II_PC90,209,4.138000,0.055797131,16043.374,false
NSGA-II_PC90,209,2.962000,0.061778103,17601.108,false
NSGA-II_PC90,209,4.000000,0.055928381,15911.475,false
NSGA-II_PC90,209,3.612000,0.056844878,16002.527,false
NSGA-II_PC90,209,3.526000,0.057121486,15812.886,false
NSGA-II_PC90,209,4.314000,0.055476540,16181.533,true
NSGA-II_PC90,209,4.230000,0.055568671,15276.021,false
NSGA-II_PC90,209,4.696000,0.055025515,15839.981,true
NSGA-II_PC90,209,3.654000,0.056634667,15574.430,false
SPEA-II_PC90,200,3.188000,0.057930523,17145.808,false
SPEA-II_PC90,200,3.056000,0.061518229,17603.345,false
SPEA-II_PC90,200,3.218000,0.057619136,16315.346,false
SPEA-II_PC90,200,3.990000,0.056444861,16015.057,false
SPEA-II_PC90,200,2.976000,0.061709909,17605.129,false
SPEA-II_PC90,200,2.878000,0.062140656,17661.681,false
SPEA-II_PC90,200,2.938000,0.061822118,17320.299,false
SPEA-II_PC90,200,3.226000,0.057361468,16787.016,true
SPEA-II_PC90,200,3.754000,0.056632693,16536.538,false
SPEA-II_PC90,200,3.272000,0.057332672,16842.566,false
SPEA-II_PC90,200,3.810000,0.056496799,16553.423,false
SPEA-II_PC90,200,3.794000,0.056629800,16833.540,false
SPEA-II_PC90,200,3.138000,0.058308098,17247.094,false
SPEA-II_PC90,200,2.950000,0.061737362,17661.194,false
SPEA-II_PC90,200,3.330000,0.057194397,16468.961,false
SPEA-II_PC90,200,3.022000,0.061618658,17627.295,false
SPEA-II_PC90,200,3.194000,0.057672067,17001.447,false
SPEA-II_PC90,200,3.288000,0.057195255,16457.219,false
SPEA-II_PC90,200,2.986000,0.061632404,17564.553,false
SPEA-II_PC90,200,3.384000,0.057009624,15924.749,false
SPEA-II_PC90,200,3.470000,0.056899005,16006.215,false
SPEA-II_PC90,200,3.150000,0.057966862,16938.117,false
SPEA-II_PC90,200,3.344000,0.057149129,16234.370,false
SPEA-II_PC90,200,4.006000,0.056439487,16152.745,false
SPEA-II_PC90,200,3.414000,0.057009290,16429.257,false
SPEA-II_PC90,200,3.968000,0.056479569,15970.787,false
SPEA-II_PC90,200,2.918000,0.061879865,17327.332,false
SPEA-II_PC90,200,4.020000,0.056439456,15963.768,false
SPEA-II_PC90,200,3.646000,0.056718996,16414.455,false
SPEA-II_PC90,200,3.514000,0.056804693,15789.214,false
SPEA-II_PC90,200,3.122000,0.058334001,17375.846,false
SPEA-II_PC90,200,3.590000,0.056763652,16348.959,false
SPEA-II_PC90,200,3.446000,0.056983485,16349.866,false
SPEA-II_PC90,201,2.946000,0.061256133,17522.379,false
SPEA-II_PC90,201,3.546000,0.059485357,17122.162,false
SPEA-II_PC90,201,4.066000,0.057742380,17223.396,false
SPEA-II_PC90,201,3.270000,0.059993009,17329.835,false
SPEA-II_PC90,201,3.002000,0.060834718,17320.483,false
SPEA-II_PC90,201,3.252000,0.060046890,17566.128,false
SPEA-II_PC90,201,4.096000,0.057523162,16997.494,false
SPEA-II_PC90,201,3.674000,0.058373903,17665.290,false
SPEA-II_PC90,201,2.950000,0.061165673,17298.574,false
SPEA-II_PC90,201,3.042000,0.060699432,17555.671,false
SPEA-II_PC90,201,3.344000,0.059730536,17144.306,false
SPEA-II_PC90,201,3.336000,0.059793236,17462.458,false
SPEA-II_PC90,201,3.278000,0.059950903,17329.835,false
SPEA-II_PC90,201,3.616000,0.058602916,17548.715,false
SPEA-II_PC90,201,3.734000,0.058137031,17309.120,false
SPEA-II_PC90,201,3.834000,0.057874153,17150.692,false
SPEA-II_PC90,201,3.752000,0.058134108,17032.866,false
SPEA-II_PC90,201,3.792000,0.057905434,17086.050,false
SPEA-II_PC90,201,3.018000,0.060783056,17513.351,false
SPEA-II_PC90,201,3.658000,0.058378955,17173.359,false
SPEA-II_PC90,201,3.764000,0.057956924,17243.096,false
SPEA-II_PC90,201,4.192000,0.057404293,16575.926,false
SPEA-II_PC90,201,2.974000,0.060999323,17462.458,false
SPEA-II_PC90,201,3.086000,0.060562464,17369.765,false
SPEA-II_PC90,201,3.446000,0.059547525,16771.967,false
SPEA-II_PC90,201,3.568000,0.058705589,17382.975,false
SPEA-II_PC90,201,3.044000,0.060615064,17472.719,false
SPEA-II_PC90,201,3.690000,0.058190705,17388.222,false
SPEA-II_PC90,201,3.116000,0.060550121,17391.843,false
SPEA-II_PC90,201,2.990000,0.060932598,17589.363,false
SPEA-II_PC90,201,2.902000,0.061306416,17426.162,false
SPEA-II_PC90,201,3.984000,0.057782449,17149.883,false
SPEA-II_PC90,201,4.070000,0.057645715,17014.140,false
SPEA-II_PC90,201,4.092000,0.057609286,16935.612,false
SPEA-II_PC90,201,3.304000,0.059875127,17025.144,false
SPEA-II_PC90,201,3.506000,0.059513299,16754.867,false
SPEA-II_PC90,201,3.296000,0.059914191,17149.629,false
SPEA-II_PC90,201,3.760000,0.058083018,17453.796,false
SPEA-II_PC90,201,4.012000,0.057771357,17215.387,false
SPEA-II_PC90,201,2.952000,0.061052919,17423.216,false
SPEA-II_PC90,201,4.120000,0.057517728,16783.754,false
SPEA-II_PC90,201,3.372000,0.059699047,16903.542,false
SPEA-II_PC90,201,3.844000,0.057807949,17115.484,false
SPEA-II_PC90,201,3.436000,0.059608755,16749.334,false
SPEA-II_PC90,201,2.896000,0.061474839,17290.962,false
SPEA-II_PC90,202,3.480000,0.057893799,16542.374,false
SPEA-II_PC90,202,4.378000,0.056817509,16098.841,false
SPEA-II_PC90,202,2.888000,0.061192813,17617.604,false
SPEA-II_PC90,202,3.004000,0.061027849,17149.214,false
SPEA-II_PC90,202,2.882000,0.061259458,17666.888,false
SPEA-II_PC90,202,2.768000,0.061799312,17342.011,false
SPEA-II_PC90,202,4.016000,0.056953380,16146.594,false
SPEA-II_PC90,202,3.500000,0.057553865,16745.177,false
SPEA-II_PC90,202,2.800000,0.061500650,17570.027,false
SPEA-II_PC90,202,2.820000,0.061458544,17596.752,false
SPEA-II_PC90,202,2.914000,0.061171053,17622.571,false
SPEA-II_PC90,202,2.978000,0.061037597,17611.680,false
SPEA-II_PC90,202,3.328000,0.058569734,17127.974,false
SPEA-II_PC90,202,4.052000,0.056931740,16457.177,false
SPEA-II_PC90,202,3.570000,0.057433291,16624.455,false
SPEA-II_PC90,202,3.226000,0.060685863,17514.354,false
SPEA-II_PC90,202,3.438000,0.057979215,16778.030,false
SPEA-II_PC90,202,2.754000,0.061910339,17207.159,false
SPEA-II_PC90,202,3.456000,0.057915451,16503.364,false
SPEA-II_PC90,202,3.644000,0.057137505,16856.814,false
SPEA-II_PC90,202,3.230000,0.058593150,17395.507,false
SPEA-II_PC90,202,3.942000,0.056953772,15896.049,false
SPEA-II_PC90,202,2.864000,0.061292419,17124.695,false
SPEA-II_PC90,202,3.486000,0.057635374,16745.177,false
SPEA-II_PC90,202,3.544000,0.057480888,16560.079,false
SPEA-II_PC90,202,2.780000,0.061517316,17379.141,false
SPEA-II_PC90,202,3.924000,0.056981184,16429.951,false
SPEA-II_PC90,202,4.146000,0.056895651,16136.132,false
SPEA-II_PC90,202,3.140000,0.060940751,17080.641,false
SPEA-II_PC90,202,3.416000,0.058119114,16597.821,false
SPEA-II_PC90,202,3.598000,0.057311631,16628.457,false
SPEA-II_PC90,202,2.964000,0.061090448,17173.066,false
SPEA-II_PC90,202,3.260000,0.058587041,17205.733,false
SPEA-II_PC90,202,3.738000,0.056989763,16374.303,false
SPEA-II_PC90,202,2.824000,0.061392105,17496.040,false
SPEA-II_PC90,202,3.810000,0.056987164,16420.276,false
SPEA-II_PC90,202,3.370000,0.058153442,16494.730,false
SPEA-II_PC90,202,2.916000,0.061115721,17094.964,false
SPEA-II_PC90,202,4.330000,0.056886683,15797.388,false
SPEA-II_PC90,203,3.378000,0.058997552,16578.572,false
SPEA-II_PC90,203,2.886000,0.060286473,17316.342,false
SPEA-II_PC90,203,2.856000,0.060347566,17656.903,false
SPEA-II_PC90,203,3.272000,0.059135666,16542.160,false
SPEA-II_PC90,203,3.320000,0.059064224,16556.920,false
SPEA-II_PC90,203,3.246000,0.059148373,16724.800,false
SPEA-II_PC90,203,2.774000,0.060665476,17535.886,false
SPEA-II_PC90,203,2.754000,0.060728621,17650.045,false
SPEA-II_PC90,203,2.786000,0.060581287,17558.069,false
SPEA-II_PC90,203,3.300000,0.059131689,16897.312,false
SPEA-II_PC90,203,2.870000,0.060334067,17333.752,false
SPEA-II_PC90,203,3.644000,0.058771131,16410.942,false
SPEA-II_PC90,203,3.784000,0.058756348,16002.869,false
SPEA-II_PC90,203,3.098000,0.059721430,17063.999,false
SPEA-II_PC90,203,3.406000,0.058951670,16639.821,false
SPEA-II_PC90,203,2.900000,0.060275641,17291.413,false
SPEA-II_PC90,203,3.392000,0.058983308,16628.234,false
SPEA-II_PC90,203,3.736000,0.058756776,16187.897,false
SPEA-II_PC90,203,3.348000,0.059037532,16570.574,false
SPEA-II_PC90,203,3.552000,0.058810196,16821.189,false
SPEA-II_PC90,203,3.860000,0.058741625,16309.611,false
SPEA-II_PC90,203,3.152000,0.059321801,17081.139,false
SPEA-II_PC90,203,3.514000,0.058823240,16767.077,false
SPEA-II_PC90,203,3.608000,0.058795362,16699.177,false
SPEA-II_PC90,203,2.804000,0.060529858,17653.764,false
SPEA-II_PC90,203,2.946000,0.060233626,17549.355,false
SPEA-II_PC90,203,3.422000,0.058842569,16443.154,false
SPEA-II_PC90,203,3.222000,0.059190989,16801.821,false
SPEA-II_PC90,203,2.812000,0.060369501,17663.767,false
SPEA-II_PC90,204,3.372000,0.058324066,16787.828,false
SPEA-II_PC90,204,3.184000,0.058588772,16611.340,false
SPEA-II_PC90,204,3.224000,0.058538528,16308.841,false
SPEA-II_PC90,204,4.680000,0.057919285,16586.514,false
SPEA-II_PC90,204,2.962000,0.061355214,17527.796,false
SPEA-II_PC90,204,3.304000,0.058412355,16761.797,false
SPEA-II_PC90,204,3.096000,0.061078178,17451.270,false
SPEA-II_PC90,204,3.000000,0.061257141,17681.238,false
SPEA-II_PC90,204,3.162000,0.058794108,16943.607,false
SPEA-II_PC90,204,3.116000,0.058996926,16832.716,false
SPEA-II_PC90,204,3.890000,0.058002929,16007.290,false
SPEA-II_PC90,204,3.046000,0.061130298,17484.596,false
SPEA-II_PC90,204,2.908000,0.061436346,17648.650,false
SPEA-II_PC90,204,3.396000,0.058317347,16703.784,false
SPEA-II_PC90,204,2.984000,0.061350566,17574.354,false
SPEA-II_PC90,204,2.884000,0.062180962,17405.521,false
SPEA-II_PC90,204,2.892000,0.061808959,17623.688,false
SPEA-II_PC90,204,3.132000,0.058885607,16434.421,false
SPEA-II_PC90,204,2.896000,0.061486917,17506.796,false
SPEA-II_PC90,204,3.152000,0.058857845,16673.008,false
SPEA-II_PC90,204,3.618000,0.058018688,16349.304,false
SPEA-II_PC90,204,4.440000,0.057950342,16586.572,false
SPEA-II_PC90,204,3.332000,0.058345718,16636.966,false
SPEA-II_PC90,204,3.248000,0.058434164,16257.323,false
SPEA-II_PC90,204,3.274000,0.058416255,16763.102,false
SPEA-II_PC90,204,4.268000,0.057955544,16178.242,false
SPEA-II_PC90,204,2.954000,0.061434669,17523.561,false
SPEA-II_PC90,204,3.326000,0.058402715,16512.650,false
SPEA-II_PC90,204,3.014000,0.061193695,17334.503,false
SPEA-II_PC90,204,3.018000,0.061148541,17411.448,false
SPEA-II_PC90,204,2.888000,0.062125553,17562.351,false
SPEA-II_PC90,204,3.078000,0.061082181,17488.447,false
SPEA-II_PC90,204,3.478000,0.058099899,16353.955,false
SPEA-II_PC90,204,4.132000,0.057989947,16218.071,false
SPEA-II_PC90,204,3.436000,0.058229261,16756.088,false
SPEA-II_PC90,204,3.416000,0.058282929,16630.200,false
SPEA-II_PC90,204,3.246000,0.058512635,16692.981,false
SPEA-II_PC90,205,2.878000,0.060183899,17328.448,false
SPEA-II_PC90,205,3.068000,0.059131836,16784.725,false
SPEA-II_PC90,205,2.770000,0.061077317,17502.921,false
SPEA-II_PC90,205,2.784000,0.060950093,17298.846,false
SPEA-II_PC90,205,3.222000,0.058959036,17071.609,false
SPEA-II_PC90,205,2.804000,0.060392881,17127.293,false
SPEA-II_PC90,205,3.308000,0.058359423,17333.447,false
SPEA-II_PC90,205,2.762000,0.061127456,17549.303,false
SPEA-II_PC90,205,3.424000,0.057907443,17037.622,false
SPEA-II_PC90,205,3.510000,0.057714959,17401.066,false
SPEA-II_PC90,205,2.888000,0.059693378,17267.840,false
SPEA-II_PC90,205,2.834000,0.060333433,17433.002,false
SPEA-II_PC90,205,2.970000,0.059267806,16982.328,false
SPEA-II_PC90,205,3.086000,0.059047861,16707.826,false
SPEA-II_PC90,205,3.834000,0.057211529,16946.062,false
SPEA-II_PC90,205,3.870000,0.057158933,16786.307,false
SPEA-II_PC90,205,2.744000,0.061395504,17325.662,false
SPEA-II_PC90,205,3.540000,0.057666032,17463.800,false
SPEA-II_PC90,205,3.928000,0.057107734,16784.334,false
SPEA-II_PC90,205,3.996000,0.057096808,16213.775,false
SPEA-II_PC90,205,3.394000,0.058024000,17505.071,false
SPEA-II_PC90,205,3.590000,0.057655610,17120.494,false
SPEA-II_PC90,205,3.804000,0.057225872,16896.327,false
SPEA-II_PC90,205,4.090000,0.056983519,16825.867,false
SPEA-II_PC90,205,2.954000,0.059333101,16982.328,false
SPEA-II_PC90,205,3.602000,0.057605904,17162.941,false
SPEA-II_PC90,205,3.008000,0.059264350,17209.145,false
SPEA-II_PC90,205,3.218000,0.059022912,17587.216,false
SPEA-II_PC90,205,2.776000,0.061015682,17050.353,false
SPEA-II_PC90,205,2.938000,0.059440237,17262.659,false
SPEA-II_PC90,205,3.896000,0.057131154,16368.050,false
SPEA-II_PC90,205,3.358000,0.058126812,17401.334,false
SPEA-II_PC90,205,4.012000,0.057036398,16551.434,false
SPEA-II_PC90,205,3.734000,0.057292506,17266.060,false
SPEA-II_PC90,205,4.056000,0.056999103,16275.725,false
SPEA-II_PC90,205,3.396000,0.057940990,17497.544,false
SPEA-II_PC90,205,3.338000,0.058191555,17330.469,false
SPEA-II_PC90,205,3.612000,0.057501428,17018.890,false
SPEA-II_PC90,205,3.452000,0.057774759,16885.351,false
SPEA-II_PC90,205,4.104000,0.056803669,16024.902,false
SPEA-II_PC90,205,3.434000,0.057830986,17392.454,false
SPEA-II_PC90,205,2.886000,0.059865640,17267.840,false
SPEA-II_PC90,205,3.702000,0.057351262,17104.045,false
SPEA-II_PC90,205,2.916000,0.059568903,17482.746,false
SPEA-II_PC90,205,3.292000,0.058366028,17415.398,false
SPEA-II_PC90,205,3.024000,0.059176511,17266.998,false
SPEA-II_PC90,205,3.640000,0.057464633,17238.977,false
SPEA-II_PC90,205,3.716000,0.057331617,17031.523,false
SPEA-II_PC90,205,4.174000,0.056780797,16355.536,false
SPEA-II_PC90,205,3.760000,0.057242218,16690.126,false
SPEA-II_PC90,206,2.930000,0.061683520,17651.135,false
SPEA-II_PC90,206,3.088000,0.061462152,17510.760,false
SPEA-II_PC90,206,3.292000,0.058169396,17249.651,false
SPEA-II_PC90,206,3.008000,0.061621504,17427.685,false
SPEA-II_PC90,206,3.288000,0.058393531,17504.915,false
SPEA-II_PC90,206,2.980000,0.061682344,17667.505,false
SPEA-II_PC90,206,3.490000,0.057861044,16912.050,false
SPEA-II_PC90,206,3.354000,0.058155742,17036.405,false
SPEA-II_PC90,206,3.196000,0.058724025,17030.245,false
SPEA-II_PC90,206,3.648000,0.057452115,16543.061,false
SPEA-II_PC90,206,3.610000,0.057661690,17515.898,false
SPEA-II_PC90,206,3.580000,0.057733541,16816.601,false
SPEA-II_PC90,206,3.162000,0.058946564,16911.713,false
SPEA-II_PC90,206,3.036000,0.061479455,17386.567,false
SPEA-II_PC90,206,5.042000,0.056503765,15840.174,false
SPEA-II_PC90,206,3.988000,0.056908151,16055.472,false
SPEA-II_PC90,206,3.504000,0.057737856,16772.192,false
SPEA-II_PC90,206,4.118000,0.056782041,17188.185,false
SPEA-II_PC90,206,2.866000,0.062785730,17519.761,false
SPEA-II_PC90,206,4.066000,0.056841082,16392.644,false
SPEA-II_PC90,206,5.170000,0.056365309,15353.074,false
SPEA-II_PC90,206,3.714000,0.057154914,16803.344,false
SPEA-II_PC90,206,3.716000,0.056991515,16633.833,false
SPEA-II_PC90,206,4.370000,0.056579708,15654.992,false
SPEA-II_PC90,206,3.236000,0.058450312,17425.961,false
SPEA-II_PC90,206,4.268000,0.056683237,16463.638,false
SPEA-II_PC90,206,3.428000,0.057925913,17329.939,false
SPEA-II_PC90,206,5.802000,0.056019839,15960.370,false
SPEA-II_PC90,206,5.534000,0.056307241,15783.552,false
SPEA-II_PC90,206,2.908000,0.061797044,17668.459,false
SPEA-II_PC90,206,4.234000,0.056750203,16198.754,false
SPEA-II_PC90,206,5.674000,0.056124566,15869.531,false
SPEA-II_PC90,206,5.488000,0.056331611,15739.781,false
SPEA-II_PC90,206,6.520000,0.056002141,15767.466,false
SPEA-II_PC90,206,3.182000,0.058863543,17308.731,false
SPEA-II_PC90,206,3.206000,0.058628489,17144.844,false
SPEA-II_PC90,206,3.364000,0.058000057,17249.216,false
SPEA-II_PC90,206,2.890000,0.061885933,17475.792,false
SPEA-II_PC90,206,2.876000,0.062212841,17454.252,false
SPEA-II_PC90,206,5.604000,0.056185005,16261.653,false
SPEA-II_PC90,207,3.232000,0.059344077,17507.671,false
SPEA-II_PC90,207,2.998000,0.061258805,17610.705,false
SPEA-II_PC90,207,2.918000,0.061466474,17411.584,false
SPEA-II_PC90,207,4.020000,0.057243872,15994.860,false
SPEA-II_PC90,207,2.886000,0.061606564,17586.159,false
SPEA-II_PC90,207,3.384000,0.058344941,16751.580,false
SPEA-II_PC90,207,3.540000,0.057923048,17333.716,false
SPEA-II_PC90,207,3.014000,0.061203838,17543.885,false
SPEA-II_PC90,207,2.922000,0.061400314,17613.663,false
SPEA-II_PC90,207,3.376000,0.058443112,17507.828,false
SPEA-II_PC90,207,3.752000,0.057720609,16080.515,false
SPEA-II_PC90,207,4.462000,0.056651131,15629.070,false
SPEA-II_PC90,207,5.436000,0.056368861,15547.700,false
SPEA-II_PC90,207,4.256000,0.056769040,15877.165,false
SPEA-II_PC90,207,3.332000,0.058497507,17625.828,false
SPEA-II_PC90,207,3.288000,0.058603635,17428.902,false
SPEA-II_PC90,207,4.554000,0.056583675,15634.112,false
SPEA-II_PC90,207,4.346000,0.056674632,16295.576,false
SPEA-II_PC90,207,4.062000,0.057012026,15940.893,false
SPEA-II_PC90,207,3.832000,0.057668595,16106.945,false
SPEA-II_PC90,207,3.216000,0.059637064,17493.261,false
SPEA-II_PC90,207,4.390000,0.056672236,16144.962,false
SPEA-II_PC90,207,3.236000,0.058837236,17222.822,false
SPEA-II_PC90,207,3.328000,0.058555649,16780.694,false
SPEA-II_PC90,207,4.226000,0.056797544,15710.431,false
SPEA-II_PC90,207,3.902000,0.057420454,16053.685,false
SPEA-II_PC90,207,3.966000,0.057343608,16455.375,false
SPEA-II_PC90,207,5.746000,0.056314267,15747.404,false
SPEA-II_PC90,207,2.960000,0.061276325,17579.910,false
SPEA-II_PC90,207,2.882000,0.061685453,17538.312,false
SPEA-II_PC90,207,4.494000,0.056621474,15729.700,false
SPEA-II_PC90,207,3.460000,0.058174136,17497.988,false
SPEA-II_PC90,207,4.646000,0.056416407,15845.828,false
SPEA-II_PC90,207,4.562000,0.056501888,15967.146,false
SPEA-II_PC90,207,3.280000,0.058713195,17532.486,false
SPEA-II_PC90,207,5.512000,0.056350031,15734.589,false
SPEA-II_PC90,207,4.144000,0.056887581,15868.463,false
SPEA-II_PC90,207,3.640000,0.057905890,16504.649,false
SPEA-II_PC90,207,3.986000,0.057266353,15823.265,false
SPEA-II_PC90,207,4.050000,0.057164247,15873.133,false
SPEA-II_PC90,207,5.478000,0.056356400,16037.915,false
SPEA-II_PC90,208,3.068000,0.058440088,17183.467,false
SPEA-II_PC90,208,4.248000,0.056594859,17236.777,false
SPEA-II_PC90,208,2.864000,0.060468161,17531.112,false
SPEA-II_PC90,208,3.994000,0.056612422,17261.892,false
SPEA-II_PC90,208,2.830000,0.060570856,17516.785,false
SPEA-II_PC90,208,2.848000,0.060490865,17246.835,false
SPEA-II_PC90,208,3.406000,0.057077737,17188.202,false
SPEA-II_PC90,208,3.000000,0.060197912,17426.309,false
SPEA-II_PC90,208,3.304000,0.057227216,17064.344,false
SPEA-II_PC90,208,3.040000,0.058576994,17074.168,false
SPEA-II_PC90,208,2.956000,0.060220435,17516.318,false
SPEA-II_PC90,208,3.116000,0.057769555,17065.244,true
SPEA-II_PC90,208,2.930000,0.060317841,17452.058,false
SPEA-II_PC90,208,3.804000,0.056638977,16647.789,false
SPEA-II_PC90,208,3.456000,0.057027525,17250.053,false
SPEA-II_PC90,208,3.360000,0.057116749,16816.729,false
SPEA-II_PC90,208,2.866000,0.060387949,17536.052,false
SPEA-II_PC90,208,3.530000,0.056876340,16687.534,false
SPEA-II_PC90,208,3.250000,0.057354830,16752.112,false
SPEA-II_PC90,208,3.236000,0.057408346,16695.509,false
SPEA-II_PC90,208,2.938000,0.060265354,17331.926,false
SPEA-II_PC90,208,3.570000,0.056730719,17032.022,false
SPEA-II_PC90,208,3.186000,0.057739621,16722.414,false
SPEA-II_PC90,208,2.846000,0.060566338,17487.366,false
SPEA-II_PC90,208,3.440000,0.057064714,16788.073,false
SPEA-II_PC90,208,3.198000,0.057524672,16794.696,false
SPEA-II_PC90,208,2.878000,0.060327493,17276.382,false
SPEA-II_PC90,208,3.490000,0.056937735,17004.030,false
SPEA-II_PC90,208,3.014000,0.058583017,17242.287,false
SPEA-II_PC90,208,3.196000,0.057676755,16536.301,false
SPEA-II_PC90,208,3.782000,0.056644652,16854.193,false
SPEA-II_PC90,208,2.818000,0.060678956,17518.237,false
SPEA-II_PC90,208,3.568000,0.056836199,16727.029,false
SPEA-II_PC90,208,3.686000,0.056708253,16652.920,false
SPEA-II_PC90,208,3.328000,0.057171728,16457.945,false
SPEA-II_PC90,209,2.814000,0.061323153,17641.742,false
SPEA-II_PC90,209,2.848000,0.061222985,17669.288,false
SPEA-II_PC90,209,2.796000,0.061525290,17401.753,false
SPEA-II_PC90,209,2.804000,0.061484040,17587.942,false
SPEA-II_PC90,209,2.810000,0.061445484,17530.926,false
SPEA-II_PC90,209,2.878000,0.061085092,17609.513,false
SPEA-II_PC90,209,3.052000,0.059722435,17128.702,false
SPEA-II_PC90,209,2.896000,0.061083883,17516.906,false
SPEA-II_PC90,209,3.334000,0.059319227,17026.588,false
SPEA-II_PC90,209,3.412000,0.059160793,16989.814,false
SPEA-II_PC90,209,2.978000,0.059888743,17073.928,false
SPEA-II_PC90,209,3.284000,0.059376527,17114.918,false
SPEA-II_PC90,209,2.784000,0.061544957,17549.463,false
SPEA-II_PC90,209,3.000000,0.059859057,17151.438,false
SPEA-II_PC90,209,3.206000,0.059426899,16890.080,false
SPEA-II_PC90,209,2.854000,0.061160617,17509.882,false
SPEA-II_PC90,209,3.166000,0.059486633,16793.553,false
SPEA-II_PC90,209,2.812000,0.061393136,17113.628,false
SPEA-II_PC90,209,2.920000,0.060170957,17442.008,false
SPEA-II_PC90,209,3.024000,0.059776238,16973.383,false
SPEA-II_PC90,209,2.906000,0.061082726,17270.871,false
SPEA-II_PC90,209,3.318000,0.059335933,17194.078,false
SPEA-II_PC90,209,3.216000,0.059392245,17105.258,false
SPEA-II_PC90,209,3.066000,0.059687498,17202.627,false
SPEA-II_PC90,209,3.030000,0.059732322,17194.637,false
SPEA-II_PC90,209,3.342000,0.059248194,16993.414,false
SPEA-II_PC90,209,2.960000,0.059890180,17109.813,false
SPEA-II_PC90,209,3.184000,0.059446923,16800.000,false
SPEA-II_PC90,209,3.114000,0.059544020,16913.582,false
SPEA-II_PC90,209,3.078000,0.059587958,17077.532,false
SPEA-II_PC90,209,3.158000,0.059522605,16540.947,false
SPEA-II_PC90,209,2.940000,0.059976973,17203.500,false
SPEA-II_PC90,209,2.828000,0.061252193,17439.342,false
AMOSA_PC90,200,3.362000,0.062633725,17346.531,false
AMOSA_PC90,200,3.220000,0.063038663,17654.102,false
AMOSA_PC90,200,3.248000,0.062718667,17176.936,false
AMOSA_PC90,200,4.568000,0.061216441,17369.516,false
AMOSA_PC90,200,4.018000,0.061290516,17530.639,false
AMOSA_PC90,200,3.890000,0.061592094,17432.384,false
AMOSA_PC90,200,3.802000,0.061983680,17101.434,false
AMOSA_PC90,200,3.828000,0.061909874,17385.687,false
AMOSA_PC90,200,3.850000,0.061742131,16907.644,false
AMOSA_PC90,200,3.920000,0.061575315,16677.829,false
AMOSA_PC90,200,3.866000,0.061719570,17188.644,false
AMOSA_PC90,200,3.780000,0.062026913,16925.044,false
AMOSA_PC90,200,3.196000,0.063268000,17620.114,false
AMOSA_PC90,200,3.640000,0.062318212,16977.458,false
AMOSA_PC90,200,3.678000,0.062179456,16990.638,false
AMOSA_PC90,200,3.626000,0.062359117,17020.125,false
AMOSA_PC90,200,3.474000,0.062414119,17166.548,false
AMOSA_PC90,200,3.478000,0.062370569,17512.045,false
AMOSA_PC90,200,3.400000,0.062548458,17572.425,false
AMOSA_PC90,200,3.380000,0.062554999,17542.272,false
AMOSA_PC90,200,3.434000,0.062507248,17071.079,false
AMOSA_PC90,201,3.244000,0.062446778,16732.136,false
AMOSA_PC90,201,3.146000,0.062513906,16684.073,false
AMOSA_PC90,201,4.018000,0.061372880,16928.408,false
AMOSA_PC90,201,3.938000,0.061523527,17525.316,false
AMOSA_PC90,201,3.942000,0.061460423,16888.573,false
AMOSA_PC90,201,4.062000,0.061357095,16891.053,false
AMOSA_PC90,201,4.064000,0.061281181,17256.798,false
AMOSA_PC90,201,3.862000,0.061588108,17413.639,false
AMOSA_PC90,201,3.848000,0.061682876,17476.909,false
AMOSA_PC90,201,3.794000,0.061696018,17370.172,false
AMOSA_PC90,201,3.894000,0.061582549,17471.670,false
AMOSA_PC90,201,4.314000,0.060810061,17191.160,false
AMOSA_PC90,201,4.208000,0.061069784,16555.470,false
AMOSA_PC90,201,4.220000,0.060936134,17119.943,false
AMOSA_PC90,201,4.216000,0.061024860,16893.166,false
AMOSA_PC90,201,4.134000,0.061091801,16629.219,false
AMOSA_PC90,201,6.100000,0.060216243,17081.538,false
AMOSA_PC90,201,6.478000,0.060196033,17528.973,false
AMOSA_PC90,201,6.006000,0.060333410,17272.455,false
AMOSA_PC90,201,6.534000,0.060123106,17349.327,false
AMOSA_PC90,201,5.878000,0.060400042,17406.936,false
AMOSA_PC90,201,5.166000,0.060474309,17115.287,false
AMOSA_PC90,201,4.936000,0.060701525,16980.687,false
AMOSA_PC90,201,3.774000,0.061841744,17050.545,false
AMOSA_PC90,201,3.604000,0.061897733,17339.361,false
AMOSA_PC90,201,3.070000,0.063069955,17608.304,false
AMOSA_PC90,201,3.140000,0.062936679,17565.899,false
AMOSA_PC90,201,3.100000,0.062939555,17566.587,false
AMOSA_PC90,201,3.420000,0.062122848,16537.251,false
AMOSA_PC90,201,3.274000,0.062282053,17065.360,false
AMOSA_PC90,202,3.570000,0.061822013,17095.354,false
AMOSA_PC90,202,3.434000,0.062311422,17272.424,false
AMOSA_PC90,202,3.396000,0.062335755,17556.162,false
AMOSA_PC90,202,3.446000,0.062139840,17466.029,false
AMOSA_PC90,202,3.478000,0.061914271,17517.734,false
AMOSA_PC90,202,3.774000,0.061585334,17225.587,false
AMOSA_PC90,202,3.794000,0.061581824,17341.967,false
AMOSA_PC90,202,3.880000,0.061567638,17230.078,false
AMOSA_PC90,202,3.130000,0.063125868,17666.361,false
AMOSA_PC90,202,3.144000,0.063034830,17467.802,false
AMOSA_PC90,202,3.106000,0.063656655,17597.924,false
AMOSA_PC90,202,3.338000,0.062565138,16953.412,false
AMOSA_PC90,202,3.172000,0.062975614,17263.701,false
AMOSA_PC90,202,3.180000,0.062635289,17659.906,false
AMOSA_PC90,202,4.576000,0.060586218,17104.474,false
AMOSA_PC90,202,4.296000,0.060771921,16723.560,false
AMOSA_PC90,202,4.274000,0.061035875,16543.374,false
AMOSA_PC90,202,4.676000,0.060477219,17413.902,false
AMOSA_PC90,202,4.108000,0.061458989,17341.921,false
AMOSA_PC90,202,4.178000,0.061060647,17173.388,false
AMOSA_PC90,202,4.254000,0.061055228,17273.346,false
AMOSA_PC90,202,4.122000,0.061142499,17094.794,false
AMOSA_PC90,202,3.750000,0.061633497,16997.636,false
AMOSA_PC90,202,3.638000,0.061641584,17598.686,false
AMOSA_PC90,202,3.594000,0.061649373,17530.384,false
AMOSA_PC90,202,3.494000,0.061873395,17110.428,false
AMOSA_PC90,202,3.464000,0.061960031,17132.933,false
AMOSA_PC90,202,3.540000,0.061872437,17262.633,false
AMOSA_PC90,202,3.556000,0.061866639,17216.767,false
AMOSA_PC90,203,3.542000,0.062147428,17591.597,false
AMOSA_PC90,203,3.518000,0.062160967,17606.383,false
AMOSA_PC90,203,3.200000,0.062696989,17232.075,false
AMOSA_PC90,203,3.222000,0.062400877,17252.920,false
AMOSA_PC90,203,3.212000,0.062674528,17012.700,false
AMOSA_PC90,203,3.184000,0.062732785,17246.473,false
AMOSA_PC90,203,3.442000,0.062217141,16837.215,false
AMOSA_PC90,203,3.350000,0.062300024,17172.571,false
AMOSA_PC90,203,3.220000,0.062634031,17036.035,false
AMOSA_PC90,203,3.152000,0.062875928,16773.478,false
AMOSA_PC90,203,4.120000,0.061419749,16899.596,false
AMOSA_PC90,203,4.156000,0.061374895,16878.211,false
AMOSA_PC90,203,4.110000,0.061486452,16835.557,false
AMOSA_PC90,203,4.238000,0.061211881,16937.063,false
AMOSA_PC90,203,4.170000,0.061268180,16940.045,false
AMOSA_PC90,203,4.310000,0.061209133,17618.125,false
AMOSA_PC90,203,4.338000,0.061189002,17389.359,false
AMOSA_PC90,203,4.340000,0.061159265,17663.762,false
AMOSA_PC90,203,4.388000,0.061076212,17346.461,false
AMOSA_PC90,203,4.434000,0.061070858,17160.856,false
AMOSA_PC90,203,4.470000,0.061060657,17450.473,false
AMOSA_PC90,203,4.476000,0.060821384,17680.128,false
AMOSA_PC90,203,3.696000,0.061564501,17216.818,false
AMOSA_PC90,203,3.624000,0.061736234,17608.227,false
AMOSA_PC90,203,3.746000,0.061536916,17538.887,false
AMOSA_PC90,203,3.610000,0.061940904,17427.494,false
AMOSA_PC90,203,3.616000,0.061760426,17319.356,false
AMOSA_PC90,203,3.546000,0.062027388,17567.464,false
AMOSA_PC90,203,3.594000,0.062027340,17486.517,false
AMOSA_PC90,204,3.178000,0.062828927,17472.596,false
AMOSA_PC90,204,3.194000,0.062687242,17660.079,false
AMOSA_PC90,204,3.146000,0.062936055,17612.898,false
AMOSA_PC90,204,3.768000,0.061776545,17429.697,false
AMOSA_PC90,204,3.484000,0.061796226,17246.880,false
AMOSA_PC90,204,3.420000,0.061994432,17349.539,false
AMOSA_PC90,204,6.570000,0.059222407,16713.369,false
AMOSA_PC90,204,6.600000,0.059074814,17406.004,false
AMOSA_PC90,204,5.558000,0.059656986,17312.747,false
AMOSA_PC90,204,5.916000,0.059379753,17627.723,false
AMOSA_PC90,204,5.672000,0.059434678,17236.858,false
AMOSA_PC90,204,5.598000,0.059461302,17333.339,false
AMOSA_PC90,204,4.750000,0.059947393,17120.016,false
AMOSA_PC90,204,5.118000,0.059696676,17502.218,false
AMOSA_PC90,204,4.806000,0.059886168,17490.437,false
AMOSA_PC90,204,4.118000,0.061468279,17149.899,false
AMOSA_PC90,204,4.084000,0.061692840,17020.994,false
AMOSA_PC90,204,4.604000,0.060398564,16986.917,false
AMOSA_PC90,204,4.612000,0.060114237,17446.120,false
AMOSA_PC90,204,4.414000,0.060649858,17199.040,false
AMOSA_PC90,204,4.534000,0.060422450,17142.150,false
AMOSA_PC90,204,4.364000,0.060693589,17550.996,false
AMOSA_PC90,204,4.488000,0.060554813,17357.188,false
AMOSA_PC90,204,4.458000,0.060608372,17557.293,false
AMOSA_PC90,204,4.162000,0.060797218,17343.005,false
AMOSA_PC90,204,3.250000,0.062249399,17532.088,false
AMOSA_PC90,204,3.228000,0.062541352,16864.225,false
AMOSA_PC90,204,3.248000,0.062498377,17193.002,false
AMOSA_PC90,204,3.210000,0.062596734,17424.375,false
AMOSA_PC90,205,3.104000,0.063835712,17646.611,false
AMOSA_PC90,205,4.376000,0.061295170,17608.725,false
AMOSA_PC90,205,5.418000,0.061270208,17535.564,false
AMOSA_PC90,205,4.316000,0.061346607,17553.631,false
AMOSA_PC90,205,4.284000,0.061500543,17588.536,false
AMOSA_PC90,205,4.206000,0.061650569,16831.214,false
AMOSA_PC90,205,4.226000,0.061618840,17508.690,false
AMOSA_PC90,205,3.710000,0.061679191,16866.444,false
AMOSA_PC90,205,3.566000,0.061975681,16874.382,false
AMOSA_PC90,205,3.628000,0.061702951,16887.362,false
AMOSA_PC90,205,3.490000,0.062100659,17290.824,false
AMOSA_PC90,205,3.364000,0.062657133,17195.462,false
AMOSA_PC90,205,3.402000,0.062548303,17459.240,false
AMOSA_PC90,205,3.398000,0.062613850,17501.368,false
AMOSA_PC90,205,3.468000,0.062213288,17028.223,false
AMOSA_PC90,205,3.518000,0.061978756,17487.079,false
AMOSA_PC90,205,3.408000,0.062303978,17626.713,false
AMOSA_PC90,205,3.294000,0.062680473,17171.020,false
AMOSA_PC90,205,3.266000,0.062736106,17413.547,false
AMOSA_PC90,205,3.228000,0.062790290,17516.591,false
AMOSA_PC90,205,3.184000,0.063042009,17375.572,false
AMOSA_PC90,205,3.080000,0.063906207,17635.692,false
AMOSA_PC90,205,3.078000,0.064186858,17243.406,false
AMOSA_PC90,205,3.122000,0.063260592,17675.453,false
AMOSA_PC90,206,3.278000,0.061625258,17231.933,false
AMOSA_PC90,206,3.702000,0.060882610,17647.164,false
AMOSA_PC90,206,3.748000,0.060849284,17255.165,false
AMOSA_PC90,206,3.454000,0.061296954,17425.554,false
AMOSA_PC90,206,3.494000,0.060955127,17472.847,false
AMOSA_PC90,206,3.798000,0.060822939,17404.801,false
AMOSA_PC90,206,3.480000,0.061187513,17097.655,false
AMOSA_PC90,206,4.450000,0.060362388,17624.885,false
AMOSA_PC90,206,4.254000,0.060462333,17390.725,false
AMOSA_PC90,206,4.132000,0.060513133,17401.773,false
AMOSA_PC90,206,4.006000,0.060609825,17333.093,false
AMOSA_PC90,206,4.112000,0.060590091,17311.461,false
AMOSA_PC90,206,4.092000,0.060591437,17055.226,false
AMOSA_PC90,206,4.340000,0.060442082,17161.579,false
AMOSA_PC90,206,3.940000,0.060642875,17443.291,false
AMOSA_PC90,206,3.936000,0.060702556,17329.044,false
AMOSA_PC90,206,3.878000,0.060730929,17431.156,false
AMOSA_PC90,206,3.100000,0.063166202,17610.498,false
AMOSA_PC90,206,3.110000,0.062688639,17667.471,false
AMOSA_PC90,206,3.048000,0.063180578,17610.582,false
AMOSA_PC90,206,3.246000,0.062330663,17672.905,false
AMOSA_PC90,206,3.152000,0.062586280,17681.492,false
AMOSA_PC90,206,3.186000,0.062437921,17484.820,false
AMOSA_PC90,206,3.226000,0.062340578,17349.502,false
AMOSA_PC90,206,3.426000,0.061427952,17497.011,false
AMOSA_PC90,206,3.248000,0.061850489,17433.431,false
AMOSA_PC90,206,3.378000,0.061495449,17093.098,false
AMOSA_PC90,206,3.296000,0.061555667,17224.368,false
AMOSA_PC90,207,3.080000,0.062772725,17638.183,false
AMOSA_PC90,207,3.146000,0.062523652,17359.870,false
AMOSA_PC90,207,3.084000,0.062608080,17456.365,false
AMOSA_PC90,207,3.506000,0.061711216,17021.914,false
AMOSA_PC90,207,3.418000,0.061725966,17173.063,false
AMOSA_PC90,207,3.338000,0.061740495,17384.857,false
AMOSA_PC90,207,3.976000,0.061588762,17511.961,false
AMOSA_PC90,207,3.942000,0.061709815,17213.592,false
AMOSA_PC90,207,4.504000,0.060378434,17609.127,false
AMOSA_PC90,207,4.482000,0.060652928,17572.986,false
AMOSA_PC90,207,4.428000,0.060657740,17373.437,false
AMOSA_PC90,207,4.202000,0.060836979,17403.982,false
AMOSA_PC90,207,4.280000,0.060779058,17676.302,false
AMOSA_PC90,207,4.010000,0.061053682,17656.306,false
AMOSA_PC90,207,4.150000,0.060887828,17515.938,false
AMOSA_PC90,207,3.242000,0.061954955,17138.632,false
AMOSA_PC90,207,3.174000,0.062184762,17178.866,false
AMOSA_PC90,207,3.058000,0.063430756,17530.357,false
AMOSA_PC90,208,3.220000,0.063064959,17278.785,false
AMOSA_PC90,208,3.164000,0.063088258,17187.238,false
AMOSA_PC90,208,4.170000,0.061258205,17413.306,false
AMOSA_PC90,208,4.110000,0.061424692,17599.120,false
AMOSA_PC90,208,4.232000,0.061140476,16942.845,false
AMOSA_PC90,208,4.194000,0.061172086,16994.690,false
AMOSA_PC90,208,4.124000,0.061337220,17349.673,false
AMOSA_PC90,208,4.036000,0.061471984,17657.743,false
AMOSA_PC90,208,4.440000,0.060794840,17668.786,false
AMOSA_PC90,208,4.322000,0.061019626,17425.688,false
AMOSA_PC90,208,3.860000,0.061688265,17663.474,false
AMOSA_PC90,208,3.974000,0.061504312,17451.941,false
AMOSA_PC90,208,3.314000,0.062449114,17322.008,false
AMOSA_PC90,208,3.336000,0.062339962,17416.007,false
AMOSA_PC90,208,3.396000,0.062162772,17258.531,false
AMOSA_PC90,208,3.492000,0.061997138,17154.622,false
AMOSA_PC90,208,3.286000,0.062583875,17579.141,false
AMOSA_PC90,208,3.226000,0.063007052,17262.041,false
AMOSA_PC90,208,3.246000,0.062961840,17350.124,false
AMOSA_PC90,208,3.270000,0.062854090,17105.112,false
AMOSA_PC90,209,3.232000,0.062405502,17064.868,false
AMOSA_PC90,209,3.470000,0.062215084,17575.932,false
AMOSA_PC90,209,3.188000,0.062545556,17563.785,false
AMOSA_PC90,209,3.174000,0.062764904,17346.916,false
AMOSA_PC90,209,3.078000,0.063991334,17626.205,false
AMOSA_PC90,209,3.094000,0.063394705,17597.465,false
AMOSA_PC90,209,4.146000,0.060847917,17278.549,false
AMOSA_PC90,209,4.002000,0.061073437,17487.938,false
AMOSA_PC90,209,4.440000,0.060560889,17429.452,false
AMOSA_PC90,209,4.400000,0.060650036,17101.632,false
AMOSA_PC90,209,4.654000,0.060543386,16756.591,false
AMOSA_PC90,209,4.088000,0.060933301,16584.043,false
AMOSA_PC90,209,4.282000,0.060724674,16709.004,false
AMOSA_PC90,209,3.986000,0.061218718,17632.215,false
AMOSA_PC90,209,3.906000,0.061275679,16888.338,false
AMOSA_PC90,209,3.722000,0.061682673,17132.537,false
AMOSA_PC90,209,3.788000,0.061633073,17218.224,false
AMOSA_PC90,209,3.886000,0.061326161,16905.250,false
AMOSA_PC90,209,3.812000,0.061522806,16988.123,false
AMOSA_PC90,209,3.574000,0.061878242,17248.438,false
AMOSA_PC90,209,3.510000,0.062076575,17247.160,false
AMOSA_PC90,209,3.138000,0.063147000,17452.698,false
AMOSA_PC90,209,3.142000,0.062926637,17325.258,false
AMOSA_PC90,209,3.106000,0.063281936,17544.912,false
AMOSA_PC90,209,3.350000,0.062246311,17248.001,false
AMOSA_PC90,209,3.386000,0.062236016,17074.473,false
AMOSA_PC90,209,3.282000,0.062258064,17363.228,false
AMOSA_PC90,209,3.258000,0.062329348,17591.670,false
GA_WaitingTime_Dominance_PC85,200,2.344000,0.062567956,16604.602,false
GA_WaitingTime_Dominance_PC85,200,2.334000,0.062692762,16610.811,false
GA_WaitingTime_Dominance_PC85,200,2.294000,0.063074170,16657.168,false
GA_WaitingTime_Dominance_PC85,200,2.300000,0.062994900,16629.720,false
GA_WaitingTime_Dominance_PC85,200,2.304000,0.062986829,16685.509,false
GA_WaitingTime_Dominance_PC85,200,2.308000,0.062775402,16637.635,false
GA_WaitingTime_Dominance_PC85,200,2.292000,0.063074170,16612.238,false
GA_WaitingTime_Dominance_PC85,200,2.288000,0.063212426,16642.548,false
GA_WaitingTime_Dominance_PC85,200,2.286000,0.063300522,16648.293,false
GA_WaitingTime_Dominance_PC85,200,2.284000,0.063304710,16623.210,false
GA_WaitingTime_Dominance_PC85,200,2.274000,0.063310187,16625.067,false
GA_WaitingTime_Dominance_PC85,200,2.248000,0.063378108,16642.906,false
GA_WaitingTime_Dominance_PC85,200,2.244000,0.063752141,16645.535,false
GA_WaitingTime_Dominance_PC85,200,2.252000,0.063343416,16668.768,false
GA_WaitingTime_Dominance_PC85,201,2.808000,0.063173111,16641.699,false
GA_WaitingTime_Dominance_PC85,201,2.300000,0.063356044,16548.109,false
GA_WaitingTime_Dominance_PC85,201,2.288000,0.063522321,16701.544,false
GA_WaitingTime_Dominance_PC85,201,2.308000,0.063193656,16620.796,false
GA_WaitingTime_Dominance_PC85,201,2.296000,0.063370292,16677.467,false
GA_WaitingTime_Dominance_PC85,201,2.292000,0.063387428,16687.845,false
GA_WaitingTime_Dominance_PC85,202,2.188000,0.063057258,16689.226,false
GA_WaitingTime_Dominance_PC85,202,2.168000,0.063256640,16548.655,false
GA_WaitingTime_Dominance_PC85,202,2.462000,0.062743130,16572.957,false
GA_WaitingTime_Dominance_PC85,202,2.184000,0.063161209,16671.249,false
GA_WaitingTime_Dominance_PC85,202,2.164000,0.063277026,16594.475,false
GA_WaitingTime_Dominance_PC85,203,2.250000,0.063085431,16698.308,false
GA_WaitingTime_Dominance_PC85,203,2.226000,0.063348633,16679.068,false
GA_WaitingTime_Dominance_PC85,203,2.220000,0.063580820,16701.541,false
GA_WaitingTime_Dominance_PC85,204,2.798000,0.062869557,16684.856,false
GA_WaitingTime_Dominance_PC85,204,2.538000,0.062895674,16612.140,false
GA_WaitingTime_Dominance_PC85,204,2.402000,0.063397929,16667.444,false
GA_WaitingTime_Dominance_PC85,204,2.404000,0.063138234,16654.148,false
GA_WaitingTime_Dominance_PC85,204,2.348000,0.063459639,16668.396,false
GA_WaitingTime_Dominance_PC85,204,2.264000,0.063608818,16644.022,false
GA_WaitingTime_Dominance_PC85,204,2.256000,0.063700994,16684.724,false
GA_WaitingTime_Dominance_PC85,204,2.270000,0.063571724,16536.386,false
GA_WaitingTime_Dominance_PC85,204,2.254000,0.063834796,16575.136,false
GA_WaitingTime_Dominance_PC85,204,2.260000,0.063676176,16479.629,false
GA_WaitingTime_Dominance_PC85,204,2.288000,0.063524912,16553.925,false
GA_WaitingTime_Dominance_PC85,205,2.272000,0.063264371,16585.569,false
GA_WaitingTime_Dominance_PC85,205,2.276000,0.063029618,16687.438,false
GA_WaitingTime_Dominance_PC85,205,2.294000,0.062735806,16495.934,false
GA_WaitingTime_Dominance_PC85,205,2.262000,0.063285638,16597.166,false
GA_WaitingTime_Dominance_PC85,205,2.282000,0.062870409,16524.182,false
GA_WaitingTime_Dominance_PC85,205,2.280000,0.063022760,16687.438,false
GA_WaitingTime_Dominance_PC85,205,2.270000,0.063280229,16613.811,false
GA_WaitingTime_Dominance_PC85,205,2.258000,0.063353376,16676.651,false
GA_WaitingTime_Dominance_PC85,206,2.518000,0.061920340,16453.417,false
GA_WaitingTime_Dominance_PC85,206,3.028000,0.061907181,16632.967,false
GA_WaitingTime_Dominance_PC85,206,2.474000,0.062010900,16685.507,false
GA_WaitingTime_Dominance_PC85,206,2.500000,0.061979366,16655.816,false
GA_WaitingTime_Dominance_PC85,206,2.454000,0.062062369,16695.071,false
GA_WaitingTime_Dominance_PC85,206,2.426000,0.062185829,16549.689,false
GA_WaitingTime_Dominance_PC85,206,2.396000,0.062332715,16635.807,false
GA_WaitingTime_Dominance_PC85,206,2.282000,0.062433299,16596.687,false
GA_WaitingTime_Dominance_PC85,206,2.276000,0.062832680,16563.111,false
GA_WaitingTime_Dominance_PC85,206,2.274000,0.062970085,16679.246,false
GA_WaitingTime_Dominance_PC85,206,2.280000,0.062797414,16630.098,false
GA_WaitingTime_Dominance_PC85,206,2.252000,0.063188409,16663.965,false
GA_WaitingTime_Dominance_PC85,206,2.256000,0.063045326,16659.525,false
GA_WaitingTime_Dominance_PC85,206,2.268000,0.062986809,16658.532,false
GA_WaitingTime_Dominance_PC85,206,2.250000,0.063390989,16685.517,false
GA_WaitingTime_Dominance_PC85,206,2.258000,0.063018915,16587.860,false
GA_WaitingTime_Dominance_PC85,206,2.244000,0.063408571,16634.845,false
GA_WaitingTime_Dominance_PC85,206,2.242000,0.063462452,16652.526,false
GA_WaitingTime_Dominance_PC85,206,2.240000,0.063605536,16689.957,false
GA_WaitingTime_Dominance_PC85,207,2.316000,0.062424615,16563.952,false
GA_WaitingTime_Dominance_PC85,207,2.660000,0.062381967,16607.396,false
GA_WaitingTime_Dominance_PC85,207,2.288000,0.062428465,16670.120,false
GA_WaitingTime_Dominance_PC85,207,2.262000,0.062548023,16618.019,false
GA_WaitingTime_Dominance_PC85,207,2.278000,0.062484339,16647.732,false
GA_WaitingTime_Dominance_PC85,207,2.246000,0.062854160,16683.917,false
GA_WaitingTime_Dominance_PC85,207,2.250000,0.062561092,16693.095,false
GA_WaitingTime_Dominance_PC85,207,2.240000,0.062969326,16657.137,false
GA_WaitingTime_Dominance_PC85,207,2.238000,0.062997913,16696.147,false
GA_WaitingTime_Dominance_PC85,208,2.300000,0.063148871,16640.490,false
GA_WaitingTime_Dominance_PC85,208,2.266000,0.063183575,16612.685,false
GA_WaitingTime_Dominance_PC85,208,2.268000,0.063175009,16566.669,false
GA_WaitingTime_Dominance_PC85,208,2.204000,0.063379381,16622.548,false
GA_WaitingTime_Dominance_PC85,208,2.198000,0.063603673,16654.187,false
GA_WaitingTime_Dominance_PC85,208,2.228000,0.063291672,16650.885,false
GA_WaitingTime_Dominance_PC85,208,2.426000,0.063022991,16632.084,false
GA_WaitingTime_Dominance_PC85,208,2.246000,0.063232483,16583.155,false
GA_WaitingTime_Dominance_PC85,208,2.200000,0.063489928,16506.639,false
GA_WaitingTime_Dominance_PC85,208,2.194000,0.063645779,16657.820,false
GA_WaitingTime_Dominance_PC85,208,2.206000,0.063304030,16661.558,false
GA_WaitingTime_Dominance_PC85,209,2.256000,0.063002376,16628.667,false
GA_WaitingTime_Dominance_PC85,209,2.214000,0.063350930,16637.409,false
GA_WaitingTime_Dominance_PC85,209,2.228000,0.063046367,16654.722,false
GA_WaitingTime_Dominance_PC85,209,2.218000,0.063198135,16655.996,false
GA_WaitingTime_Dominance_PC85,209,2.206000,0.063377659,16691.797,false
GA_Energy_Dominance_PC85,200,4.460000,0.063618512,16094.309,false
GA_Energy_Dominance_PC85,200,4.686000,0.061834296,16561.577,false
GA_Energy_Dominance_PC85,200,4.836000,0.060636770,16416.232,false
GA_Energy_Dominance_PC85,200,4.880000,0.060459286,15818.097,false
GA_Energy_Dominance_PC85,200,4.944000,0.060186314,16169.374,false
GA_Energy_Dominance_PC85,200,4.968000,0.060042273,16158.773,false
GA_Energy_Dominance_PC85,200,4.972000,0.059908007,15801.753,false
GA_Energy_Dominance_PC85,200,5.014000,0.059789243,15998.453,false
GA_Energy_Dominance_PC85,200,5.066000,0.059524824,16054.355,false
GA_Energy_Dominance_PC85,200,5.020000,0.059614697,16114.890,false
GA_Energy_Dominance_PC85,200,5.084000,0.059459165,16074.968,false
GA_Energy_Dominance_PC85,200,5.086000,0.059371406,15827.683,false
GA_Energy_Dominance_PC85,200,5.194000,0.058700593,15790.041,false
GA_Energy_Dominance_PC85,200,5.108000,0.058881689,15506.971,false
GA_Energy_Dominance_PC85,200,5.206000,0.058655277,16029.882,false
GA_Energy_Dominance_PC85,200,5.238000,0.057999362,15891.271,false
GA_Energy_Dominance_PC85,200,5.212000,0.058006750,15581.961,false
GA_Energy_Dominance_PC85,200,5.266000,0.057876540,15708.409,false
GA_Energy_Dominance_PC85,200,5.290000,0.057868089,15427.526,false
GA_Energy_Dominance_PC85,200,5.340000,0.057845735,15495.418,false
GA_Energy_Dominance_PC85,200,5.308000,0.057855424,15892.067,false
GA_Energy_Dominance_PC85,200,5.358000,0.057803161,15456.526,false
GA_Energy_Dominance_PC85,200,5.386000,0.057745134,15155.132,false
GA_Energy_Dominance_PC85,200,5.388000,0.057658536,15471.117,false
GA_Energy_Dominance_PC85,200,5.482000,0.057641827,15357.099,false
GA_Energy_Dominance_PC85,200,5.530000,0.057628573,15457.182,false
GA_Energy_Dominance_PC85,200,5.498000,0.057633509,15167.921,false
GA_Energy_Dominance_PC85,200,5.542000,0.057471583,15379.034,false
GA_Energy_Dominance_PC85,200,5.632000,0.057374317,15169.282,false
GA_Energy_Dominance_PC85,200,5.534000,0.057550225,15501.851,false
GA_Energy_Dominance_PC85,200,5.660000,0.057340032,15323.599,false
GA_Energy_Dominance_PC85,200,5.578000,0.057407115,15297.012,false
GA_Energy_Dominance_PC85,200,5.684000,0.057336442,15323.377,false
GA_Energy_Dominance_PC85,200,5.720000,0.057216184,15040.740,false
GA_Energy_Dominance_PC85,200,5.722000,0.057133426,15113.436,false
GA_Energy_Dominance_PC85,200,5.770000,0.056876934,15386.203,false
GA_Energy_Dominance_PC85,200,5.830000,0.056725548,15037.221,false
GA_Energy_Dominance_PC85,200,5.918000,0.056613288,15298.661,false
GA_Energy_Dominance_PC85,200,5.886000,0.056625053,15170.482,false
GA_Energy_Dominance_PC85,200,6.010000,0.056597455,15363.597,false
GA_Energy_Dominance_PC85,200,5.962000,0.056609902,15374.783,false
GA_Energy_Dominance_PC85,200,6.058000,0.056564226,15412.808,false
GA_Energy_Dominance_PC85,200,6.086000,0.056555322,15170.843,false
GA_Energy_Dominance_PC85,200,6.124000,0.056460351,15265.651,false
GA_Energy_Dominance_PC85,200,6.266000,0.056399396,15129.404,false
GA_Energy_Dominance_PC85,200,6.192000,0.056429889,15229.928,false
GA_Energy_Dominance_PC85,200,6.220000,0.056420424,15452.661,false
GA_Energy_Dominance_PC85,200,6.340000,0.056146504,14886.571,false
GA_Energy_Dominance_PC85,200,6.282000,0.056229029,14841.693,false
GA_Energy_Dominance_PC85,200,6.396000,0.056104984,14900.845,false
GA_Energy_Dominance_PC85,200,6.444000,0.056059450,14962.102,false
GA_Energy_Dominance_PC85,200,6.494000,0.056013101,14663.741,false
GA_Energy_Dominance_PC85,200,6.570000,0.055997596,14635.223,false
GA_Energy_Dominance_PC85,200,6.470000,0.056038335,14706.947,false
GA_Energy_Dominance_PC85,201,4.942000,0.062477808,16365.108,false
GA_Energy_Dominance_PC85,201,5.150000,0.061568142,16486.546,false
GA_Energy_Dominance_PC85,201,5.184000,0.061474176,16495.877,false
GA_Energy_Dominance_PC85,201,5.242000,0.061254544,16597.837,false
GA_Energy_Dominance_PC85,201,5.204000,0.061303981,16606.478,false
GA_Energy_Dominance_PC85,201,4.482000,0.062632422,16633.154,false
GA_Energy_Dominance_PC85,201,8.234000,0.060217596,16151.727,false
GA_Energy_Dominance_PC85,201,7.936000,0.060472784,16295.232,false
GA_Energy_Dominance_PC85,201,8.446000,0.059873072,16091.102,false
GA_Energy_Dominance_PC85,201,8.266000,0.059887122,15850.973,false
GA_Energy_Dominance_PC85,201,8.510000,0.059454751,16130.326,false
GA_Energy_Dominance_PC85,201,8.624000,0.059345664,15673.978,false
GA_Energy_Dominance_PC85,201,8.650000,0.058871014,15955.389,false
GA_Energy_Dominance_PC85,201,9.616000,0.058112137,16426.494,false
GA_Energy_Dominance_PC85,201,9.290000,0.058216744,16644.955,false
GA_Energy_Dominance_PC85,201,8.938000,0.058390087,16091.523,false
GA_Energy_Dominance_PC85,201,9.738000,0.058010369,16308.010,false
GA_Energy_Dominance_PC85,201,9.988000,0.057926683,16448.608,false
GA_Energy_Dominance_PC85,201,9.620000,0.058058522,15447.176,false
GA_Energy_Dominance_PC85,201,10.618000,0.057590809,15806.180,false
GA_Energy_Dominance_PC85,201,10.838000,0.057424657,16659.914,false
GA_Energy_Dominance_PC85,201,10.138000,0.057717537,15853.030,false
GA_Energy_Dominance_PC85,201,10.646000,0.057524880,16054.395,false
GA_Energy_Dominance_PC85,201,11.316000,0.057208517,15814.104,false
GA_Energy_Dominance_PC85,201,11.394000,0.057124550,15562.899,false
GA_Energy_Dominance_PC85,201,11.188000,0.057349974,15834.582,false
GA_Energy_Dominance_PC85,201,10.268000,0.057636958,15885.029,false
GA_Energy_Dominance_PC85,201,11.406000,0.057013412,15769.676,false
GA_Energy_Dominance_PC85,201,11.668000,0.056889933,16321.502,false
GA_Energy_Dominance_PC85,201,12.164000,0.056601956,16310.548,false
GA_Energy_Dominance_PC85,201,12.310000,0.056556816,15629.476,false
GA_Energy_Dominance_PC85,201,12.370000,0.056443470,15599.905,false
GA_Energy_Dominance_PC85,201,12.786000,0.056228855,16210.652,false
GA_Energy_Dominance_PC85,201,12.542000,0.056274495,16315.219,false
GA_Energy_Dominance_PC85,201,11.974000,0.056642678,16646.750,false
GA_Energy_Dominance_PC85,201,12.864000,0.056043376,16109.413,false
GA_Energy_Dominance_PC85,201,13.012000,0.055952245,15519.547,false
GA_Energy_Dominance_PC85,201,13.162000,0.055169148,15620.530,false
GA_Energy_Dominance_PC85,201,13.304000,0.055133024,15502.724,false
GA_Energy_Dominance_PC85,201,13.118000,0.055575866,16074.826,false
GA_Energy_Dominance_PC85,201,13.796000,0.054872872,15599.502,false
GA_Energy_Dominance_PC85,201,13.346000,0.054906557,15853.951,false
GA_Energy_Dominance_PC85,201,13.966000,0.054525685,16126.278,false
GA_Energy_Dominance_PC85,201,14.322000,0.054361372,15952.299,false
GA_Energy_Dominance_PC85,201,14.158000,0.054491054,16094.692,false
GA_Energy_Dominance_PC85,201,14.708000,0.054095156,15743.579,false
GA_Energy_Dominance_PC85,201,14.746000,0.053983097,15476.043,false
GA_Energy_Dominance_PC85,201,14.444000,0.054211049,15784.271,false
GA_Energy_Dominance_PC85,201,14.566000,0.054096484,15476.645,false
GA_Energy_Dominance_PC85,201,14.938000,0.053807613,15301.189,false
GA_Energy_Dominance_PC85,201,15.352000,0.053556437,15142.631,false
GA_Energy_Dominance_PC85,201,15.174000,0.053666347,15360.561,false
GA_Energy_Dominance_PC85,201,15.802000,0.053538800,15289.548,false
GA_Energy_Dominance_PC85,201,15.186000,0.053570971,14968.400,false
GA_Energy_Dominance_PC85,201,16.212000,0.053385630,15520.619,false
GA_Energy_Dominance_PC85,201,16.382000,0.053299627,15044.647,false
GA_Energy_Dominance_PC85,201,15.978000,0.053433202,15347.103,false
GA_Energy_Dominance_PC85,201,16.416000,0.053101932,14515.231,false
GA_Energy_Dominance_PC85,201,16.548000,0.053080355,14776.932,false
GA_Energy_Dominance_PC85,201,16.702000,0.053030478,14662.121,false
GA_Energy_Dominance_PC85,201,16.940000,0.052919044,14818.236,false
GA_Energy_Dominance_PC85,201,17.120000,0.052613475,14781.677,false
GA_Energy_Dominance_PC85,201,17.422000,0.052525508,14597.557,false
GA_Energy_Dominance_PC85,201,16.954000,0.052692237,14716.360,false
GA_Energy_Dominance_PC85,201,17.594000,0.052461398,14245.364,false
GA_Energy_Dominance_PC85,201,17.728000,0.052331553,14848.731,false
GA_Energy_Dominance_PC85,201,17.954000,0.052168555,14974.616,false
GA_Energy_Dominance_PC85,201,18.180000,0.052022976,14438.312,false
GA_Energy_Dominance_PC85,201,18.318000,0.051901548,14919.105,false
GA_Energy_Dominance_PC85,201,18.542000,0.051781962,14567.689,false
GA_Energy_Dominance_PC85,201,19.012000,0.051611711,14719.742,false
GA_Energy_Dominance_PC85,201,19.550000,0.051385600,14435.280,false
GA_Energy_Dominance_PC85,201,19.732000,0.051379707,14602.179,false
GA_Energy_Dominance_PC85,201,19.354000,0.051486931,14780.318,false
GA_Energy_Dominance_PC85,201,19.992000,0.051222932,14147.978,false
GA_Energy_Dominance_PC85,201,20.552000,0.051139792,14310.210,false
GA_Energy_Dominance_PC85,201,20.914000,0.050897408,14229.944,false
GA_Energy_Dominance_PC85,201,20.898000,0.051036140,13853.321,false
GA_Energy_Dominance_PC85,201,21.212000,0.050856407,14378.523,false
GA_Energy_Dominance_PC85,201,21.256000,0.050729971,13695.643,false
GA_Energy_Dominance_PC85,201,21.474000,0.050690065,13889.941,false
GA_Energy_Dominance_PC85,201,21.854000,0.050503196,13377.842,false
GA_Energy_Dominance_PC85,201,21.664000,0.050612403,13241.911,false
GA_Energy_Dominance_PC85,201,22.194000,0.050314514,13673.621,false
GA_Energy_Dominance_PC85,201,22.454000,0.050187231,13323.210,false
GA_Energy_Dominance_PC85,201,22.570000,0.049994443,13242.840,false
GA_Energy_Dominance_PC85,201,22.916000,0.049857608,13386.197,false
GA_Energy_Dominance_PC85,201,23.196000,0.049806644,13075.589,false
GA_Energy_Dominance_PC85,201,23.494000,0.049662863,12508.756,false
GA_Energy_Dominance_PC85,201,23.832000,0.049630935,12792.750,false
GA_Energy_Dominance_PC85,201,24.132000,0.049614012,12711.920,false
GA_Energy_Dominance_PC85,201,24.356000,0.049585036,13184.085,false
GA_Energy_Dominance_PC85,202,4.950000,0.062413467,16702.744,false
GA_Energy_Dominance_PC85,202,4.760000,0.062990154,16570.676,false
GA_Energy_Dominance_PC85,202,5.036000,0.061271881,16622.858,false
GA_Energy_Dominance_PC85,202,5.038000,0.061134650,16554.553,false
GA_Energy_Dominance_PC85,202,5.010000,0.061444667,16338.586,false
GA_Energy_Dominance_PC85,202,5.164000,0.059737326,16061.508,false
GA_Energy_Dominance_PC85,202,5.044000,0.059905248,16274.348,false
GA_Energy_Dominance_PC85,202,5.330000,0.059473897,15917.931,false
GA_Energy_Dominance_PC85,202,5.260000,0.059538813,16098.283,false
GA_Energy_Dominance_PC85,202,5.208000,0.059584907,15912.799,false
GA_Energy_Dominance_PC85,202,5.280000,0.059476278,15901.550,false
GA_Energy_Dominance_PC85,202,5.348000,0.059119723,16173.784,false
GA_Energy_Dominance_PC85,202,5.366000,0.059095367,16201.741,false
GA_Energy_Dominance_PC85,202,5.384000,0.058818317,16339.218,false
GA_Energy_Dominance_PC85,202,5.472000,0.058272311,15797.410,false
GA_Energy_Dominance_PC85,202,5.416000,0.058374134,15852.529,false
GA_Energy_Dominance_PC85,202,5.528000,0.058000043,15752.009,false
GA_Energy_Dominance_PC85,202,5.496000,0.058044631,15542.195,false
GA_Energy_Dominance_PC85,202,5.552000,0.057966160,15763.523,false
GA_Energy_Dominance_PC85,202,5.516000,0.058041850,15848.170,false
GA_Energy_Dominance_PC85,202,5.624000,0.057836574,15217.585,false
GA_Energy_Dominance_PC85,202,5.576000,0.057876673,15824.905,false
GA_Energy_Dominance_PC85,202,5.690000,0.057745284,15709.990,false
GA_Energy_Dominance_PC85,202,5.666000,0.057821927,15969.123,false
GA_Energy_Dominance_PC85,202,5.768000,0.057650696,15600.037,false
GA_Energy_Dominance_PC85,202,5.722000,0.057650911,15854.976,false
GA_Energy_Dominance_PC85,202,5.788000,0.057580269,15655.248,false
GA_Energy_Dominance_PC85,202,5.822000,0.057574863,15341.333,false
GA_Energy_Dominance_PC85,202,5.980000,0.057462480,15703.105,false
GA_Energy_Dominance_PC85,202,5.940000,0.057484043,15606.639,false
GA_Energy_Dominance_PC85,202,5.848000,0.057562392,15585.924,false
GA_Energy_Dominance_PC85,202,6.040000,0.057373138,15701.827,false
GA_Energy_Dominance_PC85,202,6.018000,0.057413596,15513.781,false
GA_Energy_Dominance_PC85,202,5.880000,0.057485290,15529.754,false
GA_Energy_Dominance_PC85,202,6.062000,0.057260656,15328.856,false
GA_Energy_Dominance_PC85,202,6.060000,0.057325897,15291.376,false
GA_Energy_Dominance_PC85,202,6.114000,0.057181931,15475.229,false
GA_Energy_Dominance_PC85,202,6.080000,0.057188150,15657.783,false
GA_Energy_Dominance_PC85,202,6.132000,0.057038545,15090.871,false
GA_Energy_Dominance_PC85,202,6.202000,0.057028512,15127.786,false
GA_Energy_Dominance_PC85,202,6.286000,0.056967976,15423.300,false
GA_Energy_Dominance_PC85,202,6.230000,0.056979095,15193.284,false
GA_Energy_Dominance_PC85,202,6.434000,0.056806139,15096.836,false
GA_Energy_Dominance_PC85,202,6.300000,0.056870760,15127.190,false
GA_Energy_Dominance_PC85,202,6.540000,0.056762239,15036.583,false
GA_Energy_Dominance_PC85,202,6.588000,0.056738163,15111.003,false
GA_Energy_Dominance_PC85,202,6.716000,0.056564552,14723.180,false
GA_Energy_Dominance_PC85,202,6.640000,0.056609715,14865.615,false
GA_Energy_Dominance_PC85,202,6.610000,0.056677064,14833.575,false
GA_Energy_Dominance_PC85,202,6.748000,0.056514383,14750.120,false
GA_Energy_Dominance_PC85,202,6.792000,0.056249203,14572.078,false
GA_Energy_Dominance_PC85,202,6.750000,0.056333319,15091.134,false
GA_Energy_Dominance_PC85,202,6.808000,0.056117148,15159.477,false
GA_Energy_Dominance_PC85,202,6.936000,0.055882940,14434.469,false
GA_Energy_Dominance_PC85,202,6.906000,0.055887213,14434.469,false
GA_Energy_Dominance_PC85,202,7.014000,0.055864774,14875.448,false
GA_Energy_Dominance_PC85,202,7.044000,0.055863524,14662.720,false
GA_Energy_Dominance_PC85,202,6.976000,0.055868601,14828.328,false
GA_Energy_Dominance_PC85,202,7.078000,0.055836944,15006.320,false
GA_Energy_Dominance_PC85,202,7.104000,0.055833387,15042.831,false
GA_Energy_Dominance_PC85,202,7.162000,0.055816914,14941.882,false
GA_Energy_Dominance_PC85,202,7.276000,0.055796207,14734.913,false
GA_Energy_Dominance_PC85,202,7.232000,0.055807131,14578.608,false
GA_Energy_Dominance_PC85,202,7.314000,0.055784355,15299.816,false
GA_Energy_Dominance_PC85,202,7.372000,0.055771593,15081.366,false
GA_Energy_Dominance_PC85,203,4.970000,0.061551695,16503.438,false
GA_Energy_Dominance_PC85,203,6.664000,0.061206332,16132.002,false
GA_Energy_Dominance_PC85,203,7.716000,0.060320125,16264.607,false
GA_Energy_Dominance_PC85,203,7.916000,0.059823201,16311.281,false
GA_Energy_Dominance_PC85,203,8.132000,0.059488863,16701.892,false
GA_Energy_Dominance_PC85,203,7.034000,0.060527429,16439.085,false
GA_Energy_Dominance_PC85,203,8.162000,0.059277547,15830.512,false
GA_Energy_Dominance_PC85,203,8.236000,0.058389038,15938.219,false
GA_Energy_Dominance_PC85,203,9.146000,0.058252894,15353.143,false
GA_Energy_Dominance_PC85,203,8.670000,0.058346937,15459.729,false
GA_Energy_Dominance_PC85,203,9.216000,0.058180570,15278.880,false
GA_Energy_Dominance_PC85,203,9.864000,0.056902818,15667.260,false
GA_Energy_Dominance_PC85,203,10.562000,0.056883703,15772.817,false
GA_Energy_Dominance_PC85,203,10.612000,0.056632075,14851.135,false
GA_Energy_Dominance_PC85,203,10.906000,0.056475569,15679.492,false
GA_Energy_Dominance_PC85,203,10.608000,0.056767425,16144.148,false
GA_Energy_Dominance_PC85,203,11.962000,0.054760178,14568.124,false
GA_Energy_Dominance_PC85,203,12.628000,0.054671767,14820.083,false
GA_Energy_Dominance_PC85,203,11.010000,0.055047720,14306.139,false
GA_Energy_Dominance_PC85,203,12.584000,0.054756134,14816.850,false
GA_Energy_Dominance_PC85,203,12.640000,0.054585522,14820.534,false
GA_Energy_Dominance_PC85,203,13.332000,0.054105883,14526.199,false
GA_Energy_Dominance_PC85,203,12.850000,0.054314613,14499.306,false
GA_Energy_Dominance_PC85,203,12.918000,0.054146635,14852.233,false
GA_Energy_Dominance_PC85,203,13.346000,0.053873521,14889.629,false
GA_Energy_Dominance_PC85,203,13.892000,0.053591497,14893.648,false
GA_Energy_Dominance_PC85,203,14.346000,0.053353447,15072.740,false
GA_Energy_Dominance_PC85,203,14.324000,0.053501748,15258.934,false
GA_Energy_Dominance_PC85,203,14.664000,0.052719748,14336.969,false
GA_Energy_Dominance_PC85,203,14.522000,0.052907250,14263.693,false
GA_Energy_Dominance_PC85,203,15.156000,0.052412673,14768.004,false
GA_Energy_Dominance_PC85,203,15.336000,0.052405828,13732.182,false
GA_Energy_Dominance_PC85,203,15.002000,0.052482521,14235.110,false
GA_Energy_Dominance_PC85,203,15.552000,0.052324352,13991.528,false
GA_Energy_Dominance_PC85,203,14.916000,0.052625457,14152.113,false
GA_Energy_Dominance_PC85,203,15.712000,0.052255977,14460.535,false
GA_Energy_Dominance_PC85,203,15.914000,0.052174905,13948.172,false
GA_Energy_Dominance_PC85,203,15.976000,0.051884725,14199.617,false
GA_Energy_Dominance_PC85,203,16.250000,0.051683877,13490.904,false
GA_Energy_Dominance_PC85,203,16.112000,0.051848895,13528.779,false
GA_Energy_Dominance_PC85,203,16.390000,0.051561904,13682.712,false
GA_Energy_Dominance_PC85,203,16.748000,0.051218705,13592.053,false
GA_Energy_Dominance_PC85,203,16.662000,0.051439557,13703.117,false
GA_Energy_Dominance_PC85,203,17.166000,0.051048789,13415.170,false
GA_Energy_Dominance_PC85,203,17.474000,0.050998207,13767.073,false
GA_Energy_Dominance_PC85,203,17.330000,0.051046306,13517.012,false
GA_Energy_Dominance_PC85,203,18.052000,0.050700504,12893.310,false
GA_Energy_Dominance_PC85,203,18.294000,0.049991688,13065.752,false
GA_Energy_Dominance_PC85,203,18.784000,0.049720158,12500.464,false
GA_Energy_Dominance_PC85,203,18.582000,0.049803052,12755.086,false
GA_Energy_Dominance_PC85,203,18.976000,0.049698525,12239.055,false
GA_Energy_Dominance_PC85,203,19.250000,0.049410119,11757.952,false
GA_Energy_Dominance_PC85,203,19.210000,0.049556092,11600.647,false
GA_Energy_Dominance_PC85,203,19.266000,0.049229823,11596.897,true
GA_Energy_Dominance_PC85,203,19.586000,0.049076367,11524.118,true
GA_Energy_Dominance_PC85,203,19.426000,0.049123245,11646.681,true
GA_Energy_Dominance_PC85,203,19.734000,0.048788243,11286.062,true
GA_Energy_Dominance_PC85,203,20.502000,0.048550465,10943.444,true
GA_Energy_Dominance_PC85,203,20.828000,0.048539565,11167.424,true
GA_Energy_Dominance_PC85,203,19.954000,0.048756380,11069.883,true
GA_Energy_Dominance_PC85,203,20.010000,0.048624200,11043.829,true
GA_Energy_Dominance_PC85,203,20.206000,0.048607568,11012.801,true
GA_Energy_Dominance_PC85,203,21.014000,0.048532988,11137.957,true
GA_Energy_Dominance_PC85,203,21.268000,0.048460665,10983.747,true
GA_Energy_Dominance_PC85,203,21.716000,0.048370909,11352.251,true
GA_Energy_Dominance_PC85,203,21.508000,0.048404967,11330.316,true
GA_Energy_Dominance_PC85,203,21.976000,0.048270108,11266.321,true
GA_Energy_Dominance_PC85,203,22.404000,0.048253853,11327.030,true
GA_Energy_Dominance_PC85,203,22.660000,0.048144152,11452.484,true
GA_Energy_Dominance_PC85,203,23.084000,0.048101369,11095.337,true
GA_Energy_Dominance_PC85,203,23.270000,0.048079983,11214.839,true
GA_Energy_Dominance_PC85,204,7.426000,0.061537906,16421.412,false
GA_Energy_Dominance_PC85,204,7.980000,0.061200596,16637.942,false
GA_Energy_Dominance_PC85,204,5.290000,0.061557678,16588.013,false
GA_Energy_Dominance_PC85,204,8.032000,0.060888002,16215.212,false
GA_Energy_Dominance_PC85,204,9.080000,0.059891962,14948.560,false
GA_Energy_Dominance_PC85,204,9.114000,0.058891256,15547.394,false
GA_Energy_Dominance_PC85,204,9.244000,0.058881528,15547.394,false
GA_Energy_Dominance_PC85,204,8.292000,0.059963657,16132.523,false
GA_Energy_Dominance_PC85,204,9.804000,0.058704968,16266.422,false
GA_Energy_Dominance_PC85,204,9.962000,0.058438416,16397.709,false
GA_Energy_Dominance_PC85,204,9.970000,0.057943605,15184.541,false
GA_Energy_Dominance_PC85,204,10.574000,0.057624542,16116.763,false
GA_Energy_Dominance_PC85,204,11.510000,0.056744721,15710.414,false
GA_Energy_Dominance_PC85,204,10.704000,0.056907515,16269.709,false
GA_Energy_Dominance_PC85,204,11.686000,0.056626270,15848.585,false
GA_Energy_Dominance_PC85,204,11.204000,0.056773253,15334.478,false
GA_Energy_Dominance_PC85,204,11.806000,0.056513708,15695.269,false
GA_Energy_Dominance_PC85,204,11.964000,0.056455671,15885.380,false
GA_Energy_Dominance_PC85,204,12.192000,0.056170879,15884.765,false
GA_Energy_Dominance_PC85,204,12.502000,0.056018645,16380.539,false
GA_Energy_Dominance_PC85,204,13.088000,0.055401414,15191.158,false
GA_Energy_Dominance_PC85,204,12.546000,0.055526097,15598.266,false
GA_Energy_Dominance_PC85,204,12.994000,0.055452125,16150.500,false
GA_Energy_Dominance_PC85,204,13.330000,0.055378873,16271.813,false
GA_Energy_Dominance_PC85,204,13.632000,0.055065712,15612.657,false
GA_Energy_Dominance_PC85,204,13.334000,0.055220537,15411.846,false
GA_Energy_Dominance_PC85,204,13.852000,0.055062332,15541.099,false
GA_Energy_Dominance_PC85,204,13.920000,0.054755146,14450.447,false
GA_Energy_Dominance_PC85,204,14.018000,0.054655108,15264.462,false
GA_Energy_Dominance_PC85,204,14.250000,0.054402653,14563.276,false
GA_Energy_Dominance_PC85,204,14.460000,0.054208217,15096.725,false
GA_Energy_Dominance_PC85,204,14.140000,0.054552774,14372.461,false
GA_Energy_Dominance_PC85,204,14.416000,0.054295413,15529.114,false
GA_Energy_Dominance_PC85,204,14.634000,0.053982178,14822.958,false
GA_Energy_Dominance_PC85,204,14.546000,0.054124661,14684.104,false
GA_Energy_Dominance_PC85,204,14.798000,0.053898205,14194.646,false
GA_Energy_Dominance_PC85,204,14.978000,0.053822032,14254.227,false
GA_Energy_Dominance_PC85,204,15.152000,0.053725986,14323.132,false
GA_Energy_Dominance_PC85,204,15.194000,0.053548733,13621.444,false
GA_Energy_Dominance_PC85,204,15.600000,0.053370216,14062.227,false
GA_Energy_Dominance_PC85,204,15.298000,0.053447365,14017.726,false
GA_Energy_Dominance_PC85,204,15.442000,0.053436440,13865.950,false
GA_Energy_Dominance_PC85,204,15.744000,0.053021424,13846.654,false
GA_Energy_Dominance_PC85,204,15.936000,0.052906727,14337.788,false
GA_Energy_Dominance_PC85,204,15.618000,0.053064808,13786.158,false
GA_Energy_Dominance_PC85,204,16.440000,0.052650174,13929.630,false
GA_Energy_Dominance_PC85,204,16.566000,0.052534408,13576.315,false
GA_Energy_Dominance_PC85,204,16.050000,0.052794104,14104.042,false
GA_Energy_Dominance_PC85,204,16.726000,0.052353445,13944.915,false
GA_Energy_Dominance_PC85,204,17.068000,0.052195957,14163.952,false
GA_Energy_Dominance_PC85,204,17.292000,0.052067401,14153.734,false
GA_Energy_Dominance_PC85,204,16.866000,0.052214196,13733.142,false
GA_Energy_Dominance_PC85,204,17.206000,0.052194812,13981.769,false
GA_Energy_Dominance_PC85,204,17.760000,0.051813660,13369.243,false
GA_Energy_Dominance_PC85,204,17.490000,0.051930793,13250.697,false
GA_Energy_Dominance_PC85,204,17.912000,0.051764714,13112.604,false
GA_Energy_Dominance_PC85,204,18.142000,0.051512649,13367.222,false
GA_Energy_Dominance_PC85,204,18.580000,0.051458922,12697.191,false
GA_Energy_Dominance_PC85,204,18.988000,0.051443581,13360.198,false
GA_Energy_Dominance_PC85,204,19.252000,0.051396895,12981.074,false
GA_Energy_Dominance_PC85,204,18.794000,0.051446253,13329.617,false
GA_Energy_Dominance_PC85,204,19.432000,0.051293557,12718.645,false
GA_Energy_Dominance_PC85,204,19.828000,0.051192551,12723.697,false
GA_Energy_Dominance_PC85,204,19.668000,0.051230597,13203.205,false
GA_Energy_Dominance_PC85,204,20.224000,0.051155291,13027.886,false
GA_Energy_Dominance_PC85,204,20.052000,0.051167395,12944.461,false
GA_Energy_Dominance_PC85,204,20.410000,0.051051806,12941.490,false
GA_Energy_Dominance_PC85,204,20.646000,0.050794565,13172.412,false
GA_Energy_Dominance_PC85,204,21.242000,0.050551208,13054.320,false
GA_Energy_Dominance_PC85,204,20.846000,0.050637556,13054.320,false
GA_Energy_Dominance_PC85,204,22.242000,0.050442080,12867.770,false
GA_Energy_Dominance_PC85,204,22.054000,0.050487696,13053.955,false
GA_Energy_Dominance_PC85,204,22.522000,0.050332836,13012.747,false
GA_Energy_Dominance_PC85,204,22.732000,0.050322878,13062.847,false
GA_Energy_Dominance_PC85,204,23.020000,0.050237710,12964.876,false
GA_Energy_Dominance_PC85,204,23.098000,0.050115538,13383.189,false
GA_Energy_Dominance_PC85,204,23.836000,0.050017853,13255.603,false
GA_Energy_Dominance_PC85,204,23.444000,0.050071465,13402.399,false
GA_Energy_Dominance_PC85,204,24.486000,0.049947994,12729.220,false
GA_Energy_Dominance_PC85,204,24.724000,0.049914828,12821.353,false
GA_Energy_Dominance_PC85,204,25.614000,0.049755586,12591.873,false
GA_Energy_Dominance_PC85,204,25.244000,0.049810029,12775.496,false
GA_Energy_Dominance_PC85,204,25.024000,0.049852591,12505.871,false
GA_Energy_Dominance_PC85,204,26.542000,0.049514054,12930.813,false
GA_Energy_Dominance_PC85,204,26.786000,0.049500599,12677.105,false
GA_Energy_Dominance_PC85,204,25.912000,0.049579398,12922.586,false
GA_Energy_Dominance_PC85,204,27.332000,0.049494476,12765.140,false
GA_Energy_Dominance_PC85,204,27.034000,0.049499679,12867.162,false
GA_Energy_Dominance_PC85,205,4.608000,0.062542910,16660.190,false
GA_Energy_Dominance_PC85,205,5.036000,0.061433721,16589.763,false
GA_Energy_Dominance_PC85,205,5.098000,0.060776420,16662.680,false
GA_Energy_Dominance_PC85,205,5.140000,0.060771413,16627.887,false
GA_Energy_Dominance_PC85,205,5.176000,0.060659197,16455.682,false
GA_Energy_Dominance_PC85,205,5.142000,0.060711660,16531.012,false
GA_Energy_Dominance_PC85,205,5.182000,0.060426371,16584.934,false
GA_Energy_Dominance_PC85,205,5.218000,0.059400644,16318.142,false
GA_Energy_Dominance_PC85,205,5.306000,0.058521093,16432.904,false
GA_Energy_Dominance_PC85,205,5.356000,0.058391506,16370.006,false
GA_Energy_Dominance_PC85,205,5.390000,0.058368698,15674.738,false
GA_Energy_Dominance_PC85,205,5.408000,0.058355373,16011.733,false
GA_Energy_Dominance_PC85,205,5.474000,0.058276611,15949.722,false
GA_Energy_Dominance_PC85,205,5.422000,0.058300299,15914.437,false
GA_Energy_Dominance_PC85,205,5.518000,0.058122480,15560.119,false
GA_Energy_Dominance_PC85,205,5.508000,0.058211743,15436.948,false
GA_Energy_Dominance_PC85,205,5.476000,0.058216706,15637.270,false
GA_Energy_Dominance_PC85,205,5.532000,0.057976336,15388.862,false
GA_Energy_Dominance_PC85,205,5.628000,0.057814712,15117.300,false
GA_Energy_Dominance_PC85,205,5.656000,0.057812855,15266.488,false
GA_Energy_Dominance_PC85,205,5.690000,0.057720491,15164.474,false
GA_Energy_Dominance_PC85,205,5.610000,0.057815017,15502.727,false
GA_Energy_Dominance_PC85,205,5.580000,0.057866196,15399.492,false
GA_Energy_Dominance_PC85,205,5.672000,0.057751453,15425.208,false
GA_Energy_Dominance_PC85,205,5.752000,0.057646841,15043.681,false
GA_Energy_Dominance_PC85,205,5.766000,0.057551507,15041.175,false
GA_Energy_Dominance_PC85,205,5.828000,0.057534759,15132.144,false
GA_Energy_Dominance_PC85,205,5.848000,0.057494961,15075.900,false
GA_Energy_Dominance_PC85,205,5.920000,0.057388283,15315.060,false
GA_Energy_Dominance_PC85,205,5.964000,0.057371407,15311.350,false
GA_Energy_Dominance_PC85,205,5.996000,0.057170809,14884.071,false
GA_Energy_Dominance_PC85,205,6.056000,0.056812296,14552.264,false
GA_Energy_Dominance_PC85,205,6.100000,0.056695930,14575.044,false
GA_Energy_Dominance_PC85,205,6.078000,0.056795945,14497.112,false
GA_Energy_Dominance_PC85,205,6.122000,0.056643811,14367.772,false
GA_Energy_Dominance_PC85,205,6.156000,0.056598383,14396.748,false
GA_Energy_Dominance_PC85,205,6.186000,0.056581472,14059.192,false
GA_Energy_Dominance_PC85,205,6.274000,0.056383899,14358.174,false
GA_Energy_Dominance_PC85,205,6.214000,0.056485735,14416.795,false
GA_Energy_Dominance_PC85,205,6.374000,0.056073293,14057.408,false
GA_Energy_Dominance_PC85,205,6.352000,0.056179878,14130.759,false
GA_Energy_Dominance_PC85,205,6.308000,0.056219758,14363.567,false
GA_Energy_Dominance_PC85,205,6.304000,0.056369057,14280.930,false
GA_Energy_Dominance_PC85,205,6.414000,0.056059638,14190.902,false
GA_Energy_Dominance_PC85,205,6.464000,0.056057620,14298.510,false
GA_Energy_Dominance_PC85,205,6.490000,0.056046405,14280.671,false
GA_Energy_Dominance_PC85,205,6.562000,0.056008306,14207.945,false
GA_Energy_Dominance_PC85,205,6.534000,0.056044755,14298.510,false
GA_Energy_Dominance_PC85,206,4.974000,0.061732042,16476.740,false
GA_Energy_Dominance_PC85,206,4.754000,0.062229079,16009.039,false
GA_Energy_Dominance_PC85,206,5.032000,0.061646358,16387.586,false
GA_Energy_Dominance_PC85,206,4.858000,0.061931188,16248.268,false
GA_Energy_Dominance_PC85,206,4.928000,0.061790836,16446.113,false
GA_Energy_Dominance_PC85,206,5.098000,0.059505895,15773.344,false
GA_Energy_Dominance_PC85,206,5.060000,0.059582344,15932.220,false
GA_Energy_Dominance_PC85,206,5.116000,0.059418264,16063.658,false
GA_Energy_Dominance_PC85,206,5.052000,0.059739405,16059.096,false
GA_Energy_Dominance_PC85,206,5.134000,0.059321709,16240.763,false
GA_Energy_Dominance_PC85,206,5.104000,0.059457923,16342.410,false
GA_Energy_Dominance_PC85,206,5.132000,0.059407491,15952.365,false
GA_Energy_Dominance_PC85,206,5.140000,0.059069976,16346.227,false
GA_Energy_Dominance_PC85,206,5.176000,0.058316835,15316.720,false
GA_Energy_Dominance_PC85,206,5.214000,0.058141365,15228.861,false
GA_Energy_Dominance_PC85,206,5.350000,0.058076258,15850.469,false
GA_Energy_Dominance_PC85,206,5.308000,0.058107586,15839.995,false
GA_Energy_Dominance_PC85,206,5.374000,0.058056171,15345.200,false
GA_Energy_Dominance_PC85,206,5.396000,0.057965291,15016.815,false
GA_Energy_Dominance_PC85,206,5.482000,0.057842676,15120.903,false
GA_Energy_Dominance_PC85,206,5.468000,0.057898337,15460.474,false
GA_Energy_Dominance_PC85,206,5.508000,0.057778078,14914.957,false
GA_Energy_Dominance_PC85,206,5.546000,0.057735419,15211.369,false
GA_Energy_Dominance_PC85,206,5.594000,0.057621850,15080.801,false
GA_Energy_Dominance_PC85,206,5.522000,0.057739171,15141.119,false
GA_Energy_Dominance_PC85,206,5.566000,0.057670048,15131.856,false
GA_Energy_Dominance_PC85,206,5.612000,0.057582068,15177.311,false
GA_Energy_Dominance_PC85,206,5.662000,0.057521104,15135.011,false
GA_Energy_Dominance_PC85,206,5.680000,0.057494018,14908.884,false
GA_Energy_Dominance_PC85,206,5.706000,0.057470398,14599.331,false
GA_Energy_Dominance_PC85,206,5.732000,0.057254962,14926.061,false
GA_Energy_Dominance_PC85,206,5.744000,0.057220580,14994.113,false
GA_Energy_Dominance_PC85,206,5.782000,0.056994992,14980.889,false
GA_Energy_Dominance_PC85,206,5.772000,0.057111039,15085.478,false
GA_Energy_Dominance_PC85,206,5.748000,0.057133704,14947.627,false
GA_Energy_Dominance_PC85,206,6.024000,0.056852912,14812.866,false
GA_Energy_Dominance_PC85,206,5.878000,0.056944355,15025.652,false
GA_Energy_Dominance_PC85,206,5.848000,0.056984889,14902.965,false
GA_Energy_Dominance_PC85,206,5.950000,0.056892612,14635.766,false
GA_Energy_Dominance_PC85,206,5.902000,0.056916543,14763.422,false
GA_Energy_Dominance_PC85,206,6.048000,0.056780738,14674.313,false
GA_Energy_Dominance_PC85,206,6.122000,0.056689521,14782.648,false
GA_Energy_Dominance_PC85,206,6.076000,0.056746613,14726.728,false
GA_Energy_Dominance_PC85,206,6.204000,0.056542573,14659.746,false
GA_Energy_Dominance_PC85,206,6.142000,0.056576785,14762.370,false
GA_Energy_Dominance_PC85,206,6.244000,0.056527433,14695.578,false
GA_Energy_Dominance_PC85,206,6.294000,0.056509471,14562.262,false
GA_Energy_Dominance_PC85,206,6.394000,0.056451904,14748.000,false
GA_Energy_Dominance_PC85,206,6.366000,0.056452472,14553.489,false
GA_Energy_Dominance_PC85,206,6.398000,0.056392224,14475.116,false
GA_Energy_Dominance_PC85,206,6.496000,0.056365358,14643.851,false
GA_Energy_Dominance_PC85,206,6.530000,0.056323322,14628.729,false
GA_Energy_Dominance_PC85,206,6.584000,0.056314776,14593.096,false
GA_Energy_Dominance_PC85,206,6.636000,0.056275745,14586.790,false
GA_Energy_Dominance_PC85,206,6.660000,0.056270964,14496.408,false
GA_Energy_Dominance_PC85,206,6.678000,0.056204933,14605.659,false
GA_Energy_Dominance_PC85,206,6.730000,0.056127142,14610.243,false
GA_Energy_Dominance_PC85,206,6.720000,0.056193056,14439.947,false
GA_Energy_Dominance_PC85,206,6.930000,0.056081780,14616.882,false
GA_Energy_Dominance_PC85,206,6.866000,0.056097094,14414.674,false
GA_Energy_Dominance_PC85,206,6.836000,0.056125132,14493.694,false
GA_Energy_Dominance_PC85,206,6.992000,0.056053820,14765.279,false
GA_Energy_Dominance_PC85,206,6.962000,0.056079553,14778.987,false
GA_Energy_Dominance_PC85,206,7.080000,0.056022855,14806.798,false
GA_Energy_Dominance_PC85,206,7.042000,0.056049535,14480.165,false
GA_Energy_Dominance_PC85,206,7.188000,0.056020328,14709.500,false
GA_Energy_Dominance_PC85,206,7.242000,0.055989936,14677.149,false
GA_Energy_Dominance_PC85,206,7.296000,0.055942146,14503.335,false
GA_Energy_Dominance_PC85,206,7.358000,0.055910334,14395.702,false
GA_Energy_Dominance_PC85,206,7.398000,0.055893363,14157.178,false
GA_Energy_Dominance_PC85,206,7.440000,0.055859444,14478.852,false
GA_Energy_Dominance_PC85,206,7.448000,0.055792509,14393.715,false
GA_Energy_Dominance_PC85,206,7.500000,0.055769125,14492.584,false
GA_Energy_Dominance_PC85,206,7.572000,0.055739093,14434.665,false
GA_Energy_Dominance_PC85,206,7.710000,0.055654239,14379.642,false
GA_Energy_Dominance_PC85,206,7.612000,0.055674977,14323.497,false
GA_Energy_Dominance_PC85,206,7.924000,0.055430787,14111.958,false
GA_Energy_Dominance_PC85,206,7.974000,0.055337542,14251.705,false
GA_Energy_Dominance_PC85,206,8.318000,0.055298188,13933.883,false
GA_Energy_Dominance_PC85,206,8.112000,0.055331866,14353.219,false
GA_Energy_Dominance_PC85,206,8.356000,0.055294219,14187.632,false
GA_Energy_Dominance_PC85,206,7.774000,0.055462242,14435.211,false
GA_Energy_Dominance_PC85,206,8.202000,0.055312973,14189.242,false
GA_Energy_Dominance_PC85,206,8.426000,0.055283108,14140.372,false
GA_Energy_Dominance_PC85,206,8.150000,0.055320638,13940.727,false
GA_Energy_Dominance_PC85,207,4.702000,0.063194274,16494.907,false
GA_Energy_Dominance_PC85,207,5.010000,0.061387896,16586.028,false
GA_Energy_Dominance_PC85,207,5.038000,0.061080917,16566.927,false
GA_Energy_Dominance_PC85,207,5.036000,0.061126011,16668.985,false
GA_Energy_Dominance_PC85,207,5.048000,0.060750685,16513.760,false
GA_Energy_Dominance_PC85,207,5.106000,0.060519369,16582.893,false
GA_Energy_Dominance_PC85,207,5.150000,0.060292043,16702.626,false
GA_Energy_Dominance_PC85,207,5.102000,0.060616547,16648.711,false
GA_Energy_Dominance_PC85,207,5.216000,0.060219050,16666.950,false
GA_Energy_Dominance_PC85,207,5.136000,0.060429530,16336.419,false
GA_Energy_Dominance_PC85,207,5.196000,0.060246807,16556.118,false
GA_Energy_Dominance_PC85,207,5.300000,0.059988794,15686.129,false
GA_Energy_Dominance_PC85,207,5.314000,0.059988404,16133.765,false
GA_Energy_Dominance_PC85,207,5.342000,0.059957764,16408.743,false
GA_Energy_Dominance_PC85,207,5.250000,0.060087385,16398.106,false
GA_Energy_Dominance_PC85,207,5.278000,0.059995461,16414.393,false
GA_Energy_Dominance_PC85,207,5.350000,0.059770807,16048.484,false
GA_Energy_Dominance_PC85,207,5.428000,0.059601516,16376.109,false
GA_Energy_Dominance_PC85,207,5.476000,0.059471069,16183.873,false
GA_Energy_Dominance_PC85,207,5.508000,0.059260766,16056.885,false
GA_Energy_Dominance_PC85,207,5.520000,0.059212891,16059.054,false
GA_Energy_Dominance_PC85,207,5.590000,0.058897106,16104.388,false
GA_Energy_Dominance_PC85,207,5.648000,0.058778321,15964.339,false
GA_Energy_Dominance_PC85,207,5.626000,0.058866419,15853.384,false
GA_Energy_Dominance_PC85,207,5.670000,0.058368521,15544.112,false
GA_Energy_Dominance_PC85,207,5.650000,0.058400807,15268.193,false
GA_Energy_Dominance_PC85,207,5.762000,0.058158698,15396.918,false
GA_Energy_Dominance_PC85,207,5.682000,0.058250694,15397.921,false
GA_Energy_Dominance_PC85,207,5.838000,0.058001184,15250.065,false
GA_Energy_Dominance_PC85,207,5.874000,0.057998011,15326.400,false
GA_Energy_Dominance_PC85,207,5.780000,0.058047475,15397.860,false
GA_Energy_Dominance_PC85,207,6.022000,0.057809122,15354.485,false
GA_Energy_Dominance_PC85,207,5.912000,0.057861493,15416.630,false
GA_Energy_Dominance_PC85,207,6.078000,0.057679974,15256.409,false
GA_Energy_Dominance_PC85,207,6.130000,0.057656049,15422.771,false
GA_Energy_Dominance_PC85,207,6.060000,0.057710297,15089.547,false
GA_Energy_Dominance_PC85,207,6.134000,0.057506663,14894.374,false
GA_Energy_Dominance_PC85,207,6.178000,0.057452723,14964.851,false
GA_Energy_Dominance_PC85,207,6.210000,0.057251123,14957.748,false
GA_Energy_Dominance_PC85,207,6.310000,0.057239210,15435.224,false
GA_Energy_Dominance_PC85,207,6.326000,0.057125362,14943.687,false
GA_Energy_Dominance_PC85,207,6.384000,0.056891341,14840.147,false
GA_Energy_Dominance_PC85,207,6.372000,0.057094717,15040.481,false
GA_Energy_Dominance_PC85,207,6.424000,0.056879325,15194.871,false
GA_Energy_Dominance_PC85,207,6.446000,0.056852938,14926.218,false
GA_Energy_Dominance_PC85,207,6.474000,0.056806273,15272.077,false
GA_Energy_Dominance_PC85,207,6.488000,0.056504787,14765.108,false
GA_Energy_Dominance_PC85,207,6.594000,0.056400637,14875.075,false
GA_Energy_Dominance_PC85,207,6.614000,0.056158988,14323.109,false
GA_Energy_Dominance_PC85,207,6.618000,0.055945985,14563.130,false
GA_Energy_Dominance_PC85,207,6.668000,0.055848734,14346.140,false
GA_Energy_Dominance_PC85,207,6.692000,0.055717450,14008.316,false
GA_Energy_Dominance_PC85,207,6.890000,0.055550426,14100.447,false
GA_Energy_Dominance_PC85,207,6.754000,0.055636163,14024.389,false
GA_Energy_Dominance_PC85,207,6.824000,0.055579013,14019.036,false
GA_Energy_Dominance_PC85,207,6.918000,0.055541194,13949.442,false
GA_Energy_Dominance_PC85,207,6.972000,0.055525663,13963.876,false
GA_Energy_Dominance_PC85,208,5.064000,0.061193636,16312.586,false
GA_Energy_Dominance_PC85,208,5.084000,0.060952143,16197.268,false
GA_Energy_Dominance_PC85,208,5.086000,0.060138306,16392.867,false
GA_Energy_Dominance_PC85,208,5.238000,0.060074899,16002.334,false
GA_Energy_Dominance_PC85,208,5.274000,0.060029890,16022.851,false
GA_Energy_Dominance_PC85,208,5.298000,0.059934826,16631.354,false
GA_Energy_Dominance_PC85,208,5.310000,0.059535747,16424.696,false
GA_Energy_Dominance_PC85,208,5.374000,0.059314118,16577.599,false
GA_Energy_Dominance_PC85,208,5.404000,0.059296883,16579.693,false
GA_Energy_Dominance_PC85,208,5.318000,0.059396996,16179.000,false
GA_Energy_Dominance_PC85,208,5.418000,0.059202627,16489.651,false
GA_Energy_Dominance_PC85,208,5.474000,0.059052905,16013.323,false
GA_Energy_Dominance_PC85,208,5.422000,0.059091320,15823.552,false
GA_Energy_Dominance_PC85,208,5.480000,0.058998486,16268.545,false
GA_Energy_Dominance_PC85,208,5.516000,0.058990205,15662.838,false
GA_Energy_Dominance_PC85,208,5.568000,0.058874308,15799.155,false
GA_Energy_Dominance_PC85,208,5.550000,0.058886617,15155.223,false
GA_Energy_Dominance_PC85,208,5.580000,0.058829033,15615.413,false
GA_Energy_Dominance_PC85,208,5.600000,0.058682271,15333.970,false
GA_Energy_Dominance_PC85,208,5.654000,0.058356122,15346.577,false
GA_Energy_Dominance_PC85,208,5.620000,0.058515269,15356.781,false
GA_Energy_Dominance_PC85,208,5.682000,0.058275714,15273.427,false
GA_Energy_Dominance_PC85,208,5.708000,0.058144032,14854.048,false
GA_Energy_Dominance_PC85,208,5.742000,0.058026881,14690.065,false
GA_Energy_Dominance_PC85,208,5.752000,0.057994411,14750.148,false
GA_Energy_Dominance_PC85,208,5.804000,0.057897704,14820.832,false
GA_Energy_Dominance_PC85,208,5.780000,0.057914808,14611.477,false
GA_Energy_Dominance_PC85,208,5.768000,0.057956912,14707.676,false
GA_Energy_Dominance_PC85,208,5.816000,0.057851724,14685.248,false
GA_Energy_Dominance_PC85,208,5.850000,0.057846317,14366.746,false
GA_Energy_Dominance_PC85,208,5.872000,0.057842770,14676.861,false
GA_Energy_Dominance_PC85,208,5.912000,0.057796046,14558.920,false
GA_Energy_Dominance_PC85,208,6.024000,0.057492747,14093.335,false
GA_Energy_Dominance_PC85,208,5.948000,0.057544052,14528.329,false
GA_Energy_Dominance_PC85,208,6.002000,0.057513564,14288.912,false
GA_Energy_Dominance_PC85,208,5.926000,0.057547325,14421.024,false
GA_Energy_Dominance_PC85,208,6.060000,0.057473409,14279.271,false
GA_Energy_Dominance_PC85,208,6.158000,0.057395007,14502.042,false
GA_Energy_Dominance_PC85,208,6.072000,0.057395978,14623.301,false
GA_Energy_Dominance_PC85,208,6.162000,0.057346674,14515.138,false
GA_Energy_Dominance_PC85,208,6.220000,0.057342579,14430.021,false
GA_Energy_Dominance_PC85,208,6.258000,0.057245017,14583.641,false
GA_Energy_Dominance_PC85,208,6.310000,0.057202851,14467.498,false
GA_Energy_Dominance_PC85,208,6.328000,0.057088834,14399.664,false
GA_Energy_Dominance_PC85,208,6.366000,0.057034972,14117.311,false
GA_Energy_Dominance_PC85,208,6.402000,0.056996702,14250.491,false
GA_Energy_Dominance_PC85,208,6.470000,0.056838887,14471.408,false
GA_Energy_Dominance_PC85,208,6.428000,0.056902045,14367.924,false
GA_Energy_Dominance_PC85,208,6.554000,0.056820536,14355.808,false
GA_Energy_Dominance_PC85,208,6.598000,0.056746734,13896.550,false
GA_Energy_Dominance_PC85,208,6.652000,0.056653250,14038.543,false
GA_Energy_Dominance_PC85,208,6.626000,0.056666385,13985.118,false
GA_Energy_Dominance_PC85,208,6.844000,0.056578320,14312.900,false
GA_Energy_Dominance_PC85,208,6.900000,0.056488304,13842.803,false
GA_Energy_Dominance_PC85,208,6.804000,0.056582593,14312.900,false
GA_Energy_Dominance_PC85,208,6.768000,0.056610795,13764.185,false
GA_Energy_Dominance_PC85,208,6.956000,0.056479282,13536.501,false
GA_Energy_Dominance_PC85,208,6.980000,0.056439103,14114.411,false
GA_Energy_Dominance_PC85,208,7.054000,0.056384594,13788.540,false
GA_Energy_Dominance_PC85,208,7.006000,0.056393099,13819.785,false
GA_Energy_Dominance_PC85,208,7.066000,0.056307413,13833.084,false
GA_Energy_Dominance_PC85,208,7.110000,0.056291152,13808.454,false
GA_Energy_Dominance_PC85,208,7.252000,0.056212425,13848.817,false
GA_Energy_Dominance_PC85,208,7.364000,0.056150411,13806.990,false
GA_Energy_Dominance_PC85,208,7.284000,0.056174471,13875.825,false
GA_Energy_Dominance_PC85,208,7.322000,0.056165140,13546.168,false
GA_Energy_Dominance_PC85,208,7.444000,0.056027659,13599.138,false
GA_Energy_Dominance_PC85,208,7.434000,0.056096795,13669.536,false
GA_Energy_Dominance_PC85,208,7.474000,0.055834086,13872.864,false
GA_Energy_Dominance_PC85,208,7.502000,0.055761804,13591.527,false
GA_Energy_Dominance_PC85,208,7.600000,0.055709733,14095.462,false
GA_Energy_Dominance_PC85,208,7.564000,0.055740656,13925.399,false
GA_Energy_Dominance_PC85,208,7.922000,0.055638386,13618.173,false
GA_Energy_Dominance_PC85,208,7.678000,0.055660460,13618.423,false
GA_Energy_Dominance_PC85,208,7.708000,0.055655480,13782.282,false
GA_Energy_Dominance_PC85,209,5.228000,0.061570823,16526.773,false
GA_Energy_Dominance_PC85,209,5.280000,0.061557678,16470.493,false
GA_Energy_Dominance_PC85,209,9.186000,0.061203271,16122.234,false
GA_Energy_Dominance_PC85,209,9.280000,0.061000990,16102.840,false
GA_Energy_Dominance_PC85,209,9.818000,0.059710696,16071.365,false
GA_Energy_Dominance_PC85,209,10.594000,0.059279137,15367.689,false
GA_Energy_Dominance_PC85,209,11.064000,0.059135694,15249.900,false
GA_Energy_Dominance_PC85,209,11.216000,0.058752936,16237.619,false
GA_Energy_Dominance_PC85,209,12.540000,0.057243826,15286.786,false
GA_Energy_Dominance_PC85,209,12.432000,0.057272413,15281.378,false
GA_Energy_Dominance_PC85,209,12.606000,0.056810925,15020.460,false
GA_Energy_Dominance_PC85,209,12.068000,0.057593096,16537.657,false
GA_Energy_Dominance_PC85,209,11.802000,0.057791363,14641.382,false
GA_Energy_Dominance_PC85,209,14.046000,0.056570058,15159.928,false
GA_Energy_Dominance_PC85,209,14.344000,0.056478171,15708.063,false
GA_Energy_Dominance_PC85,209,13.902000,0.056590177,16406.722,false
GA_Energy_Dominance_PC85,209,14.642000,0.056376226,16044.922,false
GA_Energy_Dominance_PC85,209,14.828000,0.055977613,14840.805,false
GA_Energy_Dominance_PC85,209,14.804000,0.056252272,15484.587,false
GA_Energy_Dominance_PC85,209,15.006000,0.055906732,16275.673,false
GA_Energy_Dominance_PC85,209,15.852000,0.055435555,14998.513,false
GA_Energy_Dominance_PC85,209,15.658000,0.055467219,14550.729,false
GA_Energy_Dominance_PC85,209,15.974000,0.055347862,15083.775,false
GA_Energy_Dominance_PC85,209,15.154000,0.055576943,15346.686,false
GA_Energy_Dominance_PC85,209,16.386000,0.055229982,16072.497,false
GA_Energy_Dominance_PC85,209,16.414000,0.054783842,15072.069,false
GA_Energy_Dominance_PC85,209,17.170000,0.054642402,15244.322,false
GA_Energy_Dominance_PC85,209,17.294000,0.054490290,15661.132,false
GA_Energy_Dominance_PC85,209,17.746000,0.054238644,15347.313,false
GA_Energy_Dominance_PC85,209,18.020000,0.054106094,14913.195,false
GA_Energy_Dominance_PC85,209,18.340000,0.054002890,14192.220,false
GA_Energy_Dominance_PC85,209,18.392000,0.053906125,15963.929,false
GA_Energy_Dominance_PC85,209,18.334000,0.054098614,14831.982,false
GA_Energy_Dominance_PC85,209,18.454000,0.053468112,15046.674,false
GA_Energy_Dominance_PC85,209,19.398000,0.052917896,14388.053,false
GA_Energy_Dominance_PC85,209,19.186000,0.052994911,13736.406,false
GA_Energy_Dominance_PC85,209,18.992000,0.053017344,14373.270,false
GA_Energy_Dominance_PC85,209,19.828000,0.052833791,14228.829,false
GA_Energy_Dominance_PC85,209,20.270000,0.052702219,14549.911,false
GA_Energy_Dominance_PC85,209,19.996000,0.052737194,14671.478,false
GA_Energy_Dominance_PC85,209,20.326000,0.052405009,14389.090,false
GA_Energy_Dominance_PC85,209,20.688000,0.052173507,14551.663,false
GA_Energy_Dominance_PC85,209,20.556000,0.052289272,14708.289,false
GA_Energy_Dominance_PC85,209,20.922000,0.052133052,13550.209,false
GA_Energy_Dominance_PC85,209,21.054000,0.051976536,14424.281,false
GA_Energy_Dominance_PC85,209,21.256000,0.051852032,13997.249,false
GA_Energy_Dominance_PC85,209,21.808000,0.051555814,14455.298,false
GA_Energy_Dominance_PC85,209,21.568000,0.051731022,14506.619,false
GA_Energy_Dominance_PC85,209,22.004000,0.051406245,14399.090,false
GA_Energy_Dominance_PC85,209,22.396000,0.051367774,14414.686,false
GA_Energy_Dominance_PC85,209,22.462000,0.051188677,13972.620,false
GA_Energy_Dominance_PC85,209,22.894000,0.051123368,13786.382,false
GA_Energy_Dominance_PC85,209,23.090000,0.051028807,13457.025,false
GA_Energy_Dominance_PC85,209,23.880000,0.050634508,12915.307,false
GA_Energy_Dominance_PC85,209,23.462000,0.050675760,12808.938,false
GA_Energy_Dominance_PC85,209,24.124000,0.050581270,13073.134,false
GA_Energy_Dominance_PC85,209,23.314000,0.050935480,13424.928,false
GA_Energy_Dominance_PC85,209,24.310000,0.050339381,12602.630,false
GA_Energy_Dominance_PC85,209,24.550000,0.050238338,13180.885,false
GA_Energy_Dominance_PC85,209,24.612000,0.050096171,12423.831,false
GA_Energy_Dominance_PC85,209,24.924000,0.049939591,12607.872,false
GA_Energy_Dominance_PC85,209,25.190000,0.049915092,12931.681,false
GA_Energy_Dominance_PC85,209,25.578000,0.049739758,11969.976,false
GA_Energy_Dominance_PC85,209,26.056000,0.049579559,12531.950,false
GA_Energy_Dominance_PC85,209,25.818000,0.049584816,12526.937,false
GA_Energy_Dominance_PC85,209,26.682000,0.049498317,12315.929,false
GA_Energy_Dominance_PC85,209,26.984000,0.049305176,12545.588,false
GA_Energy_Dominance_PC85,209,27.360000,0.049210577,11932.829,false
GA_Energy_Dominance_PC85,209,27.602000,0.049160864,12423.692,false
GA_Energy_Dominance_PC85,209,28.022000,0.048862490,11847.040,false
GA_Energy_Dominance_PC85,209,27.678000,0.048990596,12006.501,false
GA_Energy_Dominance_PC85,209,28.424000,0.048633251,11231.199,false
GA_Energy_Dominance_PC85,209,28.748000,0.048442932,11483.540,false
GA_Energy_Dominance_PC85,209,29.022000,0.048306223,11122.238,false
GA_Energy_Dominance_PC85,209,29.430000,0.048274862,11211.536,false
GA_Energy_Dominance_PC85,209,29.688000,0.048229783,11125.458,false
GA_Energy_Dominance_PC85,209,30.046000,0.048172868,11100.615,false
GA_Energy_Dominance_PC85,209,30.368000,0.048096020,10871.983,false
GA_Energy_Dominance_PC85,209,30.644000,0.048014360,10805.906,false
GA_Energy_Dominance_PC85,209,31.336000,0.047903397,10501.621,false
GA_Energy_Dominance_PC85,209,31.780000,0.047766117,10604.094,false
GA_Energy_Dominance_PC85,209,32.278000,0.047597003,10712.657,false
GA_Energy_Dominance_PC85,209,32.714000,0.047573949,10683.341,false
GA_Energy_Dominance_PC85,209,33.204000,0.047536417,10620.793,false
GA_Energy_Dominance_PC85,209,33.536000,0.047487945,10634.448,false
GA_Energy_Dominance_PC85,209,33.878000,0.047457385,10449.619,false
SA_WaitingTime_Dominance_PC85,200,3.428000,0.063574826,15613.842,false
SA_WaitingTime_Dominance_PC85,200,3.400000,0.063589900,15674.905,false
SA_WaitingTime_Dominance_PC85,200,3.356000,0.063766616,16062.663,false
SA_WaitingTime_Dominance_PC85,200,3.348000,0.063824927,16209.350,false
SA_WaitingTime_Dominance_PC85,200,2.610000,0.063946410,16684.724,false
SA_WaitingTime_Dominance_PC85,200,2.570000,0.064163334,16671.425,false
SA_WaitingTime_Dominance_PC85,200,2.572000,0.063966024,16665.014,false
SA_WaitingTime_Dominance_PC85,200,2.566000,0.064247711,16693.983,false
SA_WaitingTime_Dominance_PC85,200,2.538000,0.064314570,16664.257,false
SA_WaitingTime_Dominance_PC85,200,2.378000,0.064358075,16660.598,false
SA_WaitingTime_Dominance_PC85,200,2.342000,0.064484736,16636.494,false
SA_WaitingTime_Dominance_PC85,200,2.318000,0.064612171,16673.202,false
SA_WaitingTime_Dominance_PC85,200,2.326000,0.064527960,16673.202,false
SA_WaitingTime_Dominance_PC85,200,2.320000,0.064579684,16680.063,false
SA_WaitingTime_Dominance_PC85,200,2.364000,0.064373651,16680.794,false
SA_WaitingTime_Dominance_PC85,200,2.278000,0.064995019,16685.380,false
SA_WaitingTime_Dominance_PC85,200,2.304000,0.064958298,16693.922,false
SA_WaitingTime_Dominance_PC85,200,2.270000,0.065108984,16693.922,false
SA_WaitingTime_Dominance_PC85,200,2.272000,0.065089545,16699.069,false
SA_WaitingTime_Dominance_PC85,200,2.170000,0.065606451,16611.171,false
SA_WaitingTime_Dominance_PC85,200,2.176000,0.065552570,16646.891,false
SA_WaitingTime_Dominance_PC85,200,2.196000,0.065229678,16658.411,false
SA_WaitingTime_Dominance_PC85,200,2.158000,0.065701608,16632.749,false
SA_WaitingTime_Dominance_PC85,200,2.152000,0.065756217,16687.795,false
SA_WaitingTime_Dominance_PC85,200,2.178000,0.065409508,16700.767,false
SA_WaitingTime_Dominance_PC85,200,2.208000,0.065128421,16679.952,false
SA_WaitingTime_Dominance_PC85,201,3.418000,0.063610953,15671.057,false
SA_WaitingTime_Dominance_PC85,201,3.408000,0.063632006,15613.842,false
SA_WaitingTime_Dominance_PC85,201,3.420000,0.063589900,15983.072,false
SA_WaitingTime_Dominance_PC85,201,3.438000,0.063545405,15613.842,false
SA_WaitingTime_Dominance_PC85,201,2.350000,0.064077465,16686.761,false
SA_WaitingTime_Dominance_PC85,201,2.362000,0.064002333,16686.761,false
SA_WaitingTime_Dominance_PC85,201,2.356000,0.064049906,16683.528,false
SA_WaitingTime_Dominance_PC85,201,2.306000,0.064113064,16686.761,false
SA_WaitingTime_Dominance_PC85,201,2.318000,0.064108791,16686.761,false
SA_WaitingTime_Dominance_PC85,201,2.530000,0.063742494,16624.445,false
SA_WaitingTime_Dominance_PC85,201,2.464000,0.063786651,16701.306,false
SA_WaitingTime_Dominance_PC85,201,2.488000,0.063763522,16701.306,false
SA_WaitingTime_Dominance_PC85,201,2.456000,0.063834013,16701.306,false
SA_WaitingTime_Dominance_PC85,201,2.282000,0.064491312,16589.990,false
SA_WaitingTime_Dominance_PC85,201,2.284000,0.064449207,16589.990,false
SA_WaitingTime_Dominance_PC85,201,2.302000,0.064414937,16505.423,false
SA_WaitingTime_Dominance_PC85,201,2.264000,0.064560187,16691.317,false
SA_WaitingTime_Dominance_PC85,201,2.274000,0.064547424,16691.317,false
SA_WaitingTime_Dominance_PC85,201,2.136000,0.064985999,16687.278,false
SA_WaitingTime_Dominance_PC85,201,2.058000,0.065097939,16696.827,false
SA_WaitingTime_Dominance_PC85,201,2.060000,0.065050636,16696.827,false
SA_WaitingTime_Dominance_PC85,201,2.076000,0.065042985,16696.827,false
SA_WaitingTime_Dominance_PC85,201,2.054000,0.065149511,16670.102,false
SA_WaitingTime_Dominance_PC85,201,2.184000,0.064804756,16693.552,false
SA_WaitingTime_Dominance_PC85,201,2.174000,0.064823241,16684.342,false
SA_WaitingTime_Dominance_PC85,202,3.428000,0.063602724,15736.989,false
SA_WaitingTime_Dominance_PC85,202,3.418000,0.063610953,15718.568,false
SA_WaitingTime_Dominance_PC85,202,3.412000,0.063632006,15613.842,false
SA_WaitingTime_Dominance_PC85,202,3.402000,0.064139001,15997.997,false
SA_WaitingTime_Dominance_PC85,202,3.394000,0.064315866,16208.311,false
SA_WaitingTime_Dominance_PC85,202,3.386000,0.064336373,15937.729,false
SA_WaitingTime_Dominance_PC85,202,2.664000,0.064338544,16680.231,false
SA_WaitingTime_Dominance_PC85,202,2.592000,0.064543359,16666.143,false
SA_WaitingTime_Dominance_PC85,202,2.630000,0.064392784,16684.360,false
SA_WaitingTime_Dominance_PC85,202,2.616000,0.064426032,16684.360,false
SA_WaitingTime_Dominance_PC85,202,2.582000,0.064717193,16682.392,false
SA_WaitingTime_Dominance_PC85,202,2.590000,0.064604490,16683.395,false
SA_WaitingTime_Dominance_PC85,202,2.602000,0.064448639,16683.395,false
SA_WaitingTime_Dominance_PC85,202,2.424000,0.064987668,16674.880,false
SA_WaitingTime_Dominance_PC85,202,2.428000,0.064874338,16625.538,false
SA_WaitingTime_Dominance_PC85,202,2.430000,0.064835567,16625.538,false
SA_WaitingTime_Dominance_PC85,202,2.264000,0.065416920,16681.497,false
SA_WaitingTime_Dominance_PC85,202,2.282000,0.065377102,16681.497,false
SA_WaitingTime_Dominance_PC85,202,2.124000,0.065463445,16647.536,false
SA_WaitingTime_Dominance_PC85,202,2.122000,0.065484191,16678.542,false
SA_WaitingTime_Dominance_PC85,202,2.238000,0.065433749,16684.469,false
SA_WaitingTime_Dominance_PC85,202,2.228000,0.065455267,16566.960,false
SA_WaitingTime_Dominance_PC85,202,2.302000,0.065081673,16666.367,false
SA_WaitingTime_Dominance_PC85,203,3.412000,0.063632006,15763.537,false
SA_WaitingTime_Dominance_PC85,203,3.426000,0.063574826,15623.935,false
SA_WaitingTime_Dominance_PC85,203,3.424000,0.063613129,15714.113,false
SA_WaitingTime_Dominance_PC85,203,3.404000,0.063793653,15726.008,false
SA_WaitingTime_Dominance_PC85,203,3.362000,0.063812020,16096.574,false
SA_WaitingTime_Dominance_PC85,203,3.348000,0.064180893,16668.189,false
SA_WaitingTime_Dominance_PC85,203,3.356000,0.064157199,16628.981,false
SA_WaitingTime_Dominance_PC85,203,3.102000,0.064320728,16646.304,false
SA_WaitingTime_Dominance_PC85,203,3.110000,0.064312602,16646.304,false
SA_WaitingTime_Dominance_PC85,203,3.132000,0.064206276,16693.815,false
SA_WaitingTime_Dominance_PC85,203,3.092000,0.064408472,16682.839,false
SA_WaitingTime_Dominance_PC85,203,3.074000,0.064415271,16631.550,false
SA_WaitingTime_Dominance_PC85,203,3.064000,0.064492660,16652.409,false
SA_WaitingTime_Dominance_PC85,203,3.070000,0.064471607,16693.806,false
SA_WaitingTime_Dominance_PC85,203,3.054000,0.064529570,16693.806,false
SA_WaitingTime_Dominance_PC85,203,2.156000,0.064548896,16617.156,false
SA_WaitingTime_Dominance_PC85,203,2.148000,0.064963184,16670.188,false
SA_WaitingTime_Dominance_PC85,203,2.138000,0.065005290,16679.512,false
SA_WaitingTime_Dominance_PC85,203,2.136000,0.065164475,16688.153,false
SA_WaitingTime_Dominance_PC85,203,2.132000,0.065250140,16690.121,false
SA_WaitingTime_Dominance_PC85,204,3.412000,0.063601721,15613.842,false
SA_WaitingTime_Dominance_PC85,204,3.410000,0.063632006,15613.842,false
SA_WaitingTime_Dominance_PC85,204,3.424000,0.063567859,15566.331,false
SA_WaitingTime_Dominance_PC85,204,3.408000,0.063762718,15613.842,false
SA_WaitingTime_Dominance_PC85,204,3.450000,0.063565358,15661.353,false
SA_WaitingTime_Dominance_PC85,204,3.404000,0.063824238,15717.974,false
SA_WaitingTime_Dominance_PC85,204,3.400000,0.064016502,15714.355,false
SA_WaitingTime_Dominance_PC85,204,3.388000,0.064165933,16586.791,false
SA_WaitingTime_Dominance_PC85,204,3.366000,0.064230455,16656.081,false
SA_WaitingTime_Dominance_PC85,204,3.384000,0.064207272,16586.954,false
SA_WaitingTime_Dominance_PC85,204,2.446000,0.064597244,16654.002,false
SA_WaitingTime_Dominance_PC85,204,2.448000,0.064452316,16639.263,false
SA_WaitingTime_Dominance_PC85,204,2.420000,0.064607160,16657.177,false
SA_WaitingTime_Dominance_PC85,204,2.576000,0.064432128,16695.533,false
SA_WaitingTime_Dominance_PC85,204,2.340000,0.064716699,16690.051,false
SA_WaitingTime_Dominance_PC85,204,2.356000,0.064667261,16690.051,false
SA_WaitingTime_Dominance_PC85,204,2.380000,0.064617124,16692.806,false
SA_WaitingTime_Dominance_PC85,204,2.318000,0.064809535,16671.457,false
SA_WaitingTime_Dominance_PC85,204,2.322000,0.064729684,16671.457,false
SA_WaitingTime_Dominance_PC85,204,2.212000,0.064861082,16689.381,false
SA_WaitingTime_Dominance_PC85,204,2.196000,0.065187009,16627.124,false
SA_WaitingTime_Dominance_PC85,204,2.210000,0.065017424,16627.124,false
SA_WaitingTime_Dominance_PC85,204,2.198000,0.065129924,16621.785,false
SA_WaitingTime_Dominance_PC85,205,3.422000,0.063567351,15613.842,false
SA_WaitingTime_Dominance_PC85,205,2.756000,0.063949130,16670.368,false
SA_WaitingTime_Dominance_PC85,205,2.768000,0.063643779,16674.110,false
SA_WaitingTime_Dominance_PC85,205,2.762000,0.063664832,16674.110,false
SA_WaitingTime_Dominance_PC85,205,2.772000,0.063587290,16674.110,false
SA_WaitingTime_Dominance_PC85,205,2.222000,0.064006623,16669.021,false
SA_WaitingTime_Dominance_PC85,205,2.150000,0.064278878,16690.584,false
SA_WaitingTime_Dominance_PC85,205,2.136000,0.064299931,16702.421,false
SA_WaitingTime_Dominance_PC85,205,2.254000,0.063954407,16697.528,false
SA_WaitingTime_Dominance_PC85,205,2.132000,0.065059084,16696.583,false
SA_WaitingTime_Dominance_PC85,206,3.412000,0.063606103,15613.842,false
SA_WaitingTime_Dominance_PC85,206,3.410000,0.063744828,15613.842,false
SA_WaitingTime_Dominance_PC85,206,3.420000,0.063589900,15859.925,false
SA_WaitingTime_Dominance_PC85,206,2.574000,0.064079148,16687.472,false
SA_WaitingTime_Dominance_PC85,206,2.590000,0.064030937,16615.623,false
SA_WaitingTime_Dominance_PC85,206,2.436000,0.064122511,16549.957,false
SA_WaitingTime_Dominance_PC85,206,2.416000,0.064210201,16694.453,false
SA_WaitingTime_Dominance_PC85,206,2.424000,0.064181445,16694.453,false
SA_WaitingTime_Dominance_PC85,206,2.406000,0.064241269,16673.104,false
SA_WaitingTime_Dominance_PC85,206,2.422000,0.064194046,16623.708,false
SA_WaitingTime_Dominance_PC85,206,2.412000,0.064230377,16689.034,false
SA_WaitingTime_Dominance_PC85,206,2.404000,0.064262322,16689.034,false
SA_WaitingTime_Dominance_PC85,206,2.394000,0.064808270,16645.093,false
SA_WaitingTime_Dominance_PC85,206,2.400000,0.064774370,16654.509,false
SA_WaitingTime_Dominance_PC85,206,2.218000,0.064837524,16702.643,false
SA_WaitingTime_Dominance_PC85,206,2.198000,0.065175626,16693.789,false
SA_WaitingTime_Dominance_PC85,206,2.194000,0.065236159,16691.694,false
SA_WaitingTime_Dominance_PC85,206,2.190000,0.065288373,16693.408,false
SA_WaitingTime_Dominance_PC85,206,2.214000,0.065052177,16693.408,false
SA_WaitingTime_Dominance_PC85,206,2.186000,0.065590442,16686.099,false
SA_WaitingTime_Dominance_PC85,206,2.178000,0.065764818,16631.104,false
SA_WaitingTime_Dominance_PC85,206,2.154000,0.065794023,16672.571,false
SA_WaitingTime_Dominance_PC85,206,2.150000,0.065891761,16656.423,false
SA_WaitingTime_Dominance_PC85,207,3.422000,0.063546807,15566.331,false
SA_WaitingTime_Dominance_PC85,207,3.416000,0.063610953,15798.052,false
SA_WaitingTime_Dominance_PC85,207,3.368000,0.063619143,16100.976,false
SA_WaitingTime_Dominance_PC85,207,3.358000,0.063619143,16058.189,false
SA_WaitingTime_Dominance_PC85,207,3.356000,0.063674452,16062.037,false
SA_WaitingTime_Dominance_PC85,207,3.374000,0.063616845,16566.017,false
SA_WaitingTime_Dominance_PC85,207,2.388000,0.063903314,16657.477,false
SA_WaitingTime_Dominance_PC85,207,2.340000,0.063937904,16657.477,false
SA_WaitingTime_Dominance_PC85,207,2.330000,0.063981620,16659.572,false
SA_WaitingTime_Dominance_PC85,207,2.328000,0.063990166,16656.362,false
SA_WaitingTime_Dominance_PC85,207,2.400000,0.063882002,16656.362,false
SA_WaitingTime_Dominance_PC85,207,2.314000,0.064063517,16579.247,false
SA_WaitingTime_Dominance_PC85,207,2.302000,0.064110740,16618.035,false
SA_WaitingTime_Dominance_PC85,207,2.284000,0.064819159,16695.525,false
SA_WaitingTime_Dominance_PC85,207,2.274000,0.064883305,16696.056,false
SA_WaitingTime_Dominance_PC85,207,2.174000,0.065230387,16690.771,false
SA_WaitingTime_Dominance_PC85,207,2.170000,0.065609937,16696.527,false
SA_WaitingTime_Dominance_PC85,207,2.156000,0.065827913,16696.527,false
SA_WaitingTime_Dominance_PC85,207,2.228000,0.064955298,16660.174,false
SA_WaitingTime_Dominance_PC85,207,2.210000,0.065021928,16689.701,false
SA_WaitingTime_Dominance_PC85,207,2.250000,0.064902244,16651.250,false
SA_WaitingTime_Dominance_PC85,207,2.208000,0.065072300,16651.250,false
SA_WaitingTime_Dominance_PC85,207,2.188000,0.065084170,16653.345,false
SA_WaitingTime_Dominance_PC85,207,2.176000,0.065108454,16673.493,false
SA_WaitingTime_Dominance_PC85,208,3.434000,0.063603419,15620.703,false
SA_WaitingTime_Dominance_PC85,208,3.426000,0.063610953,15714.113,false
SA_WaitingTime_Dominance_PC85,208,3.414000,0.063715618,15647.999,false
SA_WaitingTime_Dominance_PC85,208,3.416000,0.063632006,15676.278,false
SA_WaitingTime_Dominance_PC85,208,3.296000,0.063741083,16687.472,false
SA_WaitingTime_Dominance_PC85,208,4.838000,0.063372515,16647.414,false
SA_WaitingTime_Dominance_PC85,208,4.662000,0.063399844,16691.674,false
SA_WaitingTime_Dominance_PC85,208,4.600000,0.063403003,16660.936,false
SA_WaitingTime_Dominance_PC85,208,2.132000,0.065236767,16697.836,false
SA_WaitingTime_Dominance_PC85,208,2.130000,0.065262001,16695.943,false
SA_WaitingTime_Dominance_PC85,208,2.234000,0.064368979,16689.432,false
SA_WaitingTime_Dominance_PC85,208,2.222000,0.064588904,16558.209,false
SA_WaitingTime_Dominance_PC85,208,2.190000,0.064593590,16672.547,false
SA_WaitingTime_Dominance_PC85,208,2.140000,0.064684373,16670.719,false
SA_WaitingTime_Dominance_PC85,208,2.146000,0.064605104,16632.556,false
SA_WaitingTime_Dominance_PC85,208,2.144000,0.064639878,16632.556,false
SA_WaitingTime_Dominance_PC85,208,2.248000,0.064219553,16697.082,false
SA_WaitingTime_Dominance_PC85,208,2.224000,0.064405052,16697.082,false
SA_WaitingTime_Dominance_PC85,208,2.108000,0.065824827,16538.204,false
SA_WaitingTime_Dominance_PC85,208,2.122000,0.065413888,16662.075,false
SA_WaitingTime_Dominance_PC85,208,2.112000,0.065685414,16662.075,false
SA_WaitingTime_Dominance_PC85,208,2.106000,0.065849838,16674.455,false
SA_WaitingTime_Dominance_PC85,209,3.400000,0.063589900,15674.905,false
SA_WaitingTime_Dominance_PC85,209,3.416000,0.063546137,15847.240,false
SA_WaitingTime_Dominance_PC85,209,3.422000,0.063462602,16029.417,false
SA_WaitingTime_Dominance_PC85,209,3.454000,0.063457154,15907.839,false
SA_WaitingTime_Dominance_PC85,209,2.096000,0.065414119,16690.669,false
SA_WaitingTime_Dominance_PC85,209,2.098000,0.065390702,16690.669,false
SA_WaitingTime_Dominance_PC85,209,2.100000,0.065258668,16687.682,false
SA_WaitingTime_Dominance_PC85,209,2.212000,0.064090360,16685.205,false
SA_WaitingTime_Dominance_PC85,209,2.192000,0.064126448,16681.563,false
SA_WaitingTime_Dominance_PC85,209,2.214000,0.064069023,16681.563,false
SA_WaitingTime_Dominance_PC85,209,2.238000,0.063981937,16677.110,false
SA_WaitingTime_Dominance_PC85,209,2.300000,0.063946913,16626.635,false
SA_WaitingTime_Dominance_PC85,209,2.328000,0.063928660,16674.146,false
SA_WaitingTime_Dominance_PC85,209,2.186000,0.064597647,16677.285,false
SA_WaitingTime_Dominance_PC85,209,2.142000,0.064969879,16663.615,false
SA_WaitingTime_Dominance_PC85,209,2.182000,0.064943205,16660.424,false
SA_WaitingTime_Dominance_PC85,209,2.130000,0.065032289,16701.463,false
SA_Energy_Dominance_PC85,200,5.256000,0.061557678,16576.798,false
SA_Energy_Dominance_PC85,200,5.320000,0.061503797,16469.474,false
SA_Energy_Dominance_PC85,200,4.828000,0.061789352,16489.331,false
SA_Energy_Dominance_PC85,200,4.784000,0.061810405,16669.327,false
SA_Energy_Dominance_PC85,200,4.744000,0.061859554,16591.810,false
SA_Energy_Dominance_PC85,200,4.768000,0.061846298,16658.357,false
SA_Energy_Dominance_PC85,200,5.062000,0.061732901,16675.518,false
SA_Energy_Dominance_PC85,200,5.076000,0.061635598,16670.670,false
SA_Energy_Dominance_PC85,200,6.136000,0.061398968,16613.212,false
SA_Energy_Dominance_PC85,200,6.108000,0.061411066,16613.212,false
SA_Energy_Dominance_PC85,200,6.000000,0.061435399,16613.212,false
SA_Energy_Dominance_PC85,200,7.212000,0.061057475,16474.254,false
SA_Energy_Dominance_PC85,200,7.188000,0.061068027,16505.241,false
SA_Energy_Dominance_PC85,200,7.176000,0.061207949,16505.241,false
SA_Energy_Dominance_PC85,200,7.242000,0.061039520,16506.827,false
SA_Energy_Dominance_PC85,200,7.310000,0.060879902,16559.120,false
SA_Energy_Dominance_PC85,200,7.348000,0.060860098,16559.120,false
SA_Energy_Dominance_PC85,200,7.352000,0.060816753,16559.120,false
SA_Energy_Dominance_PC85,200,7.498000,0.060672492,16559.120,false
SA_Energy_Dominance_PC85,200,7.278000,0.060894626,16559.120,false
SA_Energy_Dominance_PC85,200,7.578000,0.060622769,16608.214,false
SA_Energy_Dominance_PC85,200,7.542000,0.060628173,16608.214,false
SA_Energy_Dominance_PC85,200,7.624000,0.060586067,16661.965,false
SA_Energy_Dominance_PC85,200,7.614000,0.060600696,16648.816,false
SA_Energy_Dominance_PC85,200,7.666000,0.060409319,16493.247,false
SA_Energy_Dominance_PC85,200,7.648000,0.060434870,16603.943,false
SA_Energy_Dominance_PC85,200,7.884000,0.060355975,16575.051,false
SA_Energy_Dominance_PC85,200,7.924000,0.060290128,16359.875,false
SA_Energy_Dominance_PC85,200,8.092000,0.060235290,16125.758,false
SA_Energy_Dominance_PC85,200,8.094000,0.060078200,16106.906,false
SA_Energy_Dominance_PC85,200,8.246000,0.059911372,16339.478,false
SA_Energy_Dominance_PC85,200,8.354000,0.059824368,16339.478,false
SA_Energy_Dominance_PC85,200,8.370000,0.059481534,16168.603,false
SA_Energy_Dominance_PC85,200,8.396000,0.059452411,16118.317,false
SA_Energy_Dominance_PC85,200,8.412000,0.059171405,15887.567,false
SA_Energy_Dominance_PC85,200,8.518000,0.059017987,15661.050,false
SA_Energy_Dominance_PC85,200,8.460000,0.059033120,15448.777,false
SA_Energy_Dominance_PC85,200,8.560000,0.059005472,15454.153,false
SA_Energy_Dominance_PC85,200,8.722000,0.058986695,15445.281,false
SA_Energy_Dominance_PC85,200,8.620000,0.058998523,15374.588,false
SA_Energy_Dominance_PC85,200,8.858000,0.058955094,16369.375,false
SA_Energy_Dominance_PC85,200,8.972000,0.058944172,16306.466,false
SA_Energy_Dominance_PC85,200,9.116000,0.058923119,16246.675,false
SA_Energy_Dominance_PC85,200,9.238000,0.058889228,16432.092,false
SA_Energy_Dominance_PC85,200,9.314000,0.058824439,16432.092,false
SA_Energy_Dominance_PC85,200,9.300000,0.058876113,16432.092,false
SA_Energy_Dominance_PC85,200,9.328000,0.058753129,16559.529,false
SA_Energy_Dominance_PC85,200,9.384000,0.058539936,16262.798,false
SA_Energy_Dominance_PC85,200,9.410000,0.058297846,16421.723,false
SA_Energy_Dominance_PC85,200,9.522000,0.058238081,16557.653,false
SA_Energy_Dominance_PC85,200,9.704000,0.057670178,16487.269,false
SA_Energy_Dominance_PC85,200,9.686000,0.057725102,16486.266,false
SA_Energy_Dominance_PC85,200,9.530000,0.057772556,15741.710,false
SA_Energy_Dominance_PC85,200,9.608000,0.057750020,16441.807,false
SA_Energy_Dominance_PC85,200,10.022000,0.057591807,15865.516,false
SA_Energy_Dominance_PC85,200,10.032000,0.057514594,15746.882,false
SA_Energy_Dominance_PC85,200,9.932000,0.057596773,15891.378,false
SA_Energy_Dominance_PC85,200,10.090000,0.057499471,15839.571,false
SA_Energy_Dominance_PC85,200,10.150000,0.057453101,15818.222,false
SA_Energy_Dominance_PC85,200,10.220000,0.057435383,15463.071,false
SA_Energy_Dominance_PC85,200,10.368000,0.057388967,15062.858,false
SA_Energy_Dominance_PC85,200,10.506000,0.057362605,14983.374,false
SA_Energy_Dominance_PC85,200,10.626000,0.057358693,14983.374,false
SA_Energy_Dominance_PC85,200,10.936000,0.057273497,14950.246,false
SA_Energy_Dominance_PC85,200,10.862000,0.057325069,14949.243,false
SA_Energy_Dominance_PC85,200,11.014000,0.054054546,13776.621,false
SA_Energy_Dominance_PC85,200,11.078000,0.054048249,13894.284,false
SA_Energy_Dominance_PC85,200,11.186000,0.054040827,13949.224,false
SA_Energy_Dominance_PC85,200,11.468000,0.054038810,13943.352,false
SA_Energy_Dominance_PC85,201,5.322000,0.061546463,16515.420,false
SA_Energy_Dominance_PC85,201,5.174000,0.061951456,16517.744,false
SA_Energy_Dominance_PC85,201,5.120000,0.062001723,16568.671,false
SA_Energy_Dominance_PC85,201,5.094000,0.062023544,16568.671,false
SA_Energy_Dominance_PC85,201,5.024000,0.062083463,16691.678,false
SA_Energy_Dominance_PC85,201,4.980000,0.062135137,16672.660,false
SA_Energy_Dominance_PC85,201,4.968000,0.062311666,16664.019,false
SA_Energy_Dominance_PC85,201,4.644000,0.063475789,16501.378,false
SA_Energy_Dominance_PC85,201,4.606000,0.063484983,16694.421,false
SA_Energy_Dominance_PC85,201,4.596000,0.063541536,16611.459,false
SA_Energy_Dominance_PC85,201,5.202000,0.061554160,16625.491,false
SA_Energy_Dominance_PC85,201,5.188000,0.061576029,16576.492,false
SA_Energy_Dominance_PC85,201,5.182000,0.061615893,16576.492,false
SA_Energy_Dominance_PC85,201,5.178000,0.061748612,16692.064,false
SA_Energy_Dominance_PC85,201,4.668000,0.062808416,16695.865,false
SA_Energy_Dominance_PC85,201,4.656000,0.062916331,16624.730,false
SA_Energy_Dominance_PC85,201,5.884000,0.061523593,16686.221,false
SA_Energy_Dominance_PC85,201,6.088000,0.061202584,16686.221,false
SA_Energy_Dominance_PC85,201,6.076000,0.061265826,16534.784,false
SA_Energy_Dominance_PC85,201,6.126000,0.061076435,16642.720,false
SA_Energy_Dominance_PC85,201,6.136000,0.060906183,16630.642,false
SA_Energy_Dominance_PC85,201,6.148000,0.060615013,16529.851,false
SA_Energy_Dominance_PC85,201,6.182000,0.060594313,16529.851,false
SA_Energy_Dominance_PC85,201,6.208000,0.060582905,16508.502,false
SA_Energy_Dominance_PC85,201,6.256000,0.060577096,16508.502,false
SA_Energy_Dominance_PC85,201,6.370000,0.060572548,16515.615,false
SA_Energy_Dominance_PC85,201,6.538000,0.060542838,16178.394,false
SA_Energy_Dominance_PC85,201,6.656000,0.060280913,16206.725,false
SA_Energy_Dominance_PC85,201,6.600000,0.060325206,16206.725,false
SA_Energy_Dominance_PC85,201,6.580000,0.060359643,16206.725,false
SA_Energy_Dominance_PC85,201,6.542000,0.060374643,16206.725,false
SA_Energy_Dominance_PC85,201,6.706000,0.060236365,16259.458,false
SA_Energy_Dominance_PC85,201,6.726000,0.060171925,16328.586,false
SA_Energy_Dominance_PC85,201,6.850000,0.059997304,16582.791,false
SA_Energy_Dominance_PC85,201,6.920000,0.059989835,16558.892,false
SA_Energy_Dominance_PC85,201,6.988000,0.059978620,16558.892,false
SA_Energy_Dominance_PC85,201,7.042000,0.059891129,16654.120,false
SA_Energy_Dominance_PC85,201,7.004000,0.059940387,16654.120,false
SA_Energy_Dominance_PC85,201,7.188000,0.059685987,16317.318,false
SA_Energy_Dominance_PC85,201,7.264000,0.059685987,16426.857,false
SA_Energy_Dominance_PC85,201,7.394000,0.059392040,16685.791,false
SA_Energy_Dominance_PC85,201,7.298000,0.059563642,16685.791,false
SA_Energy_Dominance_PC85,201,7.308000,0.059407571,16685.791,false
SA_Energy_Dominance_PC85,201,7.400000,0.059239497,16602.231,false
SA_Energy_Dominance_PC85,201,7.478000,0.059234531,16628.956,false
SA_Energy_Dominance_PC85,201,7.512000,0.059184503,16404.598,false
SA_Energy_Dominance_PC85,201,7.590000,0.059173579,16404.598,false
SA_Energy_Dominance_PC85,201,7.800000,0.058401788,16275.222,false
SA_Energy_Dominance_PC85,201,7.734000,0.058414236,16275.222,false
SA_Energy_Dominance_PC85,201,7.702000,0.058531005,16275.222,false
SA_Energy_Dominance_PC85,201,7.864000,0.058221112,16275.222,false
SA_Energy_Dominance_PC85,201,7.824000,0.058281379,16275.222,false
SA_Energy_Dominance_PC85,201,7.962000,0.058089955,16270.283,false
SA_Energy_Dominance_PC85,201,8.074000,0.058073132,16270.283,false
SA_Energy_Dominance_PC85,201,8.146000,0.058043919,16313.549,false
SA_Energy_Dominance_PC85,201,8.286000,0.058001813,16292.461,false
SA_Energy_Dominance_PC85,201,8.384000,0.057967688,16339.973,false
SA_Energy_Dominance_PC85,201,8.544000,0.057965205,16334.564,false
SA_Energy_Dominance_PC85,201,8.612000,0.057914766,16192.267,false
SA_Energy_Dominance_PC85,201,8.726000,0.057887152,16091.555,false
SA_Energy_Dominance_PC85,201,8.746000,0.057827328,16000.381,false
SA_Energy_Dominance_PC85,201,8.808000,0.057534686,16544.003,false
SA_Energy_Dominance_PC85,201,8.888000,0.057476299,16363.807,false
SA_Energy_Dominance_PC85,201,8.952000,0.057472904,16295.682,false
SA_Energy_Dominance_PC85,201,9.024000,0.057451700,16213.916,false
SA_Energy_Dominance_PC85,201,9.072000,0.057432686,16017.257,false
SA_Energy_Dominance_PC85,201,9.128000,0.057404289,16004.978,false
SA_Energy_Dominance_PC85,201,9.214000,0.057374724,15943.403,false
SA_Energy_Dominance_PC85,201,9.280000,0.057360095,15643.620,false
SA_Energy_Dominance_PC85,201,9.402000,0.057329033,15645.155,false
SA_Energy_Dominance_PC85,201,9.570000,0.056948191,15912.298,false
SA_Energy_Dominance_PC85,201,9.636000,0.056887427,15797.230,false
SA_Energy_Dominance_PC85,201,9.430000,0.056984472,15777.605,false
SA_Energy_Dominance_PC85,201,9.708000,0.056884570,15894.250,false
SA_Energy_Dominance_PC85,201,9.846000,0.056805792,16050.713,false
SA_Energy_Dominance_PC85,201,9.900000,0.056785988,16144.915,false
SA_Energy_Dominance_PC85,201,9.738000,0.056807041,16144.915,false
SA_Energy_Dominance_PC85,201,10.074000,0.056528165,16677.481,false
SA_Energy_Dominance_PC85,201,10.200000,0.056499599,16578.784,false
SA_Energy_Dominance_PC85,201,10.268000,0.056475020,16578.784,false
SA_Energy_Dominance_PC85,201,10.326000,0.056475020,16565.201,false
SA_Energy_Dominance_PC85,201,10.066000,0.056710355,16521.219,false
SA_Energy_Dominance_PC85,201,10.410000,0.056472360,16485.915,false
SA_Energy_Dominance_PC85,201,10.492000,0.056421005,16235.415,false
SA_Energy_Dominance_PC85,201,10.594000,0.055794601,15054.839,false
SA_Energy_Dominance_PC85,201,10.678000,0.055676297,14974.388,false
SA_Energy_Dominance_PC85,201,10.890000,0.055666590,14917.941,false
SA_Energy_Dominance_PC85,201,11.018000,0.055523780,15345.101,false
SA_Energy_Dominance_PC85,201,11.044000,0.055401045,15197.112,false
SA_Energy_Dominance_PC85,201,11.144000,0.055366824,15182.141,false
SA_Energy_Dominance_PC85,201,11.224000,0.055326948,15208.970,false
SA_Energy_Dominance_PC85,201,11.534000,0.055129954,15151.140,false
SA_Energy_Dominance_PC85,201,11.294000,0.055135984,15270.102,false
SA_Energy_Dominance_PC85,201,11.640000,0.055085020,15257.139,false
SA_Energy_Dominance_PC85,201,11.800000,0.055054940,15475.474,false
SA_Energy_Dominance_PC85,201,11.900000,0.055005756,15712.103,false
SA_Energy_Dominance_PC85,201,12.112000,0.054985232,15683.911,false
SA_Energy_Dominance_PC85,201,12.034000,0.054987408,15685.352,false
SA_Energy_Dominance_PC85,201,12.194000,0.054961992,15181.523,false
SA_Energy_Dominance_PC85,201,12.346000,0.054957538,15192.776,false
SA_Energy_Dominance_PC85,201,12.456000,0.054725617,14737.467,false
SA_Energy_Dominance_PC85,201,12.462000,0.054604981,14630.912,false
SA_Energy_Dominance_PC85,201,12.636000,0.054508375,14656.103,false
SA_Energy_Dominance_PC85,201,12.534000,0.054509457,14693.602,false
SA_Energy_Dominance_PC85,201,12.808000,0.054494185,14526.772,false
SA_Energy_Dominance_PC85,201,13.062000,0.054368588,14320.868,false
SA_Energy_Dominance_PC85,201,13.248000,0.054333842,14476.014,false
SA_Energy_Dominance_PC85,201,14.298000,0.052301295,12058.156,false
SA_Energy_Dominance_PC85,201,13.982000,0.052301295,12309.540,false
SA_Energy_Dominance_PC85,201,13.602000,0.052302909,11950.465,false
SA_Energy_Dominance_PC85,201,13.298000,0.052403916,11689.802,false
SA_Energy_Dominance_PC85,201,13.474000,0.052302909,11638.511,false
SA_Energy_Dominance_PC85,202,5.288000,0.061557678,16516.955,false
SA_Energy_Dominance_PC85,202,5.164000,0.061689193,16422.127,false
SA_Energy_Dominance_PC85,202,5.032000,0.061957045,16464.837,false
SA_Energy_Dominance_PC85,202,4.712000,0.062413746,16566.280,false
SA_Energy_Dominance_PC85,202,4.758000,0.062368960,16451.365,false
SA_Energy_Dominance_PC85,202,4.706000,0.062476114,16655.604,false
SA_Energy_Dominance_PC85,202,4.646000,0.062550551,16606.642,false
SA_Energy_Dominance_PC85,202,4.668000,0.062532833,16606.642,false
SA_Energy_Dominance_PC85,202,5.182000,0.061557678,16517.978,false
SA_Energy_Dominance_PC85,202,5.178000,0.061682846,16416.883,false
SA_Energy_Dominance_PC85,202,5.132000,0.061750003,16450.691,false
SA_Energy_Dominance_PC85,202,5.110000,0.061769528,16462.970,false
SA_Energy_Dominance_PC85,202,5.082000,0.061917075,16486.737,false
SA_Energy_Dominance_PC85,202,5.094000,0.061858985,16459.122,false
SA_Energy_Dominance_PC85,202,4.984000,0.061978221,16565.578,false
SA_Energy_Dominance_PC85,202,4.952000,0.061980923,16700.606,false
SA_Energy_Dominance_PC85,202,4.912000,0.062263473,16647.796,false
SA_Energy_Dominance_PC85,202,5.318000,0.061519110,16597.299,false
SA_Energy_Dominance_PC85,202,5.390000,0.061400352,16604.144,false
SA_Energy_Dominance_PC85,202,5.398000,0.061400352,16541.234,false
SA_Energy_Dominance_PC85,202,5.466000,0.061266463,16409.130,false
SA_Energy_Dominance_PC85,202,5.486000,0.060985335,16622.853,false
SA_Energy_Dominance_PC85,202,5.522000,0.060876790,16622.853,false
SA_Energy_Dominance_PC85,202,5.596000,0.060853035,16542.568,false
SA_Energy_Dominance_PC85,202,5.536000,0.060862764,16542.568,false
SA_Energy_Dominance_PC85,202,5.510000,0.060904869,16542.568,false
SA_Energy_Dominance_PC85,202,5.570000,0.060855141,16660.095,false
SA_Energy_Dominance_PC85,202,5.640000,0.060845260,16560.831,false
SA_Energy_Dominance_PC85,202,5.674000,0.060711543,16699.261,false
SA_Energy_Dominance_PC85,202,5.692000,0.060698437,16660.251,false
SA_Energy_Dominance_PC85,202,5.714000,0.060672419,16660.251,false
SA_Energy_Dominance_PC85,202,5.744000,0.060386231,16499.614,false
SA_Energy_Dominance_PC85,202,5.738000,0.060410429,16603.680,false
SA_Energy_Dominance_PC85,202,6.014000,0.060150956,16206.374,false
SA_Energy_Dominance_PC85,202,5.922000,0.060168674,16179.649,false
SA_Energy_Dominance_PC85,202,5.788000,0.060244838,16154.160,false
SA_Energy_Dominance_PC85,202,5.942000,0.060163972,16130.561,false
SA_Energy_Dominance_PC85,202,6.058000,0.060142790,16115.822,false
SA_Energy_Dominance_PC85,202,6.088000,0.059720579,16163.333,false
SA_Energy_Dominance_PC85,202,6.086000,0.059860501,16032.542,false
SA_Energy_Dominance_PC85,202,6.144000,0.059673604,16199.372,false
SA_Energy_Dominance_PC85,202,6.148000,0.059546919,16565.377,false
SA_Energy_Dominance_PC85,202,6.230000,0.059451584,16616.666,false
SA_Energy_Dominance_PC85,202,6.206000,0.059490865,16595.317,false
SA_Energy_Dominance_PC85,202,6.248000,0.059449408,16648.569,false
SA_Energy_Dominance_PC85,202,6.446000,0.059273163,16548.803,false
SA_Energy_Dominance_PC85,202,6.342000,0.059294215,16552.036,false
SA_Energy_Dominance_PC85,202,6.498000,0.059268021,16563.582,false
SA_Energy_Dominance_PC85,202,6.520000,0.059260469,16670.149,false
SA_Energy_Dominance_PC85,202,6.558000,0.059250004,16588.300,false
SA_Energy_Dominance_PC85,202,6.582000,0.059245687,16581.281,false
SA_Energy_Dominance_PC85,202,6.642000,0.059229907,16664.082,false
SA_Energy_Dominance_PC85,202,6.670000,0.059178047,16452.982,false
SA_Energy_Dominance_PC85,202,6.768000,0.059153329,16387.955,false
SA_Energy_Dominance_PC85,202,6.832000,0.059107188,16653.923,false
SA_Energy_Dominance_PC85,202,6.902000,0.058978911,16038.920,false
SA_Energy_Dominance_PC85,202,6.944000,0.058921995,16163.896,false
SA_Energy_Dominance_PC85,202,6.934000,0.058971688,16131.586,false
SA_Energy_Dominance_PC85,202,7.008000,0.058146018,16684.072,false
SA_Energy_Dominance_PC85,202,6.978000,0.058266432,16700.002,false
SA_Energy_Dominance_PC85,202,6.960000,0.058316340,16700.002,false
SA_Energy_Dominance_PC85,202,7.054000,0.058097102,16632.969,false
SA_Energy_Dominance_PC85,202,7.138000,0.058081570,16620.380,false
SA_Energy_Dominance_PC85,202,7.168000,0.058069569,16620.380,false
SA_Energy_Dominance_PC85,202,7.240000,0.058048516,16647.105,false
SA_Energy_Dominance_PC85,202,7.200000,0.058059484,16647.105,false
SA_Energy_Dominance_PC85,202,7.252000,0.057969050,16617.000,false
SA_Energy_Dominance_PC85,202,7.292000,0.057966348,16625.641,false
SA_Energy_Dominance_PC85,202,7.320000,0.057959575,16622.494,false
SA_Energy_Dominance_PC85,202,7.394000,0.057941499,16590.789,false
SA_Energy_Dominance_PC85,202,7.520000,0.057936520,16506.617,false
SA_Energy_Dominance_PC85,202,7.558000,0.057926395,16607.451,false
SA_Energy_Dominance_PC85,202,7.682000,0.057874057,16574.369,false
SA_Energy_Dominance_PC85,202,7.590000,0.057896823,16265.641,false
SA_Energy_Dominance_PC85,202,7.790000,0.057672930,16419.045,false
SA_Energy_Dominance_PC85,202,7.738000,0.057681966,16411.022,false
SA_Energy_Dominance_PC85,202,7.824000,0.057642718,16133.450,false
SA_Energy_Dominance_PC85,202,7.884000,0.057615399,16194.868,false
SA_Energy_Dominance_PC85,202,7.998000,0.057595595,16081.470,false
SA_Energy_Dominance_PC85,202,8.080000,0.057557719,15980.998,false
SA_Energy_Dominance_PC85,202,8.142000,0.057473352,15980.998,false
SA_Energy_Dominance_PC85,202,8.286000,0.057441190,16197.005,false
SA_Energy_Dominance_PC85,202,8.308000,0.057358542,16018.457,false
SA_Energy_Dominance_PC85,202,8.342000,0.057250990,16223.051,false
SA_Energy_Dominance_PC85,202,8.740000,0.057247077,15587.550,false
SA_Energy_Dominance_PC85,202,8.804000,0.057159655,15541.704,false
SA_Energy_Dominance_PC85,202,8.988000,0.057083973,15574.657,false
SA_Energy_Dominance_PC85,202,8.910000,0.057108748,15586.527,false
SA_Energy_Dominance_PC85,202,9.064000,0.057078416,15590.401,false
SA_Energy_Dominance_PC85,202,9.304000,0.056699143,15882.218,false
SA_Energy_Dominance_PC85,202,9.102000,0.056851387,15860.869,false
SA_Energy_Dominance_PC85,202,9.390000,0.056584786,15215.718,false
SA_Energy_Dominance_PC85,202,9.322000,0.056600650,15412.964,false
SA_Energy_Dominance_PC85,202,9.532000,0.056489507,15516.186,false
SA_Energy_Dominance_PC85,202,9.438000,0.056511538,15623.980,false
SA_Energy_Dominance_PC85,202,9.208000,0.056781967,15576.873,false
SA_Energy_Dominance_PC85,202,9.740000,0.056221182,15363.048,false
SA_Energy_Dominance_PC85,202,9.662000,0.056308039,15223.645,false
SA_Energy_Dominance_PC85,202,9.972000,0.056068582,15446.843,false
SA_Energy_Dominance_PC85,202,9.846000,0.056078829,15426.300,false
SA_Energy_Dominance_PC85,202,10.196000,0.055964109,15472.933,false
SA_Energy_Dominance_PC85,202,10.092000,0.056049930,15521.636,false
SA_Energy_Dominance_PC85,202,10.300000,0.055934843,15534.163,false
SA_Energy_Dominance_PC85,202,10.368000,0.055864067,15560.888,false
SA_Energy_Dominance_PC85,202,10.428000,0.055834076,15439.836,false
SA_Energy_Dominance_PC85,202,10.512000,0.055825140,15365.824,false
SA_Energy_Dominance_PC85,202,10.720000,0.055725550,15128.557,false
SA_Energy_Dominance_PC85,202,10.590000,0.055771506,15366.877,false
SA_Energy_Dominance_PC85,202,10.794000,0.055662752,15360.108,false
SA_Energy_Dominance_PC85,202,11.036000,0.055363777,14903.022,false
SA_Energy_Dominance_PC85,202,10.808000,0.055405883,14904.025,false
SA_Energy_Dominance_PC85,202,10.950000,0.055367409,14903.022,false
SA_Energy_Dominance_PC85,202,11.136000,0.055352899,14802.310,false
SA_Energy_Dominance_PC85,202,11.342000,0.055345936,14594.182,false
SA_Energy_Dominance_PC85,202,11.510000,0.054850381,14223.639,false
SA_Energy_Dominance_PC85,202,11.588000,0.054800580,14135.506,false
SA_Energy_Dominance_PC85,202,11.376000,0.054982046,14440.979,false
SA_Energy_Dominance_PC85,202,11.782000,0.053184561,12604.719,false
SA_Energy_Dominance_PC85,202,11.598000,0.053234285,12705.552,false
SA_Energy_Dominance_PC85,202,11.688000,0.053223427,13000.387,false
SA_Energy_Dominance_PC85,202,11.892000,0.053184561,12558.057,false
SA_Energy_Dominance_PC85,202,12.050000,0.053179566,12567.186,false
SA_Energy_Dominance_PC85,202,12.130000,0.053169030,12610.451,false
SA_Energy_Dominance_PC85,203,5.274000,0.061557678,16527.387,false
SA_Energy_Dominance_PC85,203,5.302000,0.061536626,16622.210,false
SA_Energy_Dominance_PC85,203,5.328000,0.061516720,16515.420,false
SA_Energy_Dominance_PC85,203,5.004000,0.062053759,16418.231,false
SA_Energy_Dominance_PC85,203,5.262000,0.061737566,16357.131,false
SA_Energy_Dominance_PC85,203,5.158000,0.061768087,16443.698,false
SA_Energy_Dominance_PC85,203,5.186000,0.061747035,16443.698,false
SA_Energy_Dominance_PC85,203,5.144000,0.061855203,16567.713,false
SA_Energy_Dominance_PC85,203,5.066000,0.062001971,16688.165,false
SA_Energy_Dominance_PC85,203,5.086000,0.061906882,16574.547,false
SA_Energy_Dominance_PC85,203,5.074000,0.061970040,16620.911,false
SA_Energy_Dominance_PC85,203,5.044000,0.062023871,16681.015,false
SA_Energy_Dominance_PC85,203,4.976000,0.062059258,16502.491,false
SA_Energy_Dominance_PC85,203,4.960000,0.062068320,16557.245,false
SA_Energy_Dominance_PC85,203,4.904000,0.062189087,16480.981,false
SA_Energy_Dominance_PC85,203,4.834000,0.062192232,16489.607,false
SA_Energy_Dominance_PC85,203,4.820000,0.062263611,16594.623,false
SA_Energy_Dominance_PC85,203,4.782000,0.062290093,16625.610,false
SA_Energy_Dominance_PC85,203,4.490000,0.062549548,16476.498,false
SA_Energy_Dominance_PC85,203,4.468000,0.062550073,16407.371,false
SA_Energy_Dominance_PC85,203,4.402000,0.062590277,16485.699,false
SA_Energy_Dominance_PC85,203,4.418000,0.062562453,16506.964,false
SA_Energy_Dominance_PC85,203,4.552000,0.062539908,16622.362,false
SA_Energy_Dominance_PC85,203,4.538000,0.062543821,16628.773,false
SA_Energy_Dominance_PC85,203,6.064000,0.061402925,16465.741,false
SA_Energy_Dominance_PC85,203,6.020000,0.061415022,16465.741,false
SA_Energy_Dominance_PC85,203,6.102000,0.061336867,16465.741,false
SA_Energy_Dominance_PC85,203,6.176000,0.061275949,16465.741,false
SA_Energy_Dominance_PC85,203,6.198000,0.061233893,16447.902,false
SA_Energy_Dominance_PC85,203,6.258000,0.061190918,16534.126,false
SA_Energy_Dominance_PC85,203,6.248000,0.061208994,16628.490,false
SA_Energy_Dominance_PC85,203,6.298000,0.061125882,16688.901,false
SA_Energy_Dominance_PC85,203,6.340000,0.061122562,16676.622,false
SA_Energy_Dominance_PC85,203,6.274000,0.061158897,16645.635,false
SA_Energy_Dominance_PC85,203,6.370000,0.061032129,16645.635,false
SA_Energy_Dominance_PC85,203,6.368000,0.061060514,16633.356,false
SA_Energy_Dominance_PC85,203,6.354000,0.061077917,16678.203,false
SA_Energy_Dominance_PC85,203,6.436000,0.060913926,16338.178,false
SA_Energy_Dominance_PC85,203,6.482000,0.060900586,16301.381,false
SA_Energy_Dominance_PC85,203,6.650000,0.060450611,16515.942,false
SA_Energy_Dominance_PC85,203,6.532000,0.060560454,16489.217,false
SA_Energy_Dominance_PC85,203,6.608000,0.060545597,16515.942,false
SA_Energy_Dominance_PC85,203,6.562000,0.060547740,16554.952,false
SA_Energy_Dominance_PC85,203,6.622000,0.060489021,16537.770,false
SA_Energy_Dominance_PC85,203,6.692000,0.060440884,16612.826,false
SA_Energy_Dominance_PC85,203,6.700000,0.060379064,16625.415,false
SA_Energy_Dominance_PC85,203,6.734000,0.060265291,16406.579,false
SA_Energy_Dominance_PC85,203,6.796000,0.059814999,15948.887,false
SA_Energy_Dominance_PC85,203,6.852000,0.059805470,15944.011,false
SA_Energy_Dominance_PC85,203,6.902000,0.059760185,16161.102,false
SA_Energy_Dominance_PC85,203,6.984000,0.059721655,16005.860,false
SA_Energy_Dominance_PC85,203,7.016000,0.059710731,16005.860,false
SA_Energy_Dominance_PC85,203,7.026000,0.059669766,15932.416,false
SA_Energy_Dominance_PC85,203,7.088000,0.059648713,16117.436,false
SA_Energy_Dominance_PC85,203,7.198000,0.059616575,16412.061,false
SA_Energy_Dominance_PC85,203,7.324000,0.059595874,16412.061,false
SA_Energy_Dominance_PC85,203,7.240000,0.059614018,16412.061,false
SA_Energy_Dominance_PC85,203,7.330000,0.059135548,16425.511,false
SA_Energy_Dominance_PC85,203,7.492000,0.059043223,16564.862,false
SA_Energy_Dominance_PC85,203,7.436000,0.059043223,16355.678,false
SA_Energy_Dominance_PC85,203,7.532000,0.058997120,16564.062,false
SA_Energy_Dominance_PC85,203,7.568000,0.058951675,16525.052,false
SA_Energy_Dominance_PC85,203,7.632000,0.058889665,16467.840,false
SA_Energy_Dominance_PC85,203,7.668000,0.058808966,16443.131,false
SA_Energy_Dominance_PC85,203,7.714000,0.058782465,16420.573,false
SA_Energy_Dominance_PC85,203,7.750000,0.058753285,16420.573,false
SA_Energy_Dominance_PC85,203,7.776000,0.058629886,16182.155,false
SA_Energy_Dominance_PC85,203,7.890000,0.058533918,16182.155,false
SA_Energy_Dominance_PC85,203,7.818000,0.058583077,16182.155,false
SA_Energy_Dominance_PC85,203,7.974000,0.058410613,16458.560,false
SA_Energy_Dominance_PC85,203,7.902000,0.058454929,16357.848,false
SA_Energy_Dominance_PC85,203,7.876000,0.058576850,16358.110,false
SA_Energy_Dominance_PC85,203,8.238000,0.058277000,16239.075,false
SA_Energy_Dominance_PC85,203,8.206000,0.058336878,16239.075,false
SA_Energy_Dominance_PC85,203,8.318000,0.058089681,16005.701,false
SA_Energy_Dominance_PC85,203,8.404000,0.058012609,16035.429,false
SA_Energy_Dominance_PC85,203,8.462000,0.057992949,16027.406,false
SA_Energy_Dominance_PC85,203,8.322000,0.058021625,16027.406,false
SA_Energy_Dominance_PC85,203,8.530000,0.057924957,15898.760,false
SA_Energy_Dominance_PC85,203,8.596000,0.057909225,15630.459,false
SA_Energy_Dominance_PC85,203,8.656000,0.057754502,15393.888,false
SA_Energy_Dominance_PC85,203,8.710000,0.057637498,14995.423,false
SA_Energy_Dominance_PC85,203,8.730000,0.057571219,15232.020,false
SA_Energy_Dominance_PC85,203,8.850000,0.057565973,15191.475,false
SA_Energy_Dominance_PC85,203,8.904000,0.057517382,15191.475,false
SA_Energy_Dominance_PC85,203,9.004000,0.057489644,15125.390,false
SA_Energy_Dominance_PC85,203,9.084000,0.057471163,15125.390,false
SA_Energy_Dominance_PC85,203,9.154000,0.057471163,15142.097,false
SA_Energy_Dominance_PC85,203,9.208000,0.057407689,15936.162,false
SA_Energy_Dominance_PC85,203,9.326000,0.057326053,15534.199,false
SA_Energy_Dominance_PC85,203,9.238000,0.057333316,15651.637,false
SA_Energy_Dominance_PC85,203,9.504000,0.057316742,15755.565,false
SA_Energy_Dominance_PC85,203,9.528000,0.057219047,15717.729,false
SA_Energy_Dominance_PC85,203,9.660000,0.057201501,15696.380,false
SA_Energy_Dominance_PC85,203,9.718000,0.057135062,15696.380,false
SA_Energy_Dominance_PC85,203,9.814000,0.057121043,15696.380,false
SA_Energy_Dominance_PC85,203,9.900000,0.057108427,15388.140,false
SA_Energy_Dominance_PC85,203,9.964000,0.057064248,15120.344,false
SA_Energy_Dominance_PC85,203,10.026000,0.057047928,15310.292,false
SA_Energy_Dominance_PC85,203,10.218000,0.056437105,15442.482,false
SA_Energy_Dominance_PC85,203,10.122000,0.056440282,15451.198,false
SA_Energy_Dominance_PC85,203,10.060000,0.056487257,15597.426,false
SA_Energy_Dominance_PC85,203,10.318000,0.056424992,15687.350,false
SA_Energy_Dominance_PC85,203,10.386000,0.056412229,15679.141,false
SA_Energy_Dominance_PC85,203,10.520000,0.056358204,15656.448,false
SA_Energy_Dominance_PC85,203,10.756000,0.056320657,16033.028,false
SA_Energy_Dominance_PC85,203,10.838000,0.056311528,16020.750,false
SA_Energy_Dominance_PC85,203,10.914000,0.056309107,15953.717,false
SA_Energy_Dominance_PC85,203,10.986000,0.056309107,15972.830,false
SA_Energy_Dominance_PC85,203,11.080000,0.056288875,15996.475,false
SA_Energy_Dominance_PC85,203,11.248000,0.056288875,15996.737,false
SA_Energy_Dominance_PC85,203,11.360000,0.056286173,15919.484,false
SA_Energy_Dominance_PC85,203,11.530000,0.055746768,15305.657,false
SA_Energy_Dominance_PC85,203,11.374000,0.055844506,15450.153,false
SA_Energy_Dominance_PC85,203,11.612000,0.055576847,15145.830,false
SA_Energy_Dominance_PC85,203,11.672000,0.053521598,13383.791,false
SA_Energy_Dominance_PC85,203,11.642000,0.053933589,13401.452,false
SA_Energy_Dominance_PC85,203,11.664000,0.053636097,12923.754,false
SA_Energy_Dominance_PC85,203,11.776000,0.053513909,13081.008,false
SA_Energy_Dominance_PC85,203,11.906000,0.053498644,13035.567,false
SA_Energy_Dominance_PC85,204,5.266000,0.061578731,16682.250,false
SA_Energy_Dominance_PC85,204,5.320000,0.061514077,16469.474,false
SA_Energy_Dominance_PC85,204,5.272000,0.061557678,16515.420,false
SA_Energy_Dominance_PC85,204,5.230000,0.061617298,16702.686,false
SA_Energy_Dominance_PC85,204,5.176000,0.061994059,16651.500,false
SA_Energy_Dominance_PC85,204,4.848000,0.062471141,16459.791,false
SA_Energy_Dominance_PC85,204,4.838000,0.062931063,16695.807,false
SA_Energy_Dominance_PC85,204,4.812000,0.063027335,16489.388,false
SA_Energy_Dominance_PC85,204,4.642000,0.064054356,16677.613,false
SA_Energy_Dominance_PC85,204,7.800000,0.061448624,16398.779,false
SA_Energy_Dominance_PC85,204,7.974000,0.061429865,16500.072,false
SA_Energy_Dominance_PC85,204,7.980000,0.061184337,16677.850,false
SA_Energy_Dominance_PC85,204,8.356000,0.061104242,16470.396,false
SA_Energy_Dominance_PC85,204,8.350000,0.061140803,16392.224,false
SA_Energy_Dominance_PC85,204,8.438000,0.061074955,16461.620,false
SA_Energy_Dominance_PC85,204,8.478000,0.061049629,16461.620,false
SA_Energy_Dominance_PC85,204,8.486000,0.061016217,16417.957,false
SA_Energy_Dominance_PC85,204,8.702000,0.060989330,16384.439,false
SA_Energy_Dominance_PC85,204,8.878000,0.060959802,16384.439,false
SA_Energy_Dominance_PC85,204,8.814000,0.060970590,16372.160,false
SA_Energy_Dominance_PC85,204,8.904000,0.060493207,16378.452,false
SA_Energy_Dominance_PC85,204,9.570000,0.060464204,16637.398,false
SA_Energy_Dominance_PC85,204,9.898000,0.060330802,16531.847,false
SA_Energy_Dominance_PC85,204,9.628000,0.060352697,16501.703,false
SA_Energy_Dominance_PC85,204,9.780000,0.060338256,16480.354,false
SA_Energy_Dominance_PC85,204,9.952000,0.060163900,16682.652,false
SA_Energy_Dominance_PC85,204,10.092000,0.059743554,16687.234,false
SA_Energy_Dominance_PC85,204,10.148000,0.059659990,16640.232,false
SA_Energy_Dominance_PC85,204,10.442000,0.059245782,16485.083,false
SA_Energy_Dominance_PC85,204,10.520000,0.058823695,16224.482,false
SA_Energy_Dominance_PC85,204,10.780000,0.058764242,16518.307,false
SA_Energy_Dominance_PC85,204,10.836000,0.058424246,16036.594,false
SA_Energy_Dominance_PC85,204,10.936000,0.058399184,16057.186,false
SA_Energy_Dominance_PC85,204,11.014000,0.058294316,16043.955,false
SA_Energy_Dominance_PC85,204,11.082000,0.058190730,16041.725,false
SA_Energy_Dominance_PC85,204,11.300000,0.058107425,15789.210,false
SA_Energy_Dominance_PC85,204,11.404000,0.058089136,15828.721,false
SA_Energy_Dominance_PC85,204,11.598000,0.058011669,15833.981,false
SA_Energy_Dominance_PC85,204,11.512000,0.058041198,15843.676,false
SA_Energy_Dominance_PC85,204,11.828000,0.057979695,15854.964,false
SA_Energy_Dominance_PC85,204,11.978000,0.057903009,15913.789,false
SA_Energy_Dominance_PC85,204,11.982000,0.057567484,16701.399,false
SA_Energy_Dominance_PC85,204,12.188000,0.057476494,16629.916,false
SA_Energy_Dominance_PC85,204,12.412000,0.057351387,16529.083,false
SA_Energy_Dominance_PC85,204,12.504000,0.057321141,16380.738,false
SA_Energy_Dominance_PC85,204,12.604000,0.057178761,16212.494,false
SA_Energy_Dominance_PC85,204,12.688000,0.057095257,16126.625,false
SA_Energy_Dominance_PC85,204,12.916000,0.056838373,16442.934,false
SA_Energy_Dominance_PC85,204,12.806000,0.056872678,16442.934,false
SA_Energy_Dominance_PC85,204,13.054000,0.056817544,16466.295,false
SA_Energy_Dominance_PC85,204,13.452000,0.056523713,16338.232,false
SA_Energy_Dominance_PC85,204,13.228000,0.056581390,16338.232,false
SA_Energy_Dominance_PC85,204,13.592000,0.056477102,16249.538,false
SA_Energy_Dominance_PC85,204,13.716000,0.056454810,16305.168,false
SA_Energy_Dominance_PC85,204,13.876000,0.056393652,16204.578,false
SA_Energy_Dominance_PC85,204,14.008000,0.056344214,16150.525,false
SA_Energy_Dominance_PC85,204,14.700000,0.056201838,15738.552,false
SA_Energy_Dominance_PC85,204,14.420000,0.056210587,15881.435,false
SA_Energy_Dominance_PC85,204,14.242000,0.056211235,16065.887,false
SA_Energy_Dominance_PC85,204,14.874000,0.056116270,16007.151,false
SA_Energy_Dominance_PC85,204,14.928000,0.055121297,14893.628,false
SA_Energy_Dominance_PC85,204,15.160000,0.054837867,14149.566,false
SA_Energy_Dominance_PC85,204,15.148000,0.054943131,14149.566,false
SA_Energy_Dominance_PC85,204,15.044000,0.055051210,14149.566,false
SA_Energy_Dominance_PC85,204,15.230000,0.054620266,14001.250,false
SA_Energy_Dominance_PC85,204,15.370000,0.054607160,14001.250,false
SA_Energy_Dominance_PC85,204,15.496000,0.054588174,13994.436,false
SA_Energy_Dominance_PC85,204,15.682000,0.054538451,13893.603,false
SA_Energy_Dominance_PC85,204,15.794000,0.054488743,13721.277,false
SA_Energy_Dominance_PC85,204,15.910000,0.054409842,13744.077,false
SA_Energy_Dominance_PC85,204,16.024000,0.054357436,14069.916,false
SA_Energy_Dominance_PC85,204,16.220000,0.054343781,13971.298,false
SA_Energy_Dominance_PC85,204,16.362000,0.053881377,14251.475,false
SA_Energy_Dominance_PC85,204,16.764000,0.053859936,14230.126,false
SA_Energy_Dominance_PC85,204,16.558000,0.053873655,14186.404,false
SA_Energy_Dominance_PC85,204,17.038000,0.053843012,14142.497,false
SA_Energy_Dominance_PC85,204,17.238000,0.053829357,14142.497,false
SA_Energy_Dominance_PC85,204,17.754000,0.053673829,13539.867,false
SA_Energy_Dominance_PC85,204,17.596000,0.053684617,13512.345,false
SA_Energy_Dominance_PC85,204,17.948000,0.053620514,13435.738,false
SA_Energy_Dominance_PC85,204,18.554000,0.051814389,12206.825,false
SA_Energy_Dominance_PC85,204,19.100000,0.051802284,11876.232,false
SA_Energy_Dominance_PC85,204,18.266000,0.051871746,11896.793,false
SA_Energy_Dominance_PC85,204,18.260000,0.052625360,11848.534,false
SA_Energy_Dominance_PC85,204,18.720000,0.051804302,11670.481,false
SA_Energy_Dominance_PC85,205,5.272000,0.061557678,16559.360,false
SA_Energy_Dominance_PC85,205,5.320000,0.061548447,16505.692,false
SA_Energy_Dominance_PC85,205,5.330000,0.061503797,16414.587,false
SA_Energy_Dominance_PC85,205,5.322000,0.061532444,16515.420,false
SA_Energy_Dominance_PC85,205,5.216000,0.061665299,16616.627,false
SA_Energy_Dominance_PC85,205,5.142000,0.061686639,16682.699,false
SA_Energy_Dominance_PC85,205,5.148000,0.061684452,16682.699,false
SA_Energy_Dominance_PC85,205,5.120000,0.061858763,16557.809,false
SA_Energy_Dominance_PC85,205,5.114000,0.061879274,16515.838,false
SA_Energy_Dominance_PC85,205,5.070000,0.061913950,16664.765,false
SA_Energy_Dominance_PC85,205,4.872000,0.061994851,16642.749,false
SA_Energy_Dominance_PC85,205,4.844000,0.062118553,16694.235,false
SA_Energy_Dominance_PC85,205,4.818000,0.062171455,16697.272,false
SA_Energy_Dominance_PC85,205,4.764000,0.062957049,16696.094,false
SA_Energy_Dominance_PC85,205,4.628000,0.063074714,16691.603,false
SA_Energy_Dominance_PC85,205,4.624000,0.063736973,16560.960,false
SA_Energy_Dominance_PC85,205,4.562000,0.063906668,16681.836,false
SA_Energy_Dominance_PC85,205,4.506000,0.064340127,16638.688,false
SA_Energy_Dominance_PC85,205,4.510000,0.064236886,16659.706,false
SA_Energy_Dominance_PC85,205,4.458000,0.064525631,16622.545,false
SA_Energy_Dominance_PC85,205,4.450000,0.064609648,16617.669,false
SA_Energy_Dominance_PC85,205,4.446000,0.064700754,16447.607,false
SA_Energy_Dominance_PC85,205,9.280000,0.061431047,16401.577,false
SA_Energy_Dominance_PC85,205,9.692000,0.061409994,16401.577,false
SA_Energy_Dominance_PC85,205,9.896000,0.061359487,16401.577,false
SA_Energy_Dominance_PC85,205,9.948000,0.061289113,16300.252,false
SA_Energy_Dominance_PC85,205,9.976000,0.061252343,16157.986,false
SA_Energy_Dominance_PC85,205,10.240000,0.061175068,16554.043,false
SA_Energy_Dominance_PC85,205,10.300000,0.061077556,16282.009,false
SA_Energy_Dominance_PC85,205,10.444000,0.061065727,16282.009,false
SA_Energy_Dominance_PC85,205,10.452000,0.061028174,16249.237,false
SA_Energy_Dominance_PC85,205,10.510000,0.060963377,16247.007,false
SA_Energy_Dominance_PC85,205,10.596000,0.060955669,15990.908,false
SA_Energy_Dominance_PC85,205,10.682000,0.060949718,15990.908,false
SA_Energy_Dominance_PC85,205,10.846000,0.060902718,16060.035,false
SA_Energy_Dominance_PC85,205,10.862000,0.060856845,16104.305,false
SA_Energy_Dominance_PC85,205,10.924000,0.060774188,16556.566,false
SA_Energy_Dominance_PC85,205,11.006000,0.060737277,16556.566,false
SA_Energy_Dominance_PC85,205,11.082000,0.060718792,16556.566,false
SA_Energy_Dominance_PC85,205,11.266000,0.060595588,16611.437,false
SA_Energy_Dominance_PC85,205,11.270000,0.060497794,16642.830,false
SA_Energy_Dominance_PC85,205,11.380000,0.060449738,16457.809,false
SA_Energy_Dominance_PC85,205,11.684000,0.060433947,16692.981,false
SA_Energy_Dominance_PC85,205,11.732000,0.060326546,16621.315,false
SA_Energy_Dominance_PC85,205,11.750000,0.060277630,16692.981,false
SA_Energy_Dominance_PC85,205,12.080000,0.059095551,16411.410,false
SA_Energy_Dominance_PC85,205,11.820000,0.059270005,16411.410,false
SA_Energy_Dominance_PC85,205,11.920000,0.059197152,16415.283,false
SA_Energy_Dominance_PC85,205,12.286000,0.058997277,16419.157,false
SA_Energy_Dominance_PC85,205,12.494000,0.058842359,16363.699,false
SA_Energy_Dominance_PC85,205,12.806000,0.058808379,16457.518,false
SA_Energy_Dominance_PC85,205,12.640000,0.058817256,16457.518,false
SA_Energy_Dominance_PC85,205,13.020000,0.058788699,16353.821,false
SA_Energy_Dominance_PC85,205,13.142000,0.058784085,16213.528,false
SA_Energy_Dominance_PC85,205,13.242000,0.058634331,15812.374,false
SA_Energy_Dominance_PC85,205,13.320000,0.058559829,15569.560,false
SA_Energy_Dominance_PC85,205,13.566000,0.058513980,15753.770,false
SA_Energy_Dominance_PC85,205,13.696000,0.058480770,16215.218,false
SA_Energy_Dominance_PC85,205,13.798000,0.058471893,16215.218,false
SA_Energy_Dominance_PC85,205,14.028000,0.058387616,16557.457,false
SA_Energy_Dominance_PC85,205,14.098000,0.058284413,16545.596,false
SA_Energy_Dominance_PC85,205,13.912000,0.058392957,16637.268,false
SA_Energy_Dominance_PC85,205,14.344000,0.058210483,16637.268,false
SA_Energy_Dominance_PC85,205,14.446000,0.058192768,16627.922,false
SA_Energy_Dominance_PC85,205,14.624000,0.058116024,16428.983,false
SA_Energy_Dominance_PC85,205,14.760000,0.058116024,16324.257,false
SA_Energy_Dominance_PC85,205,14.882000,0.058079240,15998.613,false
SA_Energy_Dominance_PC85,205,15.142000,0.057885310,15226.907,false
SA_Energy_Dominance_PC85,205,15.100000,0.057964946,15617.486,false
SA_Energy_Dominance_PC85,205,15.276000,0.057864128,15389.358,false
SA_Energy_Dominance_PC85,205,15.664000,0.057654339,15866.687,false
SA_Energy_Dominance_PC85,205,15.336000,0.057782932,15923.535,false
SA_Energy_Dominance_PC85,205,15.784000,0.057418536,16190.088,false
SA_Energy_Dominance_PC85,205,15.912000,0.057355427,15867.485,false
SA_Energy_Dominance_PC85,205,15.518000,0.057656631,16097.010,false
SA_Energy_Dominance_PC85,205,16.084000,0.057344887,15862.893,false
SA_Energy_Dominance_PC85,205,16.246000,0.056998523,15274.881,false
SA_Energy_Dominance_PC85,205,16.736000,0.056219306,14508.556,false
SA_Energy_Dominance_PC85,205,16.602000,0.056272257,14407.723,false
SA_Energy_Dominance_PC85,205,16.438000,0.056382076,14410.694,false
SA_Energy_Dominance_PC85,205,16.964000,0.056200640,14360.689,false
SA_Energy_Dominance_PC85,205,17.092000,0.056087858,14460.499,false
SA_Energy_Dominance_PC85,205,17.348000,0.056073417,14449.772,false
SA_Energy_Dominance_PC85,205,17.650000,0.055971991,14778.670,false
SA_Energy_Dominance_PC85,205,17.460000,0.055979614,14778.670,false
SA_Energy_Dominance_PC85,205,17.800000,0.055635141,14813.359,false
SA_Energy_Dominance_PC85,205,18.036000,0.055189816,14024.703,false
SA_Energy_Dominance_PC85,205,18.592000,0.054385590,13435.843,false
SA_Energy_Dominance_PC85,205,18.360000,0.054463676,13268.009,false
SA_Energy_Dominance_PC85,205,18.934000,0.054271924,13167.297,false
SA_Energy_Dominance_PC85,205,19.360000,0.054259734,13520.586,false
SA_Energy_Dominance_PC85,205,19.566000,0.054147762,13596.105,false
SA_Energy_Dominance_PC85,205,19.780000,0.054077829,13596.105,false
SA_Energy_Dominance_PC85,205,20.278000,0.053978786,13001.558,false
SA_Energy_Dominance_PC85,205,20.700000,0.052988620,12971.849,false
SA_Energy_Dominance_PC85,205,20.352000,0.053128154,13075.800,false
SA_Energy_Dominance_PC85,205,20.876000,0.052985918,12862.482,false
SA_Energy_Dominance_PC85,205,21.324000,0.052985918,13416.720,false
SA_Energy_Dominance_PC85,205,21.622000,0.052966256,13169.094,false
SA_Energy_Dominance_PC85,205,21.802000,0.052941521,13070.543,false
SA_Energy_Dominance_PC85,205,22.388000,0.052914325,13126.405,false
SA_Energy_Dominance_PC85,205,22.718000,0.052854406,13006.536,false
SA_Energy_Dominance_PC85,205,22.924000,0.052851826,12665.881,false
SA_Energy_Dominance_PC85,205,23.114000,0.052847387,12784.202,false
SA_Energy_Dominance_PC85,205,23.316000,0.052799189,12281.241,false
SA_Energy_Dominance_PC85,205,23.520000,0.052730889,12281.241,false
SA_Energy_Dominance_PC85,205,23.936000,0.052685808,12507.176,false
SA_Energy_Dominance_PC85,205,24.278000,0.052627050,12213.933,false
SA_Energy_Dominance_PC85,205,24.534000,0.050982650,8907.145,false
SA_Energy_Dominance_PC85,205,24.752000,0.050968931,8953.107,false
SA_Energy_Dominance_PC85,205,24.532000,0.051295401,9394.208,false
SA_Energy_Dominance_PC85,206,5.256000,0.061599784,16348.590,false
SA_Energy_Dominance_PC85,206,5.334000,0.061536626,16515.420,false
SA_Energy_Dominance_PC85,206,4.730000,0.062359710,16377.985,false
SA_Energy_Dominance_PC85,206,4.808000,0.062316727,16462.793,false
SA_Energy_Dominance_PC85,206,4.844000,0.062272552,16441.444,false
SA_Energy_Dominance_PC85,206,5.280000,0.061537393,16528.342,false
SA_Energy_Dominance_PC85,206,5.250000,0.061639400,16473.588,false
SA_Energy_Dominance_PC85,206,5.152000,0.061697239,16574.997,false
SA_Energy_Dominance_PC85,206,5.138000,0.061807820,16218.397,false
SA_Energy_Dominance_PC85,206,5.124000,0.061867914,16193.471,false
SA_Energy_Dominance_PC85,206,5.054000,0.061924998,16598.790,false
SA_Energy_Dominance_PC85,206,5.056000,0.061875023,16527.124,false
SA_Energy_Dominance_PC85,206,5.012000,0.062144347,16582.772,false
SA_Energy_Dominance_PC85,206,4.990000,0.062220407,16680.273,false
SA_Energy_Dominance_PC85,206,4.592000,0.063101074,16587.439,false
SA_Energy_Dominance_PC85,206,4.576000,0.063129261,16627.554,false
SA_Energy_Dominance_PC85,206,4.530000,0.063152038,16631.583,false
SA_Energy_Dominance_PC85,206,4.514000,0.063279458,16644.574,false
SA_Energy_Dominance_PC85,206,4.448000,0.063482260,16670.829,false
SA_Energy_Dominance_PC85,206,4.432000,0.063487516,16451.409,false
SA_Energy_Dominance_PC85,206,4.348000,0.063875544,16594.315,false
SA_Energy_Dominance_PC85,206,4.368000,0.063808062,16597.292,false
SA_Energy_Dominance_PC85,206,4.430000,0.063691817,16459.651,false
SA_Energy_Dominance_PC85,206,5.270000,0.061556661,16591.251,false
SA_Energy_Dominance_PC85,206,7.432000,0.060948002,16562.646,false
SA_Energy_Dominance_PC85,206,7.522000,0.060807023,16569.419,false
SA_Energy_Dominance_PC85,206,7.566000,0.060739579,16525.512,false
SA_Energy_Dominance_PC85,206,7.570000,0.060645557,16525.512,false
SA_Energy_Dominance_PC85,206,7.644000,0.060631715,16675.243,false
SA_Energy_Dominance_PC85,206,7.710000,0.060450375,16675.243,false
SA_Energy_Dominance_PC85,206,7.756000,0.060349548,16402.009,false
SA_Energy_Dominance_PC85,206,8.006000,0.059576550,16218.374,false
SA_Energy_Dominance_PC85,206,7.842000,0.059595508,16470.377,false
SA_Energy_Dominance_PC85,206,8.132000,0.059160950,16623.440,false
SA_Energy_Dominance_PC85,206,8.056000,0.059198299,16686.350,false
SA_Energy_Dominance_PC85,206,8.314000,0.059085607,16592.178,false
SA_Energy_Dominance_PC85,206,8.208000,0.059129323,16592.178,false
SA_Energy_Dominance_PC85,206,8.402000,0.059063191,16469.031,false
SA_Energy_Dominance_PC85,206,8.620000,0.058181887,16082.547,false
SA_Energy_Dominance_PC85,206,8.440000,0.058652655,16095.803,false
SA_Energy_Dominance_PC85,206,8.694000,0.058161457,16162.136,false
SA_Energy_Dominance_PC85,206,8.616000,0.058417640,16312.852,false
SA_Energy_Dominance_PC85,206,9.086000,0.058090971,16206.619,false
SA_Energy_Dominance_PC85,206,8.990000,0.058144253,16127.688,false
SA_Energy_Dominance_PC85,206,9.138000,0.057959579,16168.046,false
SA_Energy_Dominance_PC85,206,9.190000,0.057950842,16168.046,false
SA_Energy_Dominance_PC85,206,9.242000,0.057934456,16284.010,false
SA_Energy_Dominance_PC85,206,9.388000,0.057928417,16330.608,false
SA_Energy_Dominance_PC85,206,9.466000,0.057877891,16177.750,false
SA_Energy_Dominance_PC85,206,9.528000,0.057841229,16177.750,false
SA_Energy_Dominance_PC85,206,9.648000,0.057820824,16114.591,false
SA_Energy_Dominance_PC85,206,9.730000,0.057403749,16009.884,false
SA_Energy_Dominance_PC85,206,9.726000,0.057481472,16054.001,false
SA_Energy_Dominance_PC85,206,9.888000,0.057314212,15704.675,false
SA_Energy_Dominance_PC85,206,9.928000,0.057207341,16216.678,false
SA_Energy_Dominance_PC85,206,10.002000,0.057152668,15309.110,false
SA_Energy_Dominance_PC85,206,10.216000,0.057029983,15370.702,false
SA_Energy_Dominance_PC85,206,10.090000,0.057044081,15342.679,false
SA_Energy_Dominance_PC85,206,10.378000,0.056985186,15330.758,false
SA_Energy_Dominance_PC85,206,10.538000,0.056909806,15402.757,false
SA_Energy_Dominance_PC85,206,10.620000,0.056909806,15037.862,false
SA_Energy_Dominance_PC85,206,11.060000,0.056905533,15638.316,false
SA_Energy_Dominance_PC85,206,11.310000,0.056905533,15653.665,false
SA_Energy_Dominance_PC85,206,11.384000,0.056799804,14872.404,false
SA_Energy_Dominance_PC85,206,11.556000,0.056591219,15025.312,false
SA_Energy_Dominance_PC85,206,11.666000,0.056528120,15709.315,false
SA_Energy_Dominance_PC85,206,11.808000,0.056500407,15823.825,false
SA_Energy_Dominance_PC85,206,11.910000,0.056480650,15993.888,false
SA_Energy_Dominance_PC85,206,12.190000,0.056460846,15951.027,false
SA_Energy_Dominance_PC85,206,12.102000,0.056470375,15924.296,false
SA_Energy_Dominance_PC85,206,12.496000,0.056453132,15981.483,false
SA_Energy_Dominance_PC85,206,12.728000,0.056249920,14758.542,false
SA_Energy_Dominance_PC85,206,12.838000,0.056241043,14895.762,false
SA_Energy_Dominance_PC85,206,12.636000,0.056323915,15163.043,false
SA_Energy_Dominance_PC85,206,12.954000,0.056143780,14308.373,false
SA_Energy_Dominance_PC85,206,13.186000,0.056107331,13972.123,false
SA_Energy_Dominance_PC85,206,13.388000,0.056039848,13848.900,false
SA_Energy_Dominance_PC85,206,13.708000,0.055718145,14007.201,false
SA_Energy_Dominance_PC85,206,13.540000,0.055861997,13980.354,false
SA_Energy_Dominance_PC85,206,13.854000,0.055622812,14713.706,false
SA_Energy_Dominance_PC85,206,14.050000,0.055584475,14676.179,false
SA_Energy_Dominance_PC85,206,14.198000,0.055573041,14641.286,false
SA_Energy_Dominance_PC85,206,14.302000,0.055567636,14453.107,false
SA_Energy_Dominance_PC85,206,14.448000,0.055505901,14364.548,false
SA_Energy_Dominance_PC85,206,14.578000,0.055502270,14442.188,false
SA_Energy_Dominance_PC85,206,14.592000,0.055407717,13233.743,false
SA_Energy_Dominance_PC85,206,14.718000,0.055305947,13467.009,false
SA_Energy_Dominance_PC85,206,14.942000,0.055164258,13127.564,false
SA_Energy_Dominance_PC85,206,14.786000,0.055204016,12956.886,false
SA_Energy_Dominance_PC85,206,14.952000,0.052965678,11412.768,false
SA_Energy_Dominance_PC85,206,15.200000,0.052898234,11582.696,false
SA_Energy_Dominance_PC85,206,15.434000,0.052894915,11716.848,false
SA_Energy_Dominance_PC85,207,5.338000,0.061529294,16515.420,false
SA_Energy_Dominance_PC85,207,5.256000,0.061578731,16458.648,false
SA_Energy_Dominance_PC85,207,5.274000,0.061557678,16571.050,false
SA_Energy_Dominance_PC85,207,5.352000,0.061492473,16515.420,false
SA_Energy_Dominance_PC85,207,5.314000,0.061534578,16387.721,false
SA_Energy_Dominance_PC85,207,5.244000,0.061583076,16644.091,false
SA_Energy_Dominance_PC85,207,5.198000,0.061619904,16582.493,false
SA_Energy_Dominance_PC85,207,5.196000,0.061786180,16453.493,false
SA_Energy_Dominance_PC85,207,5.004000,0.063446234,16663.658,false
SA_Energy_Dominance_PC85,207,4.902000,0.063497975,16516.914,false
SA_Energy_Dominance_PC85,207,4.824000,0.063510678,16667.055,false
SA_Energy_Dominance_PC85,207,9.048000,0.061157768,16029.024,false
SA_Energy_Dominance_PC85,207,9.070000,0.061126927,16008.727,false
SA_Energy_Dominance_PC85,207,9.104000,0.061088156,16008.727,false
SA_Energy_Dominance_PC85,207,9.166000,0.060975560,16269.214,false
SA_Energy_Dominance_PC85,207,9.194000,0.060933454,16503.331,false
SA_Energy_Dominance_PC85,207,9.620000,0.060718490,16597.824,false
SA_Energy_Dominance_PC85,207,9.302000,0.060757857,16566.388,false
SA_Energy_Dominance_PC85,207,9.536000,0.060723187,16627.426,false
SA_Energy_Dominance_PC85,207,9.632000,0.060627909,16560.419,false
SA_Energy_Dominance_PC85,207,9.660000,0.060561412,16547.830,false
SA_Energy_Dominance_PC85,207,9.710000,0.060545881,16380.085,false
SA_Energy_Dominance_PC85,207,9.840000,0.060436035,16451.751,false
SA_Energy_Dominance_PC85,207,9.894000,0.060399442,16300.850,false
SA_Energy_Dominance_PC85,207,10.130000,0.059804026,16452.333,false
SA_Energy_Dominance_PC85,207,10.140000,0.059754051,16485.105,false
SA_Energy_Dominance_PC85,207,9.940000,0.059822350,16493.128,false
SA_Energy_Dominance_PC85,207,10.612000,0.059741457,16416.663,false
SA_Energy_Dominance_PC85,207,10.848000,0.059209619,16675.507,false
SA_Energy_Dominance_PC85,207,10.714000,0.059352268,16691.251,false
SA_Energy_Dominance_PC85,207,11.124000,0.059066826,16667.484,false
SA_Energy_Dominance_PC85,207,11.084000,0.059113537,16559.332,false
SA_Energy_Dominance_PC85,207,10.930000,0.059134373,16587.420,false
SA_Energy_Dominance_PC85,207,11.296000,0.058879389,16471.847,false
SA_Energy_Dominance_PC85,207,11.206000,0.058906557,16513.638,false
SA_Energy_Dominance_PC85,207,11.340000,0.058779134,16467.130,false
SA_Energy_Dominance_PC85,207,11.552000,0.058700938,16333.179,false
SA_Energy_Dominance_PC85,207,11.524000,0.058764097,16333.179,false
SA_Energy_Dominance_PC85,207,11.850000,0.058408157,16468.316,false
SA_Energy_Dominance_PC85,207,11.930000,0.058391771,16625.841,false
SA_Energy_Dominance_PC85,207,11.774000,0.058439827,16625.841,false
SA_Energy_Dominance_PC85,207,12.172000,0.058300507,16580.426,false
SA_Energy_Dominance_PC85,207,12.054000,0.058304972,16571.551,false
SA_Energy_Dominance_PC85,207,11.958000,0.058336936,16548.381,false
SA_Energy_Dominance_PC85,207,12.276000,0.058256622,16548.381,false
SA_Energy_Dominance_PC85,207,12.408000,0.058181971,16429.521,false
SA_Energy_Dominance_PC85,207,12.428000,0.058117788,16410.407,false
SA_Energy_Dominance_PC85,207,12.634000,0.058052991,16376.870,false
SA_Energy_Dominance_PC85,207,12.724000,0.057643639,16092.149,false
SA_Energy_Dominance_PC85,207,12.730000,0.057421214,16356.178,false
SA_Energy_Dominance_PC85,207,13.008000,0.057277398,16241.242,false
SA_Energy_Dominance_PC85,207,13.094000,0.057238079,16071.827,false
SA_Energy_Dominance_PC85,207,13.296000,0.057196152,16016.940,false
SA_Energy_Dominance_PC85,207,13.410000,0.057106919,15396.343,false
SA_Energy_Dominance_PC85,207,13.654000,0.056952345,15656.900,false
SA_Energy_Dominance_PC85,207,13.844000,0.056915434,15819.461,false
SA_Energy_Dominance_PC85,207,13.994000,0.056852767,16050.357,false
SA_Energy_Dominance_PC85,207,14.232000,0.056829457,16081.964,false
SA_Energy_Dominance_PC85,207,14.548000,0.056808404,16138.547,false
SA_Energy_Dominance_PC85,207,14.760000,0.056684999,16426.766,false
SA_Energy_Dominance_PC85,207,15.132000,0.056569534,16543.090,false
SA_Energy_Dominance_PC85,207,15.178000,0.056400426,16260.444,false
SA_Energy_Dominance_PC85,207,15.430000,0.056386489,16411.470,false
SA_Energy_Dominance_PC85,207,15.526000,0.056271615,16419.849,false
SA_Energy_Dominance_PC85,207,15.666000,0.056257896,16411.470,false
SA_Energy_Dominance_PC85,207,16.040000,0.056177637,16095.858,false
SA_Energy_Dominance_PC85,207,16.146000,0.056021418,16266.517,false
SA_Energy_Dominance_PC85,207,16.316000,0.055920980,16071.072,false
SA_Energy_Dominance_PC85,207,16.500000,0.055890053,15954.628,false
SA_Energy_Dominance_PC85,207,16.640000,0.055852826,15960.573,false
SA_Energy_Dominance_PC85,207,17.002000,0.055703197,15899.700,false
SA_Energy_Dominance_PC85,207,16.862000,0.055739142,15899.700,false
SA_Energy_Dominance_PC85,207,17.190000,0.055693668,15772.263,false
SA_Energy_Dominance_PC85,207,17.414000,0.055603571,16404.387,false
SA_Energy_Dominance_PC85,207,17.514000,0.055168216,16273.905,false
SA_Energy_Dominance_PC85,207,17.598000,0.052016497,11948.969,false
SA_Energy_Dominance_PC85,207,17.806000,0.051976882,11874.506,false
SA_Energy_Dominance_PC85,207,18.024000,0.051887550,11423.340,false
SA_Energy_Dominance_PC85,207,18.312000,0.051868922,11260.370,false
SA_Energy_Dominance_PC85,208,5.336000,0.061529294,16515.420,false
SA_Energy_Dominance_PC85,208,5.338000,0.061528756,16399.848,false
SA_Energy_Dominance_PC85,208,5.266000,0.061557678,16507.397,false
SA_Energy_Dominance_PC85,208,5.324000,0.061538019,16515.420,false
SA_Energy_Dominance_PC85,208,5.272000,0.061550687,16659.153,false
SA_Energy_Dominance_PC85,208,5.072000,0.061746988,16546.561,false
SA_Energy_Dominance_PC85,208,4.968000,0.061875949,16546.561,false
SA_Energy_Dominance_PC85,208,4.970000,0.061840041,16583.702,false
SA_Energy_Dominance_PC85,208,4.826000,0.062362541,16652.677,false
SA_Energy_Dominance_PC85,208,4.806000,0.062404647,16651.142,false
SA_Energy_Dominance_PC85,208,4.722000,0.062961515,16353.782,false
SA_Energy_Dominance_PC85,208,4.732000,0.062950849,16425.304,false
SA_Energy_Dominance_PC85,208,4.690000,0.063058167,16663.529,false
SA_Energy_Dominance_PC85,208,4.564000,0.063065319,16363.850,false
SA_Energy_Dominance_PC85,208,4.528000,0.063141884,16389.711,false
SA_Energy_Dominance_PC85,208,4.506000,0.063175768,16552.046,false
SA_Energy_Dominance_PC85,208,4.488000,0.063225455,16516.138,false
SA_Energy_Dominance_PC85,208,4.538000,0.063140957,16400.245,false
SA_Energy_Dominance_PC85,208,4.434000,0.063592374,16359.001,false
SA_Energy_Dominance_PC85,208,4.356000,0.063610485,16679.420,false
SA_Energy_Dominance_PC85,208,7.868000,0.061501966,16697.608,false
SA_Energy_Dominance_PC85,208,7.956000,0.061483677,16695.379,false
SA_Energy_Dominance_PC85,208,7.984000,0.061388531,16678.305,false
SA_Energy_Dominance_PC85,208,8.232000,0.061210448,16539.432,false
SA_Energy_Dominance_PC85,208,8.108000,0.061269959,16594.185,false
SA_Energy_Dominance_PC85,208,8.426000,0.061169593,16701.846,false
SA_Energy_Dominance_PC85,208,8.400000,0.061208364,16701.846,false
SA_Energy_Dominance_PC85,208,8.482000,0.061073619,16503.191,false
SA_Energy_Dominance_PC85,208,8.494000,0.061029072,16318.491,false
SA_Energy_Dominance_PC85,208,8.510000,0.060976213,16320.026,false
SA_Energy_Dominance_PC85,208,8.548000,0.060821325,16219.192,false
SA_Energy_Dominance_PC85,208,8.620000,0.060782196,16131.671,false
SA_Energy_Dominance_PC85,208,8.754000,0.060558436,16003.281,false
SA_Energy_Dominance_PC85,208,8.636000,0.060608903,16084.029,false
SA_Energy_Dominance_PC85,208,8.760000,0.060521586,15964.271,false
SA_Energy_Dominance_PC85,208,8.970000,0.060251031,15434.832,false
SA_Energy_Dominance_PC85,208,8.916000,0.060274688,15880.508,false
SA_Energy_Dominance_PC85,208,9.032000,0.060003209,16671.893,false
SA_Energy_Dominance_PC85,208,9.012000,0.060066367,16671.893,false
SA_Energy_Dominance_PC85,208,9.196000,0.059966298,16517.652,false
SA_Energy_Dominance_PC85,208,9.278000,0.059756077,16365.267,false
SA_Energy_Dominance_PC85,208,9.260000,0.059798183,16365.267,false
SA_Energy_Dominance_PC85,208,9.344000,0.059563152,16271.018,false
SA_Energy_Dominance_PC85,208,9.414000,0.059544070,16271.018,false
SA_Energy_Dominance_PC85,208,9.338000,0.059691439,16271.018,false
SA_Energy_Dominance_PC85,208,9.440000,0.059496764,16254.961,false
SA_Energy_Dominance_PC85,208,9.544000,0.059487887,16254.961,false
SA_Energy_Dominance_PC85,208,9.694000,0.059429609,16164.722,false
SA_Energy_Dominance_PC85,208,9.778000,0.059404834,16164.722,false
SA_Energy_Dominance_PC85,208,9.982000,0.059343151,16008.634,false
SA_Energy_Dominance_PC85,208,10.062000,0.059326329,16008.634,false
SA_Energy_Dominance_PC85,208,10.182000,0.058714224,16019.519,false
SA_Energy_Dominance_PC85,208,10.104000,0.058953252,16120.231,false
SA_Energy_Dominance_PC85,208,10.440000,0.058342018,15853.400,false
SA_Energy_Dominance_PC85,208,10.336000,0.058495666,16102.697,false
SA_Energy_Dominance_PC85,208,10.072000,0.059191016,15858.910,false
SA_Energy_Dominance_PC85,208,10.560000,0.058101829,15888.237,false
SA_Energy_Dominance_PC85,208,10.636000,0.058057974,15750.573,false
SA_Energy_Dominance_PC85,208,10.718000,0.058030614,15755.131,false
SA_Energy_Dominance_PC85,208,10.478000,0.058127777,15805.770,false
SA_Energy_Dominance_PC85,208,10.788000,0.058011738,15726.358,false
SA_Energy_Dominance_PC85,208,10.866000,0.057975154,15755.706,false
SA_Energy_Dominance_PC85,208,11.150000,0.057077522,15415.938,false
SA_Energy_Dominance_PC85,208,11.032000,0.057080689,15497.280,false
SA_Energy_Dominance_PC85,208,10.974000,0.057354599,15778.473,false
SA_Energy_Dominance_PC85,208,11.234000,0.056749348,15339.716,false
SA_Energy_Dominance_PC85,208,11.356000,0.056715044,15339.716,false
SA_Energy_Dominance_PC85,208,11.464000,0.056699278,15145.459,false
SA_Energy_Dominance_PC85,208,11.564000,0.056668437,15414.583,false
SA_Energy_Dominance_PC85,208,11.640000,0.056660566,15225.770,false
SA_Energy_Dominance_PC85,208,11.738000,0.056655294,15225.770,false
SA_Energy_Dominance_PC85,208,11.924000,0.056627323,15418.511,false
SA_Energy_Dominance_PC85,208,11.838000,0.056641043,15382.155,false
SA_Energy_Dominance_PC85,208,12.010000,0.056625147,15313.391,false
SA_Energy_Dominance_PC85,208,12.094000,0.056586858,15004.393,false
SA_Energy_Dominance_PC85,208,12.384000,0.056582505,15102.837,false
SA_Energy_Dominance_PC85,208,12.590000,0.056352879,15021.155,false
SA_Energy_Dominance_PC85,208,12.494000,0.056372416,15197.375,false
SA_Energy_Dominance_PC85,208,12.386000,0.056472107,15148.592,false
SA_Energy_Dominance_PC85,208,12.650000,0.056278596,15280.610,false
SA_Energy_Dominance_PC85,208,12.856000,0.056200422,15309.993,false
SA_Energy_Dominance_PC85,208,12.950000,0.056187875,15211.957,false
SA_Energy_Dominance_PC85,208,13.128000,0.056164635,15076.034,false
SA_Energy_Dominance_PC85,208,13.280000,0.056144976,15066.351,false
SA_Energy_Dominance_PC85,208,13.390000,0.056067319,14343.973,false
SA_Energy_Dominance_PC85,208,13.486000,0.056035838,13884.692,false
SA_Energy_Dominance_PC85,208,13.638000,0.056005561,13943.206,false
SA_Energy_Dominance_PC85,208,14.230000,0.053131912,12351.942,false
SA_Energy_Dominance_PC85,208,14.032000,0.053131912,12291.858,false
SA_Energy_Dominance_PC85,208,13.708000,0.053199356,12202.919,false
SA_Energy_Dominance_PC85,208,13.866000,0.053145631,12342.364,false
SA_Energy_Dominance_PC85,208,14.386000,0.053129895,12334.862,false
SA_Energy_Dominance_PC85,209,4.904000,0.061860397,16438.855,false
SA_Energy_Dominance_PC85,209,4.910000,0.061815849,16438.855,false
SA_Energy_Dominance_PC85,209,4.936000,0.061675464,16316.563,false
SA_Energy_Dominance_PC85,209,4.922000,0.061701235,16413.431,false
SA_Energy_Dominance_PC85,209,4.854000,0.061934802,16246.339,false
SA_Energy_Dominance_PC85,209,4.844000,0.061966743,16660.251,false
SA_Energy_Dominance_PC85,209,4.792000,0.061997023,16607.598,false
SA_Energy_Dominance_PC85,209,4.782000,0.062007690,16624.863,false
SA_Energy_Dominance_PC85,209,4.706000,0.062514101,16582.606,false
SA_Energy_Dominance_PC85,209,4.662000,0.062588484,16582.606,false
SA_Energy_Dominance_PC85,209,4.640000,0.062656608,16582.606,false
SA_Energy_Dominance_PC85,209,4.548000,0.062806066,16678.883,false
SA_Energy_Dominance_PC85,209,4.546000,0.062841502,16657.328,false
SA_Energy_Dominance_PC85,209,4.750000,0.062053866,16577.201,false
SA_Energy_Dominance_PC85,209,4.736000,0.062120334,16600.204,false
SA_Energy_Dominance_PC85,209,5.064000,0.061634867,16688.432,false
SA_Energy_Dominance_PC85,209,5.132000,0.061367049,16493.246,false
SA_Energy_Dominance_PC85,209,5.120000,0.061378221,16526.485,false
SA_Energy_Dominance_PC85,209,5.188000,0.061128862,16261.648,false
SA_Energy_Dominance_PC85,209,5.180000,0.061163972,16261.386,false
SA_Energy_Dominance_PC85,209,5.220000,0.061041742,16021.500,false
SA_Energy_Dominance_PC85,209,5.236000,0.060976502,16021.500,false
SA_Energy_Dominance_PC85,209,5.244000,0.060913343,16021.500,false
SA_Energy_Dominance_PC85,209,5.406000,0.060592887,16201.917,false
SA_Energy_Dominance_PC85,209,5.328000,0.060691546,16363.103,false
SA_Energy_Dominance_PC85,209,5.392000,0.060631420,16634.725,false
SA_Energy_Dominance_PC85,209,5.484000,0.060539821,16664.843,false
SA_Energy_Dominance_PC85,209,5.540000,0.060370245,16553.975,false
SA_Energy_Dominance_PC85,209,5.620000,0.060332571,16553.975,false
SA_Energy_Dominance_PC85,209,5.558000,0.060367156,16601.486,false
SA_Energy_Dominance_PC85,209,5.650000,0.060267196,16372.345,false
SA_Energy_Dominance_PC85,209,5.768000,0.060008321,16541.168,false
SA_Energy_Dominance_PC85,209,5.774000,0.059921879,16430.849,false
SA_Energy_Dominance_PC85,209,5.788000,0.059800284,16386.579,false
SA_Energy_Dominance_PC85,209,5.908000,0.059466762,16684.578,false
SA_Energy_Dominance_PC85,209,5.936000,0.059455809,16684.578,false
SA_Energy_Dominance_PC85,209,5.954000,0.059429887,16681.439,false
SA_Energy_Dominance_PC85,209,5.796000,0.059493045,16681.439,false
SA_Energy_Dominance_PC85,209,5.966000,0.059387766,16681.244,false
SA_Energy_Dominance_PC85,209,6.026000,0.059322421,16678.012,false
SA_Energy_Dominance_PC85,209,6.062000,0.059242840,16678.012,false
SA_Energy_Dominance_PC85,209,6.254000,0.059239494,16668.100,false
SA_Energy_Dominance_PC85,209,6.334000,0.059227147,16690.658,false
SA_Energy_Dominance_PC85,209,6.360000,0.059222671,16634.901,false
SA_Energy_Dominance_PC85,209,6.452000,0.059218233,16686.190,false
SA_Energy_Dominance_PC85,209,6.580000,0.059159668,16672.723,false
SA_Energy_Dominance_PC85,209,6.604000,0.059140891,16627.603,false
SA_Energy_Dominance_PC85,209,6.542000,0.059171844,16625.211,false
SA_Energy_Dominance_PC85,209,6.656000,0.059128128,16625.211,false
SA_Energy_Dominance_PC85,209,6.660000,0.059084526,16545.727,false
SA_Energy_Dominance_PC85,209,6.688000,0.058918869,16482.427,false
SA_Energy_Dominance_PC85,209,6.720000,0.058900104,16482.427,false
SA_Energy_Dominance_PC85,209,6.686000,0.058963262,16649.257,false
SA_Energy_Dominance_PC85,209,6.818000,0.058892570,16482.427,false
SA_Energy_Dominance_PC85,209,6.982000,0.058858225,16664.912,false
SA_Energy_Dominance_PC85,209,7.018000,0.058790022,16602.343,false
SA_Energy_Dominance_PC85,209,6.910000,0.058871531,16657.359,false
SA_Energy_Dominance_PC85,209,7.064000,0.058787320,16662.222,false
SA_Energy_Dominance_PC85,209,7.176000,0.058768724,16619.446,false
SA_Energy_Dominance_PC85,209,7.276000,0.058768077,16697.867,false
SA_Energy_Dominance_PC85,209,7.410000,0.058736440,16285.971,false
SA_Energy_Dominance_PC85,209,7.494000,0.058631685,16235.236,false
SA_Energy_Dominance_PC85,209,7.622000,0.058546251,16087.339,false
SA_Energy_Dominance_PC85,209,7.548000,0.058571524,16079.316,false
SA_Energy_Dominance_PC85,209,7.676000,0.058527515,16254.679,false
SA_Energy_Dominance_PC85,209,7.710000,0.058507014,16378.671,false
SA_Energy_Dominance_PC85,209,7.802000,0.058476173,16442.103,false
SA_Energy_Dominance_PC85,209,7.904000,0.058434824,16304.602,false
SA_Energy_Dominance_PC85,209,8.132000,0.058393535,16441.393,false
SA_Energy_Dominance_PC85,209,8.028000,0.058419813,16397.487,false
SA_Energy_Dominance_PC85,209,8.192000,0.058352383,16595.912,false
SA_Energy_Dominance_PC85,209,8.196000,0.058193586,16560.269,false
SA_Energy_Dominance_PC85,209,8.252000,0.058024325,16137.756,false
SA_Energy_Dominance_PC85,209,8.314000,0.058020095,16086.429,false
SA_Energy_Dominance_PC85,209,8.398000,0.058013642,16069.019,false
SA_Energy_Dominance_PC85,209,8.454000,0.057935136,15924.523,false
SA_Energy_Dominance_PC85,209,8.524000,0.057925681,15937.077,false
SA_Energy_Dominance_PC85,209,8.534000,0.057636276,15686.710,false
SA_Energy_Dominance_PC85,209,8.694000,0.057108259,16468.368,false
SA_Energy_Dominance_PC85,209,8.592000,0.057108664,16125.320,false
SA_Energy_Dominance_PC85,209,8.744000,0.057028976,15980.227,false
SA_Energy_Dominance_PC85,209,8.882000,0.057026718,15980.227,false
SA_Energy_Dominance_PC85,209,8.954000,0.056904797,15664.137,false
SA_Energy_Dominance_PC85,209,9.072000,0.056716022,15837.460,false
SA_Energy_Dominance_PC85,209,9.170000,0.056650818,15821.670,false
SA_Energy_Dominance_PC85,209,9.200000,0.056581930,15907.348,false
SA_Energy_Dominance_PC85,209,9.338000,0.056549780,15773.067,false
SA_Energy_Dominance_PC85,209,9.260000,0.056554759,15773.067,false
SA_Energy_Dominance_PC85,209,9.400000,0.056525446,15518.193,false
SA_Energy_Dominance_PC85,209,9.450000,0.056467635,15699.493,false
SA_Energy_Dominance_PC85,209,9.510000,0.056436779,15901.853,false
SA_Energy_Dominance_PC85,209,9.566000,0.056417120,15680.141,false
SA_Energy_Dominance_PC85,209,9.648000,0.056412971,15846.971,false
SA_Energy_Dominance_PC85,209,9.710000,0.056337494,16011.379,false
SA_Energy_Dominance_PC85,209,9.830000,0.056145175,15611.987,false
SA_Energy_Dominance_PC85,209,9.736000,0.056245516,15733.607,false
SA_Energy_Dominance_PC85,209,9.932000,0.056134387,15616.249,false
SA_Energy_Dominance_PC85,209,10.000000,0.056079283,15559.401,false
SA_Energy_Dominance_PC85,209,10.082000,0.056076581,15727.692,false
SA_Energy_Dominance_PC85,209,10.196000,0.056013096,15352.501,false
SA_Energy_Dominance_PC85,209,10.422000,0.056005072,15729.211,false
SA_Energy_Dominance_PC85,209,10.468000,0.055904308,15473.444,false
SA_Energy_Dominance_PC85,209,10.570000,0.055881303,15840.146,false
SA_Energy_Dominance_PC85,209,10.664000,0.055837931,15796.239,false
SA_Energy_Dominance_PC85,209,10.684000,0.055754489,16021.991,false
SA_Energy_Dominance_PC85,209,10.768000,0.055681761,16021.991,false
SA_Energy_Dominance_PC85,209,10.912000,0.055650781,15941.907,false
SA_Energy_Dominance_PC85,209,11.190000,0.055617341,16011.934,false
SA_Energy_Dominance_PC85,209,10.982000,0.055644529,16160.278,false
SA_Energy_Dominance_PC85,209,11.298000,0.055599598,16139.371,false
SA_Energy_Dominance_PC85,209,11.328000,0.055459359,16003.745,false
SA_Energy_Dominance_PC85,209,11.404000,0.055438687,15878.819,false
SA_Energy_Dominance_PC85,209,11.440000,0.055323619,16019.480,false
SA_Energy_Dominance_PC85,209,11.532000,0.055222993,16098.936,false
SA_Energy_Dominance_PC85,209,11.710000,0.055049647,15516.274,false
SA_Energy_Dominance_PC85,209,11.578000,0.055071939,15604.829,false
SA_Energy_Dominance_PC85,209,11.814000,0.055047226,15924.298,false
SA_Energy_Dominance_PC85,209,11.898000,0.055030000,15786.143,false
SA_Energy_Dominance_PC85,209,11.988000,0.054979104,15512.765,false
SA_Energy_Dominance_PC85,209,12.638000,0.053236019,13162.871,false
SA_Energy_Dominance_PC85,209,12.846000,0.053236019,13851.094,false
SA_Energy_Dominance_PC85,209,12.420000,0.053256293,13148.446,false
SA_Energy_Dominance_PC85,209,12.318000,0.053415565,13618.752,false
SA_Energy_Dominance_PC85,209,12.514000,0.053243282,13218.042,false
SA_Energy_Dominance_PC85,209,12.200000,0.053459208,13681.276,false
SA_Energy_Dominance_PC85,209,12.150000,0.054178645,14725.012,false
SA_Energy_Dominance_PC85,209,12.140000,0.054276158,14918.885,false
SA_Energy_Dominance_PC85,209,12.100000,0.054792281,14935.766,false
NSGA-II_PC85,200,3.148000,0.063093121,16653.872,false
NSGA-II_PC85,200,3.510000,0.059135846,15562.768,false
NSGA-II_PC85,200,3.118000,0.063180649,16697.061,false
NSGA-II_PC85,200,3.768000,0.058155974,16136.089,false
NSGA-II_PC85,200,4.310000,0.057064708,15363.986,false
NSGA-II_PC85,200,3.068000,0.063542663,16687.799,false
NSGA-II_PC85,200,4.164000,0.057230636,15565.882,false
NSGA-II_PC85,200,4.086000,0.057445602,15496.249,false
NSGA-II_PC85,200,4.850000,0.056680215,14985.843,false
NSGA-II_PC85,200,3.982000,0.057666584,16160.815,false
NSGA-II_PC85,200,4.510000,0.056900350,15406.012,false
NSGA-II_PC85,200,3.688000,0.058284266,16546.369,false
NSGA-II_PC85,200,4.330000,0.056966581,15458.043,false
NSGA-II_PC85,200,3.720000,0.058283892,16106.798,false
NSGA-II_PC85,200,4.124000,0.057277667,15741.573,false
NSGA-II_PC85,200,3.166000,0.062912054,16589.945,false
NSGA-II_PC85,200,3.564000,0.058895500,15444.817,false
NSGA-II_PC85,200,4.462000,0.056934796,15080.290,false
NSGA-II_PC85,200,3.614000,0.058713030,16679.377,false
NSGA-II_PC85,200,3.838000,0.057968789,15431.525,false
NSGA-II_PC85,200,3.224000,0.060885749,16527.931,false
NSGA-II_PC85,200,4.550000,0.056813755,15555.711,false
NSGA-II_PC85,200,3.376000,0.059388849,15849.754,false
NSGA-II_PC85,200,4.276000,0.057125800,15203.893,false
NSGA-II_PC85,200,4.208000,0.057215291,15674.169,false
NSGA-II_PC85,200,4.588000,0.056709120,15373.281,false
NSGA-II_PC85,200,4.936000,0.056652860,14403.110,false
NSGA-II_PC85,200,3.858000,0.057941974,16337.514,false
NSGA-II_PC85,200,4.028000,0.057452877,15467.949,false
NSGA-II_PC85,200,3.452000,0.059265492,16700.020,false
NSGA-II_PC85,200,3.106000,0.063508871,16646.306,false
NSGA-II_PC85,200,3.666000,0.058361086,16406.796,false
NSGA-II_PC85,200,3.328000,0.059907165,16330.390,false
NSGA-II_PC85,200,3.356000,0.059786000,16347.297,false
NSGA-II_PC85,200,4.814000,0.056691656,14683.739,false
NSGA-II_PC85,200,3.532000,0.059066256,16528.630,false
NSGA-II_PC85,200,4.214000,0.057125950,15290.702,false
NSGA-II_PC85,200,4.026000,0.057610531,15594.362,false
NSGA-II_PC85,200,3.886000,0.057760545,15686.381,false
NSGA-II_PC85,200,3.316000,0.060070594,16406.092,false
NSGA-II_PC85,200,3.652000,0.058493181,16308.757,false
NSGA-II_PC85,201,3.664000,0.059455579,16662.502,false
NSGA-II_PC85,201,3.242000,0.062734340,16551.616,false
NSGA-II_PC85,201,3.640000,0.060134000,16418.414,false
NSGA-II_PC85,201,3.596000,0.060154825,16403.846,false
NSGA-II_PC85,201,3.556000,0.060267704,16407.153,false
NSGA-II_PC85,201,3.546000,0.060408008,16667.053,false
NSGA-II_PC85,201,3.658000,0.059970793,16536.579,false
NSGA-II_PC85,201,3.758000,0.059135741,16268.529,false
NSGA-II_PC85,201,3.696000,0.059288068,16349.088,false
NSGA-II_PC85,201,3.082000,0.062847743,16520.787,false
NSGA-II_PC85,201,3.118000,0.062816665,16647.456,false
NSGA-II_PC85,201,3.854000,0.058576668,16139.940,false
NSGA-II_PC85,201,3.470000,0.060782061,16419.796,false
NSGA-II_PC85,201,3.272000,0.062710436,16563.582,false
NSGA-II_PC85,201,3.500000,0.060434459,16672.010,false
NSGA-II_PC85,201,3.872000,0.058471043,15952.849,false
NSGA-II_PC85,201,4.788000,0.057416171,16017.826,false
NSGA-II_PC85,201,3.978000,0.058294279,15706.231,false
NSGA-II_PC85,201,4.022000,0.058132195,15880.564,false
NSGA-II_PC85,201,3.784000,0.058971641,16486.044,false
NSGA-II_PC85,201,4.238000,0.057790895,16259.931,false
NSGA-II_PC85,201,5.028000,0.057317851,15446.991,false
NSGA-II_PC85,201,4.644000,0.057459107,16498.730,false
NSGA-II_PC85,201,3.972000,0.058372448,16261.318,false
NSGA-II_PC85,201,3.912000,0.058470582,15908.808,false
NSGA-II_PC85,201,3.074000,0.063084494,16636.981,false
NSGA-II_PC85,201,3.794000,0.058877305,15792.586,false
NSGA-II_PC85,201,3.062000,0.063208103,16635.428,false
NSGA-II_PC85,201,3.352000,0.062691425,16667.683,false
NSGA-II_PC85,201,4.362000,0.057689965,16300.533,false
NSGA-II_PC85,201,3.472000,0.060594545,16465.594,false
NSGA-II_PC85,201,4.010000,0.058238019,15865.114,false
NSGA-II_PC85,201,3.190000,0.062738660,16594.652,false
NSGA-II_PC85,201,3.172000,0.062812345,16531.813,false
NSGA-II_PC85,201,4.532000,0.057552618,16577.048,false
NSGA-II_PC85,201,3.756000,0.059202711,16423.642,false
NSGA-II_PC85,201,3.778000,0.059108310,16192.172,false
NSGA-II_PC85,201,4.116000,0.057976129,16382.771,false
NSGA-II_PC85,201,3.802000,0.058703885,16369.000,false
NSGA-II_PC85,201,4.610000,0.057471992,16160.287,false
NSGA-II_PC85,201,3.444000,0.061141897,16495.950,false
NSGA-II_PC85,201,4.122000,0.057851620,15847.267,false
NSGA-II_PC85,201,3.940000,0.058414107,15863.113,false
NSGA-II_PC85,201,4.394000,0.057677602,16016.256,false
NSGA-II_PC85,201,4.056000,0.058033108,16141.033,false
NSGA-II_PC85,201,3.464000,0.061094960,16376.823,false
NSGA-II_PC85,201,4.476000,0.057643750,16310.158,false
NSGA-II_PC85,201,4.512000,0.057596811,15968.131,false
NSGA-II_PC85,201,3.720000,0.059243108,16376.355,false
NSGA-II_PC85,202,2.980000,0.062499405,16664.142,false
NSGA-II_PC85,202,4.104000,0.059846811,16617.133,false
NSGA-II_PC85,202,4.294000,0.059701463,16565.503,false
NSGA-II_PC85,202,4.332000,0.059689502,16625.439,false
NSGA-II_PC85,202,4.416000,0.059673022,16225.433,false
NSGA-II_PC85,202,3.570000,0.060653256,16395.457,false
NSGA-II_PC85,202,4.082000,0.059901962,16075.990,false
NSGA-II_PC85,202,3.578000,0.060610676,16324.492,false
NSGA-II_PC85,202,4.186000,0.059760422,16583.285,false
NSGA-II_PC85,202,4.148000,0.059795459,16624.484,false
NSGA-II_PC85,202,3.128000,0.061664028,16503.606,false
NSGA-II_PC85,202,3.810000,0.060074658,16460.647,false
NSGA-II_PC85,202,3.328000,0.061469534,16425.907,false
NSGA-II_PC85,202,3.044000,0.061894374,16606.446,false
NSGA-II_PC85,202,3.062000,0.061877394,16499.490,false
NSGA-II_PC85,202,4.196000,0.059731835,16595.563,false
NSGA-II_PC85,202,3.744000,0.060232886,16286.624,false
NSGA-II_PC85,202,4.114000,0.059817731,16472.411,false
NSGA-II_PC85,202,3.634000,0.060391759,16633.062,false
NSGA-II_PC85,202,3.902000,0.059917429,16423.679,false
NSGA-II_PC85,202,3.030000,0.062053936,16610.550,false
NSGA-II_PC85,202,4.084000,0.059853693,16581.137,false
NSGA-II_PC85,202,3.198000,0.061556617,16500.675,false
NSGA-II_PC85,202,3.664000,0.060326829,16307.183,false
NSGA-II_PC85,202,2.984000,0.062130215,16684.347,false
NSGA-II_PC85,202,3.830000,0.060032098,16638.907,false
NSGA-II_PC85,202,3.094000,0.061820352,16519.224,false
NSGA-II_PC85,202,3.464000,0.061303905,16430.141,false
NSGA-II_PC85,202,3.626000,0.060496104,16393.897,false
NSGA-II_PC85,202,3.596000,0.060541697,16586.831,false
NSGA-II_PC85,202,3.752000,0.060115993,16129.607,false
NSGA-II_PC85,202,3.704000,0.060235948,16542.307,false
NSGA-II_PC85,202,3.350000,0.061370950,16495.288,false
NSGA-II_PC85,202,3.542000,0.060700933,16508.458,false
NSGA-II_PC85,203,3.552000,0.060223293,16624.980,false
NSGA-II_PC85,203,2.838000,0.062692681,16608.036,false
NSGA-II_PC85,203,2.900000,0.061818651,16646.029,false
NSGA-II_PC85,203,3.940000,0.059534023,16406.334,false
NSGA-II_PC85,203,3.592000,0.060088446,16617.251,false
NSGA-II_PC85,203,3.488000,0.060328718,16628.933,false
NSGA-II_PC85,203,3.910000,0.059562412,16215.681,false
NSGA-II_PC85,203,4.128000,0.059379228,16120.990,false
NSGA-II_PC85,203,3.988000,0.059425672,16418.905,false
NSGA-II_PC85,203,3.524000,0.060252990,16595.395,false
NSGA-II_PC85,203,3.984000,0.059517899,16262.159,false
NSGA-II_PC85,203,3.678000,0.059850626,16195.224,false
NSGA-II_PC85,203,2.982000,0.061653800,16627.779,false
NSGA-II_PC85,203,3.722000,0.059815114,16433.322,false
NSGA-II_PC85,203,3.630000,0.059918071,16621.894,false
NSGA-II_PC85,203,3.574000,0.060097398,16673.639,false
NSGA-II_PC85,203,3.808000,0.059739340,16539.100,false
NSGA-II_PC85,203,2.800000,0.062746761,16631.483,false
NSGA-II_PC85,203,2.934000,0.061717562,16675.712,false
NSGA-II_PC85,203,3.124000,0.061486155,16606.162,false
NSGA-II_PC85,203,3.820000,0.059594449,16566.881,false
NSGA-II_PC85,203,3.570000,0.060180257,16316.123,false
NSGA-II_PC85,203,2.846000,0.062028445,16589.367,false
NSGA-II_PC85,203,4.164000,0.059351782,16036.278,false
NSGA-II_PC85,203,3.486000,0.060375055,16545.690,false
NSGA-II_PC85,203,3.094000,0.061625558,16480.375,false
NSGA-II_PC85,203,3.776000,0.059744813,16397.818,false
NSGA-II_PC85,203,3.604000,0.059972204,16552.074,false
NSGA-II_PC85,203,4.188000,0.059334064,16009.553,false
NSGA-II_PC85,203,3.228000,0.061445701,16663.666,false
NSGA-II_PC85,203,3.400000,0.060532219,16499.113,false
NSGA-II_PC85,203,3.738000,0.059769245,16535.803,false
NSGA-II_PC85,203,3.860000,0.059566434,16181.477,false
NSGA-II_PC85,203,3.098000,0.061505711,16701.391,false
NSGA-II_PC85,204,2.826000,0.061481999,16531.438,false
NSGA-II_PC85,204,2.828000,0.061351915,16435.716,false
NSGA-II_PC85,204,2.852000,0.061199509,16685.067,false
NSGA-II_PC85,204,2.976000,0.060964382,16588.889,false
NSGA-II_PC85,204,3.028000,0.060828338,16074.801,false
NSGA-II_PC85,204,2.934000,0.061026152,16620.380,false
NSGA-II_PC85,204,2.966000,0.061001569,16216.092,false
NSGA-II_PC85,204,3.848000,0.060158522,16691.877,false
NSGA-II_PC85,204,2.812000,0.061535491,16525.966,false
NSGA-II_PC85,204,3.064000,0.060743295,16627.877,false
NSGA-II_PC85,204,2.878000,0.061110145,16440.593,false
NSGA-II_PC85,204,4.482000,0.059571484,15503.268,false
NSGA-II_PC85,204,2.802000,0.061836010,16564.796,false
NSGA-II_PC85,204,2.868000,0.061133872,16625.875,false
NSGA-II_PC85,204,3.980000,0.059726282,16394.400,false
NSGA-II_PC85,204,3.852000,0.059931903,16444.542,false
NSGA-II_PC85,204,2.926000,0.061053649,16638.750,false
NSGA-II_PC85,204,3.018000,0.060908419,16430.020,false
NSGA-II_PC85,204,3.136000,0.060707815,16520.335,false
NSGA-II_PC85,204,2.832000,0.061233456,16602.997,false
NSGA-II_PC85,204,3.180000,0.060549700,16558.068,false
NSGA-II_PC85,204,2.902000,0.061097918,16412.804,false
NSGA-II_PC85,204,4.578000,0.059550431,15643.672,false
NSGA-II_PC85,204,3.294000,0.060471462,16411.443,false
NSGA-II_PC85,204,4.270000,0.059582425,16610.628,false
NSGA-II_PC85,204,3.150000,0.060618896,16240.365,false
NSGA-II_PC85,204,3.202000,0.060506659,16231.039,false
NSGA-II_PC85,204,4.304000,0.059580589,16107.078,false
NSGA-II_PC85,204,3.816000,0.060169218,16342.067,false
NSGA-II_PC85,204,3.272000,0.060498830,16603.271,false
NSGA-II_PC85,204,2.992000,0.060909856,16358.334,false
NSGA-II_PC85,204,3.902000,0.059846810,16173.077,false
NSGA-II_PC85,204,4.060000,0.059721037,16252.698,false
NSGA-II_PC85,204,4.164000,0.059605608,16248.197,false
NSGA-II_PC85,204,3.128000,0.060743285,16262.770,false
NSGA-II_PC85,204,3.812000,0.060260045,16582.288,false
NSGA-II_PC85,204,3.934000,0.059845827,16411.884,false
NSGA-II_PC85,204,4.064000,0.059617207,16051.536,false
NSGA-II_PC85,205,3.176000,0.062874297,16684.739,false
NSGA-II_PC85,205,3.094000,0.063105570,16455.418,false
NSGA-II_PC85,205,3.274000,0.060880094,16605.950,false
NSGA-II_PC85,205,3.346000,0.060369771,16501.072,false
NSGA-II_PC85,205,3.276000,0.060664012,16508.824,false
NSGA-II_PC85,205,3.202000,0.061221928,16531.884,false
NSGA-II_PC85,205,3.250000,0.060964905,16629.900,false
NSGA-II_PC85,205,3.238000,0.061140300,16693.453,false
NSGA-II_PC85,205,3.146000,0.062877282,16692.062,false
NSGA-II_PC85,205,3.568000,0.058358541,16487.531,false
NSGA-II_PC85,205,3.996000,0.057565922,16061.978,false
NSGA-II_PC85,205,4.302000,0.057295217,15840.241,false
NSGA-II_PC85,205,3.344000,0.060443780,16374.712,false
NSGA-II_PC85,205,3.550000,0.058488987,16101.586,false
NSGA-II_PC85,205,3.600000,0.058231608,16248.952,false
NSGA-II_PC85,205,3.338000,0.060519143,16391.757,false
NSGA-II_PC85,205,3.500000,0.058799034,16548.052,false
NSGA-II_PC85,205,3.618000,0.058175156,16568.289,false
NSGA-II_PC85,205,3.904000,0.057737436,15806.715,false
NSGA-II_PC85,205,3.624000,0.058024149,16122.197,false
NSGA-II_PC85,205,3.456000,0.058884647,16231.819,false
NSGA-II_PC85,205,3.944000,0.057649039,16013.553,false
NSGA-II_PC85,205,3.812000,0.057813990,15642.708,false
NSGA-II_PC85,205,3.542000,0.058557696,16314.979,false
NSGA-II_PC85,205,3.710000,0.057939174,16149.809,false
NSGA-II_PC85,205,4.072000,0.057317762,15766.859,false
NSGA-II_PC85,205,4.012000,0.057509180,16103.523,false
NSGA-II_PC85,205,3.378000,0.059369432,16661.793,false
NSGA-II_PC85,205,3.916000,0.057675146,16015.977,false
NSGA-II_PC85,205,3.412000,0.059103403,16079.343,false
NSGA-II_PC85,205,4.338000,0.057235340,15683.411,false
NSGA-II_PC85,205,3.082000,0.063194300,16680.691,false
NSGA-II_PC85,205,3.072000,0.063319588,16569.210,false
NSGA-II_PC85,205,3.528000,0.058646069,16133.328,false
NSGA-II_PC85,205,4.488000,0.057100572,16049.560,false
NSGA-II_PC85,206,2.866000,0.061835390,16581.368,false
NSGA-II_PC85,206,2.906000,0.061467215,16466.278,false
NSGA-II_PC85,206,4.244000,0.059674250,16213.845,false
NSGA-II_PC85,206,2.860000,0.062105610,16575.625,false
NSGA-II_PC85,206,3.118000,0.061068564,16601.525,false
NSGA-II_PC85,206,2.900000,0.061714567,16520.085,false
NSGA-II_PC85,206,3.182000,0.061016886,16547.483,false
NSGA-II_PC85,206,2.958000,0.061129834,16338.316,false
NSGA-II_PC85,206,4.208000,0.059805028,16158.792,false
NSGA-II_PC85,206,2.834000,0.062159535,16472.242,false
NSGA-II_PC85,206,2.794000,0.062482417,16606.234,false
NSGA-II_PC85,206,2.880000,0.061715437,16658.862,false
NSGA-II_PC85,206,4.196000,0.059859190,16139.815,false
NSGA-II_PC85,206,4.114000,0.059872923,16296.275,false
NSGA-II_PC85,206,3.016000,0.061101417,16498.112,false
NSGA-II_PC85,206,2.862000,0.062033303,16462.204,false
NSGA-II_PC85,206,2.878000,0.061753501,16562.679,false
NSGA-II_PC85,206,2.822000,0.062374568,16399.785,false
NSGA-II_PC85,206,2.912000,0.061408721,16652.253,false
NSGA-II_PC85,206,4.020000,0.060058410,16429.672,false
NSGA-II_PC85,206,3.908000,0.060357995,16365.828,false
NSGA-II_PC85,206,2.920000,0.061352150,16440.456,false
NSGA-II_PC85,206,3.746000,0.060881388,16701.579,false
NSGA-II_PC85,206,2.830000,0.062334280,16429.709,false
NSGA-II_PC85,206,3.128000,0.061035372,16582.671,false
NSGA-II_PC85,206,4.290000,0.059519899,16353.078,false
NSGA-II_PC85,206,3.980000,0.060178503,16395.168,false
NSGA-II_PC85,206,3.780000,0.060798430,16649.804,false
NSGA-II_PC85,206,3.794000,0.060532353,16372.439,false
NSGA-II_PC85,206,3.858000,0.060403155,16200.637,false
NSGA-II_PC85,206,2.982000,0.061107631,16676.736,false
NSGA-II_PC85,206,4.032000,0.060000545,16430.996,false
NSGA-II_PC85,206,4.004000,0.060156497,16423.063,false
NSGA-II_PC85,206,3.914000,0.060298193,16373.695,false
NSGA-II_PC85,206,4.076000,0.059960687,16457.240,false
NSGA-II_PC85,206,2.934000,0.061227459,16675.634,false
NSGA-II_PC85,206,4.018000,0.060108982,16446.172,false
NSGA-II_PC85,207,3.642000,0.059343184,16089.217,false
NSGA-II_PC85,207,3.530000,0.059510091,16287.760,false
NSGA-II_PC85,207,4.176000,0.058542009,15772.085,false
NSGA-II_PC85,207,3.018000,0.062778836,16324.153,false
NSGA-II_PC85,207,3.628000,0.059360927,16105.147,false
NSGA-II_PC85,207,4.136000,0.058635320,15828.487,false
NSGA-II_PC85,207,3.768000,0.059069544,16478.389,false
NSGA-II_PC85,207,4.018000,0.058766113,16169.502,false
NSGA-II_PC85,207,4.106000,0.058667949,15961.440,false
NSGA-II_PC85,207,3.392000,0.059944180,16129.826,false
NSGA-II_PC85,207,3.548000,0.059489038,16243.854,false
NSGA-II_PC85,207,3.716000,0.059171799,16624.544,false
NSGA-II_PC85,207,2.998000,0.062801080,16610.504,false
NSGA-II_PC85,207,3.050000,0.062501990,16609.814,false
NSGA-II_PC85,207,4.166000,0.058592590,15759.496,false
NSGA-II_PC85,207,3.030000,0.062663247,16538.870,false
NSGA-II_PC85,207,3.670000,0.059231433,16247.878,false
NSGA-II_PC85,207,3.842000,0.058802304,16123.233,false
NSGA-II_PC85,207,3.604000,0.059370258,16500.303,false
NSGA-II_PC85,207,4.076000,0.058693912,16156.639,false
NSGA-II_PC85,207,4.340000,0.058534538,15839.745,false
NSGA-II_PC85,207,3.576000,0.059434602,16254.894,false
NSGA-II_PC85,207,3.754000,0.059072179,16021.115,false
NSGA-II_PC85,207,4.038000,0.058737332,16271.788,false
NSGA-II_PC85,207,3.774000,0.058997116,16161.186,false
NSGA-II_PC85,207,3.110000,0.062429228,16671.252,false
NSGA-II_PC85,207,3.416000,0.059659412,16483.478,false
NSGA-II_PC85,207,3.962000,0.058786523,15700.136,false
NSGA-II_PC85,208,2.960000,0.062542289,16622.286,false
NSGA-II_PC85,208,2.950000,0.062622047,16521.291,false
NSGA-II_PC85,208,3.072000,0.061808326,16335.740,false
NSGA-II_PC85,208,3.058000,0.061975058,16434.258,false
NSGA-II_PC85,208,2.970000,0.062080714,16647.901,false
NSGA-II_PC85,208,2.964000,0.062486246,16637.275,false
NSGA-II_PC85,208,3.108000,0.061643578,16556.057,false
NSGA-II_PC85,208,3.018000,0.061984141,16344.975,false
NSGA-II_PC85,208,3.252000,0.061444224,16681.911,false
NSGA-II_PC85,208,3.142000,0.061528489,16596.496,false
NSGA-II_PC85,208,3.620000,0.060340097,16336.546,false
NSGA-II_PC85,208,3.084000,0.061729631,16553.873,false
NSGA-II_PC85,208,3.098000,0.061711297,16582.892,false
NSGA-II_PC85,208,3.294000,0.061437340,16587.532,false
NSGA-II_PC85,208,3.846000,0.059817638,15993.118,false
NSGA-II_PC85,208,3.164000,0.061502861,16644.007,false
NSGA-II_PC85,208,3.444000,0.060910811,16355.061,false
NSGA-II_PC85,208,3.662000,0.060147562,15996.961,false
NSGA-II_PC85,208,3.482000,0.060719658,16282.368,false
NSGA-II_PC85,208,3.936000,0.059781243,15891.527,false
NSGA-II_PC85,208,3.436000,0.061024781,16459.874,false
NSGA-II_PC85,208,3.786000,0.059936922,16079.355,false
NSGA-II_PC85,208,3.136000,0.061614164,16418.143,false
NSGA-II_PC85,208,3.066000,0.061839259,16433.800,false
NSGA-II_PC85,208,3.300000,0.061380245,16335.202,false
NSGA-II_PC85,208,3.438000,0.060955516,16687.523,false
NSGA-II_PC85,208,4.122000,0.059777432,15961.612,false
NSGA-II_PC85,208,3.552000,0.060409121,16303.517,false
NSGA-II_PC85,208,3.704000,0.060008200,16262.414,false
NSGA-II_PC85,208,3.200000,0.061447176,16618.693,false
NSGA-II_PC85,208,3.648000,0.060223955,16083.000,false
NSGA-II_PC85,208,3.422000,0.061378017,16430.555,false
NSGA-II_PC85,208,3.546000,0.060573335,16445.890,false
NSGA-II_PC85,208,3.538000,0.060618637,16373.638,false
NSGA-II_PC85,208,3.700000,0.060146929,16431.999,false
NSGA-II_PC85,209,2.826000,0.061257956,16501.652,false
NSGA-II_PC85,209,2.824000,0.061488471,16620.663,false
NSGA-II_PC85,209,3.428000,0.059791042,16507.073,false
NSGA-II_PC85,209,3.000000,0.060709222,16467.218,false
NSGA-II_PC85,209,3.574000,0.059582375,16133.493,false
NSGA-II_PC85,209,3.214000,0.060180704,16556.749,false
NSGA-II_PC85,209,3.586000,0.059582154,16210.024,false
NSGA-II_PC85,209,3.270000,0.060080381,16235.159,false
NSGA-II_PC85,209,2.906000,0.060811646,16376.604,false
NSGA-II_PC85,209,3.274000,0.060050682,16385.855,false
NSGA-II_PC85,209,3.278000,0.060025584,16284.877,false
NSGA-II_PC85,209,3.532000,0.059597460,16328.580,false
NSGA-II_PC85,209,2.876000,0.060996760,16666.866,false
NSGA-II_PC85,209,3.146000,0.060389161,16395.301,false
NSGA-II_PC85,209,3.590000,0.059492341,16578.123,false
NSGA-II_PC85,209,3.482000,0.059616562,16137.896,false
NSGA-II_PC85,209,3.228000,0.060105655,16579.826,false
NSGA-II_PC85,209,3.546000,0.059592516,16064.489,false
NSGA-II_PC85,209,2.932000,0.060731413,16666.733,false
NSGA-II_PC85,209,3.092000,0.060429004,16310.979,false
NSGA-II_PC85,209,2.930000,0.060809256,16607.815,false
NSGA-II_PC85,209,3.012000,0.060607501,16277.572,false
NSGA-II_PC85,209,3.322000,0.059800621,16046.540,false
NSGA-II_PC85,209,3.022000,0.060596098,16099.196,false
NSGA-II_PC85,209,2.814000,0.061866784,16603.226,false
NSGA-II_PC85,209,2.888000,0.060959461,16580.986,false
NSGA-II_PC85,209,3.036000,0.060464845,16093.948,false
NSGA-II_PC85,209,3.670000,0.059345822,16255.466,false
NSGA-II_PC85,209,3.190000,0.060258276,16340.201,false
NSGA-II_PC85,209,3.626000,0.059395515,16245.297,false
NSGA-II_PC85,209,3.174000,0.060355878,16090.004,false
NSGA-II_PC85,209,3.340000,0.059798595,16469.451,false
NSGA-II_PC85,209,3.028000,0.060500349,16244.268,false
NSGA-II_PC85,209,3.450000,0.059657518,15976.156,false
NSGA-II_PC85,209,2.816000,0.061761232,16684.971,false
NSGA-II_PC85,209,3.104000,0.060401443,16551.335,false
NSGA-II_PC85,209,3.438000,0.059690188,16063.851,false
NSGA-II_PC85,209,3.288000,0.059956530,16379.725,false
NSGA-II_PC85,209,2.830000,0.061206161,16534.293,false
SPEA-II_PC85,200,2.894000,0.060690911,16390.529,false
SPEA-II_PC85,200,2.998000,0.060532952,16427.212,false
SPEA-II_PC85,200,3.472000,0.060297438,16525.252,false
SPEA-II_PC85,200,2.838000,0.060908795,16237.014,false
SPEA-II_PC85,200,2.786000,0.061175600,16428.224,false
SPEA-II_PC85,200,2.810000,0.061025174,16350.784,false
SPEA-II_PC85,200,2.850000,0.060860962,16544.256,false
SPEA-II_PC85,200,2.858000,0.060734611,16527.975,false
SPEA-II_PC85,200,3.474000,0.060251072,16667.949,false
SPEA-II_PC85,200,2.910000,0.060571772,16505.515,false
SPEA-II_PC85,200,3.490000,0.060098574,16383.371,false
SPEA-II_PC85,200,3.522000,0.060058755,16459.069,false
SPEA-II_PC85,200,2.842000,0.060882015,16499.692,false
SPEA-II_PC85,200,3.556000,0.059919493,16512.657,false
SPEA-II_PC85,200,2.804000,0.061167249,16346.335,false
SPEA-II_PC85,200,2.760000,0.061207085,16485.790,false
SPEA-II_PC85,200,3.456000,0.060387611,16649.846,false
SPEA-II_PC85,200,3.660000,0.059814116,16205.685,false
SPEA-II_PC85,200,2.828000,0.060969802,16490.904,false
SPEA-II_PC85,200,3.636000,0.059839885,16348.469,false
SPEA-II_PC85,200,3.016000,0.060519570,16411.926,false
SPEA-II_PC85,200,3.530000,0.060023511,16636.213,false
SPEA-II_PC85,200,3.608000,0.059880206,16609.535,false
SPEA-II_PC85,200,2.902000,0.060658735,16440.900,false
SPEA-II_PC85,200,2.836000,0.060935568,16574.899,false
SPEA-II_PC85,200,2.922000,0.060535817,16526.156,false
SPEA-II_PC85,201,3.886000,0.058036125,15805.297,false
SPEA-II_PC85,201,3.006000,0.061872384,16526.579,false
SPEA-II_PC85,201,2.958000,0.061987524,16622.919,false
SPEA-II_PC85,201,2.970000,0.061913721,16692.737,false
SPEA-II_PC85,201,5.738000,0.056683231,15352.542,false
SPEA-II_PC85,201,4.024000,0.057974038,15941.370,false
SPEA-II_PC85,201,4.208000,0.057717469,16073.574,false
SPEA-II_PC85,201,5.108000,0.057006730,15801.922,false
SPEA-II_PC85,201,3.800000,0.058109291,16155.084,false
SPEA-II_PC85,201,3.882000,0.058097635,15841.836,false
SPEA-II_PC85,201,4.758000,0.057233393,15319.798,false
SPEA-II_PC85,201,3.732000,0.058369377,16373.452,false
SPEA-II_PC85,201,3.518000,0.059241584,16450.950,false
SPEA-II_PC85,201,3.380000,0.060486251,16543.379,false
SPEA-II_PC85,201,4.962000,0.057205681,15633.369,false
SPEA-II_PC85,201,5.386000,0.056781593,15812.128,false
SPEA-II_PC85,201,4.472000,0.057402392,15963.399,false
SPEA-II_PC85,201,5.424000,0.056754086,16172.812,false
SPEA-II_PC85,201,5.026000,0.057045683,16101.035,false
SPEA-II_PC85,201,3.578000,0.058588711,16380.634,false
SPEA-II_PC85,201,3.740000,0.058261070,15903.177,false
SPEA-II_PC85,201,3.466000,0.059940600,16702.529,false
SPEA-II_PC85,201,4.412000,0.057548120,15296.151,false
SPEA-II_PC85,201,5.270000,0.056883329,16101.640,false
SPEA-II_PC85,201,5.216000,0.056960501,15976.367,false
SPEA-II_PC85,201,3.538000,0.058671244,16207.485,false
SPEA-II_PC85,201,4.030000,0.057888794,16628.892,false
SPEA-II_PC85,201,3.630000,0.058541193,15925.707,false
SPEA-II_PC85,201,3.786000,0.058218728,16225.381,false
SPEA-II_PC85,201,3.420000,0.060235382,16557.018,false
SPEA-II_PC85,201,3.684000,0.058378024,15911.756,false
SPEA-II_PC85,201,3.486000,0.059783029,16480.670,false
SPEA-II_PC85,201,4.300000,0.057585438,15507.667,false
SPEA-II_PC85,201,3.916000,0.057985226,15964.058,false
SPEA-II_PC85,201,3.028000,0.061791187,16433.859,false
SPEA-II_PC85,201,4.118000,0.057883030,16138.045,false
SPEA-II_PC85,201,5.584000,0.056708548,15943.311,false
SPEA-II_PC85,201,3.410000,0.060308628,16670.806,false
SPEA-II_PC85,201,4.982000,0.057047656,16103.586,false
SPEA-II_PC85,201,5.248000,0.056957327,15960.616,false
SPEA-II_PC85,202,3.218000,0.059366051,15555.129,false
SPEA-II_PC85,202,3.194000,0.059377739,15601.122,false
SPEA-II_PC85,202,3.002000,0.061868458,16544.822,false
SPEA-II_PC85,202,3.374000,0.059115627,15608.965,false
SPEA-II_PC85,202,3.234000,0.059326535,15780.575,false
SPEA-II_PC85,202,3.136000,0.059482926,15835.353,false
SPEA-II_PC85,202,3.290000,0.059264649,15861.305,false
SPEA-II_PC85,202,3.020000,0.061822880,16343.050,false
SPEA-II_PC85,202,3.448000,0.058988838,15808.108,false
SPEA-II_PC85,202,3.072000,0.059606708,15915.233,false
SPEA-II_PC85,202,3.178000,0.059398357,15672.556,false
SPEA-II_PC85,202,3.134000,0.059534152,15769.595,false
SPEA-II_PC85,202,3.266000,0.059294813,15631.688,false
SPEA-II_PC85,202,3.160000,0.059444418,15697.870,false
SPEA-II_PC85,202,2.988000,0.062056935,16660.791,false
SPEA-II_PC85,202,3.034000,0.061815453,16605.000,false
SPEA-II_PC85,202,3.056000,0.059957078,16182.758,false
SPEA-II_PC85,202,3.128000,0.059548788,15589.523,false
SPEA-II_PC85,202,2.980000,0.062077548,16407.253,false
SPEA-II_PC85,202,3.310000,0.059236014,15560.511,false
SPEA-II_PC85,202,3.476000,0.058981514,15739.350,false
SPEA-II_PC85,202,3.082000,0.059569160,15847.377,false
SPEA-II_PC85,202,2.900000,0.062145495,16542.221,false
SPEA-II_PC85,202,3.256000,0.059302775,15685.102,false
SPEA-II_PC85,202,3.208000,0.059376230,16214.745,false
SPEA-II_PC85,202,3.336000,0.059134322,15746.395,false
SPEA-II_PC85,202,3.318000,0.059219323,16179.779,false
SPEA-II_PC85,202,3.304000,0.059261248,15560.511,false
SPEA-II_PC85,202,3.240000,0.059314558,15768.292,false
SPEA-II_PC85,202,3.060000,0.059638555,16113.284,false
SPEA-II_PC85,203,3.304000,0.059629790,16240.164,false
SPEA-II_PC85,203,3.128000,0.060105879,16582.482,false
SPEA-II_PC85,203,2.844000,0.060722684,16518.834,false
SPEA-II_PC85,203,2.812000,0.060879691,16658.298,false
SPEA-II_PC85,203,2.934000,0.060412638,16341.082,false
SPEA-II_PC85,203,3.214000,0.059737670,16587.523,false
SPEA-II_PC85,203,3.312000,0.059611177,15702.396,false
SPEA-II_PC85,203,3.080000,0.060355342,16418.237,false
SPEA-II_PC85,203,2.870000,0.060681773,16387.332,false
SPEA-II_PC85,203,3.180000,0.059891061,16192.207,false
SPEA-II_PC85,203,2.888000,0.060581464,16510.018,false
SPEA-II_PC85,203,2.858000,0.060707039,16403.783,false
SPEA-II_PC85,203,2.944000,0.060367932,16238.314,false
SPEA-II_PC85,203,3.134000,0.060016335,16400.254,false
SPEA-II_PC85,203,3.194000,0.059852571,16520.623,false
SPEA-II_PC85,203,2.894000,0.060512442,16397.674,false
SPEA-II_PC85,203,3.102000,0.060171756,16517.509,false
SPEA-II_PC85,203,3.240000,0.059710745,16362.043,false
SPEA-II_PC85,203,2.910000,0.060447357,16358.604,false
SPEA-II_PC85,203,3.346000,0.059573837,16002.622,false
SPEA-II_PC85,203,3.364000,0.059515053,16394.386,false
SPEA-II_PC85,203,3.164000,0.059925543,16373.302,false
SPEA-II_PC85,203,3.230000,0.059722895,16309.528,false
SPEA-II_PC85,203,3.242000,0.059631704,16413.002,false
SPEA-II_PC85,203,3.170000,0.059924165,16437.250,false
SPEA-II_PC85,203,3.202000,0.059768511,16587.523,false
SPEA-II_PC85,203,3.140000,0.059950911,16277.934,false
SPEA-II_PC85,203,2.840000,0.060784975,16542.713,false
SPEA-II_PC85,203,3.084000,0.060332326,16361.509,false
SPEA-II_PC85,203,3.088000,0.060231748,16344.953,false
SPEA-II_PC85,204,3.400000,0.059068144,15872.524,false
SPEA-II_PC85,204,3.410000,0.059066209,16078.411,false
SPEA-II_PC85,204,3.274000,0.059121799,16086.239,false
SPEA-II_PC85,204,3.016000,0.059841412,16393.622,false
SPEA-II_PC85,204,3.260000,0.059130438,16016.369,false
SPEA-II_PC85,204,2.966000,0.061643437,16642.521,false
SPEA-II_PC85,204,3.342000,0.059082136,15957.318,false
SPEA-II_PC85,204,2.974000,0.061625191,16342.261,false
SPEA-II_PC85,204,3.242000,0.059203655,16174.300,false
SPEA-II_PC85,204,3.012000,0.061602232,16670.508,false
SPEA-II_PC85,204,3.134000,0.059316745,15888.673,false
SPEA-II_PC85,204,3.114000,0.059324805,16031.000,false
SPEA-II_PC85,204,3.100000,0.059343716,16458.700,false
SPEA-II_PC85,204,3.226000,0.059216445,15978.674,false
SPEA-II_PC85,204,3.166000,0.059217208,16173.299,false
SPEA-II_PC85,204,3.386000,0.059074844,16079.984,false
SPEA-II_PC85,204,2.920000,0.061999913,16653.578,false
SPEA-II_PC85,204,3.018000,0.059475544,16510.818,false
SPEA-II_PC85,204,3.062000,0.059409606,16258.464,false
SPEA-II_PC85,204,2.884000,0.062087971,16411.265,false
SPEA-II_PC85,204,2.926000,0.061672841,16672.896,false
SPEA-II_PC85,204,2.990000,0.061608791,16408.465,false
SPEA-II_PC85,204,2.952000,0.061646244,16514.006,false
SPEA-II_PC85,204,3.142000,0.059286158,15910.055,false
SPEA-II_PC85,205,2.888000,0.061897203,16665.238,false
SPEA-II_PC85,205,2.902000,0.061834668,16701.235,false
SPEA-II_PC85,205,2.906000,0.061781518,16651.535,false
SPEA-II_PC85,205,3.158000,0.060041069,16526.554,false
SPEA-II_PC85,205,3.166000,0.060038984,16689.685,false
SPEA-II_PC85,205,3.486000,0.059598484,16695.417,false
SPEA-II_PC85,205,3.504000,0.059561101,16255.083,false
SPEA-II_PC85,205,3.194000,0.059928129,16552.290,false
SPEA-II_PC85,205,3.120000,0.060117033,16549.323,false
SPEA-II_PC85,205,3.196000,0.059885452,16570.137,false
SPEA-II_PC85,205,3.328000,0.059665623,16338.813,false
SPEA-II_PC85,205,3.588000,0.059496625,16156.070,false
SPEA-II_PC85,205,3.408000,0.059625854,16067.749,false
SPEA-II_PC85,205,3.432000,0.059610122,16244.013,false
SPEA-II_PC85,205,3.130000,0.060057980,16618.313,false
SPEA-II_PC85,205,3.302000,0.059749958,16579.820,false
SPEA-II_PC85,205,3.140000,0.060056135,16601.979,false
SPEA-II_PC85,205,2.988000,0.061628849,16641.235,false
SPEA-II_PC85,205,3.044000,0.060201073,16413.191,false
SPEA-II_PC85,205,3.630000,0.059496429,16212.302,false
SPEA-II_PC85,205,3.278000,0.059828734,16610.367,false
SPEA-II_PC85,205,3.316000,0.059745443,16530.234,false
SPEA-II_PC85,205,3.026000,0.060536922,16671.583,false
SPEA-II_PC85,205,3.174000,0.059983303,16532.474,false
SPEA-II_PC85,205,2.924000,0.061750537,16611.574,false
SPEA-II_PC85,205,3.128000,0.060093777,16451.515,false
SPEA-II_PC85,205,3.506000,0.059505290,16582.498,false
SPEA-II_PC85,205,3.032000,0.060407488,16400.250,false
SPEA-II_PC85,205,3.472000,0.059600176,16312.499,false
SPEA-II_PC85,205,3.280000,0.059770755,16457.768,false
SPEA-II_PC85,205,2.926000,0.061653489,16564.371,false
SPEA-II_PC85,205,3.378000,0.059635711,16553.703,false
SPEA-II_PC85,205,3.108000,0.060160384,16370.498,false
SPEA-II_PC85,205,3.020000,0.060598145,16671.583,false
SPEA-II_PC85,205,3.228000,0.059875237,16412.780,false
SPEA-II_PC85,205,3.258000,0.059854970,16285.426,false
SPEA-II_PC85,205,2.882000,0.061996078,16675.620,false
SPEA-II_PC85,206,2.904000,0.061765151,16577.844,false
SPEA-II_PC85,206,2.930000,0.061211402,16588.118,false
SPEA-II_PC85,206,3.042000,0.060869919,16635.449,false
SPEA-II_PC85,206,2.898000,0.061827174,16545.203,false
SPEA-II_PC85,206,3.284000,0.060271225,16539.299,false
SPEA-II_PC85,206,2.980000,0.060952152,16488.736,false
SPEA-II_PC85,206,3.088000,0.060848866,16581.354,false
SPEA-II_PC85,206,3.030000,0.060888397,16623.888,false
SPEA-II_PC85,206,3.652000,0.059555227,16397.509,false
SPEA-II_PC85,206,2.952000,0.061029515,16513.362,false
SPEA-II_PC85,206,2.948000,0.061072843,16461.750,false
SPEA-II_PC85,206,2.938000,0.061138309,16468.587,false
SPEA-II_PC85,206,2.970000,0.060979092,16565.737,false
SPEA-II_PC85,206,2.886000,0.062548599,16670.861,false
SPEA-II_PC85,206,2.910000,0.061343505,16494.034,false
SPEA-II_PC85,206,3.408000,0.059823080,16250.356,false
SPEA-II_PC85,206,3.424000,0.059768344,16339.702,false
SPEA-II_PC85,206,3.314000,0.060136296,16689.531,false
SPEA-II_PC85,206,3.598000,0.059568734,16509.989,false
SPEA-II_PC85,206,3.110000,0.060792210,16468.150,false
SPEA-II_PC85,206,3.378000,0.059860553,16424.561,false
SPEA-II_PC85,206,3.324000,0.059991086,16427.786,false
SPEA-II_PC85,206,3.012000,0.060913949,16568.335,false
SPEA-II_PC85,206,3.438000,0.059643596,16496.419,false
SPEA-II_PC85,206,2.920000,0.061258377,16588.118,false
SPEA-II_PC85,206,3.092000,0.060804050,16646.556,false
SPEA-II_PC85,206,3.500000,0.059586916,16423.427,false
SPEA-II_PC85,206,3.472000,0.059608573,16429.704,false
SPEA-II_PC85,206,3.302000,0.060152956,16530.966,false
SPEA-II_PC85,206,3.334000,0.059924636,16503.895,false
SPEA-II_PC85,206,3.332000,0.059974833,16630.841,false
SPEA-II_PC85,206,2.968000,0.061012267,16685.367,false
SPEA-II_PC85,206,2.882000,0.062606317,16669.229,false
SPEA-II_PC85,207,3.224000,0.059614015,16602.493,false
SPEA-II_PC85,207,3.354000,0.059343252,16297.955,false
SPEA-II_PC85,207,2.906000,0.062177743,16624.145,false
SPEA-II_PC85,207,2.954000,0.062130247,16487.687,false
SPEA-II_PC85,207,3.388000,0.059340648,16122.677,false
SPEA-II_PC85,207,2.896000,0.062192145,16527.170,false
SPEA-II_PC85,207,3.040000,0.062039874,16689.316,false
SPEA-II_PC85,207,3.550000,0.059130641,16464.576,false
SPEA-II_PC85,207,3.404000,0.059295740,16085.317,false
SPEA-II_PC85,207,2.926000,0.062133019,16551.170,false
SPEA-II_PC85,207,3.190000,0.059619658,16459.267,false
SPEA-II_PC85,207,3.590000,0.059118027,15969.090,false
SPEA-II_PC85,207,3.402000,0.059331636,15994.909,false
SPEA-II_PC85,207,3.288000,0.059444511,16553.651,false
SPEA-II_PC85,207,3.176000,0.059827810,16367.622,false
SPEA-II_PC85,207,2.978000,0.062044057,16678.170,false
SPEA-II_PC85,207,2.972000,0.062130247,16614.683,false
SPEA-II_PC85,207,3.430000,0.059132203,15952.026,false
SPEA-II_PC85,207,3.046000,0.061974778,16556.605,false
SPEA-II_PC85,207,3.320000,0.059400718,16328.147,false
SPEA-II_PC85,207,3.418000,0.059242471,16187.234,false
SPEA-II_PC85,207,3.282000,0.059508796,16334.052,false
SPEA-II_PC85,207,3.266000,0.059518954,16093.330,false
SPEA-II_PC85,207,3.242000,0.059569166,16178.035,false
SPEA-II_PC85,207,3.596000,0.059077814,16018.683,false
SPEA-II_PC85,208,2.722000,0.061169061,16597.606,false
SPEA-II_PC85,208,3.232000,0.059953952,16265.912,false
SPEA-II_PC85,208,3.212000,0.059997990,16675.505,false
SPEA-II_PC85,208,3.242000,0.059900552,16292.033,false
SPEA-II_PC85,208,3.228000,0.059991946,16607.562,false
SPEA-II_PC85,208,2.748000,0.061043053,16577.394,false
SPEA-II_PC85,208,3.366000,0.059537278,16454.714,false
SPEA-II_PC85,208,3.272000,0.059746714,16471.982,false
SPEA-II_PC85,208,2.822000,0.060879486,16580.637,false
SPEA-II_PC85,208,2.738000,0.061168361,16656.819,false
SPEA-II_PC85,208,2.710000,0.061208404,16675.075,false
SPEA-II_PC85,208,3.186000,0.060007719,16590.887,false
SPEA-II_PC85,208,2.932000,0.060704818,16562.938,false
SPEA-II_PC85,208,3.274000,0.059707369,16385.755,false
SPEA-II_PC85,208,3.314000,0.059652310,16437.234,false
SPEA-II_PC85,208,3.326000,0.059595248,16460.160,false
SPEA-II_PC85,208,2.850000,0.060787881,16515.412,false
SPEA-II_PC85,208,2.744000,0.061073754,16635.461,false
SPEA-II_PC85,208,2.800000,0.060883376,16657.579,false
SPEA-II_PC85,208,2.752000,0.060957514,16553.020,false
SPEA-II_PC85,208,2.698000,0.061210709,16612.533,false
SPEA-II_PC85,208,2.832000,0.060829987,16476.622,false
SPEA-II_PC85,208,3.260000,0.059861121,16535.932,false
SPEA-II_PC85,208,2.770000,0.060935502,16583.136,false
SPEA-II_PC85,208,2.762000,0.060940027,16676.909,false
SPEA-II_PC85,208,2.796000,0.060909471,16671.576,false
SPEA-II_PC85,209,3.202000,0.059847157,16592.288,false
SPEA-II_PC85,209,2.922000,0.061451361,16564.999,false
SPEA-II_PC85,209,3.466000,0.059178751,16314.977,false
SPEA-II_PC85,209,3.194000,0.059883103,16561.660,false
SPEA-II_PC85,209,3.260000,0.059640961,16532.359,false
SPEA-II_PC85,209,3.280000,0.059562272,16657.579,false
SPEA-II_PC85,209,3.344000,0.059352371,16469.399,false
SPEA-II_PC85,209,3.230000,0.059749091,16653.031,false
SPEA-II_PC85,209,2.892000,0.061453115,16558.409,false
SPEA-II_PC85,209,3.178000,0.059930425,16669.778,false
SPEA-II_PC85,209,3.298000,0.059424505,16540.734,false
SPEA-II_PC85,209,3.496000,0.059165566,16379.006,false
SPEA-II_PC85,209,3.246000,0.059710737,16618.838,false
SPEA-II_PC85,209,3.448000,0.059193280,16464.303,false
SPEA-II_PC85,209,3.240000,0.059738598,16633.747,false
SPEA-II_PC85,209,2.884000,0.061510175,16466.422,false
SPEA-II_PC85,209,3.374000,0.059284615,16591.866,false
SPEA-II_PC85,209,3.550000,0.059044996,16381.502,false
SPEA-II_PC85,209,3.372000,0.059326226,16277.761,false
SPEA-II_PC85,209,3.502000,0.059114466,16396.026,false
SPEA-II_PC85,209,3.434000,0.059230102,16418.423,false
SPEA-II_PC85,209,3.222000,0.059811082,16479.640,false
SPEA-II_PC85,209,3.262000,0.059600758,16557.214,false
SPEA-II_PC85,209,2.932000,0.061277251,16510.522,false
SPEA-II_PC85,209,3.386000,0.059272345,16176.928,false
SPEA-II_PC85,209,2.856000,0.061596841,16325.082,false
AMOSA_PC85,200,3.188000,0.063685116,16428.583,false
AMOSA_PC85,200,3.348000,0.062859486,16494.918,false
AMOSA_PC85,200,3.482000,0.062463928,16695.594,false
AMOSA_PC85,200,3.438000,0.062546634,16628.617,false
AMOSA_PC85,200,3.388000,0.062745711,16410.348,false
AMOSA_PC85,200,4.050000,0.062430299,16475.185,false
AMOSA_PC85,200,4.208000,0.062349645,16525.212,false
AMOSA_PC85,200,4.202000,0.062428686,16636.932,false
AMOSA_PC85,200,3.480000,0.062522534,16611.675,false
AMOSA_PC85,200,3.370000,0.062793481,16699.802,false
AMOSA_PC85,200,3.398000,0.062633182,16669.701,false
AMOSA_PC85,200,3.256000,0.063219506,16678.037,false
AMOSA_PC85,200,3.274000,0.063198986,16569.504,false
AMOSA_PC85,200,3.282000,0.063099977,16194.213,false
AMOSA_PC85,200,4.296000,0.062100170,16421.192,false
AMOSA_PC85,200,4.288000,0.062298335,16465.662,false
AMOSA_PC85,200,4.370000,0.061971046,16450.587,false
AMOSA_PC85,200,4.386000,0.061850396,16637.862,false
AMOSA_PC85,200,4.562000,0.061550576,16701.780,false
AMOSA_PC85,200,5.162000,0.061302967,16687.637,false
AMOSA_PC85,200,4.612000,0.061443494,16649.247,false
AMOSA_PC85,200,4.858000,0.061325870,16620.458,false
AMOSA_PC85,200,4.750000,0.061406668,16643.307,false
AMOSA_PC85,200,3.296000,0.062981556,16406.207,false
AMOSA_PC85,200,3.236000,0.063415610,16552.409,false
AMOSA_PC85,200,3.178000,0.063727379,16385.950,false
AMOSA_PC85,200,3.192000,0.063645168,16450.519,false
AMOSA_PC85,200,3.166000,0.064028527,16547.454,false
AMOSA_PC85,200,3.196000,0.063599017,16419.019,false
AMOSA_PC85,201,3.212000,0.063130865,16562.044,false
AMOSA_PC85,201,3.168000,0.063223174,16682.129,false
AMOSA_PC85,201,4.300000,0.061310878,16506.072,false
AMOSA_PC85,201,4.234000,0.061346286,16626.460,false
AMOSA_PC85,201,4.190000,0.061517969,16382.107,false
AMOSA_PC85,201,4.328000,0.061139928,16113.887,false
AMOSA_PC85,201,4.356000,0.061119595,16183.272,false
AMOSA_PC85,201,4.080000,0.061614254,16345.846,false
AMOSA_PC85,201,3.912000,0.061628754,16244.680,false
AMOSA_PC85,201,4.640000,0.061040361,16691.998,false
AMOSA_PC85,201,3.264000,0.062038572,16571.659,false
AMOSA_PC85,201,3.214000,0.062694552,16628.175,false
AMOSA_PC85,202,3.148000,0.064801614,16324.629,false
AMOSA_PC85,202,3.162000,0.064106476,16577.379,false
AMOSA_PC85,202,3.258000,0.063617964,16454.758,false
AMOSA_PC85,202,3.244000,0.063919277,16576.041,false
AMOSA_PC85,202,3.460000,0.062328914,16660.539,false
AMOSA_PC85,202,3.536000,0.062228614,16432.638,false
AMOSA_PC85,202,3.432000,0.062372486,16533.764,false
AMOSA_PC85,202,3.574000,0.062133087,16421.755,false
AMOSA_PC85,202,3.412000,0.062481453,16691.224,false
AMOSA_PC85,202,3.320000,0.062487472,16585.934,false
AMOSA_PC85,202,3.278000,0.063072152,16559.541,false
AMOSA_PC85,202,3.708000,0.062020025,16681.785,false
AMOSA_PC85,202,3.712000,0.061960124,16677.125,false
AMOSA_PC85,202,3.938000,0.061679779,16632.380,false
AMOSA_PC85,202,3.740000,0.061783747,16693.320,false
AMOSA_PC85,202,4.456000,0.060946344,16521.460,false
AMOSA_PC85,202,4.842000,0.060414372,16323.914,false
AMOSA_PC85,202,4.890000,0.060363394,16512.918,false
AMOSA_PC85,202,4.584000,0.060581047,16543.652,false
AMOSA_PC85,202,4.320000,0.060972219,16650.564,false
AMOSA_PC85,202,4.640000,0.060515680,16597.457,false
AMOSA_PC85,202,4.458000,0.060816811,16580.478,false
AMOSA_PC85,202,4.506000,0.060736451,16640.527,false
AMOSA_PC85,202,4.154000,0.061128667,16530.832,false
AMOSA_PC85,202,4.110000,0.061346999,16509.942,false
AMOSA_PC85,202,4.006000,0.061643276,16619.517,false
AMOSA_PC85,202,4.030000,0.061532081,16694.034,false
AMOSA_PC85,203,3.178000,0.063178916,16548.320,false
AMOSA_PC85,203,3.106000,0.063721703,16686.033,false
AMOSA_PC85,203,3.284000,0.062410712,16630.724,false
AMOSA_PC85,203,3.228000,0.063127438,16424.191,false
AMOSA_PC85,203,3.204000,0.063169395,16676.002,false
AMOSA_PC85,203,3.240000,0.062966506,16658.284,false
AMOSA_PC85,203,3.866000,0.060876986,16525.458,false
AMOSA_PC85,203,3.662000,0.061416197,16456.602,false
AMOSA_PC85,203,3.660000,0.061451522,16615.005,false
AMOSA_PC85,203,3.588000,0.061504969,16613.518,false
AMOSA_PC85,203,3.398000,0.062154755,16635.591,false
AMOSA_PC85,203,3.416000,0.062017003,16605.320,false
AMOSA_PC85,203,3.704000,0.061246354,16591.344,false
AMOSA_PC85,203,3.464000,0.061785709,16424.708,false
AMOSA_PC85,203,3.442000,0.061821459,16602.349,false
AMOSA_PC85,203,3.420000,0.061891208,16646.715,false
AMOSA_PC85,203,3.664000,0.061263544,16518.175,false
AMOSA_PC85,203,3.654000,0.061484253,16277.167,false
AMOSA_PC85,203,3.534000,0.061540582,16441.719,false
AMOSA_PC85,203,3.478000,0.061699615,16468.170,false
AMOSA_PC85,203,3.494000,0.061657220,16365.847,false
AMOSA_PC85,204,3.276000,0.062705309,16484.474,false
AMOSA_PC85,204,3.242000,0.062778066,16565.545,false
AMOSA_PC85,204,4.276000,0.061183068,16697.930,false
AMOSA_PC85,204,4.228000,0.061283527,16696.770,false
AMOSA_PC85,204,4.110000,0.061676559,16637.060,false
AMOSA_PC85,204,4.220000,0.061339811,16654.506,false
AMOSA_PC85,204,4.282000,0.061023739,16674.239,false
AMOSA_PC85,204,3.344000,0.062573345,16577.560,false
AMOSA_PC85,204,3.454000,0.062119156,16459.973,false
AMOSA_PC85,204,3.478000,0.061823740,16642.618,false
AMOSA_PC85,204,3.428000,0.062213960,16604.166,false
AMOSA_PC85,204,3.372000,0.062238168,16647.476,false
AMOSA_PC85,204,3.358000,0.062325217,16686.760,false
AMOSA_PC85,204,3.330000,0.062601056,16694.416,false
AMOSA_PC85,204,3.196000,0.062824907,16570.760,false
AMOSA_PC85,204,3.214000,0.062787472,16563.776,false
AMOSA_PC85,204,3.182000,0.062867160,16486.561,false
AMOSA_PC85,204,3.148000,0.062945364,16422.061,false
AMOSA_PC85,204,3.292000,0.062693197,16299.668,false
AMOSA_PC85,204,3.312000,0.062686917,16653.336,false
AMOSA_PC85,205,3.428000,0.062045697,16438.812,false
AMOSA_PC85,205,3.426000,0.062136731,16375.756,false
AMOSA_PC85,205,3.348000,0.062217950,16626.991,false
AMOSA_PC85,205,3.362000,0.062144160,16654.191,false
AMOSA_PC85,205,3.162000,0.063600740,16165.683,false
AMOSA_PC85,205,3.164000,0.063087346,16633.246,false
AMOSA_PC85,205,3.278000,0.062334724,16621.465,false
AMOSA_PC85,205,3.176000,0.062421394,16523.985,false
AMOSA_PC85,205,4.106000,0.060370056,16475.654,false
AMOSA_PC85,205,3.968000,0.060698830,16537.335,false
AMOSA_PC85,205,3.834000,0.060945542,16628.348,false
AMOSA_PC85,205,3.858000,0.060850618,16246.310,false
AMOSA_PC85,205,3.768000,0.061069101,16529.742,false
AMOSA_PC85,205,3.570000,0.061320210,16493.816,false
AMOSA_PC85,205,3.492000,0.061670569,16380.778,false
AMOSA_PC85,205,3.530000,0.061595643,16127.065,false
AMOSA_PC85,205,3.430000,0.061838688,16312.520,false
AMOSA_PC85,206,3.194000,0.062896629,16573.399,false
AMOSA_PC85,206,3.166000,0.063015431,16588.443,false
AMOSA_PC85,206,4.478000,0.061233797,16585.525,false
AMOSA_PC85,206,4.636000,0.061057120,16456.084,false
AMOSA_PC85,206,4.536000,0.061103122,16692.828,false
AMOSA_PC85,206,3.466000,0.061739795,16584.315,false
AMOSA_PC85,206,3.492000,0.061683543,16624.396,false
AMOSA_PC85,206,3.374000,0.061827429,16660.185,false
AMOSA_PC85,206,3.896000,0.061437002,16455.953,false
AMOSA_PC85,206,3.968000,0.061309411,16699.832,false
AMOSA_PC85,206,3.230000,0.062324089,16562.453,false
AMOSA_PC85,206,3.272000,0.062037449,16691.693,false
AMOSA_PC85,206,3.202000,0.062629690,16692.473,false
AMOSA_PC85,206,3.176000,0.062926688,16696.740,false
AMOSA_PC85,207,4.560000,0.061898879,16624.646,false
AMOSA_PC85,207,4.660000,0.061886353,16447.110,false
AMOSA_PC85,207,4.862000,0.061606443,16240.697,false
AMOSA_PC85,207,4.856000,0.061644997,16208.636,false
AMOSA_PC85,207,3.222000,0.063531472,16544.457,false
AMOSA_PC85,207,3.384000,0.063011474,16672.936,false
AMOSA_PC85,207,3.402000,0.062918267,16145.577,false
AMOSA_PC85,207,3.362000,0.063034893,16670.508,false
AMOSA_PC85,207,3.448000,0.062898601,16560.460,false
AMOSA_PC85,207,3.192000,0.064738042,16390.002,false
AMOSA_PC85,207,3.196000,0.064246148,16631.370,false
AMOSA_PC85,207,3.200000,0.064211667,16550.970,false
AMOSA_PC85,207,3.254000,0.063246231,16588.027,false
AMOSA_PC85,207,3.268000,0.063156124,16675.573,false
AMOSA_PC85,207,3.276000,0.063038171,16674.700,false
AMOSA_PC85,207,3.260000,0.063193386,16665.802,false
AMOSA_PC85,207,4.122000,0.062518263,16463.289,false
AMOSA_PC85,207,4.080000,0.062838393,16669.277,false
AMOSA_PC85,207,4.850000,0.061697182,16624.439,false
AMOSA_PC85,207,4.886000,0.061524401,16476.673,false
AMOSA_PC85,207,5.054000,0.061505666,16616.576,false
AMOSA_PC85,207,4.996000,0.061509379,16288.847,false
AMOSA_PC85,207,5.070000,0.061472785,16462.254,false
AMOSA_PC85,207,4.322000,0.062220466,16696.270,false
AMOSA_PC85,207,4.250000,0.062433713,16385.286,false
AMOSA_PC85,207,4.356000,0.062062765,16543.727,false
AMOSA_PC85,207,4.478000,0.061986260,16323.229,false
AMOSA_PC85,207,4.498000,0.061938999,16582.371,false
AMOSA_PC85,207,4.670000,0.061698573,16680.292,false
AMOSA_PC85,207,4.458000,0.062025384,16661.099,false
AMOSA_PC85,208,3.202000,0.062784326,16659.457,false
AMOSA_PC85,208,4.196000,0.061785887,16429.990,false
AMOSA_PC85,208,4.326000,0.061699102,16507.073,false
AMOSA_PC85,208,4.408000,0.061358116,16415.146,false
AMOSA_PC85,208,4.450000,0.061210636,16433.938,false
AMOSA_PC85,208,4.426000,0.061316078,16582.271,false
AMOSA_PC85,208,4.434000,0.061240332,16356.205,false
AMOSA_PC85,208,4.378000,0.061469072,16492.508,false
AMOSA_PC85,208,4.352000,0.061548229,16653.168,false
AMOSA_PC85,208,4.546000,0.061091501,16683.075,false
AMOSA_PC85,208,4.000000,0.061925780,16635.497,false
AMOSA_PC85,208,3.580000,0.062373273,16648.062,false
AMOSA_PC85,208,3.858000,0.062066219,16533.768,false
AMOSA_PC85,208,3.660000,0.062123921,16607.218,false
AMOSA_PC85,208,3.620000,0.062261594,16084.018,false
AMOSA_PC85,208,3.148000,0.063986932,16584.969,false
AMOSA_PC85,208,3.498000,0.062433101,16586.597,false
AMOSA_PC85,208,3.586000,0.062334867,16642.556,false
AMOSA_PC85,208,3.348000,0.062465175,16617.412,false
AMOSA_PC85,208,3.212000,0.062740801,16580.900,false
AMOSA_PC85,208,3.310000,0.062605302,16265.523,false
AMOSA_PC85,208,3.234000,0.062709971,16700.524,false
AMOSA_PC85,208,3.182000,0.062821725,16575.359,false
AMOSA_PC85,208,3.344000,0.062587204,16570.188,false
AMOSA_PC85,208,3.152000,0.063320644,16543.820,false
AMOSA_PC85,208,3.158000,0.063189675,16669.901,false
AMOSA_PC85,208,3.292000,0.062709743,16662.441,false
AMOSA_PC85,209,3.270000,0.062928028,16701.649,false
AMOSA_PC85,209,3.374000,0.062667551,16590.866,false
AMOSA_PC85,209,3.500000,0.062565672,16572.831,false
AMOSA_PC85,209,3.352000,0.062712522,16678.039,false
AMOSA_PC85,209,3.338000,0.062787914,16653.669,false
AMOSA_PC85,209,3.242000,0.063050395,16593.880,false
AMOSA_PC85,209,3.220000,0.063069714,16558.154,false
AMOSA_PC85,209,4.518000,0.061516047,16685.513,false
AMOSA_PC85,209,4.414000,0.061591156,16370.879,false
AMOSA_PC85,209,4.342000,0.061654754,16171.645,false
AMOSA_PC85,209,3.998000,0.062213678,16680.523,false
AMOSA_PC85,209,4.304000,0.061902442,16663.839,false
AMOSA_PC85,209,4.240000,0.061966678,16659.593,false
AMOSA_PC85,209,4.120000,0.061992192,16469.199,false
AMOSA_PC85,209,4.682000,0.061401188,16507.314,false
AMOSA_PC85,209,5.050000,0.061318648,16537.262,false
AMOSA_PC85,209,4.914000,0.061356913,16613.985,false
AMOSA_PC85,209,3.192000,0.063495654,16676.226,false
AMOSA_PC85,209,3.198000,0.063380739,16652.733,false
AMOSA_PC85,209,3.160000,0.064029307,16662.945,false
AMOSA_PC85,209,3.168000,0.063692932,16702.314,false
AMOSA_PC85,209,3.178000,0.063596754,16668.346,false
AMOSA_PC85,209,3.290000,0.062879349,16538.715,false
AMOSA_PC85,209,3.318000,0.062821923,16586.798,false
GA_WaitingTime_Dominance_PC80,200,2.422000,0.062459809,15598.276,false
GA_WaitingTime_Dominance_PC80,200,2.326000,0.062578309,15691.020,false
GA_WaitingTime_Dominance_PC80,200,2.346000,0.062508432,15685.411,false
GA_WaitingTime_Dominance_PC80,200,2.340000,0.062547956,15579.855,false
GA_WaitingTime_Dominance_PC80,200,2.320000,0.062748459,15601.848,false
GA_WaitingTime_Dominance_PC80,201,2.638000,0.061975732,15618.424,false
GA_WaitingTime_Dominance_PC80,201,2.562000,0.062087161,15664.028,false
GA_WaitingTime_Dominance_PC80,201,2.584000,0.062043648,15510.257,false
GA_WaitingTime_Dominance_PC80,201,2.572000,0.062080120,15681.400,false
GA_WaitingTime_Dominance_PC80,201,2.544000,0.062092439,15686.222,false
GA_WaitingTime_Dominance_PC80,201,2.374000,0.062114031,15719.211,false
GA_WaitingTime_Dominance_PC80,201,2.352000,0.062215018,15694.790,false
GA_WaitingTime_Dominance_PC80,201,2.344000,0.062444000,15663.051,false
GA_WaitingTime_Dominance_PC80,201,2.346000,0.062406568,15696.202,false
GA_WaitingTime_Dominance_PC80,202,2.516000,0.062771847,15648.817,false
GA_WaitingTime_Dominance_PC80,202,2.464000,0.062821231,15718.811,false
GA_WaitingTime_Dominance_PC80,202,2.496000,0.062778823,15703.064,false
GA_WaitingTime_Dominance_PC80,202,2.458000,0.063044757,15552.314,false
GA_WaitingTime_Dominance_PC80,202,2.438000,0.063097820,15694.276,false
GA_WaitingTime_Dominance_PC80,202,2.410000,0.063280302,15694.506,false
GA_WaitingTime_Dominance_PC80,202,2.404000,0.063397188,15659.659,false
GA_WaitingTime_Dominance_PC80,202,2.416000,0.063161501,15708.233,false
GA_WaitingTime_Dominance_PC80,202,2.406000,0.063317184,15696.760,false
GA_WaitingTime_Dominance_PC80,202,2.412000,0.063245712,15706.096,false
GA_WaitingTime_Dominance_PC80,203,2.512000,0.062414003,15673.716,false
GA_WaitingTime_Dominance_PC80,203,3.442000,0.062371590,15709.292,false
GA_WaitingTime_Dominance_PC80,203,2.472000,0.062679973,15590.851,false
GA_WaitingTime_Dominance_PC80,203,2.466000,0.062788630,15516.049,false
GA_WaitingTime_Dominance_PC80,203,2.454000,0.062805179,15716.875,false
GA_WaitingTime_Dominance_PC80,203,2.470000,0.062770341,15692.449,false
GA_WaitingTime_Dominance_PC80,203,2.414000,0.062806568,15704.904,false
GA_WaitingTime_Dominance_PC80,203,2.394000,0.063167095,15698.467,false
GA_WaitingTime_Dominance_PC80,203,2.402000,0.062816715,15712.457,false
GA_WaitingTime_Dominance_PC80,203,2.396000,0.063159016,15698.467,false
GA_WaitingTime_Dominance_PC80,203,2.400000,0.063131985,15692.493,false
GA_WaitingTime_Dominance_PC80,204,2.578000,0.061867941,15690.952,true
GA_WaitingTime_Dominance_PC80,204,3.040000,0.061799643,15693.270,false
GA_WaitingTime_Dominance_PC80,204,2.618000,0.061859977,15679.682,true
GA_WaitingTime_Dominance_PC80,204,3.338000,0.061741464,15708.220,false
GA_WaitingTime_Dominance_PC80,204,2.414000,0.062132731,15711.874,false
GA_WaitingTime_Dominance_PC80,204,2.418000,0.062091431,15714.104,false
GA_WaitingTime_Dominance_PC80,204,2.450000,0.061994221,15705.193,false
GA_WaitingTime_Dominance_PC80,204,2.424000,0.062017105,15714.845,false
GA_WaitingTime_Dominance_PC80,204,2.408000,0.062263181,15679.184,false
GA_WaitingTime_Dominance_PC80,204,2.458000,0.061977922,15695.892,false
GA_WaitingTime_Dominance_PC80,204,2.410000,0.062202947,15717.465,false
GA_WaitingTime_Dominance_PC80,204,2.398000,0.062413997,15698.732,false
GA_WaitingTime_Dominance_PC80,204,2.404000,0.062352305,15672.533,false
GA_WaitingTime_Dominance_PC80,204,2.396000,0.062432073,15679.184,false
GA_WaitingTime_Dominance_PC80,205,2.744000,0.062927941,15453.433,false
GA_WaitingTime_Dominance_PC80,205,3.710000,0.062751937,15594.134,false
GA_WaitingTime_Dominance_PC80,205,2.654000,0.063007354,15602.158,false
GA_WaitingTime_Dominance_PC80,205,2.398000,0.063111464,15707.367,false
GA_WaitingTime_Dominance_PC80,205,2.386000,0.063373017,15692.557,false
GA_WaitingTime_Dominance_PC80,205,2.368000,0.063567318,15698.769,false
GA_WaitingTime_Dominance_PC80,205,2.388000,0.063185442,15698.281,false
GA_WaitingTime_Dominance_PC80,205,2.380000,0.063537309,15702.155,false
GA_WaitingTime_Dominance_PC80,205,2.376000,0.063553663,15708.601,false
GA_WaitingTime_Dominance_PC80,206,2.394000,0.062890959,15679.959,false
GA_WaitingTime_Dominance_PC80,206,2.650000,0.062601070,15630.204,false
GA_WaitingTime_Dominance_PC80,206,2.402000,0.062760953,15694.992,false
GA_WaitingTime_Dominance_PC80,206,2.396000,0.062869002,15622.773,false
GA_WaitingTime_Dominance_PC80,206,2.348000,0.062961348,15690.352,false
GA_WaitingTime_Dominance_PC80,206,2.352000,0.062918981,15704.222,false
GA_WaitingTime_Dominance_PC80,206,2.310000,0.063077340,15719.532,false
GA_WaitingTime_Dominance_PC80,206,2.322000,0.062964612,15705.053,false
GA_WaitingTime_Dominance_PC80,206,2.300000,0.063245043,15692.775,false
GA_WaitingTime_Dominance_PC80,206,2.302000,0.063184028,15691.092,false
GA_WaitingTime_Dominance_PC80,207,3.192000,0.062556770,15620.777,false
GA_WaitingTime_Dominance_PC80,207,2.666000,0.062690411,15668.572,false
GA_WaitingTime_Dominance_PC80,207,2.352000,0.062764789,15674.412,false
GA_WaitingTime_Dominance_PC80,207,2.330000,0.062897417,15711.099,false
GA_WaitingTime_Dominance_PC80,207,2.388000,0.062726143,15684.374,false
GA_WaitingTime_Dominance_PC80,207,2.348000,0.062777658,15718.383,false
GA_WaitingTime_Dominance_PC80,207,2.332000,0.062852209,15714.525,false
GA_WaitingTime_Dominance_PC80,207,2.346000,0.062817357,15630.257,false
GA_WaitingTime_Dominance_PC80,207,2.328000,0.062901916,15714.525,false
GA_WaitingTime_Dominance_PC80,207,2.326000,0.062978064,15670.825,false
GA_WaitingTime_Dominance_PC80,208,2.370000,0.062760656,15677.940,false
GA_WaitingTime_Dominance_PC80,208,2.374000,0.062569372,15657.620,false
GA_WaitingTime_Dominance_PC80,208,2.342000,0.062956645,15713.731,false
GA_WaitingTime_Dominance_PC80,208,2.346000,0.062935592,15713.731,false
GA_WaitingTime_Dominance_PC80,208,2.360000,0.062815948,15702.461,false
GA_WaitingTime_Dominance_PC80,208,2.362000,0.062810555,15705.527,false
GA_WaitingTime_Dominance_PC80,208,2.348000,0.062894163,15636.440,false
GA_WaitingTime_Dominance_PC80,208,2.350000,0.062855163,15718.026,false
GA_WaitingTime_Dominance_PC80,208,2.352000,0.062834724,15713.731,false
GA_WaitingTime_Dominance_PC80,209,2.932000,0.062326367,15690.923,false
GA_WaitingTime_Dominance_PC80,209,2.420000,0.062946434,15674.117,false
GA_WaitingTime_Dominance_PC80,209,2.422000,0.062463955,15703.013,false
GA_WaitingTime_Dominance_PC80,209,2.412000,0.063007416,15676.345,false
GA_Energy_Dominance_PC80,200,7.118000,0.063505694,15686.244,false
GA_Energy_Dominance_PC80,200,6.536000,0.065257197,15695.946,false
GA_Energy_Dominance_PC80,200,6.704000,0.064119070,15710.144,false
GA_Energy_Dominance_PC80,200,6.986000,0.063606806,15686.244,false
GA_Energy_Dominance_PC80,200,7.564000,0.061165743,15636.860,false
GA_Energy_Dominance_PC80,200,7.168000,0.061776469,15131.939,false
GA_Energy_Dominance_PC80,200,7.298000,0.061561118,15451.627,false
GA_Energy_Dominance_PC80,200,7.608000,0.060753611,15516.910,false
GA_Energy_Dominance_PC80,200,8.284000,0.059172726,15374.957,false
GA_Energy_Dominance_PC80,200,7.898000,0.060709743,14963.319,false
GA_Energy_Dominance_PC80,200,7.982000,0.059577568,15404.047,false
GA_Energy_Dominance_PC80,200,8.160000,0.059436989,15295.002,false
GA_Energy_Dominance_PC80,200,8.506000,0.058994664,15457.672,false
GA_Energy_Dominance_PC80,200,8.562000,0.058434856,14825.166,false
GA_Energy_Dominance_PC80,200,8.758000,0.058308711,14442.606,false
GA_Energy_Dominance_PC80,200,8.760000,0.057927647,14674.570,false
GA_Energy_Dominance_PC80,200,9.066000,0.057249412,15460.658,false
GA_Energy_Dominance_PC80,200,9.060000,0.057381410,15327.504,false
GA_Energy_Dominance_PC80,200,9.244000,0.056875504,15050.627,false
GA_Energy_Dominance_PC80,200,9.274000,0.056575566,15562.750,false
GA_Energy_Dominance_PC80,200,9.256000,0.056665573,15275.211,false
GA_Energy_Dominance_PC80,200,9.240000,0.057169209,15620.804,false
GA_Energy_Dominance_PC80,200,9.306000,0.056367605,15483.981,false
GA_Energy_Dominance_PC80,200,9.374000,0.056331577,14752.024,false
GA_Energy_Dominance_PC80,200,9.478000,0.056076840,14830.991,false
GA_Energy_Dominance_PC80,200,9.724000,0.055993195,14656.603,false
GA_Energy_Dominance_PC80,200,9.430000,0.056224183,14987.832,false
GA_Energy_Dominance_PC80,200,9.634000,0.055995043,15248.238,false
GA_Energy_Dominance_PC80,200,9.768000,0.055841606,14467.722,false
GA_Energy_Dominance_PC80,200,9.906000,0.055775325,15337.146,false
GA_Energy_Dominance_PC80,200,10.124000,0.055581178,15084.419,false
GA_Energy_Dominance_PC80,200,9.996000,0.055600288,15042.415,false
GA_Energy_Dominance_PC80,200,10.188000,0.055438595,15132.085,false
GA_Energy_Dominance_PC80,200,10.398000,0.055255079,15363.649,false
GA_Energy_Dominance_PC80,200,10.454000,0.055209424,15203.442,false
GA_Energy_Dominance_PC80,200,10.294000,0.055289781,15138.273,false
GA_Energy_Dominance_PC80,200,10.278000,0.055401697,15354.578,false
GA_Energy_Dominance_PC80,200,10.574000,0.055154812,15492.851,false
GA_Energy_Dominance_PC80,200,10.638000,0.055120569,14711.572,false
GA_Energy_Dominance_PC80,200,10.786000,0.054893485,14735.255,false
GA_Energy_Dominance_PC80,200,10.680000,0.055004267,15504.974,false
GA_Energy_Dominance_PC80,200,10.516000,0.055156067,15584.805,false
GA_Energy_Dominance_PC80,200,10.872000,0.054745732,15394.705,false
GA_Energy_Dominance_PC80,200,11.070000,0.054477112,14880.590,false
GA_Energy_Dominance_PC80,200,10.984000,0.054612323,15045.748,false
GA_Energy_Dominance_PC80,200,11.160000,0.054317664,15332.669,false
GA_Energy_Dominance_PC80,200,11.290000,0.054163789,14421.532,false
GA_Energy_Dominance_PC80,200,11.514000,0.054087263,14842.347,false
GA_Energy_Dominance_PC80,200,11.592000,0.054087227,13893.347,false
GA_Energy_Dominance_PC80,200,11.446000,0.054095898,15360.115,false
GA_Energy_Dominance_PC80,200,11.626000,0.053925817,14778.685,false
GA_Energy_Dominance_PC80,200,12.018000,0.053878924,14641.651,false
GA_Energy_Dominance_PC80,200,12.360000,0.053826523,15201.298,false
GA_Energy_Dominance_PC80,200,12.224000,0.053860791,15069.736,false
GA_Energy_Dominance_PC80,200,11.918000,0.053898926,14597.024,false
GA_Energy_Dominance_PC80,200,12.488000,0.053675830,14939.405,false
GA_Energy_Dominance_PC80,200,12.428000,0.053813384,14988.944,false
GA_Energy_Dominance_PC80,200,12.680000,0.053515905,14704.127,false
GA_Energy_Dominance_PC80,200,12.842000,0.053432524,14642.982,false
GA_Energy_Dominance_PC80,200,12.998000,0.053350487,14927.183,false
GA_Energy_Dominance_PC80,200,13.288000,0.053223764,14766.786,false
GA_Energy_Dominance_PC80,200,13.102000,0.053279404,15192.105,false
GA_Energy_Dominance_PC80,200,13.390000,0.053162725,14796.483,false
GA_Energy_Dominance_PC80,200,13.658000,0.053118730,15028.242,false
GA_Energy_Dominance_PC80,200,13.882000,0.053033191,14943.488,false
GA_Energy_Dominance_PC80,200,13.784000,0.053059685,14681.407,false
GA_Energy_Dominance_PC80,200,14.734000,0.052782849,14729.591,false
GA_Energy_Dominance_PC80,200,14.246000,0.052827621,14654.111,false
GA_Energy_Dominance_PC80,200,14.550000,0.052794007,14520.307,false
GA_Energy_Dominance_PC80,200,14.086000,0.052956680,15020.302,false
GA_Energy_Dominance_PC80,200,16.126000,0.052721268,14657.263,false
GA_Energy_Dominance_PC80,200,16.472000,0.052527325,14583.757,false
GA_Energy_Dominance_PC80,200,16.658000,0.052406026,14130.133,false
GA_Energy_Dominance_PC80,200,17.184000,0.052254486,14794.494,false
GA_Energy_Dominance_PC80,200,16.974000,0.052341092,14178.357,false
GA_Energy_Dominance_PC80,200,17.582000,0.052217994,14031.258,false
GA_Energy_Dominance_PC80,200,17.402000,0.052223917,14369.917,false
GA_Energy_Dominance_PC80,200,18.284000,0.052073865,13698.059,false
GA_Energy_Dominance_PC80,200,17.820000,0.052141882,14077.703,false
GA_Energy_Dominance_PC80,200,18.068000,0.052079040,14143.996,false
GA_Energy_Dominance_PC80,200,18.496000,0.051767311,13792.436,false
GA_Energy_Dominance_PC80,200,18.848000,0.051678101,13986.217,false
GA_Energy_Dominance_PC80,200,18.430000,0.052005769,13837.575,false
GA_Energy_Dominance_PC80,200,19.088000,0.051595247,13609.535,false
GA_Energy_Dominance_PC80,200,19.334000,0.051514736,13812.815,false
GA_Energy_Dominance_PC80,200,19.630000,0.051310396,13700.390,false
GA_Energy_Dominance_PC80,200,19.774000,0.051094749,13629.850,false
GA_Energy_Dominance_PC80,200,20.056000,0.051074277,13570.952,false
GA_Energy_Dominance_PC80,200,20.222000,0.050991645,13261.077,false
GA_Energy_Dominance_PC80,200,20.510000,0.050865503,13164.332,false
GA_Energy_Dominance_PC80,200,20.690000,0.050840262,13409.373,false
GA_Energy_Dominance_PC80,200,20.968000,0.050775237,13116.776,false
GA_Energy_Dominance_PC80,200,21.714000,0.050498261,12422.035,false
GA_Energy_Dominance_PC80,200,21.880000,0.050492492,12475.659,false
GA_Energy_Dominance_PC80,200,21.190000,0.050574611,12726.873,false
GA_Energy_Dominance_PC80,200,22.100000,0.050452090,12520.378,false
GA_Energy_Dominance_PC80,200,22.348000,0.050189320,12187.053,false
GA_Energy_Dominance_PC80,200,22.910000,0.050131833,11917.976,false
GA_Energy_Dominance_PC80,200,23.124000,0.050016025,11888.714,false
GA_Energy_Dominance_PC80,200,23.496000,0.049950838,11897.935,false
GA_Energy_Dominance_PC80,200,23.692000,0.049930770,11942.441,false
GA_Energy_Dominance_PC80,200,24.126000,0.049927988,12130.602,false
GA_Energy_Dominance_PC80,200,24.352000,0.049879936,11346.818,false
GA_Energy_Dominance_PC80,200,24.770000,0.049815468,11524.214,false
GA_Energy_Dominance_PC80,200,25.054000,0.049795842,11554.702,false
GA_Energy_Dominance_PC80,200,24.566000,0.049871043,11378.396,false
GA_Energy_Dominance_PC80,200,25.274000,0.049711191,11447.766,false
GA_Energy_Dominance_PC80,200,25.878000,0.049505811,11455.030,false
GA_Energy_Dominance_PC80,200,25.604000,0.049569492,11230.161,false
GA_Energy_Dominance_PC80,200,26.320000,0.049479475,11453.527,false
GA_Energy_Dominance_PC80,200,26.570000,0.049445930,11420.515,false
GA_Energy_Dominance_PC80,201,6.344000,0.066327086,15372.510,false
GA_Energy_Dominance_PC80,201,6.398000,0.065178776,15621.160,false
GA_Energy_Dominance_PC80,201,7.034000,0.064436974,15645.838,false
GA_Energy_Dominance_PC80,201,7.768000,0.062672921,15433.280,false
GA_Energy_Dominance_PC80,201,7.888000,0.062519460,15642.159,false
GA_Energy_Dominance_PC80,201,8.076000,0.062276491,15370.037,false
GA_Energy_Dominance_PC80,201,7.932000,0.062497954,15477.714,false
GA_Energy_Dominance_PC80,201,8.204000,0.062238492,15500.342,false
GA_Energy_Dominance_PC80,201,7.954000,0.062442814,15541.692,false
GA_Energy_Dominance_PC80,201,8.378000,0.061616529,15603.603,false
GA_Energy_Dominance_PC80,201,8.462000,0.061273255,15691.275,false
GA_Energy_Dominance_PC80,201,8.504000,0.060998731,15652.109,false
GA_Energy_Dominance_PC80,201,8.580000,0.060592735,15193.901,false
GA_Energy_Dominance_PC80,201,8.622000,0.060221018,15622.788,false
GA_Energy_Dominance_PC80,201,8.910000,0.059594011,15097.440,false
GA_Energy_Dominance_PC80,201,8.930000,0.059510835,15444.131,false
GA_Energy_Dominance_PC80,201,8.826000,0.059645635,15389.308,false
GA_Energy_Dominance_PC80,201,9.076000,0.059409849,15630.528,false
GA_Energy_Dominance_PC80,201,8.672000,0.059979119,15315.715,false
GA_Energy_Dominance_PC80,201,9.184000,0.059401865,15339.937,false
GA_Energy_Dominance_PC80,201,9.026000,0.059449724,15552.529,false
GA_Energy_Dominance_PC80,201,9.318000,0.059307463,15335.388,false
GA_Energy_Dominance_PC80,201,9.364000,0.059103794,15282.435,false
GA_Energy_Dominance_PC80,201,9.372000,0.058981306,15434.924,false
GA_Energy_Dominance_PC80,201,9.454000,0.058559654,15714.053,false
GA_Energy_Dominance_PC80,201,9.628000,0.058341421,15532.076,false
GA_Energy_Dominance_PC80,201,9.542000,0.058368056,15678.467,false
GA_Energy_Dominance_PC80,201,9.762000,0.057457860,15327.924,false
GA_Energy_Dominance_PC80,201,9.664000,0.057582040,15714.052,false
GA_Energy_Dominance_PC80,201,10.040000,0.057324243,15468.699,false
GA_Energy_Dominance_PC80,201,10.258000,0.057128224,15097.262,false
GA_Energy_Dominance_PC80,201,10.336000,0.057092295,15259.786,false
GA_Energy_Dominance_PC80,201,10.140000,0.057226257,15175.944,false
GA_Energy_Dominance_PC80,201,10.456000,0.056913366,15507.430,false
GA_Energy_Dominance_PC80,201,11.044000,0.056586548,14825.077,false
GA_Energy_Dominance_PC80,201,10.838000,0.056910808,14721.847,false
GA_Energy_Dominance_PC80,201,10.952000,0.056602833,15409.214,false
GA_Energy_Dominance_PC80,201,10.908000,0.056753261,15068.922,false
GA_Energy_Dominance_PC80,201,11.130000,0.056411909,15224.923,false
GA_Energy_Dominance_PC80,201,11.168000,0.056250042,15249.756,false
GA_Energy_Dominance_PC80,201,11.250000,0.056118862,14738.309,false
GA_Energy_Dominance_PC80,201,11.666000,0.055591346,15185.819,false
GA_Energy_Dominance_PC80,201,11.386000,0.055879841,15412.747,false
GA_Energy_Dominance_PC80,201,11.422000,0.055667080,15293.250,false
GA_Energy_Dominance_PC80,201,11.770000,0.055537791,15435.247,false
GA_Energy_Dominance_PC80,201,12.004000,0.055455487,15587.506,false
GA_Energy_Dominance_PC80,201,11.940000,0.055529789,15384.121,false
GA_Energy_Dominance_PC80,201,12.190000,0.055346301,15339.273,false
GA_Energy_Dominance_PC80,201,12.378000,0.055049802,15642.000,false
GA_Energy_Dominance_PC80,201,12.586000,0.055013958,14707.609,false
GA_Energy_Dominance_PC80,201,12.744000,0.054955403,15321.465,false
GA_Energy_Dominance_PC80,201,13.088000,0.054588457,15689.294,false
GA_Energy_Dominance_PC80,201,12.790000,0.054709271,15323.345,false
GA_Energy_Dominance_PC80,201,12.996000,0.054621685,15462.472,false
GA_Energy_Dominance_PC80,201,12.890000,0.054647338,15606.463,false
GA_Energy_Dominance_PC80,201,13.186000,0.054526186,15421.351,false
GA_Energy_Dominance_PC80,201,13.450000,0.054294864,15186.417,false
GA_Energy_Dominance_PC80,201,13.696000,0.053968169,15542.709,false
GA_Energy_Dominance_PC80,201,13.788000,0.053764659,14598.671,false
GA_Energy_Dominance_PC80,201,13.916000,0.053761611,14929.664,false
GA_Energy_Dominance_PC80,201,14.032000,0.053678555,15456.361,false
GA_Energy_Dominance_PC80,201,14.546000,0.053488585,14551.486,false
GA_Energy_Dominance_PC80,201,14.222000,0.053568619,14530.533,false
GA_Energy_Dominance_PC80,201,14.740000,0.053407441,14609.570,false
GA_Energy_Dominance_PC80,201,14.876000,0.053389705,14788.715,false
GA_Energy_Dominance_PC80,201,15.040000,0.053353767,14719.755,false
GA_Energy_Dominance_PC80,201,15.138000,0.053291611,14562.566,false
GA_Energy_Dominance_PC80,201,15.562000,0.053166767,13916.991,false
GA_Energy_Dominance_PC80,201,15.366000,0.053226268,14590.767,false
GA_Energy_Dominance_PC80,201,15.926000,0.053063545,14699.012,false
GA_Energy_Dominance_PC80,201,16.270000,0.052997264,14232.148,false
GA_Energy_Dominance_PC80,201,17.136000,0.052826767,15023.875,false
GA_Energy_Dominance_PC80,201,16.840000,0.052991556,14322.222,false
GA_Energy_Dominance_PC80,201,17.318000,0.052698719,14204.230,false
GA_Energy_Dominance_PC80,201,17.536000,0.052542037,14590.398,false
GA_Energy_Dominance_PC80,201,17.008000,0.052955473,14069.299,false
GA_Energy_Dominance_PC80,201,17.580000,0.052397848,14190.000,false
GA_Energy_Dominance_PC80,201,17.840000,0.052319172,14388.930,false
GA_Energy_Dominance_PC80,201,18.088000,0.052146362,13609.501,false
GA_Energy_Dominance_PC80,201,18.328000,0.051964377,13271.801,false
GA_Energy_Dominance_PC80,201,18.602000,0.051951264,13647.819,false
GA_Energy_Dominance_PC80,201,18.466000,0.051956282,13534.509,false
GA_Energy_Dominance_PC80,201,18.812000,0.051927743,13544.484,false
GA_Energy_Dominance_PC80,201,18.952000,0.051863606,14029.869,false
GA_Energy_Dominance_PC80,201,19.344000,0.051801260,13887.693,false
GA_Energy_Dominance_PC80,201,19.172000,0.051837524,14157.583,false
GA_Energy_Dominance_PC80,201,19.780000,0.051464376,12824.108,false
GA_Energy_Dominance_PC80,201,20.454000,0.051339406,12864.073,false
GA_Energy_Dominance_PC80,201,20.208000,0.051396327,12990.006,false
GA_Energy_Dominance_PC80,201,20.050000,0.051436123,12934.494,false
GA_Energy_Dominance_PC80,201,19.630000,0.051602117,12531.146,false
GA_Energy_Dominance_PC80,202,6.680000,0.065156200,14425.508,false
GA_Energy_Dominance_PC80,202,7.018000,0.064019809,15090.938,false
GA_Energy_Dominance_PC80,202,6.934000,0.064266834,15351.761,false
GA_Energy_Dominance_PC80,202,7.078000,0.063906557,15639.787,false
GA_Energy_Dominance_PC80,202,7.102000,0.063829853,15619.697,false
GA_Energy_Dominance_PC80,202,7.172000,0.063442852,15496.843,false
GA_Energy_Dominance_PC80,202,7.298000,0.062833553,15637.734,false
GA_Energy_Dominance_PC80,202,7.522000,0.062833296,15441.822,false
GA_Energy_Dominance_PC80,202,7.530000,0.062080592,15655.723,false
GA_Energy_Dominance_PC80,202,7.712000,0.061998621,15287.982,false
GA_Energy_Dominance_PC80,202,8.054000,0.061774793,15034.110,false
GA_Energy_Dominance_PC80,202,8.216000,0.061606318,14990.038,false
GA_Energy_Dominance_PC80,202,8.178000,0.061629791,15068.050,false
GA_Energy_Dominance_PC80,202,8.338000,0.060147185,14989.578,false
GA_Energy_Dominance_PC80,202,8.264000,0.060301828,15532.496,false
GA_Energy_Dominance_PC80,202,8.434000,0.059834725,15229.164,false
GA_Energy_Dominance_PC80,202,8.350000,0.060071942,14592.953,false
GA_Energy_Dominance_PC80,202,8.532000,0.059771974,15066.892,false
GA_Energy_Dominance_PC80,202,8.430000,0.059969248,15023.422,false
GA_Energy_Dominance_PC80,202,8.742000,0.059426647,15452.086,false
GA_Energy_Dominance_PC80,202,8.558000,0.059524165,15664.359,false
GA_Energy_Dominance_PC80,202,8.794000,0.059066503,15330.303,false
GA_Energy_Dominance_PC80,202,8.824000,0.058556678,15288.722,false
GA_Energy_Dominance_PC80,202,8.954000,0.058438710,15031.907,false
GA_Energy_Dominance_PC80,202,9.006000,0.058353590,15250.143,false
GA_Energy_Dominance_PC80,202,9.172000,0.058068524,15641.275,false
GA_Energy_Dominance_PC80,202,9.028000,0.058190054,15000.660,false
GA_Energy_Dominance_PC80,202,9.262000,0.057865156,15416.385,false
GA_Energy_Dominance_PC80,202,9.422000,0.057794907,15238.802,false
GA_Energy_Dominance_PC80,202,9.348000,0.057842780,15623.762,false
GA_Energy_Dominance_PC80,202,9.594000,0.057653831,15081.937,false
GA_Energy_Dominance_PC80,202,9.692000,0.057634630,15306.586,false
GA_Energy_Dominance_PC80,202,9.464000,0.057665739,15655.300,false
GA_Energy_Dominance_PC80,202,9.926000,0.057565158,14799.599,false
GA_Energy_Dominance_PC80,202,9.748000,0.057580567,15100.713,false
GA_Energy_Dominance_PC80,202,9.942000,0.057420004,15635.913,false
GA_Energy_Dominance_PC80,202,10.208000,0.057377269,15280.803,false
GA_Energy_Dominance_PC80,202,10.264000,0.056942749,15073.012,false
GA_Energy_Dominance_PC80,202,10.654000,0.056889568,15009.782,false
GA_Energy_Dominance_PC80,202,10.982000,0.056745465,15084.215,false
GA_Energy_Dominance_PC80,202,10.832000,0.056858033,15545.866,false
GA_Energy_Dominance_PC80,202,11.214000,0.056657278,14661.671,false
GA_Energy_Dominance_PC80,202,11.402000,0.056522678,15295.969,false
GA_Energy_Dominance_PC80,202,11.138000,0.056694489,15255.554,false
GA_Energy_Dominance_PC80,202,11.466000,0.056418362,15396.940,false
GA_Energy_Dominance_PC80,202,11.590000,0.056331472,15544.695,false
GA_Energy_Dominance_PC80,202,11.842000,0.056115745,14735.313,false
GA_Energy_Dominance_PC80,202,12.016000,0.055827602,15130.666,false
GA_Energy_Dominance_PC80,202,11.912000,0.055966335,15071.658,false
GA_Energy_Dominance_PC80,202,11.718000,0.056132995,15357.581,false
GA_Energy_Dominance_PC80,202,12.096000,0.055811068,14786.655,false
GA_Energy_Dominance_PC80,202,12.320000,0.055470068,15451.729,false
GA_Energy_Dominance_PC80,202,12.818000,0.055357308,15182.104,false
GA_Energy_Dominance_PC80,202,12.486000,0.055357661,15034.540,false
GA_Energy_Dominance_PC80,202,12.316000,0.055731009,15280.259,false
GA_Energy_Dominance_PC80,202,12.952000,0.055161282,15549.554,false
GA_Energy_Dominance_PC80,202,13.090000,0.054880651,14633.751,false
GA_Energy_Dominance_PC80,202,13.054000,0.054993516,14219.614,false
GA_Energy_Dominance_PC80,202,13.886000,0.054631934,15403.272,false
GA_Energy_Dominance_PC80,202,14.080000,0.054377256,14865.977,false
GA_Energy_Dominance_PC80,202,13.316000,0.054679851,14964.475,false
GA_Energy_Dominance_PC80,202,14.182000,0.054282109,14519.083,false
GA_Energy_Dominance_PC80,202,14.042000,0.054514428,14973.012,false
GA_Energy_Dominance_PC80,202,14.298000,0.054182216,14825.627,false
GA_Energy_Dominance_PC80,202,14.482000,0.054070693,14750.821,false
GA_Energy_Dominance_PC80,202,14.728000,0.053795686,14773.342,false
GA_Energy_Dominance_PC80,202,14.650000,0.053974554,14699.971,false
GA_Energy_Dominance_PC80,202,15.020000,0.053323722,14209.323,false
GA_Energy_Dominance_PC80,202,15.118000,0.053276830,14209.642,false
GA_Energy_Dominance_PC80,202,14.870000,0.053415153,14144.087,false
GA_Energy_Dominance_PC80,202,15.262000,0.053162575,14203.226,false
GA_Energy_Dominance_PC80,202,15.362000,0.053156705,13755.425,false
GA_Energy_Dominance_PC80,202,15.502000,0.053119210,14079.559,false
GA_Energy_Dominance_PC80,202,16.010000,0.052810447,13715.762,false
GA_Energy_Dominance_PC80,202,15.760000,0.052944227,13778.748,false
GA_Energy_Dominance_PC80,202,16.196000,0.052768295,13577.473,false
GA_Energy_Dominance_PC80,202,16.586000,0.052648298,13739.306,false
GA_Energy_Dominance_PC80,202,17.338000,0.052328500,14321.706,false
GA_Energy_Dominance_PC80,202,17.162000,0.052396395,13787.839,false
GA_Energy_Dominance_PC80,202,17.506000,0.052313519,13775.604,false
GA_Energy_Dominance_PC80,202,17.630000,0.052217900,13563.885,false
GA_Energy_Dominance_PC80,202,17.854000,0.052122162,13539.552,false
GA_Energy_Dominance_PC80,202,18.410000,0.051882574,13378.013,false
GA_Energy_Dominance_PC80,202,18.544000,0.051841894,13425.399,false
GA_Energy_Dominance_PC80,202,19.202000,0.051801320,13431.707,false
GA_Energy_Dominance_PC80,202,18.008000,0.051969491,13541.449,false
GA_Energy_Dominance_PC80,202,19.366000,0.051795820,13431.279,false
GA_Energy_Dominance_PC80,202,18.830000,0.051820938,13585.421,false
GA_Energy_Dominance_PC80,202,18.200000,0.051939970,13541.425,false
GA_Energy_Dominance_PC80,203,8.374000,0.063887701,15601.449,false
GA_Energy_Dominance_PC80,203,6.826000,0.065595158,15612.974,false
GA_Energy_Dominance_PC80,203,6.928000,0.065531619,15617.497,false
GA_Energy_Dominance_PC80,203,10.064000,0.062197726,15613.736,false
GA_Energy_Dominance_PC80,203,9.932000,0.062281193,15559.220,false
GA_Energy_Dominance_PC80,203,10.126000,0.061826069,15501.525,false
GA_Energy_Dominance_PC80,203,10.274000,0.061160382,15398.100,false
GA_Energy_Dominance_PC80,203,10.528000,0.060934106,15467.404,false
GA_Energy_Dominance_PC80,203,10.736000,0.060912380,15268.272,false
GA_Energy_Dominance_PC80,203,10.374000,0.061003549,15502.141,false
GA_Energy_Dominance_PC80,203,10.688000,0.060915460,15388.076,false
GA_Energy_Dominance_PC80,203,10.808000,0.060649850,15498.230,false
GA_Energy_Dominance_PC80,203,10.860000,0.060543995,15531.697,false
GA_Energy_Dominance_PC80,203,11.000000,0.060019378,15532.435,false
GA_Energy_Dominance_PC80,203,11.042000,0.059931738,15667.032,false
GA_Energy_Dominance_PC80,203,10.902000,0.060240855,15468.306,false
GA_Energy_Dominance_PC80,203,10.980000,0.060100873,15716.812,false
GA_Energy_Dominance_PC80,203,11.578000,0.059559844,15564.552,false
GA_Energy_Dominance_PC80,203,11.286000,0.059733190,15387.636,false
GA_Energy_Dominance_PC80,203,11.744000,0.059266846,15226.280,false
GA_Energy_Dominance_PC80,203,11.590000,0.059471300,15497.468,false
GA_Energy_Dominance_PC80,203,12.088000,0.059144070,15142.176,false
GA_Energy_Dominance_PC80,203,11.862000,0.059221240,15329.272,false
GA_Energy_Dominance_PC80,203,12.112000,0.058877317,15064.906,false
GA_Energy_Dominance_PC80,203,12.436000,0.058689552,15716.508,false
GA_Energy_Dominance_PC80,203,12.192000,0.058695874,15591.048,false
GA_Energy_Dominance_PC80,203,12.606000,0.058553200,15531.486,false
GA_Energy_Dominance_PC80,203,12.632000,0.058203754,15633.965,false
GA_Energy_Dominance_PC80,203,13.152000,0.057373432,15141.809,false
GA_Energy_Dominance_PC80,203,12.744000,0.057720638,14995.765,false
GA_Energy_Dominance_PC80,203,12.950000,0.057654057,15217.676,false
GA_Energy_Dominance_PC80,203,13.058000,0.057630121,14687.480,false
GA_Energy_Dominance_PC80,203,13.308000,0.056947740,14937.354,false
GA_Energy_Dominance_PC80,203,13.370000,0.056743754,15282.074,false
GA_Energy_Dominance_PC80,203,13.598000,0.056614422,15005.380,false
GA_Energy_Dominance_PC80,203,13.160000,0.057065020,15027.190,false
GA_Energy_Dominance_PC80,203,13.818000,0.056502534,14863.751,false
GA_Energy_Dominance_PC80,203,14.016000,0.056230865,14637.327,false
GA_Energy_Dominance_PC80,203,14.810000,0.055987019,15262.763,false
GA_Energy_Dominance_PC80,203,14.196000,0.056094236,14980.282,false
GA_Energy_Dominance_PC80,203,14.556000,0.056069777,14858.047,false
GA_Energy_Dominance_PC80,203,14.684000,0.056044192,14886.626,false
GA_Energy_Dominance_PC80,203,14.978000,0.055887951,15174.943,false
GA_Energy_Dominance_PC80,203,15.098000,0.055665598,15270.819,false
GA_Energy_Dominance_PC80,203,15.462000,0.055329791,14849.282,false
GA_Energy_Dominance_PC80,203,15.294000,0.055469793,15570.796,false
GA_Energy_Dominance_PC80,203,15.280000,0.055605083,15073.696,false
GA_Energy_Dominance_PC80,203,15.584000,0.055288108,15366.868,false
GA_Energy_Dominance_PC80,203,15.766000,0.055208583,15467.416,false
GA_Energy_Dominance_PC80,203,15.348000,0.055340046,15117.447,false
GA_Energy_Dominance_PC80,203,15.974000,0.054998894,15334.916,false
GA_Energy_Dominance_PC80,203,15.832000,0.055101220,15239.224,false
GA_Energy_Dominance_PC80,203,16.224000,0.054610123,14982.550,false
GA_Energy_Dominance_PC80,203,16.564000,0.054545865,15387.026,false
GA_Energy_Dominance_PC80,203,16.858000,0.054171893,14608.368,false
GA_Energy_Dominance_PC80,203,16.714000,0.054237296,14831.858,false
GA_Energy_Dominance_PC80,203,17.012000,0.054021995,15270.342,false
GA_Energy_Dominance_PC80,203,17.070000,0.053871692,15039.222,false
GA_Energy_Dominance_PC80,203,17.432000,0.053290883,15056.018,false
GA_Energy_Dominance_PC80,203,17.516000,0.053127169,15055.460,false
GA_Energy_Dominance_PC80,203,17.920000,0.052948561,14976.631,false
GA_Energy_Dominance_PC80,203,18.224000,0.052895212,15199.716,false
GA_Energy_Dominance_PC80,203,18.378000,0.052874457,14895.220,false
GA_Energy_Dominance_PC80,203,18.590000,0.052800618,14813.392,false
GA_Energy_Dominance_PC80,203,18.732000,0.052752210,14709.286,false
GA_Energy_Dominance_PC80,203,18.982000,0.052739318,14772.470,false
GA_Energy_Dominance_PC80,203,19.194000,0.052577497,14856.490,false
GA_Energy_Dominance_PC80,203,19.382000,0.052558399,14747.817,false
GA_Energy_Dominance_PC80,203,19.516000,0.052417997,14179.914,false
GA_Energy_Dominance_PC80,203,19.704000,0.052367942,14448.045,false
GA_Energy_Dominance_PC80,203,20.122000,0.052276110,14597.368,false
GA_Energy_Dominance_PC80,203,19.900000,0.052306833,14439.061,false
GA_Energy_Dominance_PC80,203,20.360000,0.052236904,14353.858,false
GA_Energy_Dominance_PC80,203,20.438000,0.051944684,14229.097,false
GA_Energy_Dominance_PC80,203,20.752000,0.051893403,14212.899,false
GA_Energy_Dominance_PC80,203,21.114000,0.051863990,13780.558,false
GA_Energy_Dominance_PC80,203,21.336000,0.051756147,13841.489,false
GA_Energy_Dominance_PC80,203,21.816000,0.051587805,13726.801,false
GA_Energy_Dominance_PC80,203,21.986000,0.051533079,13153.718,false
GA_Energy_Dominance_PC80,203,22.234000,0.051355571,13177.458,false
GA_Energy_Dominance_PC80,203,22.506000,0.051313330,13160.191,false
GA_Energy_Dominance_PC80,203,22.772000,0.051280902,13415.744,false
GA_Energy_Dominance_PC80,203,23.020000,0.051208154,13498.517,false
GA_Energy_Dominance_PC80,203,23.314000,0.051116973,13486.129,false
GA_Energy_Dominance_PC80,204,6.480000,0.065146315,15476.194,false
GA_Energy_Dominance_PC80,204,6.656000,0.063675920,15697.446,false
GA_Energy_Dominance_PC80,204,6.704000,0.063040109,15687.385,false
GA_Energy_Dominance_PC80,204,6.800000,0.062775629,15194.341,false
GA_Energy_Dominance_PC80,204,6.816000,0.062369750,15653.662,false
GA_Energy_Dominance_PC80,204,6.988000,0.062178523,15424.270,false
GA_Energy_Dominance_PC80,204,7.196000,0.061391655,15608.275,false
GA_Energy_Dominance_PC80,204,7.000000,0.061494926,15623.298,false
GA_Energy_Dominance_PC80,204,7.210000,0.061075446,15268.468,false
GA_Energy_Dominance_PC80,204,7.590000,0.060666944,15566.497,false
GA_Energy_Dominance_PC80,204,7.678000,0.060580492,15354.079,false
GA_Energy_Dominance_PC80,204,7.462000,0.060979399,15385.141,false
GA_Energy_Dominance_PC80,204,7.684000,0.060088891,15542.120,false
GA_Energy_Dominance_PC80,204,8.060000,0.059262570,14504.293,false
GA_Energy_Dominance_PC80,204,7.854000,0.059273903,15433.646,false
GA_Energy_Dominance_PC80,204,7.840000,0.059412859,15648.285,false
GA_Energy_Dominance_PC80,204,8.160000,0.058679784,15413.619,false
GA_Energy_Dominance_PC80,204,8.082000,0.059016945,15351.857,false
GA_Energy_Dominance_PC80,204,8.220000,0.058646091,15490.363,false
GA_Energy_Dominance_PC80,204,8.104000,0.058765708,15270.622,false
GA_Energy_Dominance_PC80,204,8.096000,0.058901219,14652.954,false
GA_Energy_Dominance_PC80,204,8.280000,0.058572679,15267.701,false
GA_Energy_Dominance_PC80,204,8.490000,0.058296056,15218.348,false
GA_Energy_Dominance_PC80,204,8.440000,0.058388737,15244.110,false
GA_Energy_Dominance_PC80,204,8.526000,0.058124879,15535.365,false
GA_Energy_Dominance_PC80,204,8.556000,0.057926927,14893.447,false
GA_Energy_Dominance_PC80,204,8.622000,0.057665840,15205.460,false
GA_Energy_Dominance_PC80,204,8.686000,0.057559853,15007.680,false
GA_Energy_Dominance_PC80,204,8.726000,0.057534227,15125.008,false
GA_Energy_Dominance_PC80,204,8.906000,0.057324238,15117.926,false
GA_Energy_Dominance_PC80,204,8.872000,0.057339564,14951.047,false
GA_Energy_Dominance_PC80,204,8.992000,0.057089847,14921.402,false
GA_Energy_Dominance_PC80,204,9.152000,0.056848539,14916.464,false
GA_Energy_Dominance_PC80,204,9.194000,0.056793474,15074.369,false
GA_Energy_Dominance_PC80,204,9.268000,0.056522192,14951.493,false
GA_Energy_Dominance_PC80,204,9.396000,0.056295560,14759.646,false
GA_Energy_Dominance_PC80,204,9.288000,0.056362491,14850.331,false
GA_Energy_Dominance_PC80,204,9.446000,0.056271564,14586.013,false
GA_Energy_Dominance_PC80,204,9.720000,0.056145769,14724.037,false
GA_Energy_Dominance_PC80,204,9.540000,0.056252912,15302.593,false
GA_Energy_Dominance_PC80,204,9.616000,0.056233179,15033.105,false
GA_Energy_Dominance_PC80,204,9.800000,0.056028063,14766.238,false
GA_Energy_Dominance_PC80,204,9.846000,0.055946131,14577.562,false
GA_Energy_Dominance_PC80,204,9.928000,0.055779971,14531.386,false
GA_Energy_Dominance_PC80,204,10.026000,0.055688004,13934.538,false
GA_Energy_Dominance_PC80,204,10.124000,0.055651948,13998.583,false
GA_Energy_Dominance_PC80,204,10.138000,0.055349546,14018.827,false
GA_Energy_Dominance_PC80,204,10.232000,0.055346343,13570.285,false
GA_Energy_Dominance_PC80,204,10.282000,0.055314620,13929.980,false
GA_Energy_Dominance_PC80,204,10.492000,0.055227495,13545.746,false
GA_Energy_Dominance_PC80,204,10.354000,0.055254066,14160.935,false
GA_Energy_Dominance_PC80,204,10.732000,0.055022132,13978.630,false
GA_Energy_Dominance_PC80,204,10.616000,0.055037031,13968.600,false
GA_Energy_Dominance_PC80,204,10.510000,0.055108105,13917.977,false
GA_Energy_Dominance_PC80,204,10.872000,0.054991566,14213.070,false
GA_Energy_Dominance_PC80,204,10.796000,0.055000998,13647.132,false
GA_Energy_Dominance_PC80,204,11.164000,0.054832982,13684.855,false
GA_Energy_Dominance_PC80,204,11.280000,0.054782468,13644.064,false
GA_Energy_Dominance_PC80,204,11.438000,0.054770040,13616.962,false
GA_Energy_Dominance_PC80,204,11.362000,0.054774020,13628.320,false
GA_Energy_Dominance_PC80,204,11.496000,0.054758815,13572.078,false
GA_Energy_Dominance_PC80,204,11.560000,0.054727027,13924.022,false
GA_Energy_Dominance_PC80,204,11.740000,0.054547619,13666.919,false
GA_Energy_Dominance_PC80,204,11.646000,0.054630904,13526.948,false
GA_Energy_Dominance_PC80,204,11.814000,0.054431568,13424.419,false
GA_Energy_Dominance_PC80,204,11.974000,0.054430989,13242.383,false
GA_Energy_Dominance_PC80,204,12.080000,0.054376939,13633.522,false
GA_Energy_Dominance_PC80,204,12.362000,0.054185321,13304.307,false
GA_Energy_Dominance_PC80,204,12.624000,0.054064460,13790.826,false
GA_Energy_Dominance_PC80,204,12.514000,0.054097428,13198.271,false
GA_Energy_Dominance_PC80,204,12.236000,0.054213233,13275.778,false
GA_Energy_Dominance_PC80,204,12.714000,0.054050882,13146.136,false
GA_Energy_Dominance_PC80,204,12.804000,0.054017399,13372.262,false
GA_Energy_Dominance_PC80,204,13.046000,0.053934116,13498.095,false
GA_Energy_Dominance_PC80,204,13.122000,0.053891907,13294.528,false
GA_Energy_Dominance_PC80,204,12.906000,0.054009653,13569.747,false
GA_Energy_Dominance_PC80,204,13.178000,0.053768876,13859.817,false
GA_Energy_Dominance_PC80,204,13.388000,0.053718161,13713.659,false
GA_Energy_Dominance_PC80,204,13.634000,0.053588896,13622.869,false
GA_Energy_Dominance_PC80,204,13.728000,0.053529551,13501.836,false
GA_Energy_Dominance_PC80,204,13.840000,0.053447296,13745.422,false
GA_Energy_Dominance_PC80,204,13.932000,0.053414364,13878.944,false
GA_Energy_Dominance_PC80,204,14.030000,0.053379445,13987.365,false
GA_Energy_Dominance_PC80,204,14.178000,0.053320428,13805.949,false
GA_Energy_Dominance_PC80,204,14.264000,0.053290973,13449.989,false
GA_Energy_Dominance_PC80,204,14.802000,0.053191528,13621.342,false
GA_Energy_Dominance_PC80,204,14.558000,0.053204919,13783.657,false
GA_Energy_Dominance_PC80,204,15.314000,0.053191492,13511.145,false
GA_Energy_Dominance_PC80,204,15.412000,0.053164304,13679.075,false
GA_Energy_Dominance_PC80,204,14.652000,0.053202735,13352.238,false
GA_Energy_Dominance_PC80,204,14.366000,0.053266028,13513.369,false
GA_Energy_Dominance_PC80,205,6.998000,0.062455251,15341.952,false
GA_Energy_Dominance_PC80,205,6.528000,0.062849748,15553.661,false
GA_Energy_Dominance_PC80,205,6.702000,0.062707522,15352.297,false
GA_Energy_Dominance_PC80,205,7.004000,0.062150956,15316.334,false
GA_Energy_Dominance_PC80,205,7.044000,0.061841349,15386.538,false
GA_Energy_Dominance_PC80,205,7.364000,0.061589907,15563.534,false
GA_Energy_Dominance_PC80,205,7.526000,0.061507678,15496.681,false
GA_Energy_Dominance_PC80,205,7.188000,0.061645256,15648.870,false
GA_Energy_Dominance_PC80,205,7.684000,0.061495199,15654.023,false
GA_Energy_Dominance_PC80,205,7.772000,0.061354598,15282.001,false
GA_Energy_Dominance_PC80,205,8.080000,0.060969778,15457.764,false
GA_Energy_Dominance_PC80,205,8.158000,0.060909883,15334.300,false
GA_Energy_Dominance_PC80,205,7.946000,0.061211123,15083.094,false
GA_Energy_Dominance_PC80,205,8.266000,0.060209557,15387.371,false
GA_Energy_Dominance_PC80,205,8.646000,0.059275498,15318.070,false
GA_Energy_Dominance_PC80,205,8.510000,0.059285124,14992.328,false
GA_Energy_Dominance_PC80,205,8.434000,0.059562552,15059.172,false
GA_Energy_Dominance_PC80,205,8.712000,0.059174457,15155.744,false
GA_Energy_Dominance_PC80,205,8.738000,0.059078371,15140.283,false
GA_Energy_Dominance_PC80,205,9.394000,0.058152254,15244.623,false
GA_Energy_Dominance_PC80,205,9.644000,0.057709161,15113.084,false
GA_Energy_Dominance_PC80,205,9.606000,0.058082590,15512.417,false
GA_Energy_Dominance_PC80,205,9.168000,0.058406287,15139.214,false
GA_Energy_Dominance_PC80,205,9.738000,0.057684353,15198.904,false
GA_Energy_Dominance_PC80,205,10.090000,0.057370512,15107.416,false
GA_Energy_Dominance_PC80,205,10.178000,0.057314960,14997.233,false
GA_Energy_Dominance_PC80,205,9.786000,0.057422621,15266.378,false
GA_Energy_Dominance_PC80,205,10.410000,0.057079733,15057.849,false
GA_Energy_Dominance_PC80,205,10.250000,0.057101373,14997.278,false
GA_Energy_Dominance_PC80,205,10.482000,0.056964068,15031.200,false
GA_Energy_Dominance_PC80,205,10.724000,0.056937241,14926.426,false
GA_Energy_Dominance_PC80,205,10.766000,0.056859008,14914.165,false
GA_Energy_Dominance_PC80,205,11.152000,0.056835562,14575.806,false
GA_Energy_Dominance_PC80,205,11.292000,0.056802991,14913.484,false
GA_Energy_Dominance_PC80,205,11.476000,0.056730467,14802.805,false
GA_Energy_Dominance_PC80,205,11.928000,0.056500981,15054.311,false
GA_Energy_Dominance_PC80,205,11.532000,0.056612318,14997.868,false
GA_Energy_Dominance_PC80,205,11.794000,0.056553492,15126.106,false
GA_Energy_Dominance_PC80,205,12.432000,0.055847658,14709.116,false
GA_Energy_Dominance_PC80,205,11.984000,0.056195725,14767.590,false
GA_Energy_Dominance_PC80,205,12.180000,0.055927073,14608.181,false
GA_Energy_Dominance_PC80,205,12.476000,0.055760713,14780.615,false
GA_Energy_Dominance_PC80,205,12.534000,0.055642461,14584.473,false
GA_Energy_Dominance_PC80,205,12.556000,0.055557841,14328.154,false
GA_Energy_Dominance_PC80,205,12.720000,0.055533567,14239.892,false
GA_Energy_Dominance_PC80,205,12.930000,0.055375132,14372.909,false
GA_Energy_Dominance_PC80,205,13.030000,0.055346890,14320.187,false
GA_Energy_Dominance_PC80,205,13.282000,0.055001710,14590.848,false
GA_Energy_Dominance_PC80,205,13.112000,0.055120395,14312.434,false
GA_Energy_Dominance_PC80,205,13.618000,0.054991195,14657.567,false
GA_Energy_Dominance_PC80,205,13.770000,0.054934423,13817.614,false
GA_Energy_Dominance_PC80,205,13.974000,0.054849542,14449.676,false
GA_Energy_Dominance_PC80,205,13.874000,0.054862370,14429.686,false
GA_Energy_Dominance_PC80,205,13.984000,0.054701577,14256.883,false
GA_Energy_Dominance_PC80,205,14.192000,0.054578507,14159.723,false
GA_Energy_Dominance_PC80,205,14.294000,0.054560691,13962.108,false
GA_Energy_Dominance_PC80,205,14.404000,0.054546079,13888.451,false
GA_Energy_Dominance_PC80,205,14.530000,0.054429069,14545.963,false
GA_Energy_Dominance_PC80,205,14.776000,0.054297361,13977.087,false
GA_Energy_Dominance_PC80,205,14.888000,0.054163143,13957.147,false
GA_Energy_Dominance_PC80,205,15.218000,0.053895076,13657.365,false
GA_Energy_Dominance_PC80,205,15.022000,0.054018288,13864.242,false
GA_Energy_Dominance_PC80,205,15.094000,0.053908172,13690.935,false
GA_Energy_Dominance_PC80,205,15.348000,0.053776443,13994.549,false
GA_Energy_Dominance_PC80,205,15.482000,0.053683745,13865.893,false
GA_Energy_Dominance_PC80,205,15.924000,0.053526087,13651.471,false
GA_Energy_Dominance_PC80,205,15.890000,0.053669000,13855.548,false
GA_Energy_Dominance_PC80,205,16.404000,0.053341095,13813.774,false
GA_Energy_Dominance_PC80,205,16.126000,0.053408514,13697.132,false
GA_Energy_Dominance_PC80,205,16.554000,0.053207498,13563.735,false
GA_Energy_Dominance_PC80,205,16.246000,0.053386846,13624.683,false
GA_Energy_Dominance_PC80,205,16.760000,0.053063312,13656.907,false
GA_Energy_Dominance_PC80,205,16.890000,0.052989914,13944.182,false
GA_Energy_Dominance_PC80,205,17.164000,0.052974722,13881.491,false
GA_Energy_Dominance_PC80,205,17.282000,0.052867768,13448.395,false
GA_Energy_Dominance_PC80,205,17.532000,0.052842157,13594.217,false
GA_Energy_Dominance_PC80,205,17.410000,0.052846565,13501.661,false
GA_Energy_Dominance_PC80,205,17.730000,0.052835029,13868.018,false
GA_Energy_Dominance_PC80,205,17.828000,0.052721408,13415.431,false
GA_Energy_Dominance_PC80,205,17.988000,0.052627007,13508.698,false
GA_Energy_Dominance_PC80,205,18.192000,0.052557293,13621.922,false
GA_Energy_Dominance_PC80,205,18.422000,0.052488638,13602.134,false
GA_Energy_Dominance_PC80,205,18.534000,0.052361077,13782.239,false
GA_Energy_Dominance_PC80,205,18.830000,0.052292093,13728.720,false
GA_Energy_Dominance_PC80,205,19.016000,0.052179477,13592.300,false
GA_Energy_Dominance_PC80,205,19.456000,0.052002156,13101.560,false
GA_Energy_Dominance_PC80,205,19.208000,0.052026839,13305.372,false
GA_Energy_Dominance_PC80,205,20.100000,0.051815262,12677.507,false
GA_Energy_Dominance_PC80,205,19.854000,0.051850949,12819.645,false
GA_Energy_Dominance_PC80,205,20.540000,0.051737426,12614.471,false
GA_Energy_Dominance_PC80,205,20.728000,0.051694810,13027.996,false
GA_Energy_Dominance_PC80,205,21.990000,0.051630962,12748.045,false
GA_Energy_Dominance_PC80,205,21.092000,0.051640884,13158.031,false
GA_Energy_Dominance_PC80,205,21.764000,0.051633262,13140.084,false
GA_Energy_Dominance_PC80,205,20.936000,0.051669464,12405.951,false
GA_Energy_Dominance_PC80,205,20.330000,0.051795289,13072.865,false
GA_Energy_Dominance_PC80,206,6.742000,0.062486714,15438.656,false
GA_Energy_Dominance_PC80,206,6.832000,0.062417770,15454.382,false
GA_Energy_Dominance_PC80,206,6.888000,0.061919396,15614.120,false
GA_Energy_Dominance_PC80,206,6.914000,0.061710413,15439.230,false
GA_Energy_Dominance_PC80,206,6.842000,0.062185614,15317.416,false
GA_Energy_Dominance_PC80,206,6.928000,0.061666811,15506.660,false
GA_Energy_Dominance_PC80,206,6.964000,0.061573692,15107.755,false
GA_Energy_Dominance_PC80,206,7.010000,0.061548078,14877.512,false
GA_Energy_Dominance_PC80,206,7.142000,0.061449878,15530.785,false
GA_Energy_Dominance_PC80,206,7.542000,0.060840872,15417.308,false
GA_Energy_Dominance_PC80,206,7.526000,0.060887693,15632.091,false
GA_Energy_Dominance_PC80,206,7.510000,0.060948643,15287.498,false
GA_Energy_Dominance_PC80,206,7.564000,0.060780424,15433.863,false
GA_Energy_Dominance_PC80,206,7.266000,0.061033878,15696.443,false
GA_Energy_Dominance_PC80,206,7.360000,0.061008136,15377.035,false
GA_Energy_Dominance_PC80,206,7.192000,0.061071463,15385.840,false
GA_Energy_Dominance_PC80,206,7.710000,0.060513254,15126.686,false
GA_Energy_Dominance_PC80,206,7.680000,0.060570510,15317.032,false
GA_Energy_Dominance_PC80,206,7.606000,0.060684762,15374.436,false
GA_Energy_Dominance_PC80,206,7.718000,0.060299966,15602.416,false
GA_Energy_Dominance_PC80,206,7.998000,0.060101118,15557.612,false
GA_Energy_Dominance_PC80,206,7.868000,0.060123677,15255.774,false
GA_Energy_Dominance_PC80,206,8.084000,0.059992402,15441.520,false
GA_Energy_Dominance_PC80,206,8.038000,0.060002806,15409.229,false
GA_Energy_Dominance_PC80,206,8.216000,0.059901724,15429.846,false
GA_Energy_Dominance_PC80,206,7.800000,0.060185081,15303.714,false
GA_Energy_Dominance_PC80,206,8.344000,0.059773772,15450.634,false
GA_Energy_Dominance_PC80,206,8.300000,0.059794859,15535.951,false
GA_Energy_Dominance_PC80,206,8.748000,0.059440876,15328.606,false
GA_Energy_Dominance_PC80,206,8.452000,0.059723271,15557.494,false
GA_Energy_Dominance_PC80,206,8.876000,0.059334148,15662.309,false
GA_Energy_Dominance_PC80,206,9.340000,0.058809537,15576.727,false
GA_Energy_Dominance_PC80,206,8.898000,0.059088642,15636.746,false
GA_Energy_Dominance_PC80,206,8.986000,0.059072684,15539.904,false
GA_Energy_Dominance_PC80,206,9.118000,0.058884032,15404.332,false
GA_Energy_Dominance_PC80,206,9.408000,0.058642558,15554.835,false
GA_Energy_Dominance_PC80,206,9.368000,0.058652759,15528.180,false
GA_Energy_Dominance_PC80,206,9.574000,0.058511336,15401.310,false
GA_Energy_Dominance_PC80,206,9.756000,0.058125497,15367.462,false
GA_Energy_Dominance_PC80,206,9.598000,0.058128112,15598.967,false
GA_Energy_Dominance_PC80,206,9.768000,0.058029757,15270.203,false
GA_Energy_Dominance_PC80,206,9.956000,0.057761534,15549.013,false
GA_Energy_Dominance_PC80,206,9.772000,0.057847249,15626.597,false
GA_Energy_Dominance_PC80,206,10.174000,0.057625732,15123.960,false
GA_Energy_Dominance_PC80,206,10.120000,0.057637283,14959.986,false
GA_Energy_Dominance_PC80,206,10.348000,0.057487172,15383.339,false
GA_Energy_Dominance_PC80,206,10.256000,0.057538998,15268.625,false
GA_Energy_Dominance_PC80,206,10.360000,0.057395938,15671.423,false
GA_Energy_Dominance_PC80,206,10.744000,0.057278528,15704.589,false
GA_Energy_Dominance_PC80,206,10.794000,0.057178690,15401.981,false
GA_Energy_Dominance_PC80,206,10.642000,0.057289633,15673.655,false
GA_Energy_Dominance_PC80,206,10.926000,0.057161912,15426.055,false
GA_Energy_Dominance_PC80,206,11.004000,0.056929756,14691.829,false
GA_Energy_Dominance_PC80,206,11.006000,0.056812373,14749.529,false
GA_Energy_Dominance_PC80,206,11.044000,0.056147032,15146.795,false
GA_Energy_Dominance_PC80,206,11.446000,0.055868994,15481.584,false
GA_Energy_Dominance_PC80,206,11.266000,0.055883047,15556.936,false
GA_Energy_Dominance_PC80,206,11.604000,0.055542116,15055.964,false
GA_Energy_Dominance_PC80,206,11.940000,0.055406448,15358.740,false
GA_Energy_Dominance_PC80,206,11.542000,0.055857296,15007.023,false
GA_Energy_Dominance_PC80,206,12.150000,0.055391030,15160.703,false
GA_Energy_Dominance_PC80,206,12.218000,0.055295393,15206.916,false
GA_Energy_Dominance_PC80,206,12.762000,0.055027354,14826.249,false
GA_Energy_Dominance_PC80,206,12.292000,0.055231176,15054.402,false
GA_Energy_Dominance_PC80,206,12.456000,0.055123037,14895.585,false
GA_Energy_Dominance_PC80,206,12.952000,0.054965945,15156.456,false
GA_Energy_Dominance_PC80,206,12.854000,0.055008024,15046.276,false
GA_Energy_Dominance_PC80,206,12.688000,0.055096112,14938.589,false
GA_Energy_Dominance_PC80,206,12.986000,0.054566556,15315.133,false
GA_Energy_Dominance_PC80,206,13.654000,0.054543492,15558.095,false
GA_Energy_Dominance_PC80,206,13.118000,0.054566437,15143.374,false
GA_Energy_Dominance_PC80,206,12.960000,0.054690340,15495.318,false
GA_Energy_Dominance_PC80,206,13.976000,0.054373217,14930.050,false
GA_Energy_Dominance_PC80,206,13.772000,0.054430538,14954.370,false
GA_Energy_Dominance_PC80,206,14.136000,0.054295287,14605.112,false
GA_Energy_Dominance_PC80,206,14.558000,0.053791720,14575.806,false
GA_Energy_Dominance_PC80,206,14.756000,0.053701331,14500.556,false
GA_Energy_Dominance_PC80,206,14.656000,0.053740586,14578.300,false
GA_Energy_Dominance_PC80,206,14.208000,0.053923847,15234.925,false
GA_Energy_Dominance_PC80,206,14.838000,0.053130327,14644.913,false
GA_Energy_Dominance_PC80,206,15.048000,0.052959807,14449.594,false
GA_Energy_Dominance_PC80,206,14.804000,0.053264286,14156.633,false
GA_Energy_Dominance_PC80,206,14.894000,0.053008268,14315.523,false
GA_Energy_Dominance_PC80,206,15.208000,0.052944072,14020.262,false
GA_Energy_Dominance_PC80,206,15.280000,0.052662213,14498.537,false
GA_Energy_Dominance_PC80,206,15.572000,0.052572243,14012.562,false
GA_Energy_Dominance_PC80,206,15.800000,0.052553345,14094.254,false
GA_Energy_Dominance_PC80,206,15.924000,0.052458447,13721.273,false
GA_Energy_Dominance_PC80,206,16.060000,0.052369363,13426.940,false
GA_Energy_Dominance_PC80,206,16.316000,0.052299825,13012.949,false
GA_Energy_Dominance_PC80,206,16.526000,0.052180633,13807.330,false
GA_Energy_Dominance_PC80,206,16.736000,0.052123506,13352.059,false
GA_Energy_Dominance_PC80,206,16.956000,0.052108228,13352.704,false
GA_Energy_Dominance_PC80,206,17.236000,0.052105284,13148.183,false
GA_Energy_Dominance_PC80,206,17.558000,0.051958583,13270.226,false
GA_Energy_Dominance_PC80,206,17.760000,0.051884011,12862.190,false
GA_Energy_Dominance_PC80,206,18.124000,0.051831393,12921.508,false
GA_Energy_Dominance_PC80,206,17.408000,0.051992565,12735.918,false
GA_Energy_Dominance_PC80,206,18.680000,0.051818848,13217.679,false
GA_Energy_Dominance_PC80,206,18.834000,0.051793290,13242.550,false
GA_Energy_Dominance_PC80,206,18.968000,0.051714261,13354.740,false
GA_Energy_Dominance_PC80,206,19.398000,0.051629675,12989.857,false
GA_Energy_Dominance_PC80,206,19.816000,0.051605532,12652.539,false
GA_Energy_Dominance_PC80,206,19.610000,0.051610641,13039.068,false
GA_Energy_Dominance_PC80,206,19.982000,0.051581635,12990.778,false
GA_Energy_Dominance_PC80,207,6.822000,0.067667013,15564.868,false
GA_Energy_Dominance_PC80,207,7.216000,0.067656350,15400.387,false
GA_Energy_Dominance_PC80,207,7.388000,0.066206769,15093.635,false
GA_Energy_Dominance_PC80,207,7.228000,0.067367400,14791.807,false
GA_Energy_Dominance_PC80,207,8.016000,0.065627491,15437.399,false
GA_Energy_Dominance_PC80,207,7.358000,0.067098417,15180.780,false
GA_Energy_Dominance_PC80,207,8.132000,0.064844413,15588.194,false
GA_Energy_Dominance_PC80,207,8.186000,0.064553191,15550.380,false
GA_Energy_Dominance_PC80,207,8.392000,0.064464624,15683.052,false
GA_Energy_Dominance_PC80,207,8.358000,0.064511221,15652.538,false
GA_Energy_Dominance_PC80,207,8.456000,0.064165498,15251.371,false
GA_Energy_Dominance_PC80,207,8.658000,0.063390765,15314.041,false
GA_Energy_Dominance_PC80,207,8.532000,0.063575770,15082.947,false
GA_Energy_Dominance_PC80,207,8.688000,0.063267413,15244.405,false
GA_Energy_Dominance_PC80,207,8.756000,0.062524306,15631.237,false
GA_Energy_Dominance_PC80,207,9.042000,0.061735564,15696.443,false
GA_Energy_Dominance_PC80,207,9.504000,0.061144109,15495.422,false
GA_Energy_Dominance_PC80,207,8.882000,0.061833349,15268.004,false
GA_Energy_Dominance_PC80,207,9.558000,0.061071254,15199.995,false
GA_Energy_Dominance_PC80,207,9.358000,0.061663991,15545.933,false
GA_Energy_Dominance_PC80,207,9.682000,0.060892048,15626.699,false
GA_Energy_Dominance_PC80,207,9.816000,0.060421966,15269.857,false
GA_Energy_Dominance_PC80,207,10.134000,0.060121332,15666.414,false
GA_Energy_Dominance_PC80,207,10.060000,0.060221568,15567.805,false
GA_Energy_Dominance_PC80,207,10.408000,0.059992474,15342.604,false
GA_Energy_Dominance_PC80,207,10.568000,0.059924991,15521.883,false
GA_Energy_Dominance_PC80,207,10.844000,0.059793541,15436.619,false
GA_Energy_Dominance_PC80,207,9.882000,0.060294577,15427.641,false
GA_Energy_Dominance_PC80,207,10.194000,0.060069879,15598.728,false
GA_Energy_Dominance_PC80,207,10.912000,0.059772489,15436.619,false
GA_Energy_Dominance_PC80,207,10.674000,0.059863621,15235.030,false
GA_Energy_Dominance_PC80,207,11.056000,0.059652696,15664.298,false
GA_Energy_Dominance_PC80,207,11.138000,0.059493550,15695.485,false
GA_Energy_Dominance_PC80,207,11.242000,0.059340808,15501.479,false
GA_Energy_Dominance_PC80,207,11.822000,0.059181780,15254.184,false
GA_Energy_Dominance_PC80,207,11.682000,0.059256282,15219.593,false
GA_Energy_Dominance_PC80,207,11.928000,0.059170038,15689.837,false
GA_Energy_Dominance_PC80,207,11.990000,0.059031667,15382.670,false
GA_Energy_Dominance_PC80,207,12.132000,0.058429151,15451.959,false
GA_Energy_Dominance_PC80,207,12.264000,0.058051797,15706.109,false
GA_Energy_Dominance_PC80,207,12.238000,0.058383830,15497.372,false
GA_Energy_Dominance_PC80,207,12.480000,0.057740271,15531.996,false
GA_Energy_Dominance_PC80,207,12.622000,0.057711826,15497.755,false
GA_Energy_Dominance_PC80,207,12.710000,0.057062364,15544.305,false
GA_Energy_Dominance_PC80,207,12.634000,0.057289709,15295.972,false
GA_Energy_Dominance_PC80,207,12.768000,0.056949958,15667.721,false
GA_Energy_Dominance_PC80,207,12.774000,0.056805117,15456.288,false
GA_Energy_Dominance_PC80,207,12.802000,0.056622777,15412.547,false
GA_Energy_Dominance_PC80,207,13.024000,0.056546702,15220.631,false
GA_Energy_Dominance_PC80,207,13.260000,0.056370493,15521.336,false
GA_Energy_Dominance_PC80,207,13.152000,0.056393963,15461.018,false
GA_Energy_Dominance_PC80,207,13.726000,0.056186737,15249.695,false
GA_Energy_Dominance_PC80,207,13.572000,0.056315323,15603.227,false
GA_Energy_Dominance_PC80,207,13.424000,0.056353834,15596.175,false
GA_Energy_Dominance_PC80,207,13.758000,0.055823032,15092.878,false
GA_Energy_Dominance_PC80,207,14.096000,0.055447826,14889.112,false
GA_Energy_Dominance_PC80,207,14.172000,0.055297480,15228.257,false
GA_Energy_Dominance_PC80,207,14.360000,0.055261064,15133.507,false
GA_Energy_Dominance_PC80,207,14.496000,0.055176160,15498.011,false
GA_Energy_Dominance_PC80,207,14.648000,0.055087356,15337.981,false
GA_Energy_Dominance_PC80,207,14.834000,0.055039307,15259.523,false
GA_Energy_Dominance_PC80,207,15.740000,0.054707999,14607.710,false
GA_Energy_Dominance_PC80,207,15.096000,0.054928357,15525.072,false
GA_Energy_Dominance_PC80,207,15.548000,0.054726528,14689.250,false
GA_Energy_Dominance_PC80,207,15.174000,0.054789094,14991.975,false
GA_Energy_Dominance_PC80,207,15.420000,0.054778832,15220.928,false
GA_Energy_Dominance_PC80,207,15.890000,0.054290549,14887.801,false
GA_Energy_Dominance_PC80,207,15.962000,0.054105848,14846.629,false
GA_Energy_Dominance_PC80,207,16.466000,0.053961228,14847.835,false
GA_Energy_Dominance_PC80,207,16.248000,0.054026361,14727.237,false
GA_Energy_Dominance_PC80,207,16.826000,0.053829762,14954.951,false
GA_Energy_Dominance_PC80,207,16.604000,0.053886382,14984.118,false
GA_Energy_Dominance_PC80,207,17.052000,0.053696658,14947.312,false
GA_Energy_Dominance_PC80,207,17.760000,0.053380275,14566.027,false
GA_Energy_Dominance_PC80,207,18.288000,0.053229449,14553.641,false
GA_Energy_Dominance_PC80,207,17.304000,0.053464293,14658.347,false
GA_Energy_Dominance_PC80,207,17.980000,0.053271331,14036.755,false
GA_Energy_Dominance_PC80,207,18.738000,0.053039428,14377.283,false
GA_Energy_Dominance_PC80,207,18.470000,0.053106828,14237.076,false
GA_Energy_Dominance_PC80,207,18.980000,0.052981253,13685.039,false
GA_Energy_Dominance_PC80,207,19.128000,0.052919355,13930.640,false
GA_Energy_Dominance_PC80,207,20.174000,0.052527632,12871.093,false
GA_Energy_Dominance_PC80,207,19.244000,0.052559036,12958.647,false
GA_Energy_Dominance_PC80,207,20.312000,0.052132271,12394.761,false
GA_Energy_Dominance_PC80,207,21.002000,0.051879812,12718.500,false
GA_Energy_Dominance_PC80,207,20.520000,0.051916575,13012.800,false
GA_Energy_Dominance_PC80,207,21.410000,0.051597345,12664.930,false
GA_Energy_Dominance_PC80,207,21.204000,0.051608335,12502.074,false
GA_Energy_Dominance_PC80,207,21.996000,0.051514846,12752.258,false
GA_Energy_Dominance_PC80,207,21.776000,0.051560251,12599.424,false
GA_Energy_Dominance_PC80,207,22.220000,0.051213863,12522.768,false
GA_Energy_Dominance_PC80,207,22.656000,0.051197540,12793.611,false
GA_Energy_Dominance_PC80,207,22.896000,0.051137386,12562.837,false
GA_Energy_Dominance_PC80,207,23.314000,0.051018884,12619.538,false
GA_Energy_Dominance_PC80,207,23.510000,0.050963803,12236.956,false
GA_Energy_Dominance_PC80,207,23.716000,0.050870846,11990.565,false
GA_Energy_Dominance_PC80,207,24.120000,0.050813665,11806.480,false
GA_Energy_Dominance_PC80,207,24.332000,0.050666681,12255.414,false
GA_Energy_Dominance_PC80,207,24.652000,0.050477601,11389.655,false
GA_Energy_Dominance_PC80,207,25.488000,0.050428731,11648.515,false
GA_Energy_Dominance_PC80,207,26.096000,0.050306689,11274.948,false
GA_Energy_Dominance_PC80,207,25.736000,0.050361168,11325.368,false
GA_Energy_Dominance_PC80,207,24.980000,0.050431154,11563.002,false
GA_Energy_Dominance_PC80,208,6.300000,0.066629202,14873.426,false
GA_Energy_Dominance_PC80,208,6.322000,0.066560926,14794.773,false
GA_Energy_Dominance_PC80,208,6.926000,0.062959098,15567.032,false
GA_Energy_Dominance_PC80,208,6.754000,0.063530322,15608.861,false
GA_Energy_Dominance_PC80,208,7.238000,0.062389760,15702.786,false
GA_Energy_Dominance_PC80,208,7.080000,0.062519268,15702.786,false
GA_Energy_Dominance_PC80,208,7.802000,0.061343780,15663.814,false
GA_Energy_Dominance_PC80,208,7.838000,0.061087917,15699.890,false
GA_Energy_Dominance_PC80,208,7.584000,0.061415432,15487.854,false
GA_Energy_Dominance_PC80,208,7.844000,0.060484472,15592.496,false
GA_Energy_Dominance_PC80,208,8.004000,0.060413553,15644.004,false
GA_Energy_Dominance_PC80,208,8.038000,0.060351870,15644.004,false
GA_Energy_Dominance_PC80,208,7.884000,0.060469528,15708.083,false
GA_Energy_Dominance_PC80,208,8.056000,0.060193117,15358.397,false
GA_Energy_Dominance_PC80,208,8.132000,0.059932362,15340.234,false
GA_Energy_Dominance_PC80,208,8.078000,0.060114817,15638.088,false
GA_Energy_Dominance_PC80,208,8.114000,0.060042788,15525.281,false
GA_Energy_Dominance_PC80,208,8.172000,0.059862098,15466.643,false
GA_Energy_Dominance_PC80,208,8.258000,0.059688201,15526.490,false
GA_Energy_Dominance_PC80,208,8.298000,0.059472812,15590.581,false
GA_Energy_Dominance_PC80,208,8.528000,0.059261044,15634.795,false
GA_Energy_Dominance_PC80,208,8.360000,0.059335245,15639.362,false
GA_Energy_Dominance_PC80,208,8.340000,0.059419889,15580.864,false
GA_Energy_Dominance_PC80,208,8.620000,0.059166565,15486.637,false
GA_Energy_Dominance_PC80,208,8.530000,0.059177747,15415.522,false
GA_Energy_Dominance_PC80,208,8.686000,0.059153376,15560.130,false
GA_Energy_Dominance_PC80,208,8.786000,0.058785150,15293.284,false
GA_Energy_Dominance_PC80,208,8.714000,0.058842142,15295.252,false
GA_Energy_Dominance_PC80,208,8.840000,0.058239327,15541.774,false
GA_Energy_Dominance_PC80,208,8.788000,0.058459626,15533.409,false
GA_Energy_Dominance_PC80,208,9.242000,0.057981646,15698.391,false
GA_Energy_Dominance_PC80,208,8.912000,0.058016294,15516.834,false
GA_Energy_Dominance_PC80,208,9.280000,0.057801198,15681.239,false
GA_Energy_Dominance_PC80,208,9.396000,0.057783972,15452.284,false
GA_Energy_Dominance_PC80,208,9.464000,0.057522980,15237.563,false
GA_Energy_Dominance_PC80,208,9.538000,0.057459582,15522.026,false
GA_Energy_Dominance_PC80,208,9.408000,0.057530767,15462.353,false
GA_Energy_Dominance_PC80,208,9.588000,0.057397398,15716.174,false
GA_Energy_Dominance_PC80,208,9.870000,0.056888943,15410.327,false
GA_Energy_Dominance_PC80,208,9.708000,0.056998665,15501.243,false
GA_Energy_Dominance_PC80,208,9.782000,0.056960765,15260.503,false
GA_Energy_Dominance_PC80,208,9.604000,0.057068344,15542.680,false
GA_Energy_Dominance_PC80,208,9.914000,0.056881208,15650.124,false
GA_Energy_Dominance_PC80,208,9.950000,0.056652979,15483.055,false
GA_Energy_Dominance_PC80,208,9.974000,0.056235045,14873.709,false
GA_Energy_Dominance_PC80,208,10.190000,0.056225024,15053.590,false
GA_Energy_Dominance_PC80,208,10.222000,0.055882432,14985.209,false
GA_Energy_Dominance_PC80,208,10.700000,0.055768794,15251.560,false
GA_Energy_Dominance_PC80,208,10.730000,0.055579349,14555.805,false
GA_Energy_Dominance_PC80,208,10.486000,0.055793304,15520.341,false
GA_Energy_Dominance_PC80,208,10.886000,0.055508886,15194.884,false
GA_Energy_Dominance_PC80,208,11.196000,0.055231183,15277.272,false
GA_Energy_Dominance_PC80,208,10.946000,0.055381684,15022.189,false
GA_Energy_Dominance_PC80,208,11.338000,0.055220273,15242.737,false
GA_Energy_Dominance_PC80,208,11.668000,0.054999014,14878.741,false
GA_Energy_Dominance_PC80,208,11.520000,0.055129749,14994.545,false
GA_Energy_Dominance_PC80,208,11.646000,0.055124226,15189.548,false
GA_Energy_Dominance_PC80,208,11.968000,0.054863522,15050.202,false
GA_Energy_Dominance_PC80,208,12.688000,0.053941624,14463.201,false
GA_Energy_Dominance_PC80,208,12.530000,0.054079907,13944.416,false
GA_Energy_Dominance_PC80,208,12.020000,0.054136070,14316.021,false
GA_Energy_Dominance_PC80,208,12.996000,0.053691316,14101.912,false
GA_Energy_Dominance_PC80,208,12.716000,0.053789138,14306.094,false
GA_Energy_Dominance_PC80,208,13.096000,0.053667062,14422.179,false
GA_Energy_Dominance_PC80,208,13.272000,0.053523059,14473.141,false
GA_Energy_Dominance_PC80,208,13.388000,0.053473615,14449.789,false
GA_Energy_Dominance_PC80,208,13.580000,0.053378350,14521.214,false
GA_Energy_Dominance_PC80,208,14.132000,0.053110827,14191.386,false
GA_Energy_Dominance_PC80,208,13.706000,0.053232401,14201.519,false
GA_Energy_Dominance_PC80,208,14.244000,0.053036100,13883.284,false
GA_Energy_Dominance_PC80,208,14.478000,0.052956951,13676.228,false
GA_Energy_Dominance_PC80,208,13.852000,0.053118959,14493.463,false
GA_Energy_Dominance_PC80,208,14.354000,0.052969938,14088.233,false
GA_Energy_Dominance_PC80,208,14.736000,0.052868097,13969.934,false
GA_Energy_Dominance_PC80,208,15.228000,0.052767540,13718.857,false
GA_Energy_Dominance_PC80,208,14.842000,0.052859514,13776.881,false
GA_Energy_Dominance_PC80,208,15.370000,0.052702709,13264.999,false
GA_Energy_Dominance_PC80,208,15.094000,0.052785263,13697.939,false
GA_Energy_Dominance_PC80,208,15.724000,0.052328536,13601.445,false
GA_Energy_Dominance_PC80,208,15.562000,0.052546099,14046.479,false
GA_Energy_Dominance_PC80,208,16.180000,0.052134725,13277.449,false
GA_Energy_Dominance_PC80,208,15.932000,0.052263467,13434.907,false
GA_Energy_Dominance_PC80,208,16.324000,0.052112377,13148.025,false
GA_Energy_Dominance_PC80,208,16.508000,0.052055756,13010.218,false
GA_Energy_Dominance_PC80,208,16.824000,0.051990259,13476.792,false
GA_Energy_Dominance_PC80,208,17.308000,0.051778277,13750.393,false
GA_Energy_Dominance_PC80,208,17.106000,0.051781106,13767.901,false
GA_Energy_Dominance_PC80,208,16.948000,0.051838268,13518.868,false
GA_Energy_Dominance_PC80,208,17.468000,0.051711932,13620.616,false
GA_Energy_Dominance_PC80,208,17.634000,0.051533781,13183.828,false
GA_Energy_Dominance_PC80,208,18.438000,0.051359945,13002.811,false
GA_Energy_Dominance_PC80,208,18.704000,0.051311029,12953.567,false
GA_Energy_Dominance_PC80,208,17.856000,0.051435330,13285.157,false
GA_Energy_Dominance_PC80,208,19.052000,0.051160378,12243.840,false
GA_Energy_Dominance_PC80,208,18.884000,0.051210564,12421.696,false
GA_Energy_Dominance_PC80,208,19.348000,0.051117001,12725.594,false
GA_Energy_Dominance_PC80,208,19.812000,0.050990580,12622.961,false
GA_Energy_Dominance_PC80,208,19.608000,0.051000661,12298.229,false
GA_Energy_Dominance_PC80,209,6.838000,0.066463606,15720.283,false
GA_Energy_Dominance_PC80,209,7.412000,0.063882453,14780.866,false
GA_Energy_Dominance_PC80,209,7.398000,0.064023305,15674.534,false
GA_Energy_Dominance_PC80,209,7.614000,0.062983853,14777.613,false
GA_Energy_Dominance_PC80,209,7.498000,0.063298575,15116.030,false
GA_Energy_Dominance_PC80,209,8.012000,0.061654492,15597.460,false
GA_Energy_Dominance_PC80,209,8.056000,0.061620682,15251.797,false
GA_Energy_Dominance_PC80,209,7.854000,0.061896286,15121.665,false
GA_Energy_Dominance_PC80,209,8.396000,0.060542854,15365.233,false
GA_Energy_Dominance_PC80,209,8.678000,0.060530552,15645.201,false
GA_Energy_Dominance_PC80,209,8.536000,0.060537903,15491.958,false
GA_Energy_Dominance_PC80,209,8.876000,0.060014006,14964.832,false
GA_Energy_Dominance_PC80,209,8.688000,0.060402828,15145.312,false
GA_Energy_Dominance_PC80,209,8.692000,0.060316978,14582.139,false
GA_Energy_Dominance_PC80,209,9.126000,0.059602882,15498.270,false
GA_Energy_Dominance_PC80,209,9.340000,0.059191411,14919.684,false
GA_Energy_Dominance_PC80,209,9.086000,0.060001906,15038.401,false
GA_Energy_Dominance_PC80,209,9.144000,0.059360211,15043.947,false
GA_Energy_Dominance_PC80,209,9.534000,0.058973304,15497.102,false
GA_Energy_Dominance_PC80,209,9.804000,0.058900506,15121.585,false
GA_Energy_Dominance_PC80,209,10.052000,0.058783947,15237.923,false
GA_Energy_Dominance_PC80,209,10.230000,0.058708152,15413.352,false
GA_Energy_Dominance_PC80,209,10.398000,0.058438082,14325.769,false
GA_Energy_Dominance_PC80,209,10.490000,0.058232762,15404.628,false
GA_Energy_Dominance_PC80,209,10.234000,0.058613901,15423.250,false
GA_Energy_Dominance_PC80,209,10.512000,0.057992121,15035.560,false
GA_Energy_Dominance_PC80,209,10.762000,0.057870845,14529.401,false
GA_Energy_Dominance_PC80,209,10.886000,0.057819522,14632.381,false
GA_Energy_Dominance_PC80,209,10.658000,0.057975802,14434.068,false
GA_Energy_Dominance_PC80,209,10.938000,0.057634717,15010.294,false
GA_Energy_Dominance_PC80,209,11.240000,0.057276154,14499.633,false
GA_Energy_Dominance_PC80,209,11.524000,0.057252564,14712.364,false
GA_Energy_Dominance_PC80,209,11.624000,0.057002400,14670.919,false
GA_Energy_Dominance_PC80,209,11.924000,0.056999524,14034.493,false
GA_Energy_Dominance_PC80,209,11.782000,0.057000323,15049.694,false
GA_Energy_Dominance_PC80,209,11.952000,0.056881408,15096.889,false
GA_Energy_Dominance_PC80,209,12.306000,0.056447276,14284.448,false
GA_Energy_Dominance_PC80,209,12.380000,0.056413362,14919.055,false
GA_Energy_Dominance_PC80,209,11.970000,0.056527997,14863.122,false
GA_Energy_Dominance_PC80,209,12.856000,0.055667681,14794.081,false
GA_Energy_Dominance_PC80,209,12.420000,0.056012339,14876.459,false
GA_Energy_Dominance_PC80,209,13.076000,0.055638704,14863.455,false
GA_Energy_Dominance_PC80,209,13.562000,0.055362905,15480.130,false
GA_Energy_Dominance_PC80,209,13.232000,0.055391694,15374.565,false
GA_Energy_Dominance_PC80,209,13.578000,0.054921617,15040.508,false
GA_Energy_Dominance_PC80,209,13.568000,0.055109647,14893.758,false
GA_Energy_Dominance_PC80,209,13.970000,0.054663427,15046.185,false
GA_Energy_Dominance_PC80,209,13.790000,0.054759643,14802.498,false
GA_Energy_Dominance_PC80,209,14.718000,0.053900401,14579.544,false
GA_Energy_Dominance_PC80,209,14.422000,0.053990170,13974.389,false
GA_Energy_Dominance_PC80,209,14.140000,0.054287459,14482.279,false
GA_Energy_Dominance_PC80,209,14.226000,0.054048456,14455.841,false
GA_Energy_Dominance_PC80,209,15.468000,0.053792386,13831.004,false
GA_Energy_Dominance_PC80,209,14.522000,0.053921849,14753.942,false
GA_Energy_Dominance_PC80,209,15.342000,0.053870935,14213.482,false
GA_Energy_Dominance_PC80,209,15.612000,0.053673364,13939.700,false
GA_Energy_Dominance_PC80,209,15.696000,0.053531030,13640.216,false
GA_Energy_Dominance_PC80,209,15.934000,0.053383416,13756.974,false
GA_Energy_Dominance_PC80,209,15.810000,0.053418441,13226.430,false
GA_Energy_Dominance_PC80,209,16.302000,0.052774650,13117.916,false
GA_Energy_Dominance_PC80,209,16.600000,0.052703985,13016.786,false
GA_Energy_Dominance_PC80,209,16.602000,0.052520957,12955.780,false
GA_Energy_Dominance_PC80,209,16.774000,0.052401502,13230.256,false
GA_Energy_Dominance_PC80,209,16.940000,0.052305042,13318.336,false
GA_Energy_Dominance_PC80,209,17.084000,0.052278353,13362.127,false
GA_Energy_Dominance_PC80,209,17.526000,0.052048711,13096.974,false
GA_Energy_Dominance_PC80,209,17.102000,0.052130504,12908.872,false
GA_Energy_Dominance_PC80,209,17.692000,0.052031978,13293.922,false
GA_Energy_Dominance_PC80,209,17.836000,0.051936962,13014.263,false
GA_Energy_Dominance_PC80,209,18.108000,0.051778661,12469.263,false
GA_Energy_Dominance_PC80,209,18.262000,0.051635798,12639.606,false
GA_Energy_Dominance_PC80,209,18.538000,0.051625123,12340.015,false
GA_Energy_Dominance_PC80,209,18.876000,0.051501501,12476.575,false
GA_Energy_Dominance_PC80,209,18.734000,0.051516643,12271.115,false
GA_Energy_Dominance_PC80,209,19.568000,0.051336398,12395.640,false
GA_Energy_Dominance_PC80,209,19.028000,0.051465344,12510.552,false
GA_Energy_Dominance_PC80,209,19.360000,0.051352299,12597.888,false
GA_Energy_Dominance_PC80,209,20.018000,0.051205399,12213.236,false
GA_Energy_Dominance_PC80,209,19.848000,0.051303865,12199.908,false
GA_Energy_Dominance_PC80,209,20.414000,0.051028853,12376.654,false
GA_Energy_Dominance_PC80,209,20.216000,0.051188150,12755.715,false
GA_Energy_Dominance_PC80,209,20.636000,0.051003775,12634.223,false
GA_Energy_Dominance_PC80,209,21.230000,0.050748819,12479.879,false
GA_Energy_Dominance_PC80,209,20.860000,0.050848710,12888.801,false
GA_Energy_Dominance_PC80,209,21.624000,0.050724963,12893.007,false
GA_Energy_Dominance_PC80,209,21.402000,0.050743573,12479.879,false
GA_Energy_Dominance_PC80,209,21.792000,0.050690807,12605.348,false
GA_Energy_Dominance_PC80,209,22.414000,0.050645019,12914.014,false
GA_Energy_Dominance_PC80,209,22.640000,0.050577698,12872.547,false
GA_Energy_Dominance_PC80,209,22.844000,0.050558818,12901.618,false
GA_Energy_Dominance_PC80,209,23.220000,0.050519099,13022.195,false
GA_Energy_Dominance_PC80,209,23.494000,0.050514028,12326.315,false
SA_WaitingTime_Dominance_PC80,200,3.428000,0.063574826,15613.842,false
SA_WaitingTime_Dominance_PC80,200,3.400000,0.063589900,15674.905,false
SA_WaitingTime_Dominance_PC80,200,2.286000,0.064962396,15712.479,false
SA_WaitingTime_Dominance_PC80,200,2.298000,0.064793499,15711.989,false
SA_WaitingTime_Dominance_PC80,200,2.428000,0.064013991,15675.075,false
SA_WaitingTime_Dominance_PC80,200,2.382000,0.064105168,15628.725,false
SA_WaitingTime_Dominance_PC80,200,2.380000,0.064163395,15683.881,false
SA_WaitingTime_Dominance_PC80,200,2.376000,0.064182380,15699.625,false
SA_WaitingTime_Dominance_PC80,200,2.326000,0.064666594,15699.625,false
SA_WaitingTime_Dominance_PC80,200,2.338000,0.064614474,15699.625,false
SA_WaitingTime_Dominance_PC80,200,2.354000,0.064568248,15699.625,false
SA_WaitingTime_Dominance_PC80,200,2.316000,0.064748592,15699.625,false
SA_WaitingTime_Dominance_PC80,200,2.318000,0.064727539,15699.625,false
SA_WaitingTime_Dominance_PC80,200,2.320000,0.064699263,15699.625,false
SA_WaitingTime_Dominance_PC80,201,3.418000,0.063610953,15671.057,false
SA_WaitingTime_Dominance_PC80,201,3.408000,0.063632006,15613.842,false
SA_WaitingTime_Dominance_PC80,201,3.438000,0.063545405,15613.842,false
SA_WaitingTime_Dominance_PC80,201,3.430000,0.063608898,15621.908,false
SA_WaitingTime_Dominance_PC80,201,2.702000,0.064551454,15699.188,false
SA_WaitingTime_Dominance_PC80,201,2.928000,0.064068557,15709.122,false
SA_WaitingTime_Dominance_PC80,201,2.898000,0.064151430,15709.122,false
SA_WaitingTime_Dominance_PC80,201,2.906000,0.064127865,15709.122,false
SA_WaitingTime_Dominance_PC80,201,2.876000,0.064247397,15693.192,false
SA_WaitingTime_Dominance_PC80,201,2.882000,0.064182322,15661.749,false
SA_WaitingTime_Dominance_PC80,201,2.812000,0.064265316,15708.455,false
SA_WaitingTime_Dominance_PC80,201,2.786000,0.064314753,15708.455,false
SA_WaitingTime_Dominance_PC80,201,2.796000,0.064272648,15701.349,false
SA_WaitingTime_Dominance_PC80,201,2.522000,0.064912345,15660.236,false
SA_WaitingTime_Dominance_PC80,201,2.542000,0.064685521,15710.553,false
SA_WaitingTime_Dominance_PC80,201,2.534000,0.064860138,15629.805,false
SA_WaitingTime_Dominance_PC80,201,2.404000,0.064992987,15704.581,false
SA_WaitingTime_Dominance_PC80,201,2.346000,0.065340221,15693.873,false
SA_WaitingTime_Dominance_PC80,201,2.342000,0.065382505,15719.734,false
SA_WaitingTime_Dominance_PC80,201,2.336000,0.065417105,15719.734,false
SA_WaitingTime_Dominance_PC80,201,2.356000,0.065281540,15719.734,false
SA_WaitingTime_Dominance_PC80,202,3.418000,0.063610953,15718.568,false
SA_WaitingTime_Dominance_PC80,202,3.412000,0.063632006,15613.842,false
SA_WaitingTime_Dominance_PC80,202,3.394000,0.063636406,15642.421,false
SA_WaitingTime_Dominance_PC80,202,2.286000,0.064651541,15712.085,false
SA_WaitingTime_Dominance_PC80,202,2.280000,0.064741921,15674.421,false
SA_WaitingTime_Dominance_PC80,202,2.540000,0.064163897,15698.837,false
SA_WaitingTime_Dominance_PC80,202,2.538000,0.064181339,15698.213,false
SA_WaitingTime_Dominance_PC80,202,2.586000,0.064067355,15698.213,false
SA_WaitingTime_Dominance_PC80,202,2.472000,0.064246533,15705.062,false
SA_WaitingTime_Dominance_PC80,202,2.488000,0.064188835,15667.898,false
SA_WaitingTime_Dominance_PC80,202,2.446000,0.064303789,15700.670,false
SA_WaitingTime_Dominance_PC80,202,2.338000,0.064458824,15713.536,false
SA_WaitingTime_Dominance_PC80,202,2.342000,0.064411084,15718.412,false
SA_WaitingTime_Dominance_PC80,203,3.426000,0.063574826,15623.935,false
SA_WaitingTime_Dominance_PC80,203,3.414000,0.063632006,15613.842,false
SA_WaitingTime_Dominance_PC80,203,3.424000,0.063613129,15714.113,false
SA_WaitingTime_Dominance_PC80,203,2.454000,0.063990995,15697.919,false
SA_WaitingTime_Dominance_PC80,203,2.318000,0.064666014,15675.092,false
SA_WaitingTime_Dominance_PC80,203,2.330000,0.064637526,15716.011,false
SA_WaitingTime_Dominance_PC80,203,2.350000,0.064570145,15716.116,false
SA_WaitingTime_Dominance_PC80,203,2.312000,0.064684597,15716.116,false
SA_WaitingTime_Dominance_PC80,203,2.306000,0.065033263,15679.376,false
SA_WaitingTime_Dominance_PC80,203,2.414000,0.064214418,15715.374,false
SA_WaitingTime_Dominance_PC80,203,2.456000,0.063883857,15705.427,false
SA_WaitingTime_Dominance_PC80,203,2.440000,0.064120764,15709.501,false
SA_WaitingTime_Dominance_PC80,203,2.422000,0.064186335,15658.277,false
SA_WaitingTime_Dominance_PC80,203,2.392000,0.064234438,15711.190,false
SA_WaitingTime_Dominance_PC80,203,2.382000,0.064302725,15710.492,false
SA_WaitingTime_Dominance_PC80,203,2.384000,0.064260797,15671.739,false
SA_WaitingTime_Dominance_PC80,204,3.412000,0.063601721,15613.842,false
SA_WaitingTime_Dominance_PC80,204,3.410000,0.063632006,15613.842,false
SA_WaitingTime_Dominance_PC80,204,3.424000,0.063567859,15566.331,false
SA_WaitingTime_Dominance_PC80,204,3.450000,0.063565358,15661.353,false
SA_WaitingTime_Dominance_PC80,204,3.032000,0.063759049,15709.400,false
SA_WaitingTime_Dominance_PC80,204,3.106000,0.063724035,15709.400,false
SA_WaitingTime_Dominance_PC80,204,3.020000,0.063792093,15700.322,false
SA_WaitingTime_Dominance_PC80,204,3.008000,0.063810383,15703.342,false
SA_WaitingTime_Dominance_PC80,204,2.840000,0.063986295,15630.337,false
SA_WaitingTime_Dominance_PC80,204,2.808000,0.064073227,15706.709,false
SA_WaitingTime_Dominance_PC80,204,2.814000,0.064035820,15706.709,false
SA_WaitingTime_Dominance_PC80,204,2.796000,0.064087384,15706.709,false
SA_WaitingTime_Dominance_PC80,204,2.764000,0.064129698,15679.984,false
SA_WaitingTime_Dominance_PC80,204,2.768000,0.064097698,15679.984,false
SA_WaitingTime_Dominance_PC80,204,2.746000,0.064193206,15679.984,false
SA_WaitingTime_Dominance_PC80,204,2.750000,0.064130048,15679.984,false
SA_WaitingTime_Dominance_PC80,204,2.888000,0.063973994,15688.643,false
SA_WaitingTime_Dominance_PC80,204,2.624000,0.064506549,15718.767,false
SA_WaitingTime_Dominance_PC80,204,2.330000,0.064595427,15709.597,false
SA_WaitingTime_Dominance_PC80,204,2.272000,0.064881047,15700.086,false
SA_WaitingTime_Dominance_PC80,204,2.242000,0.065086725,15700.086,false
SA_WaitingTime_Dominance_PC80,204,2.244000,0.065065672,15700.086,false
SA_WaitingTime_Dominance_PC80,204,2.246000,0.065015131,15700.086,false
SA_WaitingTime_Dominance_PC80,204,2.238000,0.065125933,15716.830,false
SA_WaitingTime_Dominance_PC80,205,3.404000,0.063589900,15674.905,false
SA_WaitingTime_Dominance_PC80,205,3.422000,0.063567351,15613.842,false
SA_WaitingTime_Dominance_PC80,205,2.492000,0.064387976,15716.862,false
SA_WaitingTime_Dominance_PC80,205,2.496000,0.064129542,15716.862,false
SA_WaitingTime_Dominance_PC80,205,2.494000,0.064329759,15618.550,false
SA_WaitingTime_Dominance_PC80,205,2.470000,0.064475936,15698.065,false
SA_WaitingTime_Dominance_PC80,205,2.468000,0.064642651,15675.131,false
SA_WaitingTime_Dominance_PC80,205,2.446000,0.064771319,15718.037,false
SA_WaitingTime_Dominance_PC80,205,2.440000,0.064890620,15718.037,false
SA_WaitingTime_Dominance_PC80,205,2.438000,0.065032940,15711.601,false
SA_WaitingTime_Dominance_PC80,205,2.426000,0.065042789,15697.863,false
SA_WaitingTime_Dominance_PC80,205,2.396000,0.065208826,15670.561,false
SA_WaitingTime_Dominance_PC80,205,2.360000,0.065233024,15719.488,false
SA_WaitingTime_Dominance_PC80,205,2.410000,0.065042890,15719.488,false
SA_WaitingTime_Dominance_PC80,205,2.364000,0.065214735,15690.565,false
SA_WaitingTime_Dominance_PC80,205,2.402000,0.065103808,15719.488,false
SA_WaitingTime_Dominance_PC80,206,3.428000,0.063600919,15714.431,false
SA_WaitingTime_Dominance_PC80,206,3.412000,0.063606103,15613.842,false
SA_WaitingTime_Dominance_PC80,206,3.410000,0.063744828,15613.842,false
SA_WaitingTime_Dominance_PC80,206,3.440000,0.063599165,15613.842,false
SA_WaitingTime_Dominance_PC80,206,2.998000,0.064469960,15636.412,false
SA_WaitingTime_Dominance_PC80,206,2.988000,0.064619129,15616.820,false
SA_WaitingTime_Dominance_PC80,206,2.952000,0.064654572,15632.564,false
SA_WaitingTime_Dominance_PC80,206,2.960000,0.064644539,15612.252,false
SA_WaitingTime_Dominance_PC80,206,2.722000,0.064681079,15715.216,false
SA_WaitingTime_Dominance_PC80,206,2.798000,0.064656315,15705.513,false
SA_WaitingTime_Dominance_PC80,206,2.422000,0.065072320,15701.848,false
SA_WaitingTime_Dominance_PC80,206,2.438000,0.065015831,15715.714,false
SA_WaitingTime_Dominance_PC80,206,2.418000,0.065093372,15663.094,false
SA_WaitingTime_Dominance_PC80,206,2.432000,0.065047657,15659.627,false
SA_WaitingTime_Dominance_PC80,206,2.446000,0.064911784,15698.637,false
SA_WaitingTime_Dominance_PC80,206,2.406000,0.065187371,15698.637,false
SA_WaitingTime_Dominance_PC80,206,2.370000,0.065590553,15683.917,false
SA_WaitingTime_Dominance_PC80,206,2.366000,0.065670185,15699.847,false
SA_WaitingTime_Dominance_PC80,206,2.514000,0.064722141,15681.655,false
SA_WaitingTime_Dominance_PC80,206,2.504000,0.064874673,15668.717,false
SA_WaitingTime_Dominance_PC80,206,2.414000,0.065130893,15702.886,false
SA_WaitingTime_Dominance_PC80,206,2.378000,0.065213708,15684.916,false
SA_WaitingTime_Dominance_PC80,206,2.390000,0.065189554,15684.916,false
SA_WaitingTime_Dominance_PC80,207,3.414000,0.063632006,15613.842,false
SA_WaitingTime_Dominance_PC80,207,3.422000,0.063546807,15566.331,false
SA_WaitingTime_Dominance_PC80,207,3.410000,0.063695164,15447.012,false
SA_WaitingTime_Dominance_PC80,207,3.412000,0.063639040,15716.495,false
SA_WaitingTime_Dominance_PC80,207,3.416000,0.063623544,15716.495,false
SA_WaitingTime_Dominance_PC80,207,2.948000,0.063927664,15702.953,false
SA_WaitingTime_Dominance_PC80,207,2.964000,0.063896822,15633.825,false
SA_WaitingTime_Dominance_PC80,207,2.938000,0.064127154,15702.953,false
SA_WaitingTime_Dominance_PC80,207,2.936000,0.064379000,15694.496,false
SA_WaitingTime_Dominance_PC80,207,2.352000,0.065964123,15702.795,false
SA_WaitingTime_Dominance_PC80,207,2.354000,0.065478984,15689.055,false
SA_WaitingTime_Dominance_PC80,207,2.482000,0.064445109,15714.876,false
SA_WaitingTime_Dominance_PC80,207,2.448000,0.064595658,15714.876,false
SA_WaitingTime_Dominance_PC80,207,2.426000,0.064891357,15714.876,false
SA_WaitingTime_Dominance_PC80,207,2.436000,0.064695351,15714.876,false
SA_WaitingTime_Dominance_PC80,207,2.424000,0.064924323,15718.725,false
SA_WaitingTime_Dominance_PC80,207,2.418000,0.064953784,15714.876,false
SA_WaitingTime_Dominance_PC80,207,2.390000,0.064964105,15719.809,false
SA_WaitingTime_Dominance_PC80,207,2.374000,0.065154376,15698.722,false
SA_WaitingTime_Dominance_PC80,207,2.366000,0.065212462,15720.153,false
SA_WaitingTime_Dominance_PC80,208,3.434000,0.063603419,15620.703,false
SA_WaitingTime_Dominance_PC80,208,3.426000,0.063610953,15714.113,false
SA_WaitingTime_Dominance_PC80,208,3.414000,0.063715618,15647.999,false
SA_WaitingTime_Dominance_PC80,208,3.416000,0.063632006,15676.278,false
SA_WaitingTime_Dominance_PC80,208,3.156000,0.064029796,15638.876,false
SA_WaitingTime_Dominance_PC80,208,2.454000,0.064722687,15679.219,false
SA_WaitingTime_Dominance_PC80,208,2.414000,0.064936495,15701.925,false
SA_WaitingTime_Dominance_PC80,208,2.416000,0.064755892,15705.798,false
SA_WaitingTime_Dominance_PC80,208,2.412000,0.064964543,15701.925,false
SA_WaitingTime_Dominance_PC80,208,2.514000,0.064434168,15719.994,false
SA_WaitingTime_Dominance_PC80,208,2.506000,0.064458882,15719.994,false
SA_WaitingTime_Dominance_PC80,208,2.466000,0.064712479,15706.418,false
SA_WaitingTime_Dominance_PC80,208,2.480000,0.064547165,15706.418,false
SA_WaitingTime_Dominance_PC80,208,2.598000,0.064366562,15691.254,false
SA_WaitingTime_Dominance_PC80,208,2.566000,0.064374373,15715.153,false
SA_WaitingTime_Dominance_PC80,208,2.664000,0.064267637,15699.783,false
SA_WaitingTime_Dominance_PC80,208,2.670000,0.064233737,15699.783,false
SA_WaitingTime_Dominance_PC80,208,2.686000,0.064053979,15717.622,false
SA_WaitingTime_Dominance_PC80,208,2.638000,0.064301941,15718.625,false
SA_WaitingTime_Dominance_PC80,208,2.640000,0.064268959,15617.791,false
SA_WaitingTime_Dominance_PC80,208,2.634000,0.064349162,15718.625,false
SA_WaitingTime_Dominance_PC80,208,2.612000,0.064351832,15706.441,false
SA_WaitingTime_Dominance_PC80,208,2.402000,0.065018031,15713.127,false
SA_WaitingTime_Dominance_PC80,208,2.362000,0.065073840,15713.690,false
SA_WaitingTime_Dominance_PC80,208,2.394000,0.065045455,15703.141,false
SA_WaitingTime_Dominance_PC80,208,2.370000,0.065049260,15694.710,false
SA_WaitingTime_Dominance_PC80,208,2.358000,0.065157857,15695.977,false
SA_WaitingTime_Dominance_PC80,208,2.356000,0.065374201,15710.454,false
SA_WaitingTime_Dominance_PC80,208,2.350000,0.065392978,15710.454,false
SA_WaitingTime_Dominance_PC80,209,3.400000,0.063589900,15674.905,false
SA_WaitingTime_Dominance_PC80,209,3.380000,0.063594310,15690.493,false
SA_WaitingTime_Dominance_PC80,209,2.986000,0.064841592,15678.037,false
SA_WaitingTime_Dominance_PC80,209,2.990000,0.064539018,15672.408,false
SA_WaitingTime_Dominance_PC80,209,3.062000,0.064309944,15715.457,false
SA_WaitingTime_Dominance_PC80,209,3.048000,0.064442838,15715.457,false
SA_WaitingTime_Dominance_PC80,209,2.572000,0.064949702,15664.543,false
SA_WaitingTime_Dominance_PC80,209,2.578000,0.064928650,15664.543,false
SA_WaitingTime_Dominance_PC80,209,2.716000,0.064889447,15697.075,false
SA_WaitingTime_Dominance_PC80,209,2.430000,0.065011273,15681.504,false
SA_WaitingTime_Dominance_PC80,209,2.226000,0.065980850,15678.131,false
SA_WaitingTime_Dominance_PC80,209,2.236000,0.065927731,15718.929,false
SA_WaitingTime_Dominance_PC80,209,2.258000,0.065746536,15715.227,false
SA_WaitingTime_Dominance_PC80,209,2.282000,0.065662168,15715.227,false
SA_WaitingTime_Dominance_PC80,209,2.294000,0.065445261,15715.227,false
SA_WaitingTime_Dominance_PC80,209,2.266000,0.065679931,15712.256,false
SA_Energy_Dominance_PC80,200,5.404000,0.063154446,15436.772,false
SA_Energy_Dominance_PC80,200,5.384000,0.063232051,15645.527,false
SA_Energy_Dominance_PC80,200,5.378000,0.063255905,15645.527,false
SA_Energy_Dominance_PC80,200,5.320000,0.064614935,15683.524,false
SA_Energy_Dominance_PC80,200,5.506000,0.062777897,15572.304,false
SA_Energy_Dominance_PC80,200,5.444000,0.062785768,15705.592,false
SA_Energy_Dominance_PC80,200,5.538000,0.062649881,15702.443,false
SA_Energy_Dominance_PC80,200,5.544000,0.062644902,15658.537,false
SA_Energy_Dominance_PC80,200,5.532000,0.062663667,15674.281,false
SA_Energy_Dominance_PC80,200,5.520000,0.062672656,15647.556,false
SA_Energy_Dominance_PC80,200,5.860000,0.062477762,15288.627,false
SA_Energy_Dominance_PC80,200,5.680000,0.062615997,15262.461,false
SA_Energy_Dominance_PC80,200,5.694000,0.062573891,15412.690,false
SA_Energy_Dominance_PC80,200,5.892000,0.062456709,15381.252,false
SA_Energy_Dominance_PC80,200,5.858000,0.062521623,15502.871,false
SA_Energy_Dominance_PC80,200,6.274000,0.061939547,15704.208,false
SA_Energy_Dominance_PC80,200,6.184000,0.062109592,15641.454,false
SA_Energy_Dominance_PC80,200,6.292000,0.061892976,15403.040,false
SA_Energy_Dominance_PC80,200,6.300000,0.061853657,15360.623,false
SA_Energy_Dominance_PC80,200,6.462000,0.061833900,15364.893,false
SA_Energy_Dominance_PC80,200,6.486000,0.061802849,15599.010,false
SA_Energy_Dominance_PC80,200,7.030000,0.061768292,15423.266,false
SA_Energy_Dominance_PC80,200,7.054000,0.061758564,15492.394,false
SA_Energy_Dominance_PC80,200,7.006000,0.061797031,15492.394,false
SA_Energy_Dominance_PC80,200,7.062000,0.061605695,15658.120,false
SA_Energy_Dominance_PC80,200,7.090000,0.061474563,15692.114,false
SA_Energy_Dominance_PC80,200,7.132000,0.061424024,15647.844,false
SA_Energy_Dominance_PC80,200,7.248000,0.061406281,15647.844,false
SA_Energy_Dominance_PC80,200,7.286000,0.061401713,15422.776,false
SA_Energy_Dominance_PC80,200,7.324000,0.061020679,15408.859,false
SA_Energy_Dominance_PC80,200,7.368000,0.060979875,15527.655,false
SA_Energy_Dominance_PC80,200,7.290000,0.061040792,15478.558,false
SA_Energy_Dominance_PC80,200,7.492000,0.060938258,15479.574,false
SA_Energy_Dominance_PC80,200,7.514000,0.060933135,15479.574,false
SA_Energy_Dominance_PC80,200,7.642000,0.060915392,15548.705,false
SA_Energy_Dominance_PC80,200,7.718000,0.060876621,15548.705,false
SA_Energy_Dominance_PC80,200,7.804000,0.060837940,15631.379,false
SA_Energy_Dominance_PC80,200,7.912000,0.060827274,15582.333,false
SA_Energy_Dominance_PC80,200,7.878000,0.060836715,15650.708,false
SA_Energy_Dominance_PC80,200,8.168000,0.060656939,15430.803,false
SA_Energy_Dominance_PC80,200,8.212000,0.060652790,15416.064,false
SA_Energy_Dominance_PC80,200,8.256000,0.060651139,15535.780,false
SA_Energy_Dominance_PC80,200,8.290000,0.060630086,15536.042,false
SA_Energy_Dominance_PC80,200,8.444000,0.060355289,15469.914,false
SA_Energy_Dominance_PC80,200,8.398000,0.060374948,15469.914,false
SA_Energy_Dominance_PC80,200,8.350000,0.060407443,15469.914,false
SA_Energy_Dominance_PC80,200,8.456000,0.060288248,15285.213,false
SA_Energy_Dominance_PC80,200,8.302000,0.060459557,15285.213,false
SA_Energy_Dominance_PC80,200,8.622000,0.060254224,15539.535,false
SA_Energy_Dominance_PC80,200,8.670000,0.060228205,15539.797,false
SA_Energy_Dominance_PC80,200,8.800000,0.060217783,15515.897,false
SA_Energy_Dominance_PC80,200,8.864000,0.060175678,15630.505,false
SA_Energy_Dominance_PC80,200,8.932000,0.060160816,15162.904,false
SA_Energy_Dominance_PC80,200,9.018000,0.060153322,15411.117,false
SA_Energy_Dominance_PC80,200,9.060000,0.060152240,15411.117,false
SA_Energy_Dominance_PC80,200,9.112000,0.060152151,15425.927,false
SA_Energy_Dominance_PC80,200,9.138000,0.060101218,15556.087,false
SA_Energy_Dominance_PC80,200,9.214000,0.060064307,15540.343,false
SA_Energy_Dominance_PC80,200,9.278000,0.060008412,15711.066,false
SA_Energy_Dominance_PC80,200,9.344000,0.059937469,15636.010,false
SA_Energy_Dominance_PC80,200,9.472000,0.059786038,15436.387,false
SA_Energy_Dominance_PC80,200,9.516000,0.059549769,15643.618,false
SA_Energy_Dominance_PC80,200,9.528000,0.059349522,15643.618,false
SA_Energy_Dominance_PC80,200,9.610000,0.059335803,15710.650,false
SA_Energy_Dominance_PC80,200,9.684000,0.059258267,15716.174,false
SA_Energy_Dominance_PC80,200,9.738000,0.059192515,15620.830,false
SA_Energy_Dominance_PC80,200,9.884000,0.059176173,15559.328,false
SA_Energy_Dominance_PC80,200,10.036000,0.059173471,15547.506,false
SA_Energy_Dominance_PC80,200,10.246000,0.059150160,15570.162,false
SA_Energy_Dominance_PC80,200,10.318000,0.059139045,15570.162,false
SA_Energy_Dominance_PC80,200,10.436000,0.059102813,15690.924,false
SA_Energy_Dominance_PC80,200,10.522000,0.058981309,15597.513,false
SA_Energy_Dominance_PC80,200,10.526000,0.058918151,15698.103,false
SA_Energy_Dominance_PC80,200,10.606000,0.058897746,15698.103,false
SA_Energy_Dominance_PC80,200,10.796000,0.058896599,15193.875,false
SA_Energy_Dominance_PC80,200,10.874000,0.058506862,14523.090,false
SA_Energy_Dominance_PC80,200,11.028000,0.058286734,15267.335,false
SA_Energy_Dominance_PC80,200,11.014000,0.058419100,15258.956,false
SA_Energy_Dominance_PC80,200,11.146000,0.057808830,15547.655,false
SA_Energy_Dominance_PC80,200,11.464000,0.057128017,15406.471,false
SA_Energy_Dominance_PC80,200,11.392000,0.057170074,15406.471,false
SA_Energy_Dominance_PC80,200,11.660000,0.057092355,15415.639,false
SA_Energy_Dominance_PC80,200,11.564000,0.057122673,15455.947,false
SA_Energy_Dominance_PC80,200,11.738000,0.057088083,15591.060,false
SA_Energy_Dominance_PC80,200,11.176000,0.057340143,15562.156,false
SA_Energy_Dominance_PC80,200,11.916000,0.057084170,15540.807,false
SA_Energy_Dominance_PC80,200,12.068000,0.056895434,15500.098,false
SA_Energy_Dominance_PC80,200,11.976000,0.056907941,15384.525,false
SA_Energy_Dominance_PC80,200,12.092000,0.056800909,15660.449,false
SA_Energy_Dominance_PC80,200,12.196000,0.056764576,15490.188,false
SA_Energy_Dominance_PC80,200,12.386000,0.056482419,15093.806,false
SA_Energy_Dominance_PC80,200,12.620000,0.056430159,15418.515,false
SA_Energy_Dominance_PC80,200,12.460000,0.056470663,15291.078,false
SA_Energy_Dominance_PC80,200,12.718000,0.056427457,15402.841,false
SA_Energy_Dominance_PC80,200,12.982000,0.056412929,15136.692,false
SA_Energy_Dominance_PC80,200,13.274000,0.056205314,15213.229,false
SA_Energy_Dominance_PC80,200,13.462000,0.056179538,15122.155,false
SA_Energy_Dominance_PC80,200,13.124000,0.056244806,14905.538,false
SA_Energy_Dominance_PC80,200,13.558000,0.056175748,14794.598,false
SA_Energy_Dominance_PC80,200,13.642000,0.056082760,14741.602,false
SA_Energy_Dominance_PC80,200,13.808000,0.055624252,15702.883,false
SA_Energy_Dominance_PC80,200,13.656000,0.055624252,15702.883,false
SA_Energy_Dominance_PC80,200,14.302000,0.055487658,15400.222,false
SA_Energy_Dominance_PC80,200,14.616000,0.055418187,15396.875,false
SA_Energy_Dominance_PC80,200,14.448000,0.055454273,15420.480,false
SA_Energy_Dominance_PC80,200,14.798000,0.055409711,15379.806,false
SA_Energy_Dominance_PC80,200,14.974000,0.055388267,15309.844,false
SA_Energy_Dominance_PC80,200,15.116000,0.055369472,15288.495,false
SA_Energy_Dominance_PC80,200,15.276000,0.055369472,15269.672,false
SA_Energy_Dominance_PC80,200,15.390000,0.055334965,15618.960,false
SA_Energy_Dominance_PC80,200,15.542000,0.055296098,15533.870,false
SA_Energy_Dominance_PC80,200,15.710000,0.055263153,15433.158,false
SA_Energy_Dominance_PC80,200,15.940000,0.055188219,15362.053,false
SA_Energy_Dominance_PC80,200,16.024000,0.052515056,12270.082,false
SA_Energy_Dominance_PC80,200,16.158000,0.052412654,12440.287,false
SA_Energy_Dominance_PC80,200,16.344000,0.052389456,12352.508,false
SA_Energy_Dominance_PC80,200,16.468000,0.052383403,12343.560,false
SA_Energy_Dominance_PC80,200,16.772000,0.052381789,11958.981,false
SA_Energy_Dominance_PC80,201,4.720000,0.063641346,15696.831,false
SA_Energy_Dominance_PC80,201,4.762000,0.063622568,15696.831,false
SA_Energy_Dominance_PC80,201,4.630000,0.064037530,15696.963,false
SA_Energy_Dominance_PC80,201,4.698000,0.063859156,15689.617,false
SA_Energy_Dominance_PC80,201,4.660000,0.063880209,15689.617,false
SA_Energy_Dominance_PC80,201,4.680000,0.063864965,15689.617,false
SA_Energy_Dominance_PC80,201,5.640000,0.063359398,15681.632,false
SA_Energy_Dominance_PC80,201,5.776000,0.063166853,15654.394,false
SA_Energy_Dominance_PC80,201,7.606000,0.063103750,15650.241,false
SA_Energy_Dominance_PC80,201,7.696000,0.063068314,15649.262,false
SA_Energy_Dominance_PC80,201,7.854000,0.063014379,15649.262,false
SA_Energy_Dominance_PC80,201,7.754000,0.063063709,15711.135,false
SA_Energy_Dominance_PC80,201,7.650000,0.063083149,15599.526,false
SA_Energy_Dominance_PC80,201,7.844000,0.063060795,15591.710,false
SA_Energy_Dominance_PC80,201,7.992000,0.062980475,15484.363,false
SA_Energy_Dominance_PC80,201,8.090000,0.062971911,15597.435,false
SA_Energy_Dominance_PC80,201,8.118000,0.062950858,15618.436,false
SA_Energy_Dominance_PC80,201,8.234000,0.062232675,15665.966,false
SA_Energy_Dominance_PC80,201,8.120000,0.062311641,15665.966,false
SA_Energy_Dominance_PC80,201,8.274000,0.062211622,15665.966,false
SA_Energy_Dominance_PC80,201,8.282000,0.062111379,15714.084,false
SA_Energy_Dominance_PC80,201,8.332000,0.062100993,15714.084,false
SA_Energy_Dominance_PC80,201,8.278000,0.062141958,15714.084,false
SA_Energy_Dominance_PC80,201,8.378000,0.062079940,15714.084,false
SA_Energy_Dominance_PC80,201,8.546000,0.062058887,15669.814,false
SA_Energy_Dominance_PC80,201,8.698000,0.061838893,15669.814,false
SA_Energy_Dominance_PC80,201,8.648000,0.061877446,15706.196,false
SA_Energy_Dominance_PC80,201,8.734000,0.061695179,15656.512,false
SA_Energy_Dominance_PC80,201,8.846000,0.061366891,15674.643,false
SA_Energy_Dominance_PC80,201,8.884000,0.061324367,15663.434,false
SA_Energy_Dominance_PC80,201,8.894000,0.061255462,15557.103,false
SA_Energy_Dominance_PC80,201,9.284000,0.061255462,15624.136,false
SA_Energy_Dominance_PC80,201,9.732000,0.060456257,15540.337,false
SA_Energy_Dominance_PC80,201,9.844000,0.059992107,15621.776,false
SA_Energy_Dominance_PC80,201,9.900000,0.059810441,15712.084,false
SA_Energy_Dominance_PC80,201,10.020000,0.059561439,15555.283,false
SA_Energy_Dominance_PC80,201,10.108000,0.059551115,15498.905,false
SA_Energy_Dominance_PC80,201,9.932000,0.059606521,15525.589,false
SA_Energy_Dominance_PC80,201,10.204000,0.059550978,15398.152,false
SA_Energy_Dominance_PC80,201,10.288000,0.059541449,15398.152,false
SA_Energy_Dominance_PC80,201,10.388000,0.059404218,15409.773,false
SA_Energy_Dominance_PC80,201,10.650000,0.059380979,15409.773,false
SA_Energy_Dominance_PC80,201,10.520000,0.059402221,15270.535,false
SA_Energy_Dominance_PC80,201,10.758000,0.059270753,15117.883,false
SA_Energy_Dominance_PC80,201,10.782000,0.059182859,15705.557,false
SA_Energy_Dominance_PC80,201,11.214000,0.058750515,15511.578,false
SA_Energy_Dominance_PC80,201,11.208000,0.058816343,15511.578,false
SA_Energy_Dominance_PC80,201,11.288000,0.057632101,15260.192,false
SA_Energy_Dominance_PC80,201,11.750000,0.057589995,15349.412,false
SA_Energy_Dominance_PC80,201,11.556000,0.057615771,15351.227,false
SA_Energy_Dominance_PC80,201,12.024000,0.057585345,15701.637,false
SA_Energy_Dominance_PC80,201,12.254000,0.057524699,15604.675,false
SA_Energy_Dominance_PC80,201,12.466000,0.057353692,15547.390,false
SA_Energy_Dominance_PC80,201,12.482000,0.057248800,15455.211,false
SA_Energy_Dominance_PC80,201,12.696000,0.057224985,15453.243,false
SA_Energy_Dominance_PC80,201,12.850000,0.057206209,15300.022,false
SA_Energy_Dominance_PC80,201,13.188000,0.057200065,15098.224,false
SA_Energy_Dominance_PC80,201,13.450000,0.057136687,14967.616,false
SA_Energy_Dominance_PC80,201,13.550000,0.057110891,14884.355,false
SA_Energy_Dominance_PC80,201,13.678000,0.057091874,14884.094,false
SA_Energy_Dominance_PC80,201,13.830000,0.057046869,14886.062,false
SA_Energy_Dominance_PC80,201,14.024000,0.057014215,15122.619,false
SA_Energy_Dominance_PC80,201,14.240000,0.056769080,15320.209,false
SA_Energy_Dominance_PC80,201,14.370000,0.056732332,15225.856,false
SA_Energy_Dominance_PC80,201,14.704000,0.056730212,15141.271,false
SA_Energy_Dominance_PC80,201,14.912000,0.055551489,14339.249,false
SA_Energy_Dominance_PC80,201,15.074000,0.055531863,14339.249,false
SA_Energy_Dominance_PC80,201,14.790000,0.055717087,14580.286,false
SA_Energy_Dominance_PC80,201,15.272000,0.055530539,14718.597,false
SA_Energy_Dominance_PC80,201,15.648000,0.055244866,14787.601,false
SA_Energy_Dominance_PC80,201,15.402000,0.055264833,14936.387,false
SA_Energy_Dominance_PC80,201,15.812000,0.055239240,14864.720,false
SA_Energy_Dominance_PC80,201,15.934000,0.055235986,14964.379,false
SA_Energy_Dominance_PC80,201,16.236000,0.055141684,14133.089,false
SA_Energy_Dominance_PC80,201,16.548000,0.055120502,14131.225,false
SA_Energy_Dominance_PC80,201,16.660000,0.054980472,13801.173,false
SA_Energy_Dominance_PC80,201,16.830000,0.054789678,14669.088,false
SA_Energy_Dominance_PC80,201,16.958000,0.054779971,14852.141,false
SA_Energy_Dominance_PC80,201,17.192000,0.054628660,14267.167,false
SA_Energy_Dominance_PC80,201,17.372000,0.054617872,14267.167,false
SA_Energy_Dominance_PC80,201,16.986000,0.054681031,14267.167,false
SA_Energy_Dominance_PC80,201,17.704000,0.054572359,14289.119,false
SA_Energy_Dominance_PC80,201,17.840000,0.054533563,14269.185,false
SA_Energy_Dominance_PC80,201,18.050000,0.054516411,14480.285,false
SA_Energy_Dominance_PC80,201,18.242000,0.054490645,14303.822,false
SA_Energy_Dominance_PC80,201,19.390000,0.052364996,12221.753,false
SA_Energy_Dominance_PC80,201,18.656000,0.052367014,12562.654,false
SA_Energy_Dominance_PC80,201,18.480000,0.052374277,12311.983,false
SA_Energy_Dominance_PC80,201,18.998000,0.052365400,12125.112,false
SA_Energy_Dominance_PC80,201,18.330000,0.052524891,11798.695,false
SA_Energy_Dominance_PC80,202,5.020000,0.063193568,15703.819,false
SA_Energy_Dominance_PC80,202,4.964000,0.063198432,15536.212,false
SA_Energy_Dominance_PC80,202,4.948000,0.063684764,15657.474,false
SA_Energy_Dominance_PC80,202,4.950000,0.063296073,15709.024,false
SA_Energy_Dominance_PC80,202,5.924000,0.062514752,15518.375,false
SA_Energy_Dominance_PC80,202,5.726000,0.062635789,15406.563,false
SA_Energy_Dominance_PC80,202,5.740000,0.062619419,15556.493,false
SA_Energy_Dominance_PC80,202,5.714000,0.062761655,15706.199,false
SA_Energy_Dominance_PC80,202,5.894000,0.062607335,15718.784,false
SA_Energy_Dominance_PC80,202,5.876000,0.062613981,15714.884,false
SA_Energy_Dominance_PC80,202,5.958000,0.062514053,15373.399,false
SA_Energy_Dominance_PC80,202,6.040000,0.062405509,15498.703,false
SA_Energy_Dominance_PC80,202,6.064000,0.062401500,15605.770,false
SA_Energy_Dominance_PC80,202,6.070000,0.062332031,15637.211,false
SA_Energy_Dominance_PC80,202,6.204000,0.062310748,15372.859,false
SA_Energy_Dominance_PC80,202,6.214000,0.062289695,15372.859,false
SA_Energy_Dominance_PC80,202,6.384000,0.061982327,15702.944,false
SA_Energy_Dominance_PC80,202,6.310000,0.062004619,15701.941,false
SA_Energy_Dominance_PC80,202,6.264000,0.062141223,15718.491,false
SA_Energy_Dominance_PC80,202,6.902000,0.061901378,15719.444,false
SA_Energy_Dominance_PC80,202,6.988000,0.061546306,15654.779,false
SA_Energy_Dominance_PC80,202,7.126000,0.061448223,15642.633,false
SA_Energy_Dominance_PC80,202,7.162000,0.061382000,15691.730,false
SA_Energy_Dominance_PC80,202,7.034000,0.061531356,15517.770,false
SA_Energy_Dominance_PC80,202,7.272000,0.061294228,15495.779,false
SA_Energy_Dominance_PC80,202,7.330000,0.061206112,15711.505,false
SA_Energy_Dominance_PC80,202,7.376000,0.061185059,15711.505,false
SA_Energy_Dominance_PC80,202,7.452000,0.061157609,15701.488,false
SA_Energy_Dominance_PC80,202,8.696000,0.060144382,15236.985,false
SA_Energy_Dominance_PC80,202,8.858000,0.060079595,15281.089,false
SA_Energy_Dominance_PC80,202,8.466000,0.060493233,15132.625,false
SA_Energy_Dominance_PC80,202,9.042000,0.059421578,15574.013,false
SA_Energy_Dominance_PC80,202,9.046000,0.059011770,15716.870,false
SA_Energy_Dominance_PC80,202,9.554000,0.058308562,15717.734,false
SA_Energy_Dominance_PC80,202,9.706000,0.057964446,15508.282,false
SA_Energy_Dominance_PC80,202,9.638000,0.057987481,15484.387,false
SA_Energy_Dominance_PC80,202,9.760000,0.057901327,15546.323,false
SA_Energy_Dominance_PC80,202,9.922000,0.057668110,15601.077,false
SA_Energy_Dominance_PC80,202,10.192000,0.057509969,15601.077,false
SA_Energy_Dominance_PC80,202,10.050000,0.057599648,15601.077,false
SA_Energy_Dominance_PC80,202,10.118000,0.057582688,15691.553,false
SA_Energy_Dominance_PC80,202,10.322000,0.057486078,15389.568,false
SA_Energy_Dominance_PC80,202,10.436000,0.057399470,15265.244,false
SA_Energy_Dominance_PC80,202,10.654000,0.056896503,15582.880,false
SA_Energy_Dominance_PC80,202,10.456000,0.057022819,15639.936,false
SA_Energy_Dominance_PC80,202,10.552000,0.056962453,15411.449,false
SA_Energy_Dominance_PC80,202,10.848000,0.056833248,15378.606,false
SA_Energy_Dominance_PC80,202,11.076000,0.056759173,15405.331,false
SA_Energy_Dominance_PC80,202,10.928000,0.056774110,15410.207,false
SA_Energy_Dominance_PC80,202,11.138000,0.056735933,15405.331,false
SA_Energy_Dominance_PC80,202,11.346000,0.056716274,15214.806,false
SA_Energy_Dominance_PC80,202,11.408000,0.056604679,15011.324,false
SA_Energy_Dominance_PC80,202,11.858000,0.056452876,15544.260,false
SA_Energy_Dominance_PC80,202,11.902000,0.056241659,15256.994,false
SA_Energy_Dominance_PC80,202,11.972000,0.056148223,15313.843,false
SA_Energy_Dominance_PC80,202,12.216000,0.056122609,15288.140,false
SA_Energy_Dominance_PC80,202,11.524000,0.056510922,15433.252,false
SA_Energy_Dominance_PC80,202,12.306000,0.056107672,15433.252,false
SA_Energy_Dominance_PC80,202,12.386000,0.056105485,15520.778,false
SA_Energy_Dominance_PC80,202,12.470000,0.056091830,15512.137,false
SA_Energy_Dominance_PC80,202,12.674000,0.056087557,15537.218,false
SA_Energy_Dominance_PC80,202,12.784000,0.056042840,15363.228,false
SA_Energy_Dominance_PC80,202,12.996000,0.056022139,15363.228,false
SA_Energy_Dominance_PC80,202,13.112000,0.055997258,15611.449,false
SA_Energy_Dominance_PC80,202,13.202000,0.055949046,15442.472,false
SA_Energy_Dominance_PC80,202,13.298000,0.055940010,15421.123,false
SA_Energy_Dominance_PC80,202,13.430000,0.055860681,15534.211,false
SA_Energy_Dominance_PC80,202,13.454000,0.055729817,15400.107,false
SA_Energy_Dominance_PC80,202,13.692000,0.055647137,15057.016,false
SA_Energy_Dominance_PC80,202,13.868000,0.055485748,15197.206,false
SA_Energy_Dominance_PC80,202,13.974000,0.055443836,15197.206,false
SA_Energy_Dominance_PC80,202,14.138000,0.055436367,15197.206,false
SA_Energy_Dominance_PC80,202,14.198000,0.055334566,15509.712,false
SA_Energy_Dominance_PC80,202,14.334000,0.055327303,15513.968,false
SA_Energy_Dominance_PC80,202,14.516000,0.055206892,15393.000,false
SA_Energy_Dominance_PC80,202,14.676000,0.055077281,15679.684,false
SA_Energy_Dominance_PC80,202,14.990000,0.055016939,15559.137,false
SA_Energy_Dominance_PC80,202,15.206000,0.055002208,15414.641,false
SA_Energy_Dominance_PC80,202,15.296000,0.054730070,15198.422,false
SA_Energy_Dominance_PC80,202,15.428000,0.054668724,15023.479,false
SA_Energy_Dominance_PC80,202,15.588000,0.054662671,15037.726,false
SA_Energy_Dominance_PC80,202,15.890000,0.054653543,15055.565,false
SA_Energy_Dominance_PC80,202,16.300000,0.052047693,11519.025,false
SA_Energy_Dominance_PC80,202,15.964000,0.053121385,11534.955,false
SA_Energy_Dominance_PC80,202,16.066000,0.052334596,11992.738,false
SA_Energy_Dominance_PC80,202,16.700000,0.052046079,12680.577,false
SA_Energy_Dominance_PC80,202,16.076000,0.052080486,12313.396,false
SA_Energy_Dominance_PC80,202,16.542000,0.052047693,12649.419,false
SA_Energy_Dominance_PC80,203,5.122000,0.064827039,15639.987,false
SA_Energy_Dominance_PC80,203,5.104000,0.064831918,15699.152,false
SA_Energy_Dominance_PC80,203,8.760000,0.063304551,15667.129,false
SA_Energy_Dominance_PC80,203,8.836000,0.063259516,15623.222,false
SA_Energy_Dominance_PC80,203,8.750000,0.063433063,15599.322,false
SA_Energy_Dominance_PC80,203,8.748000,0.063755862,15628.936,false
SA_Energy_Dominance_PC80,203,7.876000,0.063832256,15710.887,false
SA_Energy_Dominance_PC80,203,7.788000,0.064019363,15661.539,false
SA_Energy_Dominance_PC80,203,7.770000,0.064081845,15702.644,false
SA_Energy_Dominance_PC80,203,7.186000,0.064560143,15701.049,false
SA_Energy_Dominance_PC80,203,7.184000,0.064578954,15639.982,false
SA_Energy_Dominance_PC80,203,7.240000,0.064556662,15639.982,false
SA_Energy_Dominance_PC80,203,7.052000,0.064660460,15716.978,false
SA_Energy_Dominance_PC80,203,7.668000,0.064092965,15590.412,false
SA_Energy_Dominance_PC80,203,7.636000,0.064114018,15653.321,false
SA_Energy_Dominance_PC80,203,7.618000,0.064198229,15653.321,false
SA_Energy_Dominance_PC80,203,7.604000,0.064295909,15649.012,false
SA_Energy_Dominance_PC80,203,7.612000,0.064223788,15687.358,false
SA_Energy_Dominance_PC80,203,9.300000,0.063214664,15388.709,false
SA_Energy_Dominance_PC80,203,9.394000,0.063154816,15477.147,false
SA_Energy_Dominance_PC80,203,9.450000,0.063133164,15433.240,false
SA_Energy_Dominance_PC80,203,9.606000,0.063113407,15600.070,false
SA_Energy_Dominance_PC80,203,9.648000,0.063091205,15428.249,false
SA_Energy_Dominance_PC80,203,9.778000,0.062412590,15496.501,false
SA_Energy_Dominance_PC80,203,9.666000,0.062520106,15496.501,false
SA_Energy_Dominance_PC80,203,9.756000,0.062450143,15439.652,false
SA_Energy_Dominance_PC80,203,9.722000,0.062504078,15441.747,false
SA_Energy_Dominance_PC80,203,9.838000,0.061290432,15612.559,false
SA_Energy_Dominance_PC80,203,9.984000,0.061259382,15701.969,false
SA_Energy_Dominance_PC80,203,9.812000,0.061510373,15565.891,false
SA_Energy_Dominance_PC80,203,9.998000,0.061203997,15674.446,false
SA_Energy_Dominance_PC80,203,10.088000,0.061128664,15671.905,false
SA_Energy_Dominance_PC80,203,10.086000,0.061170122,15671.905,false
SA_Energy_Dominance_PC80,203,10.182000,0.060997676,15674.397,false
SA_Energy_Dominance_PC80,203,10.220000,0.060881905,15672.167,false
SA_Energy_Dominance_PC80,203,10.382000,0.060796431,15672.167,false
SA_Energy_Dominance_PC80,203,10.334000,0.060870700,15648.273,false
SA_Energy_Dominance_PC80,203,10.944000,0.060591974,15523.382,false
SA_Energy_Dominance_PC80,203,10.988000,0.060478133,15453.279,false
SA_Energy_Dominance_PC80,203,11.012000,0.060386037,15509.976,false
SA_Energy_Dominance_PC80,203,10.508000,0.060696580,15665.007,false
SA_Energy_Dominance_PC80,203,11.136000,0.060246865,15665.007,false
SA_Energy_Dominance_PC80,203,11.168000,0.060191228,15670.655,false
SA_Energy_Dominance_PC80,203,11.488000,0.059996745,15335.739,false
SA_Energy_Dominance_PC80,203,11.586000,0.059947416,15625.485,false
SA_Energy_Dominance_PC80,203,11.664000,0.059944713,15625.485,false
SA_Energy_Dominance_PC80,203,11.830000,0.059936453,15472.809,false
SA_Energy_Dominance_PC80,203,11.906000,0.059858315,15472.809,false
SA_Energy_Dominance_PC80,203,11.968000,0.059779080,15468.972,false
SA_Energy_Dominance_PC80,203,12.052000,0.059636493,15585.127,false
SA_Energy_Dominance_PC80,203,12.266000,0.059568318,15491.351,false
SA_Energy_Dominance_PC80,203,12.344000,0.059557203,15341.882,false
SA_Energy_Dominance_PC80,203,12.726000,0.059554945,15537.039,false
SA_Energy_Dominance_PC80,203,13.008000,0.059468071,15537.039,false
SA_Energy_Dominance_PC80,203,12.916000,0.059470335,15463.180,false
SA_Energy_Dominance_PC80,203,13.076000,0.059332972,15393.057,false
SA_Energy_Dominance_PC80,203,13.196000,0.056860262,14468.965,false
SA_Energy_Dominance_PC80,203,13.172000,0.057167413,14468.965,false
SA_Energy_Dominance_PC80,203,13.294000,0.056750689,14500.514,false
SA_Energy_Dominance_PC80,203,13.428000,0.056708632,14479.705,false
SA_Energy_Dominance_PC80,203,13.558000,0.056682334,14978.199,false
SA_Energy_Dominance_PC80,203,13.708000,0.056628453,14879.334,false
SA_Energy_Dominance_PC80,203,13.780000,0.056472383,14745.773,false
SA_Energy_Dominance_PC80,203,13.934000,0.056401374,14693.479,false
SA_Energy_Dominance_PC80,203,14.110000,0.056378095,14672.131,false
SA_Energy_Dominance_PC80,203,14.202000,0.056268471,14939.045,false
SA_Energy_Dominance_PC80,203,14.302000,0.056217420,14946.574,false
SA_Energy_Dominance_PC80,203,14.594000,0.056202566,14332.184,false
SA_Energy_Dominance_PC80,203,14.700000,0.056168542,14332.184,false
SA_Energy_Dominance_PC80,203,14.822000,0.056159574,14069.633,false
SA_Energy_Dominance_PC80,203,14.924000,0.056118717,14008.719,false
SA_Energy_Dominance_PC80,203,15.252000,0.056118717,14036.241,false
SA_Energy_Dominance_PC80,203,15.458000,0.055357299,13993.424,false
SA_Energy_Dominance_PC80,203,15.278000,0.055499623,13799.607,false
SA_Energy_Dominance_PC80,203,15.578000,0.055307805,13755.129,false
SA_Energy_Dominance_PC80,203,15.736000,0.055216514,13758.831,false
SA_Energy_Dominance_PC80,203,16.284000,0.055214337,13344.958,false
SA_Energy_Dominance_PC80,203,16.404000,0.055203165,13200.462,false
SA_Energy_Dominance_PC80,203,16.548000,0.055197920,13178.792,false
SA_Energy_Dominance_PC80,203,16.704000,0.055169952,13489.997,false
SA_Energy_Dominance_PC80,203,16.930000,0.055116637,13881.495,false
SA_Energy_Dominance_PC80,203,17.378000,0.055049078,13437.929,false
SA_Energy_Dominance_PC80,203,17.400000,0.054912690,13657.564,false
SA_Energy_Dominance_PC80,203,17.566000,0.054816481,13702.457,false
SA_Energy_Dominance_PC80,203,17.760000,0.054742223,13730.451,false
SA_Energy_Dominance_PC80,203,18.552000,0.054721170,13639.914,false
SA_Energy_Dominance_PC80,203,18.698000,0.054716191,13678.924,false
SA_Energy_Dominance_PC80,203,18.966000,0.052748178,10226.755,false
SA_Energy_Dominance_PC80,203,18.806000,0.052769806,10114.744,false
SA_Energy_Dominance_PC80,203,18.784000,0.052917636,10186.410,false
SA_Energy_Dominance_PC80,203,19.366000,0.052735958,10026.568,false
SA_Energy_Dominance_PC80,203,19.160000,0.052739590,10144.683,false
SA_Energy_Dominance_PC80,203,19.700000,0.052718926,9365.254,false
SA_Energy_Dominance_PC80,203,19.864000,0.052714777,9429.229,false
SA_Energy_Dominance_PC80,203,20.096000,0.052712356,9424.848,false
SA_Energy_Dominance_PC80,204,5.318000,0.064701184,15661.981,false
SA_Energy_Dominance_PC80,204,5.178000,0.064783543,15706.356,false
SA_Energy_Dominance_PC80,204,5.132000,0.064795391,15469.318,false
SA_Energy_Dominance_PC80,204,5.236000,0.064712240,15445.397,false
SA_Energy_Dominance_PC80,204,5.200000,0.064724148,15495.572,false
SA_Energy_Dominance_PC80,204,5.288000,0.064705332,15487.773,false
SA_Energy_Dominance_PC80,204,5.762000,0.063561790,15719.393,false
SA_Energy_Dominance_PC80,204,5.838000,0.063546623,15719.393,false
SA_Energy_Dominance_PC80,204,5.854000,0.063538576,15649.937,false
SA_Energy_Dominance_PC80,204,5.942000,0.063436076,15660.782,false
SA_Energy_Dominance_PC80,204,5.976000,0.063115067,15660.782,false
SA_Energy_Dominance_PC80,204,5.952000,0.063361895,15715.891,false
SA_Energy_Dominance_PC80,204,6.786000,0.062936375,15556.579,false
SA_Energy_Dominance_PC80,204,6.612000,0.062965904,15556.579,false
SA_Energy_Dominance_PC80,204,6.856000,0.062888472,15676.628,false
SA_Energy_Dominance_PC80,204,6.844000,0.062909525,15684.651,false
SA_Energy_Dominance_PC80,204,6.996000,0.062882859,15624.373,false
SA_Energy_Dominance_PC80,204,7.016000,0.062867736,15476.029,false
SA_Energy_Dominance_PC80,204,7.240000,0.062864455,15476.029,false
SA_Energy_Dominance_PC80,204,7.276000,0.062848924,15476.029,false
SA_Energy_Dominance_PC80,204,7.408000,0.062754014,15463.032,false
SA_Energy_Dominance_PC80,204,7.446000,0.062642240,15407.181,false
SA_Energy_Dominance_PC80,204,7.436000,0.062718914,15463.351,false
SA_Energy_Dominance_PC80,204,7.540000,0.062418647,15679.586,false
SA_Energy_Dominance_PC80,204,7.572000,0.062312913,15679.586,false
SA_Energy_Dominance_PC80,204,7.870000,0.062133812,15547.986,false
SA_Energy_Dominance_PC80,204,7.910000,0.062119213,15623.605,false
SA_Energy_Dominance_PC80,204,7.846000,0.062242522,15630.119,false
SA_Energy_Dominance_PC80,204,7.946000,0.062093979,15630.119,false
SA_Energy_Dominance_PC80,204,8.156000,0.062060705,15673.385,false
SA_Energy_Dominance_PC80,204,8.160000,0.062021519,15705.293,false
SA_Energy_Dominance_PC80,204,8.166000,0.061909397,15705.293,false
SA_Energy_Dominance_PC80,204,8.268000,0.061639756,15639.098,false
SA_Energy_Dominance_PC80,204,8.220000,0.061669955,15639.098,false
SA_Energy_Dominance_PC80,204,8.320000,0.061611044,15683.952,false
SA_Energy_Dominance_PC80,204,8.386000,0.061589150,15605.074,false
SA_Energy_Dominance_PC80,204,8.450000,0.061589053,15542.019,false
SA_Energy_Dominance_PC80,204,8.510000,0.061512388,15714.731,false
SA_Energy_Dominance_PC80,204,8.616000,0.061142569,15711.498,false
SA_Energy_Dominance_PC80,204,8.564000,0.061363112,15584.061,false
SA_Energy_Dominance_PC80,204,8.650000,0.061053798,15708.628,false
SA_Energy_Dominance_PC80,204,8.700000,0.060998436,15651.694,false
SA_Energy_Dominance_PC80,204,8.958000,0.060950138,15718.323,false
SA_Energy_Dominance_PC80,204,9.140000,0.060570275,15461.427,false
SA_Energy_Dominance_PC80,204,9.244000,0.060559396,15461.427,false
SA_Energy_Dominance_PC80,204,9.056000,0.060669567,15637.762,false
SA_Energy_Dominance_PC80,204,9.456000,0.060040468,15634.804,false
SA_Energy_Dominance_PC80,204,9.292000,0.060119584,15715.552,false
SA_Energy_Dominance_PC80,204,9.468000,0.059967780,15684.027,false
SA_Energy_Dominance_PC80,204,9.894000,0.059916105,15684.027,false
SA_Energy_Dominance_PC80,204,10.174000,0.059814392,15547.993,false
SA_Energy_Dominance_PC80,204,10.226000,0.059786343,15503.423,false
SA_Energy_Dominance_PC80,204,10.070000,0.059848898,15630.860,false
SA_Energy_Dominance_PC80,204,10.382000,0.059783024,15503.423,false
SA_Energy_Dominance_PC80,204,10.476000,0.059697768,15520.887,false
SA_Energy_Dominance_PC80,204,10.810000,0.059400766,15559.748,false
SA_Energy_Dominance_PC80,204,10.550000,0.059433651,15609.626,false
SA_Energy_Dominance_PC80,204,10.914000,0.059368262,15593.804,false
SA_Energy_Dominance_PC80,204,10.934000,0.059126082,15419.529,false
SA_Energy_Dominance_PC80,204,11.156000,0.058890355,15377.941,false
SA_Energy_Dominance_PC80,204,11.278000,0.058661745,15290.146,false
SA_Energy_Dominance_PC80,204,11.568000,0.058584511,15220.945,false
SA_Energy_Dominance_PC80,204,11.698000,0.058573320,15202.023,false
SA_Energy_Dominance_PC80,204,11.804000,0.058545663,15142.818,false
SA_Energy_Dominance_PC80,204,11.854000,0.058394990,15413.725,false
SA_Energy_Dominance_PC80,204,12.020000,0.058389182,15181.703,false
SA_Energy_Dominance_PC80,204,12.096000,0.058343352,15639.899,false
SA_Energy_Dominance_PC80,204,12.104000,0.057789825,15706.818,false
SA_Energy_Dominance_PC80,204,12.302000,0.057762629,15706.818,false
SA_Energy_Dominance_PC80,204,12.430000,0.057694302,15470.343,false
SA_Energy_Dominance_PC80,204,12.514000,0.057681539,15341.755,false
SA_Energy_Dominance_PC80,204,12.644000,0.057583801,15364.839,false
SA_Energy_Dominance_PC80,204,13.170000,0.057497453,15243.884,false
SA_Energy_Dominance_PC80,204,13.304000,0.057476068,15310.917,false
SA_Energy_Dominance_PC80,204,13.366000,0.057305358,15567.925,false
SA_Energy_Dominance_PC80,204,13.388000,0.056250615,14499.780,false
SA_Energy_Dominance_PC80,204,13.754000,0.055923039,14758.374,false
SA_Energy_Dominance_PC80,204,13.656000,0.055950546,14758.374,false
SA_Energy_Dominance_PC80,204,13.930000,0.055922142,14761.715,false
SA_Energy_Dominance_PC80,204,14.172000,0.055854421,14710.633,false
SA_Energy_Dominance_PC80,204,14.288000,0.055809615,14712.277,false
SA_Energy_Dominance_PC80,204,14.602000,0.055792006,14696.533,false
SA_Energy_Dominance_PC80,204,14.654000,0.055353320,15602.967,false
SA_Energy_Dominance_PC80,204,14.840000,0.055275146,15509.953,false
SA_Energy_Dominance_PC80,204,14.946000,0.055254094,15300.099,false
SA_Energy_Dominance_PC80,204,15.164000,0.055108076,14997.244,false
SA_Energy_Dominance_PC80,204,15.102000,0.055244483,14844.742,false
SA_Energy_Dominance_PC80,204,15.280000,0.055054519,14844.742,false
SA_Energy_Dominance_PC80,204,15.396000,0.055049540,14849.619,false
SA_Energy_Dominance_PC80,204,15.776000,0.055047963,14867.145,false
SA_Energy_Dominance_PC80,204,15.922000,0.054887745,15237.176,false
SA_Energy_Dominance_PC80,204,16.010000,0.054719323,15237.176,false
SA_Energy_Dominance_PC80,204,16.326000,0.054682729,15235.208,false
SA_Energy_Dominance_PC80,204,17.022000,0.054067226,14432.504,false
SA_Energy_Dominance_PC80,204,16.536000,0.054144274,14654.808,false
SA_Energy_Dominance_PC80,204,17.128000,0.053724675,14620.390,false
SA_Energy_Dominance_PC80,204,17.318000,0.053072436,12797.868,false
SA_Energy_Dominance_PC80,204,17.584000,0.052977450,12807.226,false
SA_Energy_Dominance_PC80,204,17.724000,0.052963047,12879.446,false
SA_Energy_Dominance_PC80,204,17.878000,0.052960626,12800.134,false
SA_Energy_Dominance_PC80,204,18.448000,0.052918340,12722.555,false
SA_Energy_Dominance_PC80,204,18.302000,0.052941651,12619.748,false
SA_Energy_Dominance_PC80,204,18.742000,0.052906905,12749.317,false
SA_Energy_Dominance_PC80,204,19.030000,0.052862676,13065.474,false
SA_Energy_Dominance_PC80,204,19.174000,0.052854629,12776.033,false
SA_Energy_Dominance_PC80,204,19.708000,0.052653676,13021.766,false
SA_Energy_Dominance_PC80,204,19.484000,0.052664800,13007.261,false
SA_Energy_Dominance_PC80,204,19.912000,0.052612843,13527.677,false
SA_Energy_Dominance_PC80,204,20.088000,0.052607597,13496.906,false
SA_Energy_Dominance_PC80,204,20.160000,0.051097284,12176.853,false
SA_Energy_Dominance_PC80,204,20.344000,0.051056752,12682.341,false
SA_Energy_Dominance_PC80,204,20.522000,0.050657280,11525.218,false
SA_Energy_Dominance_PC80,204,20.470000,0.050856449,11498.604,false
SA_Energy_Dominance_PC80,204,20.770000,0.050623256,11374.264,false
SA_Energy_Dominance_PC80,204,21.560000,0.050617607,11619.180,false
SA_Energy_Dominance_PC80,204,21.142000,0.050619625,11732.050,false
SA_Energy_Dominance_PC80,205,4.826000,0.064208821,15699.638,false
SA_Energy_Dominance_PC80,205,4.810000,0.064244520,15699.638,false
SA_Energy_Dominance_PC80,205,4.784000,0.064291999,15703.140,false
SA_Energy_Dominance_PC80,205,4.770000,0.064398413,15563.150,false
SA_Energy_Dominance_PC80,205,4.794000,0.064288388,15583.554,false
SA_Energy_Dominance_PC80,205,4.908000,0.064105477,15644.616,false
SA_Energy_Dominance_PC80,205,4.926000,0.063943177,15662.455,false
SA_Energy_Dominance_PC80,205,4.946000,0.063935230,15639.897,false
SA_Energy_Dominance_PC80,205,4.982000,0.063681051,15475.691,false
SA_Energy_Dominance_PC80,205,5.136000,0.063645496,15401.377,false
SA_Energy_Dominance_PC80,205,5.050000,0.063648419,15700.931,false
SA_Energy_Dominance_PC80,205,5.220000,0.063638359,15680.045,false
SA_Energy_Dominance_PC80,205,5.238000,0.063578069,15568.473,false
SA_Energy_Dominance_PC80,205,5.292000,0.063377915,15309.082,false
SA_Energy_Dominance_PC80,205,5.372000,0.063316753,15278.095,false
SA_Energy_Dominance_PC80,205,5.456000,0.063266247,15373.364,false
SA_Energy_Dominance_PC80,205,5.480000,0.063250173,15610.821,false
SA_Energy_Dominance_PC80,205,5.482000,0.063205935,15719.678,false
SA_Energy_Dominance_PC80,205,5.626000,0.062788570,15614.151,false
SA_Energy_Dominance_PC80,205,5.632000,0.062768468,15610.315,false
SA_Energy_Dominance_PC80,205,5.932000,0.062765688,15511.091,false
SA_Energy_Dominance_PC80,205,8.060000,0.062757188,15350.525,false
SA_Energy_Dominance_PC80,205,8.186000,0.062588114,15477.423,false
SA_Energy_Dominance_PC80,205,8.198000,0.062466389,15667.335,false
SA_Energy_Dominance_PC80,205,8.098000,0.062625402,15663.442,false
SA_Energy_Dominance_PC80,205,8.420000,0.062422673,15667.335,false
SA_Energy_Dominance_PC80,205,8.394000,0.062443751,15667.335,false
SA_Energy_Dominance_PC80,205,8.434000,0.062321242,15667.335,false
SA_Energy_Dominance_PC80,205,8.484000,0.062297925,15653.452,false
SA_Energy_Dominance_PC80,205,8.636000,0.059173929,15658.451,false
SA_Energy_Dominance_PC80,205,8.790000,0.059136809,15514.222,false
SA_Energy_Dominance_PC80,205,8.798000,0.059064259,15293.164,false
SA_Energy_Dominance_PC80,205,8.996000,0.059035583,15440.945,false
SA_Energy_Dominance_PC80,205,8.874000,0.059062976,15547.217,false
SA_Energy_Dominance_PC80,205,9.096000,0.058785840,15557.926,false
SA_Energy_Dominance_PC80,205,9.006000,0.058828716,15557.926,false
SA_Energy_Dominance_PC80,205,9.220000,0.058666447,15649.586,false
SA_Energy_Dominance_PC80,205,9.170000,0.058687475,15569.666,false
SA_Energy_Dominance_PC80,205,9.292000,0.058606926,15569.666,false
SA_Energy_Dominance_PC80,205,9.360000,0.058588958,15618.763,false
SA_Energy_Dominance_PC80,205,9.406000,0.058519295,15478.364,false
SA_Energy_Dominance_PC80,205,9.458000,0.058500810,15478.364,false
SA_Energy_Dominance_PC80,205,9.526000,0.058469726,15398.127,false
SA_Energy_Dominance_PC80,205,9.688000,0.058408924,15554.639,false
SA_Energy_Dominance_PC80,205,9.884000,0.058252169,15706.443,false
SA_Energy_Dominance_PC80,205,9.958000,0.058246360,15706.443,false
SA_Energy_Dominance_PC80,205,9.714000,0.058346426,15576.962,false
SA_Energy_Dominance_PC80,205,9.788000,0.058315659,15652.414,false
SA_Energy_Dominance_PC80,205,10.008000,0.058156625,15635.309,false
SA_Energy_Dominance_PC80,205,10.034000,0.058063770,15563.954,false
SA_Energy_Dominance_PC80,205,10.128000,0.058035183,15512.666,false
SA_Energy_Dominance_PC80,205,10.190000,0.057888319,15655.247,false
SA_Energy_Dominance_PC80,205,10.336000,0.057853569,15667.967,false
SA_Energy_Dominance_PC80,205,10.272000,0.057857011,15378.712,false
SA_Energy_Dominance_PC80,205,10.398000,0.057828335,15378.712,false
SA_Energy_Dominance_PC80,205,10.464000,0.057764828,15695.684,false
SA_Energy_Dominance_PC80,205,10.526000,0.057745426,15695.684,false
SA_Energy_Dominance_PC80,205,10.726000,0.057675332,15471.957,false
SA_Energy_Dominance_PC80,205,10.966000,0.057664410,15500.598,false
SA_Energy_Dominance_PC80,205,11.044000,0.057386897,15712.550,false
SA_Energy_Dominance_PC80,205,11.052000,0.057208584,15659.718,false
SA_Energy_Dominance_PC80,205,11.170000,0.057077604,15653.893,false
SA_Energy_Dominance_PC80,205,11.144000,0.057155778,15653.893,false
SA_Energy_Dominance_PC80,205,11.264000,0.057017522,15653.893,false
SA_Energy_Dominance_PC80,205,11.338000,0.056930357,15544.684,false
SA_Energy_Dominance_PC80,205,11.564000,0.056897486,15544.684,false
SA_Energy_Dominance_PC80,205,11.724000,0.056783752,15315.277,false
SA_Energy_Dominance_PC80,205,11.838000,0.056688424,15302.090,false
SA_Energy_Dominance_PC80,205,12.004000,0.056687776,15314.060,false
SA_Energy_Dominance_PC80,205,12.084000,0.056618571,15660.955,false
SA_Energy_Dominance_PC80,205,12.188000,0.056603633,15660.955,false
SA_Energy_Dominance_PC80,205,12.326000,0.056488679,15657.614,false
SA_Energy_Dominance_PC80,205,12.680000,0.056423882,15477.763,false
SA_Energy_Dominance_PC80,205,12.516000,0.056454199,15490.042,false
SA_Energy_Dominance_PC80,205,12.766000,0.056407255,15542.732,false
SA_Energy_Dominance_PC80,205,12.886000,0.056356737,15365.247,false
SA_Energy_Dominance_PC80,205,12.982000,0.056349268,15712.953,false
SA_Energy_Dominance_PC80,205,13.034000,0.056227348,15599.531,false
SA_Energy_Dominance_PC80,205,13.538000,0.055993682,15701.616,false
SA_Energy_Dominance_PC80,205,13.152000,0.056038551,15686.051,false
SA_Energy_Dominance_PC80,205,13.640000,0.055975392,15571.009,false
SA_Energy_Dominance_PC80,205,13.878000,0.055866998,15571.009,false
SA_Energy_Dominance_PC80,205,14.040000,0.055859530,15709.274,false
SA_Energy_Dominance_PC80,205,14.280000,0.055760877,15147.584,false
SA_Energy_Dominance_PC80,205,14.406000,0.055564710,15670.509,false
SA_Energy_Dominance_PC80,205,14.726000,0.055439288,15380.668,false
SA_Energy_Dominance_PC80,205,14.594000,0.055456835,15402.017,false
SA_Energy_Dominance_PC80,205,14.840000,0.055311945,15369.164,false
SA_Energy_Dominance_PC80,205,14.968000,0.055238758,15389.720,false
SA_Energy_Dominance_PC80,205,15.146000,0.055230887,15367.162,false
SA_Energy_Dominance_PC80,205,15.162000,0.055099993,15650.579,false
SA_Energy_Dominance_PC80,205,15.436000,0.054507445,15643.180,false
SA_Energy_Dominance_PC80,205,15.266000,0.054823236,15648.056,false
SA_Energy_Dominance_PC80,205,15.288000,0.054507445,15651.668,false
SA_Energy_Dominance_PC80,205,15.708000,0.054496523,15527.690,false
SA_Energy_Dominance_PC80,205,16.100000,0.054475470,15567.998,false
SA_Energy_Dominance_PC80,205,16.488000,0.054473843,15447.515,false
SA_Energy_Dominance_PC80,205,16.644000,0.054230076,15156.986,false
SA_Energy_Dominance_PC80,205,16.782000,0.054162883,15298.360,false
SA_Energy_Dominance_PC80,205,16.940000,0.054101874,15508.849,false
SA_Energy_Dominance_PC80,205,17.298000,0.054008804,15384.317,false
SA_Energy_Dominance_PC80,205,17.172000,0.054078736,15294.227,false
SA_Energy_Dominance_PC80,205,17.440000,0.053758982,15093.240,false
SA_Energy_Dominance_PC80,205,17.528000,0.053643458,14817.518,false
SA_Energy_Dominance_PC80,205,17.666000,0.053526101,15225.279,false
SA_Energy_Dominance_PC80,205,17.892000,0.053493307,15062.906,false
SA_Energy_Dominance_PC80,205,18.106000,0.053489394,15119.252,false
SA_Energy_Dominance_PC80,205,18.288000,0.051077244,11121.619,false
SA_Energy_Dominance_PC80,205,18.194000,0.051218324,11223.354,false
SA_Energy_Dominance_PC80,205,18.560000,0.051040795,10951.436,false
SA_Energy_Dominance_PC80,205,19.338000,0.051040795,10983.134,false
SA_Energy_Dominance_PC80,205,18.788000,0.051040795,10977.511,false
SA_Energy_Dominance_PC80,206,5.036000,0.063495009,15696.516,false
SA_Energy_Dominance_PC80,206,5.042000,0.063458560,15670.654,false
SA_Energy_Dominance_PC80,206,5.050000,0.063378696,15709.865,false
SA_Energy_Dominance_PC80,206,5.072000,0.063220878,15681.677,false
SA_Energy_Dominance_PC80,206,6.426000,0.063058054,15591.922,false
SA_Energy_Dominance_PC80,206,6.444000,0.063039087,15718.666,false
SA_Energy_Dominance_PC80,206,6.248000,0.063186366,15715.342,false
SA_Energy_Dominance_PC80,206,6.274000,0.063166609,15582.746,false
SA_Energy_Dominance_PC80,206,6.460000,0.062662752,15633.401,false
SA_Energy_Dominance_PC80,206,6.514000,0.060445198,15624.872,false
SA_Energy_Dominance_PC80,206,6.550000,0.060302671,15646.835,false
SA_Energy_Dominance_PC80,206,6.592000,0.060248809,15701.589,false
SA_Energy_Dominance_PC80,206,6.624000,0.060233599,15701.589,false
SA_Energy_Dominance_PC80,206,6.640000,0.060192040,15701.589,false
SA_Energy_Dominance_PC80,206,6.812000,0.060153269,15697.716,false
SA_Energy_Dominance_PC80,206,6.756000,0.060171399,15697.716,false
SA_Energy_Dominance_PC80,206,6.832000,0.059841874,15714.107,false
SA_Energy_Dominance_PC80,206,6.852000,0.059823097,15633.325,false
SA_Energy_Dominance_PC80,206,6.914000,0.059606664,15484.883,false
SA_Energy_Dominance_PC80,206,6.924000,0.059497211,15617.595,false
SA_Energy_Dominance_PC80,206,7.108000,0.059485618,15617.595,false
SA_Energy_Dominance_PC80,206,7.372000,0.059446822,15653.114,false
SA_Energy_Dominance_PC80,206,7.410000,0.058977280,15587.743,false
SA_Energy_Dominance_PC80,206,7.944000,0.058961542,15410.306,false
SA_Energy_Dominance_PC80,206,7.986000,0.058954721,15262.966,false
SA_Energy_Dominance_PC80,206,8.074000,0.058933669,15284.948,false
SA_Energy_Dominance_PC80,206,8.092000,0.058847807,15341.768,false
SA_Energy_Dominance_PC80,206,8.310000,0.058476462,15449.465,false
SA_Energy_Dominance_PC80,206,8.382000,0.058406715,15473.365,false
SA_Energy_Dominance_PC80,206,8.424000,0.058381940,15473.365,false
SA_Energy_Dominance_PC80,206,8.162000,0.058700618,15473.365,false
SA_Energy_Dominance_PC80,206,8.480000,0.058326211,15254.850,false
SA_Energy_Dominance_PC80,206,8.646000,0.057828955,15555.436,false
SA_Energy_Dominance_PC80,206,8.492000,0.057928294,15256.633,false
SA_Energy_Dominance_PC80,206,8.964000,0.057795827,15470.168,false
SA_Energy_Dominance_PC80,206,9.082000,0.057767443,15431.158,false
SA_Energy_Dominance_PC80,206,9.092000,0.057606409,15164.631,false
SA_Energy_Dominance_PC80,206,9.304000,0.057545753,15565.328,false
SA_Energy_Dominance_PC80,206,9.260000,0.057595190,15556.577,false
SA_Energy_Dominance_PC80,206,9.360000,0.057380762,15676.015,false
SA_Energy_Dominance_PC80,206,9.668000,0.057269701,15555.057,false
SA_Energy_Dominance_PC80,206,9.504000,0.057329670,15552.962,false
SA_Energy_Dominance_PC80,206,9.592000,0.057273974,15552.962,false
SA_Energy_Dominance_PC80,206,9.730000,0.057244983,15678.765,false
SA_Energy_Dominance_PC80,206,9.838000,0.057209378,15582.031,false
SA_Energy_Dominance_PC80,206,9.886000,0.056437392,15604.887,false
SA_Energy_Dominance_PC80,206,10.002000,0.056272832,15534.115,false
SA_Energy_Dominance_PC80,206,10.010000,0.056175526,15495.408,false
SA_Energy_Dominance_PC80,206,10.098000,0.056142251,15631.121,false
SA_Energy_Dominance_PC80,206,10.198000,0.056131329,15648.959,false
SA_Energy_Dominance_PC80,206,10.396000,0.056045956,15062.973,false
SA_Energy_Dominance_PC80,206,10.272000,0.056090503,15194.289,false
SA_Energy_Dominance_PC80,206,10.526000,0.055989467,15034.685,false
SA_Energy_Dominance_PC80,206,10.648000,0.055979508,15076.759,false
SA_Energy_Dominance_PC80,206,10.850000,0.055960732,15027.452,false
SA_Energy_Dominance_PC80,206,10.986000,0.055935728,15020.490,false
SA_Energy_Dominance_PC80,206,10.998000,0.055806656,15260.759,false
SA_Energy_Dominance_PC80,206,11.098000,0.055754052,15217.183,false
SA_Energy_Dominance_PC80,206,11.824000,0.055441653,15269.386,false
SA_Energy_Dominance_PC80,206,11.776000,0.055536054,15198.940,false
SA_Energy_Dominance_PC80,206,11.976000,0.055172891,15557.797,false
SA_Energy_Dominance_PC80,206,12.132000,0.055092083,14978.006,false
SA_Energy_Dominance_PC80,206,12.220000,0.055000307,14978.176,false
SA_Energy_Dominance_PC80,206,12.740000,0.052745056,12686.381,false
SA_Energy_Dominance_PC80,206,12.434000,0.052754585,12327.996,false
SA_Energy_Dominance_PC80,206,12.534000,0.052745056,12514.667,false
SA_Energy_Dominance_PC80,206,12.332000,0.052798066,12507.619,false
SA_Energy_Dominance_PC80,206,12.822000,0.052724356,12487.612,false
SA_Energy_Dominance_PC80,206,12.954000,0.052724356,11954.683,false
SA_Energy_Dominance_PC80,206,13.122000,0.052724356,12102.542,false
SA_Energy_Dominance_PC80,207,4.896000,0.063879623,15716.866,false
SA_Energy_Dominance_PC80,207,5.046000,0.063872381,15713.438,false
SA_Energy_Dominance_PC80,207,5.092000,0.063026071,15713.396,false
SA_Energy_Dominance_PC80,207,5.072000,0.063060288,15713.396,false
SA_Energy_Dominance_PC80,207,5.116000,0.063010234,15713.396,false
SA_Energy_Dominance_PC80,207,5.880000,0.062409737,15607.112,false
SA_Energy_Dominance_PC80,207,5.842000,0.062560287,15607.112,false
SA_Energy_Dominance_PC80,207,5.848000,0.062465882,15645.153,false
SA_Energy_Dominance_PC80,207,5.828000,0.062602678,15699.754,false
SA_Energy_Dominance_PC80,207,6.060000,0.062287428,15624.813,false
SA_Energy_Dominance_PC80,207,6.088000,0.062263264,15443.831,false
SA_Energy_Dominance_PC80,207,6.228000,0.062251476,15332.150,false
SA_Energy_Dominance_PC80,207,6.204000,0.062262279,15464.080,false
SA_Energy_Dominance_PC80,207,6.236000,0.062227224,15476.669,false
SA_Energy_Dominance_PC80,207,6.328000,0.062166032,15451.242,false
SA_Energy_Dominance_PC80,207,6.352000,0.061976557,15451.242,false
SA_Energy_Dominance_PC80,207,6.508000,0.061542331,15711.063,false
SA_Energy_Dominance_PC80,207,6.480000,0.061622344,15711.063,false
SA_Energy_Dominance_PC80,207,6.558000,0.061239947,15681.774,false
SA_Energy_Dominance_PC80,207,6.520000,0.061322796,15687.810,false
SA_Energy_Dominance_PC80,207,6.696000,0.061119015,15687.810,false
SA_Energy_Dominance_PC80,207,6.754000,0.061058565,15520.761,false
SA_Energy_Dominance_PC80,207,7.050000,0.060882743,15567.309,false
SA_Energy_Dominance_PC80,207,7.042000,0.060917176,15709.607,false
SA_Energy_Dominance_PC80,207,7.200000,0.060726603,15709.607,false
SA_Energy_Dominance_PC80,207,7.260000,0.060700585,15709.607,false
SA_Energy_Dominance_PC80,207,7.818000,0.060678735,15646.697,false
SA_Energy_Dominance_PC80,207,7.846000,0.060540940,15692.751,false
SA_Energy_Dominance_PC80,207,8.096000,0.060339153,15693.115,false
SA_Energy_Dominance_PC80,207,8.286000,0.060336680,15661.081,false
SA_Energy_Dominance_PC80,207,8.342000,0.060312925,15661.081,false
SA_Energy_Dominance_PC80,207,8.376000,0.060239501,15681.395,false
SA_Energy_Dominance_PC80,207,8.678000,0.059989702,15701.785,false
SA_Energy_Dominance_PC80,207,8.644000,0.060053834,15647.031,false
SA_Energy_Dominance_PC80,207,8.718000,0.059975656,15694.322,false
SA_Energy_Dominance_PC80,207,8.530000,0.060106710,15690.981,false
SA_Energy_Dominance_PC80,207,8.848000,0.059808139,15512.365,false
SA_Energy_Dominance_PC80,207,8.858000,0.059753479,15712.490,false
SA_Energy_Dominance_PC80,207,8.728000,0.059816197,15696.603,false
SA_Energy_Dominance_PC80,207,8.918000,0.059746264,15652.941,false
SA_Energy_Dominance_PC80,207,9.040000,0.059676176,15549.263,false
SA_Energy_Dominance_PC80,207,9.074000,0.059579778,15716.184,false
SA_Energy_Dominance_PC80,207,9.100000,0.059527740,15667.087,false
SA_Energy_Dominance_PC80,207,9.430000,0.059462431,15645.144,false
SA_Energy_Dominance_PC80,207,9.512000,0.059452902,15590.257,false
SA_Energy_Dominance_PC80,207,9.752000,0.059356018,15327.217,false
SA_Energy_Dominance_PC80,207,9.582000,0.059368312,15327.217,false
SA_Energy_Dominance_PC80,207,9.664000,0.059360083,15282.391,false
SA_Energy_Dominance_PC80,207,9.838000,0.059231279,15509.463,false
SA_Energy_Dominance_PC80,207,9.912000,0.058837717,15233.306,false
SA_Energy_Dominance_PC80,207,9.900000,0.058926972,15273.212,false
SA_Energy_Dominance_PC80,207,9.994000,0.058812166,15373.924,false
SA_Energy_Dominance_PC80,207,10.084000,0.058809464,15345.092,false
SA_Energy_Dominance_PC80,207,10.138000,0.058774711,15411.332,false
SA_Energy_Dominance_PC80,207,10.312000,0.058724307,15708.922,false
SA_Energy_Dominance_PC80,207,10.422000,0.058684699,15711.893,false
SA_Energy_Dominance_PC80,207,10.522000,0.058670259,15711.893,false
SA_Energy_Dominance_PC80,207,10.704000,0.058349250,15649.116,false
SA_Energy_Dominance_PC80,207,10.818000,0.058099461,15367.052,false
SA_Energy_Dominance_PC80,207,10.996000,0.058031185,15367.052,false
SA_Energy_Dominance_PC80,207,11.072000,0.058031185,15364.957,false
SA_Energy_Dominance_PC80,207,11.352000,0.058026729,15600.336,false
SA_Energy_Dominance_PC80,207,11.428000,0.057980166,15694.151,false
SA_Energy_Dominance_PC80,207,11.502000,0.057924703,15651.321,false
SA_Energy_Dominance_PC80,207,11.734000,0.057915751,15566.377,false
SA_Energy_Dominance_PC80,207,11.994000,0.057844129,15514.778,false
SA_Energy_Dominance_PC80,207,12.010000,0.057782267,15514.778,false
SA_Energy_Dominance_PC80,207,12.122000,0.057638822,15674.123,false
SA_Energy_Dominance_PC80,207,12.222000,0.057260303,15424.566,false
SA_Energy_Dominance_PC80,207,12.146000,0.057291031,15422.598,false
SA_Energy_Dominance_PC80,207,12.360000,0.057093702,15620.040,false
SA_Energy_Dominance_PC80,207,12.608000,0.057066342,15550.912,false
SA_Energy_Dominance_PC80,207,12.712000,0.056993652,15711.595,false
SA_Energy_Dominance_PC80,207,12.850000,0.056577461,15248.585,false
SA_Energy_Dominance_PC80,207,12.770000,0.056629337,15037.485,false
SA_Energy_Dominance_PC80,207,13.052000,0.056561350,15647.244,false
SA_Energy_Dominance_PC80,207,13.240000,0.056549208,15620.487,false
SA_Energy_Dominance_PC80,207,13.326000,0.056536971,15632.766,false
SA_Energy_Dominance_PC80,207,13.472000,0.056519819,15542.171,false
SA_Energy_Dominance_PC80,207,13.664000,0.056474705,15468.475,false
SA_Energy_Dominance_PC80,207,14.070000,0.056471146,15713.683,false
SA_Energy_Dominance_PC80,207,14.516000,0.056128894,15092.358,false
SA_Energy_Dominance_PC80,207,14.260000,0.056157109,15092.358,false
SA_Energy_Dominance_PC80,207,14.706000,0.056036722,15671.133,false
SA_Energy_Dominance_PC80,207,14.848000,0.056013411,15671.133,false
SA_Energy_Dominance_PC80,207,14.876000,0.055307075,15425.746,false
SA_Energy_Dominance_PC80,207,15.674000,0.055284684,15247.020,false
SA_Energy_Dominance_PC80,207,15.708000,0.055186224,15123.873,false
SA_Energy_Dominance_PC80,207,15.910000,0.055154634,15595.482,false
SA_Energy_Dominance_PC80,207,16.118000,0.055118233,15364.534,false
SA_Energy_Dominance_PC80,207,16.240000,0.055086907,15311.941,false
SA_Energy_Dominance_PC80,207,16.360000,0.055029622,15381.069,false
SA_Energy_Dominance_PC80,207,16.504000,0.055001035,15469.713,false
SA_Energy_Dominance_PC80,207,16.844000,0.054981409,15508.856,false
SA_Energy_Dominance_PC80,207,17.122000,0.054968599,15624.584,false
SA_Energy_Dominance_PC80,207,17.430000,0.054857918,15261.636,false
SA_Energy_Dominance_PC80,207,17.712000,0.054352611,14513.714,false
SA_Energy_Dominance_PC80,207,17.288000,0.054865805,14501.125,false
SA_Energy_Dominance_PC80,207,17.498000,0.054362699,14537.481,false
SA_Energy_Dominance_PC80,207,17.986000,0.054348135,14508.079,false
SA_Energy_Dominance_PC80,207,18.132000,0.054293457,14895.045,false
SA_Energy_Dominance_PC80,207,18.314000,0.054277071,14676.952,false
SA_Energy_Dominance_PC80,207,18.810000,0.053635405,15359.396,false
SA_Energy_Dominance_PC80,207,18.344000,0.053707198,15269.787,false
SA_Energy_Dominance_PC80,207,18.954000,0.053585139,15342.338,false
SA_Energy_Dominance_PC80,207,19.240000,0.053574602,15404.672,false
SA_Energy_Dominance_PC80,207,19.502000,0.050608322,11607.122,false
SA_Energy_Dominance_PC80,207,19.622000,0.050426000,11414.666,false
SA_Energy_Dominance_PC80,207,19.880000,0.050418578,11258.256,false
SA_Energy_Dominance_PC80,207,20.034000,0.050416157,11356.826,false
SA_Energy_Dominance_PC80,208,4.930000,0.064080136,15718.409,false
SA_Energy_Dominance_PC80,208,4.834000,0.064102416,15704.977,false
SA_Energy_Dominance_PC80,208,5.394000,0.064062825,15663.049,false
SA_Energy_Dominance_PC80,208,5.466000,0.064050728,15717.804,false
SA_Energy_Dominance_PC80,208,5.894000,0.062905290,15699.665,false
SA_Energy_Dominance_PC80,208,5.916000,0.062861547,15698.343,false
SA_Energy_Dominance_PC80,208,5.862000,0.062981580,15670.703,false
SA_Energy_Dominance_PC80,208,5.600000,0.063263978,15576.695,false
SA_Energy_Dominance_PC80,208,5.560000,0.063326563,15647.560,false
SA_Energy_Dominance_PC80,208,6.112000,0.062817861,15405.971,false
SA_Energy_Dominance_PC80,208,6.140000,0.062749437,15405.971,false
SA_Energy_Dominance_PC80,208,6.784000,0.062217695,15512.314,false
SA_Energy_Dominance_PC80,208,6.694000,0.062236687,15597.482,false
SA_Energy_Dominance_PC80,208,6.462000,0.062252297,15684.632,false
SA_Energy_Dominance_PC80,208,6.416000,0.062293254,15684.632,false
SA_Energy_Dominance_PC80,208,6.456000,0.062273627,15451.757,false
SA_Energy_Dominance_PC80,208,6.374000,0.062301676,15455.923,false
SA_Energy_Dominance_PC80,208,7.166000,0.061811950,15611.749,false
SA_Energy_Dominance_PC80,208,7.114000,0.061848182,15611.749,false
SA_Energy_Dominance_PC80,208,7.068000,0.061879956,15611.749,false
SA_Energy_Dominance_PC80,208,7.240000,0.061809774,15597.249,false
SA_Energy_Dominance_PC80,208,7.296000,0.061774591,15471.237,false
SA_Energy_Dominance_PC80,208,7.342000,0.061774591,15626.592,false
SA_Energy_Dominance_PC80,208,7.378000,0.061759060,15626.592,false
SA_Energy_Dominance_PC80,208,7.432000,0.061654491,15612.219,false
SA_Energy_Dominance_PC80,208,7.574000,0.061652881,15671.918,false
SA_Energy_Dominance_PC80,208,7.502000,0.061653065,15671.918,false
SA_Energy_Dominance_PC80,208,7.608000,0.061625988,15677.754,false
SA_Energy_Dominance_PC80,208,7.766000,0.061559099,15622.367,false
SA_Energy_Dominance_PC80,208,7.810000,0.061550927,15666.637,false
SA_Energy_Dominance_PC80,208,7.878000,0.061546348,15658.773,false
SA_Energy_Dominance_PC80,208,7.990000,0.061501984,15658.773,false
SA_Energy_Dominance_PC80,208,8.144000,0.061411787,15359.456,false
SA_Energy_Dominance_PC80,208,8.028000,0.061459849,15609.019,false
SA_Energy_Dominance_PC80,208,8.148000,0.061376407,15609.019,false
SA_Energy_Dominance_PC80,208,8.130000,0.061446025,15653.289,false
SA_Energy_Dominance_PC80,208,8.454000,0.061356048,15485.628,false
SA_Energy_Dominance_PC80,208,8.692000,0.061277349,15425.533,false
SA_Energy_Dominance_PC80,208,8.494000,0.061296498,15675.411,false
SA_Energy_Dominance_PC80,208,8.536000,0.061285283,15675.411,false
SA_Energy_Dominance_PC80,208,8.994000,0.061269903,15676.106,false
SA_Energy_Dominance_PC80,208,9.004000,0.061237904,15676.106,false
SA_Energy_Dominance_PC80,208,9.264000,0.060280853,15719.628,false
SA_Energy_Dominance_PC80,208,9.334000,0.060248195,15719.628,false
SA_Energy_Dominance_PC80,208,9.234000,0.060500829,15719.628,false
SA_Energy_Dominance_PC80,208,9.390000,0.060223998,15670.531,false
SA_Energy_Dominance_PC80,208,9.558000,0.060130900,15568.146,false
SA_Energy_Dominance_PC80,208,9.440000,0.060143042,15618.419,false
SA_Energy_Dominance_PC80,208,9.438000,0.060193623,15675.278,false
SA_Energy_Dominance_PC80,208,9.730000,0.059828516,15705.109,false
SA_Energy_Dominance_PC80,208,9.916000,0.059707081,15718.416,false
SA_Energy_Dominance_PC80,208,10.162000,0.059690467,15695.658,false
SA_Energy_Dominance_PC80,208,10.180000,0.059113390,15224.329,false
SA_Energy_Dominance_PC80,208,10.284000,0.058801356,15541.142,false
SA_Energy_Dominance_PC80,208,10.206000,0.058825689,15461.830,false
SA_Energy_Dominance_PC80,208,10.452000,0.058697415,15440.370,false
SA_Energy_Dominance_PC80,208,10.666000,0.058301047,15498.997,false
SA_Energy_Dominance_PC80,208,10.454000,0.058559480,15498.997,false
SA_Energy_Dominance_PC80,208,10.794000,0.058296897,15332.167,false
SA_Energy_Dominance_PC80,208,10.550000,0.058409624,15149.976,false
SA_Energy_Dominance_PC80,208,10.944000,0.058158633,15158.862,false
SA_Energy_Dominance_PC80,208,11.352000,0.058147077,15158.862,false
SA_Energy_Dominance_PC80,208,11.846000,0.058142357,15254.487,false
SA_Energy_Dominance_PC80,208,12.198000,0.057870703,15568.634,false
SA_Energy_Dominance_PC80,208,11.896000,0.058070950,15568.634,false
SA_Energy_Dominance_PC80,208,12.456000,0.057830199,15433.521,false
SA_Energy_Dominance_PC80,208,12.564000,0.057809146,15501.869,false
SA_Energy_Dominance_PC80,208,12.896000,0.056989106,15607.373,false
SA_Energy_Dominance_PC80,208,12.938000,0.056502214,15442.409,false
SA_Energy_Dominance_PC80,208,13.064000,0.056455868,15420.491,false
SA_Energy_Dominance_PC80,208,13.208000,0.056430719,15501.969,false
SA_Energy_Dominance_PC80,208,13.294000,0.056429108,15668.799,false
SA_Energy_Dominance_PC80,208,13.506000,0.056311006,15668.799,false
SA_Energy_Dominance_PC80,208,13.876000,0.056291580,15662.388,false
SA_Energy_Dominance_PC80,208,13.988000,0.056260219,15461.547,false
SA_Energy_Dominance_PC80,208,14.130000,0.056200592,15293.730,false
SA_Energy_Dominance_PC80,208,14.266000,0.056120441,15346.590,false
SA_Energy_Dominance_PC80,208,14.468000,0.056003097,15385.288,false
SA_Energy_Dominance_PC80,208,14.568000,0.055949304,15380.635,false
SA_Energy_Dominance_PC80,208,14.900000,0.055470636,14883.279,false
SA_Energy_Dominance_PC80,208,15.496000,0.055123076,14439.291,false
SA_Energy_Dominance_PC80,208,15.330000,0.055139589,14483.198,false
SA_Energy_Dominance_PC80,208,15.798000,0.055103578,14394.106,false
SA_Energy_Dominance_PC80,208,15.968000,0.055103578,14465.813,false
SA_Energy_Dominance_PC80,208,16.148000,0.055095773,14512.955,false
SA_Energy_Dominance_PC80,208,16.334000,0.055083326,14498.581,false
SA_Energy_Dominance_PC80,208,16.454000,0.055027522,14448.654,false
SA_Energy_Dominance_PC80,208,16.814000,0.054233576,13628.334,false
SA_Energy_Dominance_PC80,208,16.568000,0.054603395,13628.334,false
SA_Energy_Dominance_PC80,208,16.666000,0.054259351,13649.682,false
SA_Energy_Dominance_PC80,208,17.116000,0.054228049,13539.744,false
SA_Energy_Dominance_PC80,208,17.164000,0.054062207,13597.166,false
SA_Energy_Dominance_PC80,208,17.342000,0.054028308,13493.458,false
SA_Energy_Dominance_PC80,208,17.652000,0.053965804,13446.666,false
SA_Energy_Dominance_PC80,208,17.806000,0.053869188,13155.482,false
SA_Energy_Dominance_PC80,208,17.962000,0.053841620,13091.199,false
SA_Energy_Dominance_PC80,208,18.222000,0.053793988,12767.908,false
SA_Energy_Dominance_PC80,208,18.360000,0.053788865,12831.859,false
SA_Energy_Dominance_PC80,208,18.582000,0.053786678,12831.859,false
SA_Energy_Dominance_PC80,208,19.054000,0.053707112,12591.590,false
SA_Energy_Dominance_PC80,208,18.878000,0.053784184,12528.023,false
SA_Energy_Dominance_PC80,208,19.208000,0.053683084,12537.839,false
SA_Energy_Dominance_PC80,208,19.790000,0.051486091,10364.341,false
SA_Energy_Dominance_PC80,208,19.360000,0.051834295,10625.844,false
SA_Energy_Dominance_PC80,208,19.604000,0.051522026,10364.704,false
SA_Energy_Dominance_PC80,208,20.372000,0.051471955,10540.772,false
SA_Energy_Dominance_PC80,208,19.958000,0.051473569,10367.965,false
SA_Energy_Dominance_PC80,209,5.364000,0.062252431,15717.267,false
SA_Energy_Dominance_PC80,209,5.046000,0.062431860,15697.142,false
SA_Energy_Dominance_PC80,209,5.016000,0.062671350,15694.947,false
SA_Energy_Dominance_PC80,209,4.848000,0.062994470,15631.344,false
SA_Energy_Dominance_PC80,209,4.776000,0.063039071,15653.580,false
SA_Energy_Dominance_PC80,209,4.742000,0.063065075,15702.774,false
SA_Energy_Dominance_PC80,209,4.740000,0.063081405,15642.497,false
SA_Energy_Dominance_PC80,209,6.064000,0.062074537,15710.998,false
SA_Energy_Dominance_PC80,209,5.986000,0.062159779,15548.652,false
SA_Energy_Dominance_PC80,209,6.156000,0.062054828,15665.280,false
SA_Energy_Dominance_PC80,209,6.180000,0.062043086,15627.293,false
SA_Energy_Dominance_PC80,209,6.100000,0.062071500,15624.551,false
SA_Energy_Dominance_PC80,209,6.002000,0.062094789,15380.963,false
SA_Energy_Dominance_PC80,209,6.032000,0.062079666,15232.619,false
SA_Energy_Dominance_PC80,209,6.296000,0.061990298,15335.555,false
SA_Energy_Dominance_PC80,209,6.366000,0.061520388,15695.746,false
SA_Energy_Dominance_PC80,209,6.354000,0.061553153,15339.069,false
SA_Energy_Dominance_PC80,209,6.298000,0.061562494,15291.566,false
SA_Energy_Dominance_PC80,209,6.482000,0.061136887,15467.957,false
SA_Energy_Dominance_PC80,209,6.490000,0.061115834,15467.957,false
SA_Energy_Dominance_PC80,209,6.534000,0.061098682,15542.291,false
SA_Energy_Dominance_PC80,209,6.580000,0.061067058,15485.972,false
SA_Energy_Dominance_PC80,209,6.656000,0.061018459,15427.990,false
SA_Energy_Dominance_PC80,209,6.664000,0.060974857,15371.063,false
SA_Energy_Dominance_PC80,209,6.620000,0.061064611,15707.924,false
SA_Energy_Dominance_PC80,209,6.788000,0.060918270,15406.813,false
SA_Energy_Dominance_PC80,209,7.002000,0.060864139,15668.574,false
SA_Energy_Dominance_PC80,209,7.036000,0.060863883,15673.451,false
SA_Energy_Dominance_PC80,209,7.062000,0.060845546,15421.711,false
SA_Energy_Dominance_PC80,209,7.064000,0.060777070,15421.711,false
SA_Energy_Dominance_PC80,209,7.076000,0.060727480,15421.711,false
SA_Energy_Dominance_PC80,209,7.122000,0.060635463,15625.581,false
SA_Energy_Dominance_PC80,209,7.210000,0.060605681,15635.790,false
SA_Energy_Dominance_PC80,209,7.224000,0.060346526,15672.604,false
SA_Energy_Dominance_PC80,209,7.212000,0.060508174,15672.604,false
SA_Energy_Dominance_PC80,209,7.326000,0.060327714,15672.604,false
SA_Energy_Dominance_PC80,209,7.410000,0.059608139,15541.713,false
SA_Energy_Dominance_PC80,209,7.916000,0.058916008,15674.752,false
SA_Energy_Dominance_PC80,209,7.798000,0.058981176,15463.652,false
SA_Energy_Dominance_PC80,209,7.704000,0.059010727,15655.707,false
SA_Energy_Dominance_PC80,209,7.924000,0.058796717,15446.366,false
SA_Energy_Dominance_PC80,209,8.022000,0.058567259,15491.851,false
SA_Energy_Dominance_PC80,209,8.182000,0.058473568,15630.257,false
SA_Energy_Dominance_PC80,209,8.248000,0.058471917,15630.257,false
SA_Energy_Dominance_PC80,209,8.402000,0.058445434,15444.907,false
SA_Energy_Dominance_PC80,209,8.448000,0.058431521,15434.111,false
SA_Energy_Dominance_PC80,209,8.500000,0.058425966,15513.596,false
SA_Energy_Dominance_PC80,209,8.524000,0.058241706,15407.948,false
SA_Energy_Dominance_PC80,209,8.638000,0.057996902,15086.798,false
SA_Energy_Dominance_PC80,209,8.916000,0.057186026,15643.162,false
SA_Energy_Dominance_PC80,209,8.860000,0.057211623,15548.932,false
SA_Energy_Dominance_PC80,209,8.942000,0.057098316,15548.932,false
SA_Energy_Dominance_PC80,209,8.674000,0.057234995,15516.083,false
SA_Energy_Dominance_PC80,209,8.998000,0.057057596,15702.489,false
SA_Energy_Dominance_PC80,209,9.096000,0.057046920,15709.140,false
SA_Energy_Dominance_PC80,209,9.264000,0.057046920,15705.799,false
SA_Energy_Dominance_PC80,209,9.542000,0.056941656,15539.852,false
SA_Energy_Dominance_PC80,209,9.706000,0.056831463,15597.995,false
SA_Energy_Dominance_PC80,209,9.640000,0.056860662,15681.040,false
SA_Energy_Dominance_PC80,209,9.402000,0.057028964,15536.544,false
SA_Energy_Dominance_PC80,209,9.832000,0.056828717,15536.544,false
SA_Energy_Dominance_PC80,209,9.884000,0.056828717,15631.408,false
SA_Energy_Dominance_PC80,209,10.028000,0.056754717,15660.432,false
SA_Energy_Dominance_PC80,209,10.022000,0.056820285,15691.419,false
SA_Energy_Dominance_PC80,209,10.130000,0.056743871,15668.978,false
SA_Energy_Dominance_PC80,209,10.252000,0.056585995,15664.733,false
SA_Energy_Dominance_PC80,209,10.146000,0.056643175,15544.591,false
SA_Energy_Dominance_PC80,209,10.326000,0.056574560,15546.821,false
SA_Energy_Dominance_PC80,209,10.718000,0.056563603,15642.419,false
SA_Energy_Dominance_PC80,209,11.134000,0.055839192,15415.591,false
SA_Energy_Dominance_PC80,209,11.042000,0.055883556,15647.628,false
SA_Energy_Dominance_PC80,209,10.866000,0.056267619,15322.129,false
SA_Energy_Dominance_PC80,209,11.214000,0.055806148,15303.051,false
SA_Energy_Dominance_PC80,209,11.382000,0.055803323,15431.738,false
SA_Energy_Dominance_PC80,209,11.450000,0.055761555,15426.478,false
SA_Energy_Dominance_PC80,209,11.660000,0.055090131,15087.534,false
SA_Energy_Dominance_PC80,209,11.562000,0.055256080,15488.810,false
SA_Energy_Dominance_PC80,209,11.762000,0.054874215,15065.724,false
SA_Energy_Dominance_PC80,209,11.876000,0.054830155,14954.908,false
SA_Energy_Dominance_PC80,209,12.158000,0.054320876,14568.088,false
SA_Energy_Dominance_PC80,209,11.962000,0.054600483,14737.829,false
SA_Energy_Dominance_PC80,209,12.244000,0.054282102,14506.581,false
SA_Energy_Dominance_PC80,209,12.344000,0.052436810,12462.158,true
SA_Energy_Dominance_PC80,209,12.468000,0.052413072,12680.479,true
SA_Energy_Dominance_PC80,209,12.246000,0.052640075,12711.558,false
NSGA-II_PC80,200,2.866000,0.061946916,15547.469,false
NSGA-II_PC80,200,2.896000,0.061374295,15571.346,false
NSGA-II_PC80,200,2.916000,0.060813903,15404.312,false
NSGA-II_PC80,200,2.876000,0.061377532,15654.403,false
NSGA-II_PC80,200,2.910000,0.061130216,15624.702,false
NSGA-II_PC80,200,2.954000,0.060578328,15601.108,false
NSGA-II_PC80,200,2.918000,0.060624305,15537.320,false
NSGA-II_PC80,200,3.194000,0.059784182,15371.972,false
NSGA-II_PC80,200,3.160000,0.059990418,15288.648,false
NSGA-II_PC80,200,2.900000,0.061151740,15636.181,false
NSGA-II_PC80,200,2.912000,0.060860368,15404.312,false
NSGA-II_PC80,200,2.966000,0.060133130,15544.124,false
NSGA-II_PC80,200,3.098000,0.060081973,15595.190,false
NSGA-II_PC80,200,3.170000,0.059947091,15343.990,false
NSGA-II_PC80,201,3.490000,0.058483858,15608.848,false
NSGA-II_PC80,201,3.036000,0.059684301,15418.980,false
NSGA-II_PC80,201,3.378000,0.058768622,15460.668,false
NSGA-II_PC80,201,3.612000,0.058377596,15268.127,false
NSGA-II_PC80,201,3.410000,0.058707057,15591.690,false
NSGA-II_PC80,201,3.778000,0.058300784,15717.423,false
NSGA-II_PC80,201,3.446000,0.058556908,15556.175,false
NSGA-II_PC80,201,3.440000,0.058602679,15591.995,false
NSGA-II_PC80,201,3.320000,0.058835397,15284.455,false
NSGA-II_PC80,201,3.180000,0.059018765,15330.158,false
NSGA-II_PC80,201,3.048000,0.059483102,15392.223,false
NSGA-II_PC80,201,3.478000,0.058502392,15297.800,false
NSGA-II_PC80,201,3.792000,0.058259760,15558.955,false
NSGA-II_PC80,201,3.396000,0.058752717,15460.975,false
NSGA-II_PC80,201,2.958000,0.059758798,15642.033,false
NSGA-II_PC80,201,3.426000,0.058644066,15430.543,false
NSGA-II_PC80,201,3.628000,0.058315978,15548.963,false
NSGA-II_PC80,201,3.218000,0.058887349,15388.425,false
NSGA-II_PC80,201,2.932000,0.059820593,15555.065,false
NSGA-II_PC80,201,3.518000,0.058424047,15442.335,false
NSGA-II_PC80,201,3.078000,0.059419476,15491.891,false
NSGA-II_PC80,201,3.258000,0.058864963,15394.593,false
NSGA-II_PC80,201,3.820000,0.058201687,15664.684,false
NSGA-II_PC80,201,3.594000,0.058387174,15586.872,false
NSGA-II_PC80,201,3.008000,0.059692138,15489.337,false
NSGA-II_PC80,201,3.756000,0.058309961,15061.004,false
NSGA-II_PC80,201,2.900000,0.059825381,15499.274,false
NSGA-II_PC80,201,3.712000,0.058311093,15690.586,false
NSGA-II_PC80,201,3.332000,0.058799716,15284.455,false
NSGA-II_PC80,201,3.090000,0.059107008,15104.254,false
NSGA-II_PC80,202,2.898000,0.061849473,15649.139,false
NSGA-II_PC80,202,2.910000,0.061375342,15469.778,false
NSGA-II_PC80,202,3.094000,0.060717603,15503.989,false
NSGA-II_PC80,202,2.986000,0.060971279,15681.943,false
NSGA-II_PC80,202,3.444000,0.060463878,15106.139,false
NSGA-II_PC80,202,3.486000,0.060375187,15291.939,false
NSGA-II_PC80,202,3.332000,0.060575173,15620.449,false
NSGA-II_PC80,202,3.034000,0.060841658,15593.497,false
NSGA-II_PC80,202,2.930000,0.061187420,15654.900,false
NSGA-II_PC80,202,2.918000,0.061326418,15603.361,false
NSGA-II_PC80,202,3.378000,0.060507813,15248.418,false
NSGA-II_PC80,202,3.130000,0.060611240,15613.360,false
NSGA-II_PC80,202,3.428000,0.060487971,15592.980,false
NSGA-II_PC80,202,3.186000,0.060577036,15455.168,false
NSGA-II_PC80,202,3.106000,0.060684746,15434.074,false
NSGA-II_PC80,202,2.866000,0.061854625,15697.693,false
NSGA-II_PC80,202,2.972000,0.061055146,15685.710,false
NSGA-II_PC80,202,2.906000,0.061579513,15571.474,false
NSGA-II_PC80,202,2.950000,0.061150314,15568.130,false
NSGA-II_PC80,202,3.348000,0.060528084,15412.005,false
NSGA-II_PC80,202,3.014000,0.060963836,15356.918,false
NSGA-II_PC80,203,3.274000,0.063270159,15571.914,false
NSGA-II_PC80,203,3.320000,0.063216851,15590.749,false
NSGA-II_PC80,203,3.438000,0.061671378,15456.762,false
NSGA-II_PC80,203,3.268000,0.063354360,15642.629,false
NSGA-II_PC80,203,3.220000,0.063731624,15698.085,false
NSGA-II_PC80,203,4.256000,0.059421767,15247.179,false
NSGA-II_PC80,203,3.694000,0.060700667,15221.994,false
NSGA-II_PC80,203,4.104000,0.059647858,15655.473,false
NSGA-II_PC80,203,3.258000,0.063465094,15665.400,false
NSGA-II_PC80,203,3.396000,0.061811803,15427.789,false
NSGA-II_PC80,203,3.698000,0.060594117,15402.962,false
NSGA-II_PC80,203,4.138000,0.059627726,15474.881,false
NSGA-II_PC80,203,3.882000,0.060239539,15219.513,false
NSGA-II_PC80,203,3.420000,0.061788415,15234.881,false
NSGA-II_PC80,203,3.480000,0.061470959,15550.236,false
NSGA-II_PC80,203,3.722000,0.060474203,15316.242,false
NSGA-II_PC80,203,4.358000,0.059399781,15637.602,false
NSGA-II_PC80,203,4.028000,0.059762905,15686.339,false
NSGA-II_PC80,203,3.360000,0.061908997,15602.148,false
NSGA-II_PC80,203,3.684000,0.060749971,15351.343,false
NSGA-II_PC80,203,3.992000,0.059834511,15704.252,false
NSGA-II_PC80,203,3.904000,0.060171354,14797.686,false
NSGA-II_PC80,203,4.190000,0.059546489,15395.316,false
NSGA-II_PC80,203,3.482000,0.061116327,15320.404,false
NSGA-II_PC80,203,4.050000,0.059725854,15391.180,false
NSGA-II_PC80,203,3.546000,0.060769593,15358.599,false
NSGA-II_PC80,203,4.368000,0.059274062,15427.426,false
NSGA-II_PC80,203,3.930000,0.059877403,15638.770,false
NSGA-II_PC80,203,3.354000,0.062088363,15303.543,false
NSGA-II_PC80,203,3.760000,0.060375508,15570.477,false
NSGA-II_PC80,203,3.736000,0.060404619,15599.173,false
NSGA-II_PC80,203,3.454000,0.061477797,15406.647,false
NSGA-II_PC80,203,4.888000,0.058974176,15439.255,false
NSGA-II_PC80,203,3.532000,0.060973881,15720.047,false
NSGA-II_PC80,203,3.780000,0.060245522,15443.459,false
NSGA-II_PC80,203,3.924000,0.060019052,15270.343,false
NSGA-II_PC80,203,4.566000,0.059093145,15606.569,false
NSGA-II_PC80,204,3.164000,0.060173916,15509.130,false
NSGA-II_PC80,204,2.920000,0.060959744,15282.351,false
NSGA-II_PC80,204,3.156000,0.060204201,15522.171,false
NSGA-II_PC80,204,2.880000,0.061779641,15624.713,false
NSGA-II_PC80,204,3.050000,0.060544308,15373.736,false
NSGA-II_PC80,204,2.986000,0.060673209,15294.377,false
NSGA-II_PC80,204,3.128000,0.060226008,15527.053,false
NSGA-II_PC80,204,3.284000,0.059880712,15624.119,false
NSGA-II_PC80,204,2.902000,0.061594311,15666.370,false
NSGA-II_PC80,204,2.936000,0.060848016,15643.633,false
NSGA-II_PC80,204,3.296000,0.059865514,15658.938,false
NSGA-II_PC80,204,3.262000,0.059909477,15695.038,false
NSGA-II_PC80,204,3.168000,0.060077796,15439.567,false
NSGA-II_PC80,204,3.326000,0.059786318,15300.491,false
NSGA-II_PC80,204,3.010000,0.060589891,15439.983,false
NSGA-II_PC80,204,2.958000,0.060686943,15359.474,false
NSGA-II_PC80,204,3.228000,0.059955991,15695.142,false
NSGA-II_PC80,204,3.324000,0.059826872,15369.732,false
NSGA-II_PC80,204,2.894000,0.061778392,15709.867,false
NSGA-II_PC80,204,2.908000,0.061178212,15546.429,false
NSGA-II_PC80,204,3.196000,0.060017045,15579.767,false
NSGA-II_PC80,204,3.060000,0.060267916,15621.673,false
NSGA-II_PC80,204,3.402000,0.059667002,15346.866,false
NSGA-II_PC80,204,3.364000,0.059768778,15501.356,false
NSGA-II_PC80,205,3.230000,0.063418224,15666.034,false
NSGA-II_PC80,205,3.234000,0.063283794,15618.464,false
NSGA-II_PC80,205,4.476000,0.059316441,15519.928,false
NSGA-II_PC80,205,5.316000,0.058240326,15393.040,false
NSGA-II_PC80,205,5.358000,0.058089037,15387.224,false
NSGA-II_PC80,205,5.558000,0.057953270,15586.942,false
NSGA-II_PC80,205,6.446000,0.057483052,15134.993,false
NSGA-II_PC80,205,5.906000,0.057699644,14761.395,false
NSGA-II_PC80,205,3.170000,0.064549527,15641.437,false
NSGA-II_PC80,205,3.206000,0.063578928,15699.552,false
NSGA-II_PC80,205,4.428000,0.059391209,15558.114,false
NSGA-II_PC80,205,4.354000,0.059489018,15604.617,false
NSGA-II_PC80,205,5.926000,0.057612417,14770.036,false
NSGA-II_PC80,205,3.194000,0.063876298,15700.176,false
NSGA-II_PC80,205,5.070000,0.058667982,15567.017,false
NSGA-II_PC80,205,3.190000,0.064431447,15645.453,false
NSGA-II_PC80,205,5.606000,0.057805259,15348.678,false
NSGA-II_PC80,205,6.646000,0.057395459,15215.066,false
NSGA-II_PC80,205,3.204000,0.063651664,15650.432,false
NSGA-II_PC80,205,4.814000,0.059025653,15670.744,false
NSGA-II_PC80,205,3.252000,0.063087821,15577.020,false
NSGA-II_PC80,205,5.158000,0.058557112,15084.692,false
NSGA-II_PC80,205,5.200000,0.058260786,14969.660,false
NSGA-II_PC80,205,4.844000,0.058751840,15247.978,false
NSGA-II_PC80,205,4.200000,0.059514668,15561.576,false
NSGA-II_PC80,205,4.528000,0.059040102,15365.330,false
NSGA-II_PC80,205,4.104000,0.060218129,15708.226,false
NSGA-II_PC80,205,6.386000,0.057568081,15196.670,false
NSGA-II_PC80,205,6.676000,0.057242235,15274.117,false
NSGA-II_PC80,205,4.728000,0.059035999,15405.292,false
NSGA-II_PC80,205,5.870000,0.057723222,15027.581,false
NSGA-II_PC80,206,2.978000,0.060493286,15665.070,false
NSGA-II_PC80,206,2.876000,0.060911639,15388.929,false
NSGA-II_PC80,206,3.052000,0.060408988,15331.219,false
NSGA-II_PC80,206,2.888000,0.060648274,15603.721,false
NSGA-II_PC80,206,3.100000,0.060320858,15508.561,false
NSGA-II_PC80,206,3.196000,0.060247493,15284.707,false
NSGA-II_PC80,206,2.940000,0.060546352,15623.890,false
NSGA-II_PC80,206,3.034000,0.060438024,15460.382,false
NSGA-II_PC80,206,3.022000,0.060457019,15614.154,false
NSGA-II_PC80,206,3.056000,0.060371745,15449.325,false
NSGA-II_PC80,206,3.208000,0.060229943,15576.407,false
NSGA-II_PC80,206,3.108000,0.060263422,15584.300,false
NSGA-II_PC80,206,2.854000,0.061062700,15483.446,false
NSGA-II_PC80,206,2.866000,0.061040996,15659.546,false
NSGA-II_PC80,206,3.104000,0.060295223,15366.947,false
NSGA-II_PC80,206,2.826000,0.061353135,15711.898,false
NSGA-II_PC80,206,2.976000,0.060535850,15453.462,false
NSGA-II_PC80,206,3.088000,0.060361499,15488.184,false
NSGA-II_PC80,206,3.050000,0.060429581,15337.468,false
NSGA-II_PC80,207,2.898000,0.062252023,15678.962,false
NSGA-II_PC80,207,2.900000,0.062172697,15377.878,false
NSGA-II_PC80,207,2.972000,0.061281032,15627.106,false
NSGA-II_PC80,207,3.100000,0.060820454,15655.438,false
NSGA-II_PC80,207,2.954000,0.061598865,15460.103,false
NSGA-II_PC80,207,2.906000,0.062105583,15511.255,false
NSGA-II_PC80,207,3.048000,0.060916623,15654.879,false
NSGA-II_PC80,207,2.990000,0.061029077,15526.727,false
NSGA-II_PC80,207,2.878000,0.062341939,15651.815,false
NSGA-II_PC80,207,3.094000,0.060875896,15593.880,false
NSGA-II_PC80,207,2.968000,0.061453220,15668.456,false
NSGA-II_PC80,207,2.886000,0.062258162,15692.431,false
NSGA-II_PC80,207,3.148000,0.060819148,15651.994,false
NSGA-II_PC80,207,3.030000,0.060927856,15592.850,false
NSGA-II_PC80,207,2.932000,0.061643783,15438.695,false
NSGA-II_PC80,207,2.924000,0.061648313,15605.100,false
NSGA-II_PC80,207,2.994000,0.061025683,15504.169,false
NSGA-II_PC80,207,3.204000,0.060778057,15564.156,false
NSGA-II_PC80,207,3.240000,0.060711610,15676.541,false
NSGA-II_PC80,207,2.974000,0.061221707,15601.522,false
NSGA-II_PC80,207,2.912000,0.061710415,15706.610,false
NSGA-II_PC80,208,2.892000,0.061955213,15545.221,false
NSGA-II_PC80,208,2.962000,0.061622909,15585.244,false
NSGA-II_PC80,208,2.900000,0.061945727,15715.121,false
NSGA-II_PC80,208,2.866000,0.061997182,15700.570,false
NSGA-II_PC80,208,3.002000,0.061122188,15643.374,false
NSGA-II_PC80,208,3.082000,0.060808993,15651.521,false
NSGA-II_PC80,208,2.912000,0.061805455,15573.954,false
NSGA-II_PC80,208,3.148000,0.060496514,15705.104,false
NSGA-II_PC80,208,2.910000,0.061938720,15538.777,false
NSGA-II_PC80,208,2.976000,0.061337312,15581.575,false
NSGA-II_PC80,208,3.026000,0.061078074,15671.571,false
NSGA-II_PC80,208,3.360000,0.060373955,15094.203,false
NSGA-II_PC80,208,3.060000,0.060860566,15652.074,false
NSGA-II_PC80,208,3.294000,0.060402675,15398.943,false
NSGA-II_PC80,208,3.092000,0.060750884,15701.799,false
NSGA-II_PC80,208,3.242000,0.060425714,15515.714,false
NSGA-II_PC80,208,3.208000,0.060429244,15368.004,false
NSGA-II_PC80,208,2.930000,0.061753336,15619.526,false
NSGA-II_PC80,208,3.128000,0.060687433,15450.293,false
NSGA-II_PC80,208,3.066000,0.060846993,15387.797,false
NSGA-II_PC80,208,3.120000,0.060703576,15283.667,false
NSGA-II_PC80,208,3.032000,0.061051993,15616.970,false
NSGA-II_PC80,208,2.950000,0.061735166,15614.911,false
NSGA-II_PC80,208,3.036000,0.060958348,15619.373,false
NSGA-II_PC80,208,3.258000,0.060405423,15462.415,false
NSGA-II_PC80,209,2.822000,0.062240891,15654.243,false
NSGA-II_PC80,209,2.826000,0.061923737,15697.517,false
NSGA-II_PC80,209,2.850000,0.061264258,15636.477,false
NSGA-II_PC80,209,2.900000,0.061069365,15336.627,false
NSGA-II_PC80,209,2.836000,0.061904275,15701.330,false
NSGA-II_PC80,209,2.820000,0.062268879,15654.505,false
NSGA-II_PC80,209,2.874000,0.061213963,15709.131,false
NSGA-II_PC80,209,2.824000,0.061946573,15625.626,false
NSGA-II_PC80,209,3.006000,0.060603792,15584.110,false
NSGA-II_PC80,209,3.108000,0.060344836,15634.815,false
NSGA-II_PC80,209,3.082000,0.060346701,15686.842,false
NSGA-II_PC80,209,3.068000,0.060376305,15368.545,false
NSGA-II_PC80,209,2.908000,0.060914902,15583.492,false
NSGA-II_PC80,209,3.040000,0.060540062,15596.833,false
NSGA-II_PC80,209,3.238000,0.060188470,15491.786,false
NSGA-II_PC80,209,2.840000,0.061504770,15522.887,false
NSGA-II_PC80,209,3.002000,0.060643751,15626.645,false
NSGA-II_PC80,209,2.888000,0.061106429,15520.692,false
NSGA-II_PC80,209,3.014000,0.060597367,15711.669,false
NSGA-II_PC80,209,3.042000,0.060517440,15511.240,false
NSGA-II_PC80,209,2.920000,0.060879415,15597.685,false
NSGA-II_PC80,209,3.118000,0.060287193,15569.982,false
NSGA-II_PC80,209,3.050000,0.060393212,15425.126,false
NSGA-II_PC80,209,2.940000,0.060675780,15718.447,false
NSGA-II_PC80,209,2.880000,0.061148806,15628.520,false
NSGA-II_PC80,209,2.990000,0.060651956,15597.145,false
NSGA-II_PC80,209,2.978000,0.060661697,15642.321,false
NSGA-II_PC80,209,3.114000,0.060337219,15605.991,false
NSGA-II_PC80,209,3.016000,0.060541689,15539.926,false
NSGA-II_PC80,209,3.138000,0.060202763,15232.088,false
NSGA-II_PC80,209,3.266000,0.060063039,15179.912,false
NSGA-II_PC80,209,3.128000,0.060256285,15546.536,false
SPEA-II_PC80,200,5.220000,0.059243578,15593.766,false
SPEA-II_PC80,200,4.128000,0.060877943,15645.676,false
SPEA-II_PC80,200,3.112000,0.062794683,15653.693,false
SPEA-II_PC80,200,4.970000,0.059463289,15333.548,false
SPEA-II_PC80,200,6.082000,0.058569233,15187.522,false
SPEA-II_PC80,200,3.366000,0.062447164,15586.945,false
SPEA-II_PC80,200,3.154000,0.062511335,15411.041,false
SPEA-II_PC80,200,5.598000,0.059066414,15418.981,false
SPEA-II_PC80,200,4.132000,0.060809625,15255.073,false
SPEA-II_PC80,200,3.876000,0.061294128,15701.268,false
SPEA-II_PC80,200,4.548000,0.059927448,15523.312,false
SPEA-II_PC80,200,3.134000,0.062734018,15561.632,false
SPEA-II_PC80,200,4.330000,0.060501307,15571.926,false
SPEA-II_PC80,200,5.040000,0.059349364,15586.400,false
SPEA-II_PC80,200,4.560000,0.059681992,15563.478,false
SPEA-II_PC80,200,3.864000,0.061371341,15701.268,false
SPEA-II_PC80,200,5.440000,0.059101316,15264.261,false
SPEA-II_PC80,200,4.642000,0.059676869,15563.478,false
SPEA-II_PC80,200,4.368000,0.060241968,15471.270,false
SPEA-II_PC80,200,6.066000,0.058677835,15718.391,false
SPEA-II_PC80,200,3.152000,0.062554848,15253.480,false
SPEA-II_PC80,200,5.956000,0.058740373,15363.850,false
SPEA-II_PC80,200,4.492000,0.060196837,15654.192,false
SPEA-II_PC80,200,4.022000,0.061132133,15456.648,false
SPEA-II_PC80,200,3.918000,0.061233888,15701.268,false
SPEA-II_PC80,200,4.930000,0.059498295,15314.548,false
SPEA-II_PC80,200,5.250000,0.059128201,15338.886,false
SPEA-II_PC80,200,4.052000,0.060979406,15570.440,false
SPEA-II_PC80,200,4.084000,0.060971629,15461.790,false
SPEA-II_PC80,200,3.102000,0.062879808,15595.668,false
SPEA-II_PC80,200,4.008000,0.061233743,15399.734,false
SPEA-II_PC80,200,4.698000,0.059576682,15148.686,false
SPEA-II_PC80,200,5.754000,0.058781242,15430.748,false
SPEA-II_PC80,200,4.510000,0.060077764,15535.966,false
SPEA-II_PC80,200,5.646000,0.058970776,15437.941,false
SPEA-II_PC80,200,5.154000,0.059245051,15225.648,false
SPEA-II_PC80,200,5.484000,0.059098952,15391.698,false
SPEA-II_PC80,200,4.164000,0.060539632,15640.859,false
SPEA-II_PC80,201,2.768000,0.061449320,15688.170,false
SPEA-II_PC80,201,2.810000,0.060443163,15656.132,false
SPEA-II_PC80,201,3.050000,0.060130283,15547.777,false
SPEA-II_PC80,201,2.884000,0.060318377,15467.393,false
SPEA-II_PC80,201,2.834000,0.060373267,15703.860,false
SPEA-II_PC80,201,2.902000,0.060210087,15693.400,false
SPEA-II_PC80,201,2.830000,0.060434494,15718.170,false
SPEA-II_PC80,201,2.912000,0.060182909,15681.440,false
SPEA-II_PC80,201,2.790000,0.060855241,15632.797,false
SPEA-II_PC80,201,3.032000,0.060157258,15353.289,false
SPEA-II_PC80,201,2.802000,0.060508332,15720.279,false
SPEA-II_PC80,201,2.846000,0.060323960,15611.724,false
SPEA-II_PC80,201,2.888000,0.060237695,15537.502,false
SPEA-II_PC80,201,2.940000,0.060166665,15697.216,false
SPEA-II_PC80,202,2.726000,0.060969007,15531.712,false
SPEA-II_PC80,202,2.734000,0.060760750,15467.212,false
SPEA-II_PC80,202,2.724000,0.061145381,15510.893,false
SPEA-II_PC80,202,3.044000,0.059850673,15544.363,false
SPEA-II_PC80,202,2.786000,0.060510105,15567.333,false
SPEA-II_PC80,202,3.106000,0.059661429,15580.702,false
SPEA-II_PC80,202,2.942000,0.060029166,15439.292,false
SPEA-II_PC80,202,3.098000,0.059727798,15496.599,false
SPEA-II_PC80,202,2.794000,0.060252503,15576.714,false
SPEA-II_PC80,202,3.080000,0.059760081,15544.950,false
SPEA-II_PC80,202,3.052000,0.059799494,15626.671,false
SPEA-II_PC80,202,2.880000,0.060158075,15284.124,false
SPEA-II_PC80,202,2.778000,0.060565570,15534.632,false
SPEA-II_PC80,202,3.256000,0.059630286,15520.828,false
SPEA-II_PC80,202,2.776000,0.060597600,15648.566,false
SPEA-II_PC80,202,2.900000,0.060044604,15615.441,false
SPEA-II_PC80,202,2.758000,0.060623489,15712.602,false
SPEA-II_PC80,202,2.956000,0.059939602,15379.514,false
SPEA-II_PC80,202,2.990000,0.059875980,15574.640,false
SPEA-II_PC80,202,3.076000,0.059795196,15679.102,false
SPEA-II_PC80,202,2.728000,0.060910967,15567.534,false
SPEA-II_PC80,202,2.826000,0.060161394,15702.510,false
SPEA-II_PC80,202,2.744000,0.060685771,15588.410,false
SPEA-II_PC80,202,3.048000,0.059834748,15435.066,false
SPEA-II_PC80,202,2.950000,0.060017936,15436.335,false
SPEA-II_PC80,202,2.800000,0.060201215,15574.600,false
SPEA-II_PC80,202,3.364000,0.059603153,15363.767,false
SPEA-II_PC80,202,2.974000,0.059927309,15681.606,false
SPEA-II_PC80,203,2.848000,0.060673891,15653.266,false
SPEA-II_PC80,203,2.960000,0.059824159,15677.847,false
SPEA-II_PC80,203,2.770000,0.060728838,15656.419,false
SPEA-II_PC80,203,3.356000,0.059233066,15383.084,false
SPEA-II_PC80,203,2.820000,0.060692181,15486.008,false
SPEA-II_PC80,203,3.872000,0.058845870,15483.718,false
SPEA-II_PC80,203,3.564000,0.058900635,15621.635,false
SPEA-II_PC80,203,3.896000,0.058841075,15339.255,false
SPEA-II_PC80,203,2.940000,0.060006338,15264.447,false
SPEA-II_PC80,203,3.984000,0.058767780,15226.209,false
SPEA-II_PC80,203,3.378000,0.058979744,15346.104,false
SPEA-II_PC80,203,4.096000,0.058684363,15509.869,false
SPEA-II_PC80,203,2.902000,0.060143195,15399.979,false
SPEA-II_PC80,203,3.906000,0.058806685,15348.008,false
SPEA-II_PC80,203,3.046000,0.059553775,15393.155,false
SPEA-II_PC80,203,3.998000,0.058728239,15687.707,false
SPEA-II_PC80,203,3.494000,0.058938565,15516.720,false
SPEA-II_PC80,203,2.872000,0.060222630,15411.680,false
SPEA-II_PC80,203,3.156000,0.059256165,15378.547,false
SPEA-II_PC80,203,4.162000,0.058610299,15053.911,false
SPEA-II_PC80,204,3.240000,0.063009717,15621.039,false
SPEA-II_PC80,204,4.048000,0.062027121,15644.266,false
SPEA-II_PC80,204,4.124000,0.059861940,15338.359,false
SPEA-II_PC80,204,3.152000,0.063236698,15553.433,false
SPEA-II_PC80,204,4.220000,0.059750298,15490.535,false
SPEA-II_PC80,204,4.608000,0.059226028,15634.711,false
SPEA-II_PC80,204,4.402000,0.059402318,15375.532,false
SPEA-II_PC80,204,3.300000,0.062903876,15546.111,false
SPEA-II_PC80,204,4.184000,0.059816908,15615.445,false
SPEA-II_PC80,204,4.100000,0.059958218,15319.279,false
SPEA-II_PC80,204,3.264000,0.062940301,15483.415,false
SPEA-II_PC80,204,4.076000,0.061097583,15607.821,false
SPEA-II_PC80,204,3.358000,0.062844649,15610.911,false
SPEA-II_PC80,204,4.918000,0.058959041,15262.724,false
SPEA-II_PC80,204,4.228000,0.059625778,15018.221,false
SPEA-II_PC80,204,4.332000,0.059514995,15376.024,false
SPEA-II_PC80,204,5.056000,0.058748603,15470.239,false
SPEA-II_PC80,204,5.350000,0.058702234,15039.206,false
SPEA-II_PC80,204,4.078000,0.060618820,15676.583,false
SPEA-II_PC80,204,5.378000,0.058651333,15377.460,false
SPEA-II_PC80,204,4.070000,0.061961392,15644.266,false
SPEA-II_PC80,204,4.676000,0.059005823,15267.645,false
SPEA-II_PC80,204,3.156000,0.063041696,15695.420,false
SPEA-II_PC80,204,4.984000,0.058806323,15713.342,false
SPEA-II_PC80,204,4.978000,0.058947790,15393.178,false
SPEA-II_PC80,204,4.264000,0.059605110,15026.600,false
SPEA-II_PC80,204,5.270000,0.058723765,15528.957,false
SPEA-II_PC80,204,4.506000,0.059308208,15390.233,false
SPEA-II_PC80,204,4.312000,0.059565512,15314.149,false
SPEA-II_PC80,204,4.712000,0.058984770,15267.645,false
SPEA-II_PC80,204,5.810000,0.058556896,15392.931,false
SPEA-II_PC80,204,4.650000,0.059178520,15384.834,false
SPEA-II_PC80,204,5.228000,0.058746291,15320.509,false
SPEA-II_PC80,204,4.082000,0.060110470,15395.512,false
SPEA-II_PC80,205,3.022000,0.060621979,15712.176,false
SPEA-II_PC80,205,2.822000,0.061011759,15641.725,false
SPEA-II_PC80,205,3.018000,0.060641420,15609.454,false
SPEA-II_PC80,205,2.802000,0.061221738,15694.508,false
SPEA-II_PC80,205,2.982000,0.060667520,15567.934,false
SPEA-II_PC80,205,2.842000,0.060919943,15572.859,false
SPEA-II_PC80,205,2.816000,0.061215795,15689.870,false
SPEA-II_PC80,205,3.226000,0.060418320,15465.646,false
SPEA-II_PC80,205,3.090000,0.060454817,15544.396,false
SPEA-II_PC80,205,3.010000,0.060652784,15529.483,false
SPEA-II_PC80,205,2.892000,0.060714920,15651.345,false
SPEA-II_PC80,205,2.836000,0.060965135,15579.627,false
SPEA-II_PC80,205,3.236000,0.060401310,15680.409,false
SPEA-II_PC80,205,2.834000,0.061008546,15718.423,false
SPEA-II_PC80,205,2.820000,0.061025150,15697.982,false
SPEA-II_PC80,205,3.050000,0.060537042,15504.393,false
SPEA-II_PC80,205,3.072000,0.060519312,15402.452,false
SPEA-II_PC80,205,2.864000,0.060880449,15602.132,false
SPEA-II_PC80,205,2.890000,0.060844817,15563.081,false
SPEA-II_PC80,205,2.942000,0.060679604,15477.147,false
SPEA-II_PC80,205,3.148000,0.060441096,15634.826,false
SPEA-II_PC80,205,3.180000,0.060430438,15541.890,false
SPEA-II_PC80,206,2.820000,0.061197255,15612.045,false
SPEA-II_PC80,206,2.784000,0.061579843,15618.439,false
SPEA-II_PC80,206,2.846000,0.061120373,15625.566,false
SPEA-II_PC80,206,2.934000,0.060876581,15636.547,false
SPEA-II_PC80,206,2.980000,0.060816583,15705.526,false
SPEA-II_PC80,206,2.814000,0.061283867,15616.204,false
SPEA-II_PC80,206,2.978000,0.060860068,15387.189,false
SPEA-II_PC80,206,2.904000,0.060958478,15637.422,false
SPEA-II_PC80,206,3.116000,0.060690804,15495.173,false
SPEA-II_PC80,206,2.874000,0.060980097,15528.568,false
SPEA-II_PC80,206,2.790000,0.061288709,15563.963,false
SPEA-II_PC80,206,2.902000,0.060979088,15620.762,false
SPEA-II_PC80,206,3.088000,0.060699836,15529.790,false
SPEA-II_PC80,206,3.136000,0.060651391,15555.298,false
SPEA-II_PC80,206,2.862000,0.061014328,15693.879,false
SPEA-II_PC80,206,2.906000,0.060936932,15483.527,false
SPEA-II_PC80,206,2.926000,0.060913179,15475.406,false
SPEA-II_PC80,206,2.848000,0.061047351,15641.103,false
SPEA-II_PC80,206,2.816000,0.061274482,15655.797,false
SPEA-II_PC80,206,3.044000,0.060723339,15425.315,false
SPEA-II_PC80,206,2.930000,0.060899285,15641.177,false
SPEA-II_PC80,206,2.916000,0.060928974,15479.005,false
SPEA-II_PC80,207,3.148000,0.063067988,15617.093,false
SPEA-II_PC80,207,3.596000,0.060798290,15696.517,false
SPEA-II_PC80,207,4.786000,0.058799888,14861.754,false
SPEA-II_PC80,207,3.200000,0.062987662,15544.494,false
SPEA-II_PC80,207,3.608000,0.060595021,15540.085,false
SPEA-II_PC80,207,3.232000,0.062909220,15560.014,false
SPEA-II_PC80,207,3.230000,0.062966774,15580.609,false
SPEA-II_PC80,207,3.776000,0.059788203,15601.525,false
SPEA-II_PC80,207,3.972000,0.059427716,15683.173,false
SPEA-II_PC80,207,4.948000,0.058706304,14942.388,false
SPEA-II_PC80,207,4.132000,0.059248929,15403.354,false
SPEA-II_PC80,207,4.826000,0.058794285,14759.024,false
SPEA-II_PC80,207,3.808000,0.059733352,15392.753,false
SPEA-II_PC80,207,3.842000,0.059619887,15048.640,false
SPEA-II_PC80,207,3.274000,0.062833779,15572.549,false
SPEA-II_PC80,207,4.520000,0.058873674,15330.411,false
SPEA-II_PC80,207,3.190000,0.063042418,15654.179,false
SPEA-II_PC80,207,3.658000,0.060194918,15625.481,false
SPEA-II_PC80,207,4.400000,0.059127814,15147.462,false
SPEA-II_PC80,207,3.944000,0.059533837,15336.801,false
SPEA-II_PC80,207,3.626000,0.060202687,15347.747,false
SPEA-II_PC80,207,3.694000,0.059862530,15581.334,false
SPEA-II_PC80,207,3.552000,0.060959793,15507.523,false
SPEA-II_PC80,207,4.266000,0.059243072,15513.550,false
SPEA-II_PC80,207,5.238000,0.058630741,15595.118,false
SPEA-II_PC80,207,5.192000,0.058689467,15650.037,false
SPEA-II_PC80,207,4.034000,0.059417591,15602.879,false
SPEA-II_PC80,207,5.534000,0.058352677,14843.331,false
SPEA-II_PC80,207,4.294000,0.059167464,15707.838,false
SPEA-II_PC80,207,4.092000,0.059266313,15413.538,false
SPEA-II_PC80,207,4.432000,0.058967991,15207.715,false
SPEA-II_PC80,207,4.406000,0.059056013,15454.675,false
SPEA-II_PC80,207,3.676000,0.060047151,15620.276,false
SPEA-II_PC80,207,4.358000,0.059140718,15177.927,false
SPEA-II_PC80,207,3.864000,0.059561456,15543.882,false
SPEA-II_PC80,207,5.250000,0.058578643,14811.197,false
SPEA-II_PC80,208,2.746000,0.060744777,15611.703,false
SPEA-II_PC80,208,2.742000,0.060852992,15705.288,false
SPEA-II_PC80,208,2.950000,0.060009678,15640.144,false
SPEA-II_PC80,208,3.046000,0.059966178,15420.642,false
SPEA-II_PC80,208,2.826000,0.060200764,15709.284,false
SPEA-II_PC80,208,2.740000,0.061182984,15687.249,false
SPEA-II_PC80,208,2.748000,0.060706336,15712.513,false
SPEA-II_PC80,208,3.086000,0.059914494,15342.877,false
SPEA-II_PC80,208,2.760000,0.060561132,15685.367,false
SPEA-II_PC80,208,2.842000,0.060149482,15715.386,false
SPEA-II_PC80,208,2.904000,0.060070845,15584.023,false
SPEA-II_PC80,208,2.896000,0.060081213,15277.769,false
SPEA-II_PC80,208,2.822000,0.060250244,15549.334,false
SPEA-II_PC80,208,2.756000,0.060575918,15679.604,false
SPEA-II_PC80,208,3.234000,0.059869406,15164.706,false
SPEA-II_PC80,208,2.762000,0.060474285,15527.625,false
SPEA-II_PC80,208,2.812000,0.060263755,15520.495,false
SPEA-II_PC80,208,2.774000,0.060348145,15642.554,false
SPEA-II_PC80,208,2.986000,0.059998226,15678.392,false
SPEA-II_PC80,208,2.926000,0.060051359,15435.228,false
SPEA-II_PC80,208,2.870000,0.060103195,15510.686,false
SPEA-II_PC80,208,3.050000,0.059929243,15689.962,false
SPEA-II_PC80,208,2.912000,0.060053371,15612.433,false
SPEA-II_PC80,209,3.140000,0.063156769,15713.836,false
SPEA-II_PC80,209,3.142000,0.063032896,15679.605,false
SPEA-II_PC80,209,3.882000,0.060020262,15568.759,false
SPEA-II_PC80,209,4.146000,0.059407640,15301.174,false
SPEA-II_PC80,209,4.738000,0.058667512,15196.644,false
SPEA-II_PC80,209,3.176000,0.062774680,15691.273,false
SPEA-II_PC80,209,3.950000,0.059729796,15706.005,false
SPEA-II_PC80,209,3.888000,0.059956302,15687.669,false
SPEA-II_PC80,209,3.920000,0.059864580,15489.899,false
SPEA-II_PC80,209,3.802000,0.060175245,15081.849,false
SPEA-II_PC80,209,4.002000,0.059693288,15323.348,false
SPEA-II_PC80,209,4.828000,0.058597614,15136.552,false
SPEA-II_PC80,209,4.242000,0.059179902,15254.719,false
SPEA-II_PC80,209,4.348000,0.058955578,15287.624,false
SPEA-II_PC80,209,4.470000,0.058907012,15246.644,false
SPEA-II_PC80,209,4.660000,0.058749961,15553.388,false
SPEA-II_PC80,209,3.122000,0.063213930,15672.121,false
SPEA-II_PC80,209,3.162000,0.062884686,15461.933,false
SPEA-II_PC80,209,3.152000,0.062947641,15679.605,false
SPEA-II_PC80,209,4.716000,0.058701508,15203.827,false
SPEA-II_PC80,209,4.266000,0.058971813,15165.587,false
SPEA-II_PC80,209,5.102000,0.058553732,15393.139,false
SPEA-II_PC80,209,3.760000,0.060264757,15569.365,false
SPEA-II_PC80,209,3.756000,0.060621468,15344.949,false
SPEA-II_PC80,209,3.848000,0.060025267,15656.382,false
SPEA-II_PC80,209,4.150000,0.059233324,15517.150,false
SPEA-II_PC80,209,4.500000,0.058799583,15362.105,false
SPEA-II_PC80,209,3.782000,0.060245641,15573.621,false
SPEA-II_PC80,209,3.812000,0.060090243,14985.853,false
SPEA-II_PC80,209,3.178000,0.062673232,15690.365,false
SPEA-II_PC80,209,4.032000,0.059425141,15296.265,false
AMOSA_PC80,200,4.384000,0.061397877,15548.516,false
AMOSA_PC80,200,4.002000,0.061801041,15587.717,false
AMOSA_PC80,200,3.908000,0.061937362,15490.906,false
AMOSA_PC80,200,3.676000,0.062045436,15591.326,false
AMOSA_PC80,200,3.618000,0.062220412,15709.976,false
AMOSA_PC80,200,3.532000,0.062385500,15705.639,false
AMOSA_PC80,200,3.448000,0.062511759,15671.675,false
AMOSA_PC80,200,3.344000,0.062761271,15718.067,false
AMOSA_PC80,200,3.428000,0.062526050,15703.831,false
AMOSA_PC80,200,3.516000,0.062469392,15665.920,false
AMOSA_PC80,200,3.396000,0.062639670,15646.043,false
AMOSA_PC80,200,3.316000,0.063948101,15628.810,false
AMOSA_PC80,200,3.318000,0.063843834,15509.946,false
AMOSA_PC80,200,3.252000,0.063971225,15684.740,false
AMOSA_PC80,200,3.324000,0.063521360,15696.959,false
AMOSA_PC80,200,3.328000,0.063247414,15708.581,false
AMOSA_PC80,200,4.286000,0.061670813,15605.752,false
AMOSA_PC80,200,4.246000,0.061714034,15692.158,false
AMOSA_PC80,200,4.148000,0.061734275,15473.657,false
AMOSA_PC80,200,4.620000,0.061279630,15610.597,false
AMOSA_PC80,200,4.460000,0.061389230,15641.977,false
AMOSA_PC80,201,3.346000,0.062792895,15620.349,false
AMOSA_PC80,201,3.312000,0.062813882,15622.865,false
AMOSA_PC80,201,3.242000,0.063338008,15710.324,false
AMOSA_PC80,201,4.856000,0.061848481,15630.032,false
AMOSA_PC80,201,4.540000,0.061978521,15686.267,false
AMOSA_PC80,201,3.398000,0.062417922,15628.772,false
AMOSA_PC80,201,3.280000,0.062899680,15662.875,false
AMOSA_PC80,201,3.354000,0.062731979,15641.264,false
AMOSA_PC80,201,3.396000,0.062560271,15664.466,false
AMOSA_PC80,201,3.364000,0.062645246,15671.186,false
AMOSA_PC80,202,3.384000,0.063134549,15687.194,false
AMOSA_PC80,202,3.368000,0.063214438,15650.537,false
AMOSA_PC80,202,3.292000,0.063265157,15595.731,false
AMOSA_PC80,202,3.236000,0.063343711,15576.299,false
AMOSA_PC80,202,3.202000,0.064105964,15660.406,false
AMOSA_PC80,202,3.210000,0.063920346,15715.848,false
AMOSA_PC80,202,3.408000,0.062975548,15626.758,false
AMOSA_PC80,202,3.404000,0.063060900,15701.883,false
AMOSA_PC80,203,3.530000,0.062432194,15667.699,false
AMOSA_PC80,203,3.694000,0.061777089,15368.762,false
AMOSA_PC80,203,3.814000,0.061520727,15685.134,false
AMOSA_PC80,203,3.768000,0.061738140,15638.376,false
AMOSA_PC80,203,3.970000,0.061406999,15490.082,false
AMOSA_PC80,203,3.786000,0.061619414,15495.181,false
AMOSA_PC80,203,3.688000,0.062004667,15614.301,false
AMOSA_PC80,203,3.606000,0.062133300,15676.167,false
AMOSA_PC80,203,3.214000,0.063939342,15610.343,false
AMOSA_PC80,203,3.216000,0.063847173,15578.870,false
AMOSA_PC80,203,3.370000,0.063141325,15617.006,false
AMOSA_PC80,203,3.288000,0.063311726,15376.521,false
AMOSA_PC80,203,3.384000,0.063136257,15688.136,false
AMOSA_PC80,203,3.266000,0.063323846,15487.747,false
AMOSA_PC80,203,3.230000,0.063460017,15570.713,false
AMOSA_PC80,203,3.320000,0.063160128,15613.728,false
AMOSA_PC80,203,3.344000,0.063153143,15715.207,false
AMOSA_PC80,203,3.242000,0.063355840,15677.344,false
AMOSA_PC80,203,3.582000,0.062170428,15711.770,false
AMOSA_PC80,203,3.520000,0.062433696,15717.450,false
AMOSA_PC80,203,3.448000,0.063068189,15695.716,false
AMOSA_PC80,203,3.504000,0.062456236,15719.128,false
AMOSA_PC80,203,3.480000,0.062705642,15504.668,false
AMOSA_PC80,203,3.536000,0.062313470,15667.463,false
AMOSA_PC80,204,3.266000,0.063933830,15680.182,false
AMOSA_PC80,204,3.436000,0.062110123,15604.088,false
AMOSA_PC80,204,3.490000,0.062003091,15599.874,false
AMOSA_PC80,204,3.334000,0.062191962,15622.459,false
AMOSA_PC80,204,3.230000,0.064749571,15574.016,false
AMOSA_PC80,204,3.270000,0.063701303,15654.975,false
AMOSA_PC80,204,3.320000,0.063214604,15592.218,false
AMOSA_PC80,204,3.302000,0.063514411,15706.015,false
AMOSA_PC80,204,3.240000,0.063957112,15672.502,false
AMOSA_PC80,205,3.490000,0.062483406,15684.295,false
AMOSA_PC80,205,3.366000,0.062670752,15540.046,false
AMOSA_PC80,205,3.254000,0.063265715,15530.782,false
AMOSA_PC80,205,3.200000,0.063340168,15671.296,false
AMOSA_PC80,205,3.356000,0.062811442,15711.454,false
AMOSA_PC80,205,3.268000,0.063108085,15634.426,false
AMOSA_PC80,205,3.298000,0.062939360,15616.837,false
AMOSA_PC80,205,4.298000,0.062018138,15688.498,false
AMOSA_PC80,205,4.442000,0.061394401,15575.813,false
AMOSA_PC80,205,3.506000,0.062417054,15570.802,false
AMOSA_PC80,205,3.514000,0.062354076,15653.190,false
AMOSA_PC80,205,3.616000,0.062168108,15649.820,false
AMOSA_PC80,205,3.442000,0.062575596,15617.171,false
AMOSA_PC80,205,3.556000,0.062177878,15390.289,false
AMOSA_PC80,206,3.222000,0.063974985,15710.147,false
AMOSA_PC80,206,3.240000,0.063621806,15597.403,false
AMOSA_PC80,206,3.266000,0.063417437,15718.458,false
AMOSA_PC80,206,4.406000,0.062471270,15597.798,false
AMOSA_PC80,206,4.388000,0.062492091,15546.104,false
AMOSA_PC80,206,4.418000,0.062200929,15692.372,false
AMOSA_PC80,206,4.574000,0.061786776,15395.258,false
AMOSA_PC80,206,4.690000,0.061697099,15709.027,false
AMOSA_PC80,206,4.778000,0.061507277,15488.249,false
AMOSA_PC80,206,4.858000,0.061402378,15452.703,false
AMOSA_PC80,206,4.710000,0.061576427,15400.514,false
AMOSA_PC80,206,3.376000,0.062844173,15581.240,false
AMOSA_PC80,206,3.706000,0.062728245,15689.074,false
AMOSA_PC80,206,3.416000,0.062731080,15700.198,false
AMOSA_PC80,206,3.296000,0.062882995,15601.066,false
AMOSA_PC80,206,3.196000,0.064014233,15585.511,false
AMOSA_PC80,206,3.238000,0.063815758,15691.299,false
AMOSA_PC80,207,3.480000,0.062687932,15666.180,false
AMOSA_PC80,207,3.472000,0.062696119,15566.561,false
AMOSA_PC80,207,3.434000,0.062696563,15616.606,false
AMOSA_PC80,207,3.922000,0.061806075,15595.714,false
AMOSA_PC80,207,3.714000,0.061883564,15510.861,false
AMOSA_PC80,207,3.700000,0.062016669,15576.030,false
AMOSA_PC80,207,4.058000,0.061718684,15666.750,false
AMOSA_PC80,207,3.608000,0.062151052,15666.926,false
AMOSA_PC80,207,3.504000,0.062255415,15683.838,false
AMOSA_PC80,207,3.176000,0.063881547,15594.774,false
AMOSA_PC80,207,3.282000,0.063178515,15635.678,false
AMOSA_PC80,207,3.258000,0.063710385,15676.627,false
AMOSA_PC80,207,3.248000,0.063806277,15479.555,false
AMOSA_PC80,207,3.396000,0.062899853,15669.421,false
AMOSA_PC80,208,3.220000,0.063400754,15564.958,false
AMOSA_PC80,208,8.246000,0.061646042,15305.336,false
AMOSA_PC80,208,8.008000,0.061813661,15389.138,false
AMOSA_PC80,208,7.802000,0.061828873,15659.374,false
AMOSA_PC80,208,8.618000,0.061337320,15538.335,false
AMOSA_PC80,208,9.046000,0.061255145,15689.293,false
AMOSA_PC80,208,8.080000,0.061804727,15555.836,false
AMOSA_PC80,208,8.358000,0.061368257,15498.008,false
AMOSA_PC80,208,7.246000,0.062051648,15687.710,false
AMOSA_PC80,208,3.180000,0.063670808,15435.100,false
AMOSA_PC80,208,3.590000,0.062140881,15594.763,false
AMOSA_PC80,208,3.538000,0.062486408,15570.974,false
AMOSA_PC80,208,3.552000,0.062322457,15661.535,false
AMOSA_PC80,208,3.464000,0.062585013,15685.499,false
AMOSA_PC80,208,3.364000,0.062714014,15599.684,false
AMOSA_PC80,208,3.534000,0.062536415,15679.375,false
AMOSA_PC80,208,3.458000,0.062640935,15644.328,false
AMOSA_PC80,208,3.268000,0.063190470,15657.957,false
AMOSA_PC80,208,3.236000,0.063252483,15667.674,false
AMOSA_PC80,209,3.464000,0.062279764,15540.544,false
AMOSA_PC80,209,3.444000,0.062291629,15633.907,false
AMOSA_PC80,209,3.316000,0.062563072,15705.848,false
AMOSA_PC80,209,3.234000,0.062839593,15664.300,false
AMOSA_PC80,209,3.206000,0.063298890,15650.744,false
AMOSA_PC80,209,3.262000,0.062704334,15497.944,false
AMOSA_PC80,209,3.214000,0.062936435,15599.062,false
AMOSA_PC80,209,4.712000,0.061508713,15607.170,false
AMOSA_PC80,209,4.508000,0.061880944,15610.861,false
AMOSA_PC80,209,3.396000,0.062361198,15661.925,false
AMOSA_PC80,209,3.628000,0.062070564,15713.139,false
AMOSA_PC80,209,3.494000,0.062126178,15332.794,false
AMOSA_PC80,209,3.652000,0.062057327,15687.094,false
AMOSA_PC80,209,3.714000,0.061895015,15689.784,false
GA_WaitingTime_Dominance_PC75,200,8.024000,0.063983969,14603.632,false
GA_WaitingTime_Dominance_PC75,200,8.404000,0.063966960,14692.384,false
GA_WaitingTime_Dominance_PC75,200,7.448000,0.064403010,14531.717,false
GA_WaitingTime_Dominance_PC75,200,3.168000,0.064417665,14707.314,false
GA_WaitingTime_Dominance_PC75,200,3.132000,0.064613166,14432.508,false
GA_WaitingTime_Dominance_PC75,200,3.096000,0.064737230,14612.713,false
GA_WaitingTime_Dominance_PC75,200,3.006000,0.064761193,14709.920,false
GA_WaitingTime_Dominance_PC75,200,2.922000,0.064865019,14690.946,false
GA_WaitingTime_Dominance_PC75,200,2.860000,0.064881151,14693.430,false
GA_WaitingTime_Dominance_PC75,200,2.932000,0.064788786,14729.063,false
GA_WaitingTime_Dominance_PC75,200,2.820000,0.065054789,14676.231,false
GA_WaitingTime_Dominance_PC75,200,2.834000,0.064909145,14733.080,false
GA_WaitingTime_Dominance_PC75,200,2.814000,0.065079434,14720.118,false
GA_WaitingTime_Dominance_PC75,200,2.808000,0.065109800,14726.669,false
GA_WaitingTime_Dominance_PC75,200,2.806000,0.065133530,14707.558,false
GA_WaitingTime_Dominance_PC75,200,2.776000,0.065204381,14733.957,false
GA_WaitingTime_Dominance_PC75,201,5.598000,0.064293302,14340.331,false
GA_WaitingTime_Dominance_PC75,201,2.560000,0.064812658,14728.118,false
GA_WaitingTime_Dominance_PC75,201,2.536000,0.065278412,14712.630,false
GA_WaitingTime_Dominance_PC75,201,2.548000,0.065237099,14727.383,false
GA_WaitingTime_Dominance_PC75,201,2.534000,0.065402496,14727.383,false
GA_WaitingTime_Dominance_PC75,202,3.334000,0.064236011,14631.236,false
GA_WaitingTime_Dominance_PC75,202,3.184000,0.064350371,14607.159,false
GA_WaitingTime_Dominance_PC75,202,2.784000,0.064853124,14586.474,false
GA_WaitingTime_Dominance_PC75,202,2.792000,0.064719022,14586.474,false
GA_WaitingTime_Dominance_PC75,202,2.750000,0.064857598,14654.672,false
GA_WaitingTime_Dominance_PC75,202,2.974000,0.064569760,14734.078,false
GA_WaitingTime_Dominance_PC75,202,2.638000,0.065105499,14720.389,false
GA_WaitingTime_Dominance_PC75,202,2.644000,0.064886919,14728.976,false
GA_WaitingTime_Dominance_PC75,202,2.626000,0.065135806,14732.978,false
GA_WaitingTime_Dominance_PC75,202,2.640000,0.065052566,14720.389,false
GA_WaitingTime_Dominance_PC75,203,4.682000,0.064546123,14682.625,false
GA_WaitingTime_Dominance_PC75,203,4.704000,0.064389097,14714.021,false
GA_WaitingTime_Dominance_PC75,203,2.750000,0.064905301,14708.839,false
GA_WaitingTime_Dominance_PC75,203,2.796000,0.064603406,14621.255,false
GA_WaitingTime_Dominance_PC75,203,2.722000,0.064953124,14680.039,false
GA_WaitingTime_Dominance_PC75,203,2.696000,0.064959053,14693.363,false
GA_WaitingTime_Dominance_PC75,203,2.674000,0.065053431,14734.673,false
GA_WaitingTime_Dominance_PC75,203,2.652000,0.065201881,14734.673,false
GA_WaitingTime_Dominance_PC75,203,2.678000,0.064992917,14715.973,false
GA_WaitingTime_Dominance_PC75,203,2.654000,0.065077229,14720.310,false
GA_WaitingTime_Dominance_PC75,203,2.646000,0.065210254,14718.477,false
GA_WaitingTime_Dominance_PC75,204,3.010000,0.064268102,14638.188,false
GA_WaitingTime_Dominance_PC75,204,3.078000,0.064221887,14714.746,false
GA_WaitingTime_Dominance_PC75,204,2.988000,0.064421803,14683.717,false
GA_WaitingTime_Dominance_PC75,204,2.984000,0.064500053,14658.944,false
GA_WaitingTime_Dominance_PC75,204,2.940000,0.064502175,14703.603,false
GA_WaitingTime_Dominance_PC75,204,2.930000,0.064668697,14716.742,false
GA_WaitingTime_Dominance_PC75,204,2.804000,0.064877080,14677.252,false
GA_WaitingTime_Dominance_PC75,204,2.810000,0.064823919,14705.201,false
GA_WaitingTime_Dominance_PC75,204,2.820000,0.064683605,14705.201,false
GA_WaitingTime_Dominance_PC75,204,2.792000,0.064954793,14656.996,false
GA_WaitingTime_Dominance_PC75,204,2.770000,0.065018849,14674.053,false
GA_WaitingTime_Dominance_PC75,204,2.750000,0.065025881,14622.729,false
GA_WaitingTime_Dominance_PC75,204,2.802000,0.064941805,14699.688,false
GA_WaitingTime_Dominance_PC75,204,2.720000,0.065151027,14693.350,false
GA_WaitingTime_Dominance_PC75,204,2.710000,0.065156335,14705.303,false
GA_WaitingTime_Dominance_PC75,204,2.726000,0.065087779,14649.428,false
GA_WaitingTime_Dominance_PC75,204,2.700000,0.065227252,14664.516,false
GA_WaitingTime_Dominance_PC75,205,3.536000,0.064412893,14526.198,false
GA_WaitingTime_Dominance_PC75,205,3.278000,0.064651913,14701.866,false
GA_WaitingTime_Dominance_PC75,205,3.212000,0.064746719,14541.500,false
GA_WaitingTime_Dominance_PC75,205,3.230000,0.064721930,14524.901,false
GA_WaitingTime_Dominance_PC75,205,3.206000,0.064776480,14674.034,false
GA_WaitingTime_Dominance_PC75,205,2.840000,0.064823318,14690.232,false
GA_WaitingTime_Dominance_PC75,205,2.722000,0.065076097,14706.634,false
GA_WaitingTime_Dominance_PC75,205,2.706000,0.065323444,14730.314,false
GA_WaitingTime_Dominance_PC75,205,2.692000,0.065367232,14737.392,false
GA_WaitingTime_Dominance_PC75,205,2.708000,0.065169515,14697.542,false
GA_WaitingTime_Dominance_PC75,205,2.690000,0.065395819,14730.531,false
GA_WaitingTime_Dominance_PC75,205,2.730000,0.064973918,14725.405,false
GA_WaitingTime_Dominance_PC75,206,3.932000,0.064098735,14723.103,false
GA_WaitingTime_Dominance_PC75,206,3.770000,0.064336179,14597.735,false
GA_WaitingTime_Dominance_PC75,206,2.818000,0.064541956,14716.423,false
GA_WaitingTime_Dominance_PC75,206,2.678000,0.064853731,14706.695,false
GA_WaitingTime_Dominance_PC75,206,2.726000,0.064773235,14728.895,false
GA_WaitingTime_Dominance_PC75,206,2.672000,0.064876948,14721.169,false
GA_WaitingTime_Dominance_PC75,206,2.706000,0.064786671,14698.275,false
GA_WaitingTime_Dominance_PC75,206,2.812000,0.064756546,14705.406,false
GA_WaitingTime_Dominance_PC75,206,2.600000,0.064880256,14733.326,false
GA_WaitingTime_Dominance_PC75,206,2.642000,0.064877980,14733.326,false
GA_WaitingTime_Dominance_PC75,207,7.478000,0.063828921,14700.294,false
GA_WaitingTime_Dominance_PC75,207,4.130000,0.063977466,14591.235,false
GA_WaitingTime_Dominance_PC75,207,4.216000,0.063836181,14632.386,false
GA_WaitingTime_Dominance_PC75,207,4.156000,0.063956413,14591.235,false
GA_WaitingTime_Dominance_PC75,207,4.076000,0.064057248,14721.594,false
GA_WaitingTime_Dominance_PC75,207,3.930000,0.064118770,14671.606,false
GA_WaitingTime_Dominance_PC75,207,3.950000,0.064103409,14713.308,false
GA_WaitingTime_Dominance_PC75,207,3.600000,0.064174290,14655.961,false
GA_WaitingTime_Dominance_PC75,207,3.492000,0.064286924,14515.468,false
GA_WaitingTime_Dominance_PC75,207,3.438000,0.064329168,14677.952,false
GA_WaitingTime_Dominance_PC75,207,3.562000,0.064273365,14717.631,false
GA_WaitingTime_Dominance_PC75,207,3.446000,0.064318251,14619.957,false
GA_WaitingTime_Dominance_PC75,207,2.968000,0.064345267,14682.311,false
GA_WaitingTime_Dominance_PC75,207,2.860000,0.064491735,14697.177,false
GA_WaitingTime_Dominance_PC75,207,2.648000,0.064620567,14683.429,false
GA_WaitingTime_Dominance_PC75,207,2.664000,0.064607051,14725.415,false
GA_WaitingTime_Dominance_PC75,207,2.646000,0.064630469,14724.338,false
GA_WaitingTime_Dominance_PC75,207,2.638000,0.064719125,14722.827,false
GA_WaitingTime_Dominance_PC75,207,2.640000,0.064664540,14714.312,false
GA_WaitingTime_Dominance_PC75,207,2.698000,0.064514090,14697.087,false
GA_WaitingTime_Dominance_PC75,208,2.734000,0.064247172,14724.786,false
GA_WaitingTime_Dominance_PC75,208,2.756000,0.064071424,14736.690,false
GA_WaitingTime_Dominance_PC75,208,2.740000,0.064212596,14646.027,false
GA_WaitingTime_Dominance_PC75,208,2.732000,0.064285008,14726.734,false
GA_WaitingTime_Dominance_PC75,208,2.728000,0.064300551,14677.991,false
GA_WaitingTime_Dominance_PC75,208,2.668000,0.064305395,14691.368,false
GA_WaitingTime_Dominance_PC75,208,2.648000,0.064576993,14676.817,false
GA_WaitingTime_Dominance_PC75,208,2.650000,0.064473554,14725.230,false
GA_WaitingTime_Dominance_PC75,208,2.640000,0.064579170,14719.950,false
GA_WaitingTime_Dominance_PC75,209,2.890000,0.065095095,14696.750,false
GA_WaitingTime_Dominance_PC75,209,2.856000,0.065491116,14718.516,false
GA_WaitingTime_Dominance_PC75,209,2.732000,0.066064100,14733.343,false
GA_WaitingTime_Dominance_PC75,209,2.750000,0.065990200,14672.646,false
GA_WaitingTime_Dominance_PC75,209,2.762000,0.065638950,14733.343,false
GA_WaitingTime_Dominance_PC75,209,2.752000,0.065984148,14733.343,false
GA_WaitingTime_Dominance_PC75,209,2.790000,0.065550264,14733.343,false
GA_WaitingTime_Dominance_PC75,209,2.756000,0.065719188,14715.504,false
GA_WaitingTime_Dominance_PC75,209,2.736000,0.066019887,14709.739,false
GA_WaitingTime_Dominance_PC75,209,2.718000,0.066090471,14729.989,false
GA_WaitingTime_Dominance_PC75,209,2.722000,0.066068979,14715.085,false
GA_WaitingTime_Dominance_PC75,209,2.710000,0.066156505,14731.671,false
GA_WaitingTime_Dominance_PC75,209,2.754000,0.065848942,14733.343,false
GA_WaitingTime_Dominance_PC75,209,2.716000,0.066109355,14733.343,false
GA_WaitingTime_Dominance_PC75,209,2.706000,0.066188584,14729.989,false
GA_Energy_Dominance_PC75,200,8.502000,0.064254777,14699.690,false
GA_Energy_Dominance_PC75,200,8.624000,0.064003552,14733.358,false
GA_Energy_Dominance_PC75,200,8.648000,0.063191711,14465.474,false
GA_Energy_Dominance_PC75,200,8.832000,0.063025402,14133.597,false
GA_Energy_Dominance_PC75,200,8.920000,0.062677460,14621.223,false
GA_Energy_Dominance_PC75,200,9.586000,0.062368596,14528.102,false
GA_Energy_Dominance_PC75,200,9.678000,0.062227531,14330.473,false
GA_Energy_Dominance_PC75,200,9.922000,0.060930013,14360.598,false
GA_Energy_Dominance_PC75,200,9.718000,0.061474269,14718.686,false
GA_Energy_Dominance_PC75,200,10.432000,0.058682733,14081.126,false
GA_Energy_Dominance_PC75,200,10.490000,0.058319158,14420.233,false
GA_Energy_Dominance_PC75,200,10.480000,0.058427903,14162.107,false
GA_Energy_Dominance_PC75,200,10.554000,0.058306819,14150.885,false
GA_Energy_Dominance_PC75,200,10.656000,0.058238461,14283.011,false
GA_Energy_Dominance_PC75,200,10.046000,0.058740665,14124.859,false
GA_Energy_Dominance_PC75,200,10.774000,0.058165204,13776.659,false
GA_Energy_Dominance_PC75,200,11.312000,0.057522018,13853.729,false
GA_Energy_Dominance_PC75,200,11.454000,0.057367212,13632.239,false
GA_Energy_Dominance_PC75,200,11.234000,0.057777475,14422.848,false
GA_Energy_Dominance_PC75,200,11.736000,0.057358770,14288.046,false
GA_Energy_Dominance_PC75,200,11.586000,0.057366651,13926.177,false
GA_Energy_Dominance_PC75,200,11.746000,0.057000971,14133.216,false
GA_Energy_Dominance_PC75,200,11.952000,0.056674071,14381.270,false
GA_Energy_Dominance_PC75,200,11.954000,0.056498877,14415.181,false
GA_Energy_Dominance_PC75,200,12.122000,0.056443770,14299.946,false
GA_Energy_Dominance_PC75,200,11.822000,0.056803320,14565.501,false
GA_Energy_Dominance_PC75,200,12.358000,0.056081918,13987.709,false
GA_Energy_Dominance_PC75,200,12.584000,0.055752624,14134.914,false
GA_Energy_Dominance_PC75,200,12.154000,0.056272520,14252.683,false
GA_Energy_Dominance_PC75,200,12.822000,0.055539914,14270.543,false
GA_Energy_Dominance_PC75,200,12.710000,0.055632579,14566.704,false
GA_Energy_Dominance_PC75,200,13.218000,0.055410859,14173.453,false
GA_Energy_Dominance_PC75,200,13.050000,0.055432155,13546.371,false
GA_Energy_Dominance_PC75,200,13.290000,0.055334204,14016.545,false
GA_Energy_Dominance_PC75,200,13.322000,0.054959030,14567.664,false
GA_Energy_Dominance_PC75,200,13.674000,0.054596521,14142.480,false
GA_Energy_Dominance_PC75,200,13.522000,0.054630100,14158.115,false
GA_Energy_Dominance_PC75,200,13.842000,0.054408961,13557.226,false
GA_Energy_Dominance_PC75,200,13.914000,0.054246432,13789.215,false
GA_Energy_Dominance_PC75,200,14.262000,0.054193135,13266.698,false
GA_Energy_Dominance_PC75,200,14.652000,0.054121387,13184.819,false
GA_Energy_Dominance_PC75,200,15.156000,0.053987205,14015.688,false
GA_Energy_Dominance_PC75,200,15.394000,0.053926566,14263.218,false
GA_Energy_Dominance_PC75,200,15.634000,0.053860622,13994.479,false
GA_Energy_Dominance_PC75,200,15.784000,0.053658016,13992.004,false
GA_Energy_Dominance_PC75,200,15.650000,0.053747777,13582.115,false
GA_Energy_Dominance_PC75,200,15.912000,0.053605359,14043.989,false
GA_Energy_Dominance_PC75,200,15.978000,0.053387496,13915.912,false
GA_Energy_Dominance_PC75,200,16.354000,0.053233848,14098.614,false
GA_Energy_Dominance_PC75,200,16.486000,0.053196019,13501.728,false
GA_Energy_Dominance_PC75,200,16.188000,0.053297195,14452.592,false
GA_Energy_Dominance_PC75,200,16.782000,0.053162154,13939.119,false
GA_Energy_Dominance_PC75,200,16.612000,0.053182920,13683.114,false
GA_Energy_Dominance_PC75,200,16.938000,0.053078226,13383.520,false
GA_Energy_Dominance_PC75,200,17.138000,0.052946592,14220.875,false
GA_Energy_Dominance_PC75,200,17.306000,0.052878368,13788.307,false
GA_Energy_Dominance_PC75,200,17.432000,0.052854973,13897.383,false
GA_Energy_Dominance_PC75,200,17.696000,0.052718548,14040.545,false
GA_Energy_Dominance_PC75,200,17.560000,0.052729597,13791.388,false
GA_Energy_Dominance_PC75,200,17.826000,0.052678361,13361.651,false
GA_Energy_Dominance_PC75,200,18.644000,0.052438789,13205.172,false
GA_Energy_Dominance_PC75,200,18.378000,0.052442386,13372.224,false
GA_Energy_Dominance_PC75,200,18.158000,0.052502261,13574.991,false
GA_Energy_Dominance_PC75,200,17.844000,0.052528162,13919.896,false
GA_Energy_Dominance_PC75,200,18.774000,0.052421801,13444.689,false
GA_Energy_Dominance_PC75,200,19.004000,0.052275354,13406.670,false
GA_Energy_Dominance_PC75,200,19.156000,0.052272613,13265.687,false
GA_Energy_Dominance_PC75,200,19.498000,0.052259274,13237.158,false
GA_Energy_Dominance_PC75,200,19.614000,0.052092024,13260.133,false
GA_Energy_Dominance_PC75,200,20.286000,0.051823453,12850.928,false
GA_Energy_Dominance_PC75,200,20.116000,0.051905029,13099.008,false
GA_Energy_Dominance_PC75,200,20.482000,0.051752011,13123.393,false
GA_Energy_Dominance_PC75,200,19.702000,0.051907650,13220.353,false
GA_Energy_Dominance_PC75,200,20.946000,0.051367921,12622.172,false
GA_Energy_Dominance_PC75,200,20.576000,0.051470125,12830.143,false
GA_Energy_Dominance_PC75,200,21.118000,0.051364087,12716.640,false
GA_Energy_Dominance_PC75,200,21.812000,0.051313480,12638.877,false
GA_Energy_Dominance_PC75,200,21.582000,0.051332612,12489.239,false
GA_Energy_Dominance_PC75,200,21.390000,0.051340918,12763.510,false
GA_Energy_Dominance_PC75,200,20.762000,0.051388974,12486.512,false
GA_Energy_Dominance_PC75,201,7.212000,0.064114612,14720.508,false
GA_Energy_Dominance_PC75,201,7.648000,0.062825199,14448.234,false
GA_Energy_Dominance_PC75,201,7.630000,0.062861886,14681.427,false
GA_Energy_Dominance_PC75,201,7.332000,0.062996958,14487.710,false
GA_Energy_Dominance_PC75,201,7.734000,0.062439518,14581.997,false
GA_Energy_Dominance_PC75,201,7.846000,0.062387885,14480.334,false
GA_Energy_Dominance_PC75,201,8.186000,0.061180228,14318.357,false
GA_Energy_Dominance_PC75,201,8.274000,0.061110304,14351.095,false
GA_Energy_Dominance_PC75,201,7.854000,0.061467561,13977.827,false
GA_Energy_Dominance_PC75,201,8.028000,0.061432243,14546.744,false
GA_Energy_Dominance_PC75,201,8.430000,0.060679043,14505.927,false
GA_Energy_Dominance_PC75,201,8.372000,0.060747829,14642.626,false
GA_Energy_Dominance_PC75,201,8.566000,0.060366196,14036.187,false
GA_Energy_Dominance_PC75,201,8.518000,0.060578234,14702.693,false
GA_Energy_Dominance_PC75,201,8.588000,0.060292708,13858.896,false
GA_Energy_Dominance_PC75,201,8.774000,0.059878586,14075.880,false
GA_Energy_Dominance_PC75,201,8.728000,0.059921472,14035.748,false
GA_Energy_Dominance_PC75,201,8.696000,0.060037567,14122.391,false
GA_Energy_Dominance_PC75,201,8.704000,0.059968801,14296.320,false
GA_Energy_Dominance_PC75,201,8.914000,0.059673049,14275.574,false
GA_Energy_Dominance_PC75,201,9.012000,0.059194529,14445.608,false
GA_Energy_Dominance_PC75,201,9.114000,0.059021527,14469.671,false
GA_Energy_Dominance_PC75,201,9.326000,0.058848394,14299.239,false
GA_Energy_Dominance_PC75,201,9.192000,0.058948901,14283.113,false
GA_Energy_Dominance_PC75,201,9.472000,0.058813058,14209.808,false
GA_Energy_Dominance_PC75,201,9.508000,0.058748752,14373.781,false
GA_Energy_Dominance_PC75,201,9.616000,0.058664750,14183.822,false
GA_Energy_Dominance_PC75,201,9.978000,0.058496808,14404.586,false
GA_Energy_Dominance_PC75,201,9.876000,0.058642626,14702.746,false
GA_Energy_Dominance_PC75,201,10.172000,0.058422531,14571.928,false
GA_Energy_Dominance_PC75,201,10.302000,0.058402427,14524.453,false
GA_Energy_Dominance_PC75,201,10.118000,0.058456629,14284.271,false
GA_Energy_Dominance_PC75,201,10.394000,0.057980483,14468.635,false
GA_Energy_Dominance_PC75,201,10.518000,0.057788208,14611.192,false
GA_Energy_Dominance_PC75,201,10.494000,0.057970020,14386.632,false
GA_Energy_Dominance_PC75,201,10.576000,0.057645689,14409.529,false
GA_Energy_Dominance_PC75,201,10.998000,0.057513097,14559.857,false
GA_Energy_Dominance_PC75,201,10.730000,0.057559202,14686.676,false
GA_Energy_Dominance_PC75,201,11.038000,0.057308135,14386.070,false
GA_Energy_Dominance_PC75,201,11.176000,0.057285075,14427.017,false
GA_Energy_Dominance_PC75,201,11.242000,0.057186969,14639.626,false
GA_Energy_Dominance_PC75,201,11.370000,0.057003374,14657.347,false
GA_Energy_Dominance_PC75,201,11.672000,0.056988272,14542.993,false
GA_Energy_Dominance_PC75,201,11.678000,0.056898268,14421.824,false
GA_Energy_Dominance_PC75,201,11.768000,0.056854753,14299.254,false
GA_Energy_Dominance_PC75,201,12.016000,0.056762664,14362.465,false
GA_Energy_Dominance_PC75,201,12.116000,0.056749762,14445.026,false
GA_Energy_Dominance_PC75,201,12.224000,0.056449482,14328.154,false
GA_Energy_Dominance_PC75,201,12.472000,0.056140030,14152.356,false
GA_Energy_Dominance_PC75,201,12.334000,0.056418801,13911.604,false
GA_Energy_Dominance_PC75,201,12.442000,0.056271648,14209.572,false
GA_Energy_Dominance_PC75,201,12.632000,0.055833459,13925.489,false
GA_Energy_Dominance_PC75,201,12.946000,0.055831008,14061.637,false
GA_Energy_Dominance_PC75,201,13.016000,0.055707442,14552.289,false
GA_Energy_Dominance_PC75,201,13.430000,0.055498755,14137.186,false
GA_Energy_Dominance_PC75,201,13.202000,0.055624775,14531.838,false
GA_Energy_Dominance_PC75,201,13.328000,0.055616544,14052.541,false
GA_Energy_Dominance_PC75,201,13.468000,0.055401756,14628.435,false
GA_Energy_Dominance_PC75,201,13.628000,0.055329888,13796.373,false
GA_Energy_Dominance_PC75,201,13.920000,0.055199369,14065.085,false
GA_Energy_Dominance_PC75,201,13.774000,0.055241962,14320.428,false
GA_Energy_Dominance_PC75,201,13.976000,0.055043630,14295.257,false
GA_Energy_Dominance_PC75,201,14.606000,0.054394384,14142.880,false
GA_Energy_Dominance_PC75,201,14.372000,0.054441115,14144.999,false
GA_Energy_Dominance_PC75,201,14.082000,0.054459768,14477.298,false
GA_Energy_Dominance_PC75,201,14.732000,0.054251582,14178.266,false
GA_Energy_Dominance_PC75,201,14.906000,0.054117056,14278.464,false
GA_Energy_Dominance_PC75,201,15.802000,0.053914436,14381.734,false
GA_Energy_Dominance_PC75,201,15.702000,0.053981867,14136.214,false
GA_Energy_Dominance_PC75,201,15.328000,0.054053377,14107.215,false
GA_Energy_Dominance_PC75,201,16.104000,0.053613111,13910.527,false
GA_Energy_Dominance_PC75,201,15.966000,0.053704900,13155.717,false
GA_Energy_Dominance_PC75,201,16.312000,0.052960175,13677.971,false
GA_Energy_Dominance_PC75,201,16.306000,0.053106138,13405.950,false
GA_Energy_Dominance_PC75,201,16.190000,0.053299303,13120.971,false
GA_Energy_Dominance_PC75,201,16.578000,0.052878712,13464.096,false
GA_Energy_Dominance_PC75,201,16.854000,0.052760603,12801.199,false
GA_Energy_Dominance_PC75,201,17.002000,0.052659496,12904.249,false
GA_Energy_Dominance_PC75,201,17.126000,0.052596278,12752.728,false
GA_Energy_Dominance_PC75,201,17.168000,0.052357878,12693.724,false
GA_Energy_Dominance_PC75,201,17.286000,0.052331488,12661.556,false
GA_Energy_Dominance_PC75,201,17.760000,0.052202053,13049.824,false
GA_Energy_Dominance_PC75,201,17.456000,0.052219008,13010.636,false
GA_Energy_Dominance_PC75,201,18.024000,0.052175795,13077.873,false
GA_Energy_Dominance_PC75,201,18.230000,0.052002483,12905.699,false
GA_Energy_Dominance_PC75,201,18.374000,0.051873697,12598.565,false
GA_Energy_Dominance_PC75,201,18.594000,0.051831205,12685.149,false
GA_Energy_Dominance_PC75,201,18.780000,0.051785402,12587.481,false
GA_Energy_Dominance_PC75,201,18.922000,0.051749107,12586.336,false
GA_Energy_Dominance_PC75,201,19.112000,0.051673843,12689.804,false
GA_Energy_Dominance_PC75,201,19.402000,0.051637072,12487.518,false
GA_Energy_Dominance_PC75,201,20.290000,0.051498458,12067.840,false
GA_Energy_Dominance_PC75,201,19.784000,0.051553827,12004.574,false
GA_Energy_Dominance_PC75,201,20.002000,0.051521850,12256.423,false
GA_Energy_Dominance_PC75,201,19.536000,0.051583847,12235.714,false
GA_Energy_Dominance_PC75,202,7.038000,0.065072268,14508.239,false
GA_Energy_Dominance_PC75,202,7.028000,0.065132540,14516.543,false
GA_Energy_Dominance_PC75,202,7.054000,0.064953046,14306.772,false
GA_Energy_Dominance_PC75,202,7.156000,0.064074106,14727.742,false
GA_Energy_Dominance_PC75,202,7.202000,0.064028895,14373.692,false
GA_Energy_Dominance_PC75,202,7.340000,0.062875848,14385.860,false
GA_Energy_Dominance_PC75,202,7.226000,0.063245441,14272.182,false
GA_Energy_Dominance_PC75,202,7.374000,0.062452761,14543.620,false
GA_Energy_Dominance_PC75,202,7.486000,0.062322213,14474.032,false
GA_Energy_Dominance_PC75,202,7.664000,0.061791615,14524.631,false
GA_Energy_Dominance_PC75,202,7.708000,0.061757557,14722.228,false
GA_Energy_Dominance_PC75,202,7.492000,0.061874418,14612.732,false
GA_Energy_Dominance_PC75,202,7.716000,0.060753727,14481.782,false
GA_Energy_Dominance_PC75,202,8.256000,0.059658253,14429.085,false
GA_Energy_Dominance_PC75,202,7.974000,0.059745704,14606.164,false
GA_Energy_Dominance_PC75,202,7.740000,0.059938352,14263.342,false
GA_Energy_Dominance_PC75,202,8.060000,0.059672237,14507.055,false
GA_Energy_Dominance_PC75,202,8.380000,0.059210849,14006.595,false
GA_Energy_Dominance_PC75,202,8.286000,0.059348104,14367.591,false
GA_Energy_Dominance_PC75,202,8.442000,0.058996809,14360.652,false
GA_Energy_Dominance_PC75,202,9.380000,0.058865018,14386.491,false
GA_Energy_Dominance_PC75,202,8.970000,0.058970954,14596.152,false
GA_Energy_Dominance_PC75,202,9.164000,0.058893282,14173.215,false
GA_Energy_Dominance_PC75,202,9.476000,0.058631971,14615.372,false
GA_Energy_Dominance_PC75,202,9.412000,0.058711439,14619.707,false
GA_Energy_Dominance_PC75,202,9.530000,0.057854966,14408.004,false
GA_Energy_Dominance_PC75,202,9.836000,0.057816957,14116.561,false
GA_Energy_Dominance_PC75,202,10.286000,0.057121146,14652.171,false
GA_Energy_Dominance_PC75,202,10.002000,0.057282739,14478.786,false
GA_Energy_Dominance_PC75,202,10.158000,0.057255220,13796.990,false
GA_Energy_Dominance_PC75,202,9.984000,0.057412371,14466.351,false
GA_Energy_Dominance_PC75,202,10.314000,0.057039321,14642.054,false
GA_Energy_Dominance_PC75,202,10.462000,0.056930100,14355.072,false
GA_Energy_Dominance_PC75,202,10.390000,0.057025730,14156.851,false
GA_Energy_Dominance_PC75,202,10.574000,0.056601522,14380.900,false
GA_Energy_Dominance_PC75,202,10.470000,0.056678460,14487.459,false
GA_Energy_Dominance_PC75,202,10.526000,0.056616614,14112.913,false
GA_Energy_Dominance_PC75,202,10.752000,0.056492795,14542.361,false
GA_Energy_Dominance_PC75,202,10.674000,0.056499334,14149.157,false
GA_Energy_Dominance_PC75,202,10.794000,0.056410458,14157.080,false
GA_Energy_Dominance_PC75,202,10.942000,0.056260594,14317.826,false
GA_Energy_Dominance_PC75,202,10.862000,0.056263521,14632.767,false
GA_Energy_Dominance_PC75,202,10.970000,0.056045581,14240.162,false
GA_Energy_Dominance_PC75,202,10.948000,0.056154934,14164.830,false
GA_Energy_Dominance_PC75,202,11.074000,0.055928246,14005.593,false
GA_Energy_Dominance_PC75,202,11.162000,0.055687525,14206.194,false
GA_Energy_Dominance_PC75,202,11.258000,0.055564082,14089.828,false
GA_Energy_Dominance_PC75,202,11.408000,0.055336572,13925.075,false
GA_Energy_Dominance_PC75,202,11.488000,0.055238968,14317.169,false
GA_Energy_Dominance_PC75,202,11.838000,0.054993545,14255.639,false
GA_Energy_Dominance_PC75,202,11.854000,0.054807304,14330.481,false
GA_Energy_Dominance_PC75,202,12.342000,0.054626152,13932.173,false
GA_Energy_Dominance_PC75,202,11.916000,0.054756338,14466.117,false
GA_Energy_Dominance_PC75,202,11.634000,0.055079671,14534.381,false
GA_Energy_Dominance_PC75,202,12.236000,0.054644650,14207.442,false
GA_Energy_Dominance_PC75,202,12.126000,0.054654081,14267.586,false
GA_Energy_Dominance_PC75,202,12.906000,0.054251844,14314.049,false
GA_Energy_Dominance_PC75,202,12.412000,0.054400213,14237.581,false
GA_Energy_Dominance_PC75,202,12.836000,0.054344136,14060.543,false
GA_Energy_Dominance_PC75,202,13.090000,0.054154538,13887.409,false
GA_Energy_Dominance_PC75,202,13.002000,0.054214666,13907.097,false
GA_Energy_Dominance_PC75,202,13.192000,0.054147165,14119.728,false
GA_Energy_Dominance_PC75,202,13.324000,0.053939880,13947.785,false
GA_Energy_Dominance_PC75,202,13.568000,0.053795510,13927.711,false
GA_Energy_Dominance_PC75,202,13.916000,0.053463236,13994.081,false
GA_Energy_Dominance_PC75,202,13.896000,0.053739876,14037.374,false
GA_Energy_Dominance_PC75,202,14.094000,0.053384083,14307.125,false
GA_Energy_Dominance_PC75,202,14.186000,0.053373322,13844.090,false
GA_Energy_Dominance_PC75,202,14.386000,0.053345076,14089.112,false
GA_Energy_Dominance_PC75,202,14.472000,0.053310338,14015.182,false
GA_Energy_Dominance_PC75,202,14.952000,0.053142588,14019.563,false
GA_Energy_Dominance_PC75,202,14.528000,0.053154910,14221.066,false
GA_Energy_Dominance_PC75,202,15.584000,0.053011816,13998.207,false
GA_Energy_Dominance_PC75,202,15.906000,0.052985930,13726.484,false
GA_Energy_Dominance_PC75,202,15.072000,0.053071276,13684.811,false
GA_Energy_Dominance_PC75,202,15.388000,0.053067512,13873.761,false
GA_Energy_Dominance_PC75,202,16.088000,0.052884144,13961.075,false
GA_Energy_Dominance_PC75,202,15.764000,0.052987966,13956.155,false
GA_Energy_Dominance_PC75,202,16.258000,0.052852363,13890.607,false
GA_Energy_Dominance_PC75,202,16.386000,0.052788307,13691.593,false
GA_Energy_Dominance_PC75,202,16.542000,0.052668072,13851.250,false
GA_Energy_Dominance_PC75,202,17.184000,0.052612268,13489.459,false
GA_Energy_Dominance_PC75,202,17.486000,0.052587462,13844.843,false
GA_Energy_Dominance_PC75,202,16.896000,0.052655555,13572.218,false
GA_Energy_Dominance_PC75,203,6.946000,0.065630731,14660.754,false
GA_Energy_Dominance_PC75,203,7.334000,0.065208942,14652.195,false
GA_Energy_Dominance_PC75,203,7.178000,0.065363484,14638.802,false
GA_Energy_Dominance_PC75,203,7.216000,0.065270186,14697.657,false
GA_Energy_Dominance_PC75,203,7.338000,0.064859241,14463.940,false
GA_Energy_Dominance_PC75,203,7.640000,0.064118791,14551.880,false
GA_Energy_Dominance_PC75,203,7.518000,0.064375510,14538.734,false
GA_Energy_Dominance_PC75,203,8.052000,0.063049525,14687.787,false
GA_Energy_Dominance_PC75,203,7.796000,0.063278186,14584.368,false
GA_Energy_Dominance_PC75,203,8.022000,0.063115226,14689.545,false
GA_Energy_Dominance_PC75,203,7.748000,0.063410087,14696.737,false
GA_Energy_Dominance_PC75,203,8.518000,0.062565044,14679.063,false
GA_Energy_Dominance_PC75,203,8.448000,0.062635242,14477.566,false
GA_Energy_Dominance_PC75,203,8.264000,0.062945593,14632.839,false
GA_Energy_Dominance_PC75,203,8.382000,0.062735416,14715.437,false
GA_Energy_Dominance_PC75,203,8.638000,0.062009682,14719.263,false
GA_Energy_Dominance_PC75,203,8.704000,0.061690245,14454.058,false
GA_Energy_Dominance_PC75,203,9.046000,0.060574894,14307.668,false
GA_Energy_Dominance_PC75,203,8.742000,0.060619679,14388.384,false
GA_Energy_Dominance_PC75,203,9.240000,0.060293802,14635.808,false
GA_Energy_Dominance_PC75,203,9.642000,0.059592364,14454.826,false
GA_Energy_Dominance_PC75,203,9.638000,0.059714280,14359.810,false
GA_Energy_Dominance_PC75,203,9.418000,0.059773811,14538.406,false
GA_Energy_Dominance_PC75,203,9.332000,0.059780256,14449.087,false
GA_Energy_Dominance_PC75,203,10.062000,0.059089017,14232.446,false
GA_Energy_Dominance_PC75,203,10.114000,0.059006378,14569.707,false
GA_Energy_Dominance_PC75,203,9.756000,0.059133703,14524.639,false
GA_Energy_Dominance_PC75,203,10.152000,0.058930106,14566.228,false
GA_Energy_Dominance_PC75,203,10.012000,0.059133494,14439.248,false
GA_Energy_Dominance_PC75,203,10.208000,0.058752988,14511.408,false
GA_Energy_Dominance_PC75,203,10.508000,0.058456965,14594.076,false
GA_Energy_Dominance_PC75,203,10.396000,0.058582496,14544.895,false
GA_Energy_Dominance_PC75,203,10.570000,0.058346217,14429.333,false
GA_Energy_Dominance_PC75,203,10.746000,0.058035366,14305.309,false
GA_Energy_Dominance_PC75,203,10.648000,0.058225475,14610.841,false
GA_Energy_Dominance_PC75,203,11.010000,0.057686479,14028.092,false
GA_Energy_Dominance_PC75,203,10.818000,0.057799657,14486.426,false
GA_Energy_Dominance_PC75,203,11.032000,0.057536227,14608.920,false
GA_Energy_Dominance_PC75,203,10.940000,0.057752307,14648.522,false
GA_Energy_Dominance_PC75,203,11.290000,0.057464116,14494.032,false
GA_Energy_Dominance_PC75,203,11.164000,0.057506194,14374.297,false
GA_Energy_Dominance_PC75,203,11.460000,0.057320501,14616.487,false
GA_Energy_Dominance_PC75,203,11.386000,0.057384672,14440.776,false
GA_Energy_Dominance_PC75,203,11.702000,0.056958372,14074.354,false
GA_Energy_Dominance_PC75,203,11.974000,0.056872276,14089.128,false
GA_Energy_Dominance_PC75,203,11.676000,0.057112068,14144.267,false
GA_Energy_Dominance_PC75,203,11.906000,0.056955681,13988.571,false
GA_Energy_Dominance_PC75,203,12.010000,0.056767185,14108.476,false
GA_Energy_Dominance_PC75,203,12.128000,0.056543101,14717.474,false
GA_Energy_Dominance_PC75,203,12.028000,0.056548132,14384.448,false
GA_Energy_Dominance_PC75,203,12.274000,0.056474825,14631.338,false
GA_Energy_Dominance_PC75,203,12.358000,0.056462751,14639.324,false
GA_Energy_Dominance_PC75,203,12.432000,0.056461225,14148.497,false
GA_Energy_Dominance_PC75,203,12.526000,0.056306088,14409.170,false
GA_Energy_Dominance_PC75,203,12.452000,0.056325239,14542.485,false
GA_Energy_Dominance_PC75,203,12.716000,0.056133580,14118.842,false
GA_Energy_Dominance_PC75,203,12.610000,0.056143987,14351.448,false
GA_Energy_Dominance_PC75,203,12.786000,0.056097715,14061.235,false
GA_Energy_Dominance_PC75,203,12.860000,0.056065866,14248.124,false
GA_Energy_Dominance_PC75,203,12.992000,0.055745946,14072.605,false
GA_Energy_Dominance_PC75,203,13.076000,0.055629575,14055.864,false
GA_Energy_Dominance_PC75,203,12.892000,0.055762422,14686.741,false
GA_Energy_Dominance_PC75,203,13.268000,0.055582638,14583.790,false
GA_Energy_Dominance_PC75,203,13.400000,0.055261148,14599.543,false
GA_Energy_Dominance_PC75,203,13.464000,0.054944732,13963.609,false
GA_Energy_Dominance_PC75,203,13.494000,0.054781868,14124.839,false
GA_Energy_Dominance_PC75,203,13.904000,0.054671725,13959.862,false
GA_Energy_Dominance_PC75,203,13.716000,0.054674650,14269.099,false
GA_Energy_Dominance_PC75,203,14.010000,0.054648490,14042.551,false
GA_Energy_Dominance_PC75,203,14.082000,0.054377898,14294.531,false
GA_Energy_Dominance_PC75,203,14.280000,0.054299636,14066.315,false
GA_Energy_Dominance_PC75,203,14.860000,0.053921729,14179.930,false
GA_Energy_Dominance_PC75,203,14.386000,0.053937286,14181.242,false
GA_Energy_Dominance_PC75,203,15.000000,0.053891113,13910.582,false
GA_Energy_Dominance_PC75,203,15.252000,0.053836274,13933.116,false
GA_Energy_Dominance_PC75,203,15.420000,0.053809681,13899.177,false
GA_Energy_Dominance_PC75,203,15.582000,0.053707314,13735.910,false
GA_Energy_Dominance_PC75,203,15.686000,0.053664032,13639.635,false
GA_Energy_Dominance_PC75,203,15.976000,0.053563373,13570.150,false
GA_Energy_Dominance_PC75,203,15.862000,0.053615252,13922.846,false
GA_Energy_Dominance_PC75,203,16.354000,0.053396519,13261.606,false
GA_Energy_Dominance_PC75,203,16.012000,0.053431872,13503.031,false
GA_Energy_Dominance_PC75,203,16.512000,0.053355972,13509.468,false
GA_Energy_Dominance_PC75,203,16.540000,0.053230163,13157.921,false
GA_Energy_Dominance_PC75,203,16.916000,0.053042982,12585.987,false
GA_Energy_Dominance_PC75,203,17.184000,0.053029599,12869.534,false
GA_Energy_Dominance_PC75,203,16.610000,0.053063728,12609.886,false
GA_Energy_Dominance_PC75,203,17.664000,0.052998425,12317.629,false
GA_Energy_Dominance_PC75,203,17.420000,0.053011307,12990.903,false
GA_Energy_Dominance_PC75,203,17.946000,0.052831071,12778.672,false
GA_Energy_Dominance_PC75,203,18.202000,0.052625404,12332.317,false
GA_Energy_Dominance_PC75,203,18.734000,0.052376768,12457.073,false
GA_Energy_Dominance_PC75,203,18.318000,0.052461090,12595.714,false
GA_Energy_Dominance_PC75,203,18.860000,0.052227797,12449.835,false
GA_Energy_Dominance_PC75,203,18.540000,0.052391356,12773.172,false
GA_Energy_Dominance_PC75,203,19.250000,0.052057641,12315.587,false
GA_Energy_Dominance_PC75,203,19.406000,0.052003099,12134.050,false
GA_Energy_Dominance_PC75,203,19.584000,0.051981286,11914.820,false
GA_Energy_Dominance_PC75,203,19.832000,0.051666556,12071.179,false
GA_Energy_Dominance_PC75,203,20.598000,0.051575654,12318.504,false
GA_Energy_Dominance_PC75,203,20.780000,0.051521656,12289.283,false
GA_Energy_Dominance_PC75,203,19.786000,0.051897390,12296.891,false
GA_Energy_Dominance_PC75,203,20.350000,0.051576867,12505.951,false
GA_Energy_Dominance_PC75,203,20.958000,0.051509638,12243.051,false
GA_Energy_Dominance_PC75,204,8.568000,0.065142486,14594.610,false
GA_Energy_Dominance_PC75,204,8.692000,0.065041695,14586.870,false
GA_Energy_Dominance_PC75,204,8.600000,0.065103144,14677.296,false
GA_Energy_Dominance_PC75,204,9.706000,0.064196248,14724.675,false
GA_Energy_Dominance_PC75,204,9.874000,0.063569102,14605.018,false
GA_Energy_Dominance_PC75,204,9.772000,0.063636855,14532.466,false
GA_Energy_Dominance_PC75,204,9.942000,0.063538827,14609.113,false
GA_Energy_Dominance_PC75,204,10.700000,0.062118042,14276.017,false
GA_Energy_Dominance_PC75,204,10.304000,0.062678332,14476.910,false
GA_Energy_Dominance_PC75,204,9.970000,0.062981426,14455.414,false
GA_Energy_Dominance_PC75,204,10.516000,0.062358430,14708.036,false
GA_Energy_Dominance_PC75,204,10.548000,0.062318445,14578.816,false
GA_Energy_Dominance_PC75,204,10.844000,0.061597618,14573.736,false
GA_Energy_Dominance_PC75,204,10.654000,0.062293275,14635.971,false
GA_Energy_Dominance_PC75,204,10.754000,0.061710168,14686.567,false
GA_Energy_Dominance_PC75,204,10.860000,0.061121555,14066.289,false
GA_Energy_Dominance_PC75,204,11.002000,0.060867042,14647.623,false
GA_Energy_Dominance_PC75,204,11.710000,0.059244064,14116.121,false
GA_Energy_Dominance_PC75,204,11.440000,0.059462230,14249.907,false
GA_Energy_Dominance_PC75,204,11.082000,0.059856445,14239.064,false
GA_Energy_Dominance_PC75,204,11.732000,0.059046385,14458.695,false
GA_Energy_Dominance_PC75,204,12.100000,0.058440478,14009.399,false
GA_Energy_Dominance_PC75,204,11.982000,0.058564431,14303.871,false
GA_Energy_Dominance_PC75,204,11.940000,0.058654485,14085.973,false
GA_Energy_Dominance_PC75,204,12.256000,0.058274399,14524.741,false
GA_Energy_Dominance_PC75,204,12.200000,0.058363965,14090.227,false
GA_Energy_Dominance_PC75,204,12.360000,0.057796298,14423.957,false
GA_Energy_Dominance_PC75,204,12.514000,0.057645629,14554.737,false
GA_Energy_Dominance_PC75,204,12.846000,0.057586790,14684.774,false
GA_Energy_Dominance_PC75,204,12.916000,0.057567339,14250.323,false
GA_Energy_Dominance_PC75,204,13.278000,0.057158537,14032.363,false
GA_Energy_Dominance_PC75,204,13.096000,0.057301739,14311.381,false
GA_Energy_Dominance_PC75,204,13.408000,0.056985897,14598.400,false
GA_Energy_Dominance_PC75,204,13.546000,0.056676661,13957.179,false
GA_Energy_Dominance_PC75,204,13.378000,0.057084541,13996.591,false
GA_Energy_Dominance_PC75,204,13.550000,0.056298125,13856.392,false
GA_Energy_Dominance_PC75,204,13.752000,0.056092118,14432.995,false
GA_Energy_Dominance_PC75,204,13.864000,0.055802473,14536.689,false
GA_Energy_Dominance_PC75,204,14.014000,0.055505967,14699.528,false
GA_Energy_Dominance_PC75,204,14.430000,0.054983325,13594.032,false
GA_Energy_Dominance_PC75,204,14.340000,0.055070202,14337.517,false
GA_Energy_Dominance_PC75,204,14.024000,0.055244281,13377.993,false
GA_Energy_Dominance_PC75,204,14.190000,0.055123780,13252.229,false
GA_Energy_Dominance_PC75,204,14.546000,0.054934624,14396.210,false
GA_Energy_Dominance_PC75,204,14.562000,0.054654322,13996.682,false
GA_Energy_Dominance_PC75,204,15.066000,0.054496777,14274.682,false
GA_Energy_Dominance_PC75,204,14.828000,0.054550686,14502.285,false
GA_Energy_Dominance_PC75,204,15.098000,0.054289651,14637.278,false
GA_Energy_Dominance_PC75,204,15.524000,0.054281296,13965.652,false
GA_Energy_Dominance_PC75,204,15.712000,0.053993999,14434.501,false
GA_Energy_Dominance_PC75,204,16.156000,0.053815146,14268.983,false
GA_Energy_Dominance_PC75,204,16.546000,0.053741525,13251.678,false
GA_Energy_Dominance_PC75,204,16.278000,0.053766010,13798.542,false
GA_Energy_Dominance_PC75,204,16.680000,0.053700528,13872.821,false
GA_Energy_Dominance_PC75,204,16.704000,0.053370018,13463.157,false
GA_Energy_Dominance_PC75,204,17.426000,0.053365023,13688.281,false
GA_Energy_Dominance_PC75,204,17.626000,0.053198788,13450.407,false
GA_Energy_Dominance_PC75,204,17.838000,0.052844312,13468.592,false
GA_Energy_Dominance_PC75,204,17.462000,0.053209485,13454.991,false
GA_Energy_Dominance_PC75,204,18.356000,0.052672481,13157.765,false
GA_Energy_Dominance_PC75,204,18.156000,0.052759868,13562.634,false
GA_Energy_Dominance_PC75,204,17.962000,0.052824664,13586.401,false
GA_Energy_Dominance_PC75,204,18.606000,0.052640797,13344.115,false
GA_Energy_Dominance_PC75,204,18.726000,0.052548608,13230.477,false
GA_Energy_Dominance_PC75,204,19.074000,0.052403448,12709.564,false
GA_Energy_Dominance_PC75,204,19.282000,0.052308860,13348.453,false
GA_Energy_Dominance_PC75,204,18.846000,0.052533387,13297.426,false
GA_Energy_Dominance_PC75,204,19.578000,0.052110373,13471.313,false
GA_Energy_Dominance_PC75,204,19.812000,0.052019932,13153.670,false
GA_Energy_Dominance_PC75,204,19.558000,0.052263553,13506.651,false
GA_Energy_Dominance_PC75,204,20.132000,0.051819840,12758.140,false
GA_Energy_Dominance_PC75,204,19.898000,0.051859103,13043.864,false
GA_Energy_Dominance_PC75,204,20.384000,0.051674896,12780.535,false
GA_Energy_Dominance_PC75,204,20.392000,0.051490467,12544.229,false
GA_Energy_Dominance_PC75,204,21.136000,0.051313384,12600.649,false
GA_Energy_Dominance_PC75,204,21.598000,0.051265161,13051.606,false
GA_Energy_Dominance_PC75,204,20.692000,0.051378520,12803.445,false
GA_Energy_Dominance_PC75,204,21.890000,0.051195757,12615.151,false
GA_Energy_Dominance_PC75,204,22.414000,0.051179693,12913.048,false
GA_Energy_Dominance_PC75,204,22.642000,0.051117927,12930.237,false
GA_Energy_Dominance_PC75,204,22.868000,0.051052655,12704.648,false
GA_Energy_Dominance_PC75,204,23.070000,0.051013720,12912.136,false
GA_Energy_Dominance_PC75,204,23.278000,0.050948132,12906.102,false
GA_Energy_Dominance_PC75,204,23.522000,0.050915875,12671.847,false
GA_Energy_Dominance_PC75,204,24.432000,0.050907150,12241.626,false
GA_Energy_Dominance_PC75,204,24.612000,0.050822004,12662.569,false
GA_Energy_Dominance_PC75,204,23.910000,0.050912379,12863.325,false
GA_Energy_Dominance_PC75,204,24.808000,0.050804873,11954.148,false
GA_Energy_Dominance_PC75,204,25.116000,0.050763984,12626.889,false
GA_Energy_Dominance_PC75,204,25.330000,0.050718557,12159.900,false
GA_Energy_Dominance_PC75,205,7.928000,0.065855078,14438.392,false
GA_Energy_Dominance_PC75,205,8.124000,0.065371229,14595.929,false
GA_Energy_Dominance_PC75,205,8.138000,0.065354449,14595.929,false
GA_Energy_Dominance_PC75,205,8.064000,0.065626017,14696.945,false
GA_Energy_Dominance_PC75,205,8.146000,0.064807418,14506.957,false
GA_Energy_Dominance_PC75,205,8.444000,0.064778650,14666.320,false
GA_Energy_Dominance_PC75,205,8.464000,0.064668188,14498.825,false
GA_Energy_Dominance_PC75,205,8.590000,0.064148065,14667.800,false
GA_Energy_Dominance_PC75,205,8.766000,0.063631187,14721.369,false
GA_Energy_Dominance_PC75,205,8.874000,0.063509228,14602.114,false
GA_Energy_Dominance_PC75,205,9.246000,0.062903150,14477.410,false
GA_Energy_Dominance_PC75,205,8.922000,0.062913180,14415.695,false
GA_Energy_Dominance_PC75,205,9.488000,0.062348568,14335.331,false
GA_Energy_Dominance_PC75,205,9.590000,0.062244565,14469.265,false
GA_Energy_Dominance_PC75,205,9.658000,0.062227463,14704.559,false
GA_Energy_Dominance_PC75,205,9.328000,0.062557548,14400.009,false
GA_Energy_Dominance_PC75,205,9.396000,0.062414903,14344.820,false
GA_Energy_Dominance_PC75,205,9.748000,0.062181288,14594.469,false
GA_Energy_Dominance_PC75,205,9.800000,0.062081111,14503.400,false
GA_Energy_Dominance_PC75,205,9.802000,0.061655876,14235.821,false
GA_Energy_Dominance_PC75,205,9.962000,0.061567576,14676.018,false
GA_Energy_Dominance_PC75,205,10.070000,0.061360455,14562.132,false
GA_Energy_Dominance_PC75,205,9.964000,0.061425441,14574.388,false
GA_Energy_Dominance_PC75,205,10.120000,0.061264353,14663.345,false
GA_Energy_Dominance_PC75,205,10.128000,0.061179436,14479.973,false
GA_Energy_Dominance_PC75,205,10.134000,0.060984862,14390.928,false
GA_Energy_Dominance_PC75,205,10.152000,0.060875628,14704.030,false
GA_Energy_Dominance_PC75,205,10.434000,0.060567297,14422.226,false
GA_Energy_Dominance_PC75,205,10.322000,0.060711725,14482.263,false
GA_Energy_Dominance_PC75,205,10.820000,0.060354144,14132.223,false
GA_Energy_Dominance_PC75,205,10.918000,0.060222309,14552.449,false
GA_Energy_Dominance_PC75,205,10.546000,0.060400335,14549.444,false
GA_Energy_Dominance_PC75,205,10.710000,0.060380663,14711.606,false
GA_Energy_Dominance_PC75,205,11.026000,0.060120315,14612.317,false
GA_Energy_Dominance_PC75,205,10.934000,0.060127132,14444.849,false
GA_Energy_Dominance_PC75,205,10.864000,0.060305337,14444.165,false
GA_Energy_Dominance_PC75,205,11.072000,0.059952738,14341.644,false
GA_Energy_Dominance_PC75,205,11.326000,0.059753942,14021.063,false
GA_Energy_Dominance_PC75,205,11.108000,0.059854455,14156.201,false
GA_Energy_Dominance_PC75,205,11.402000,0.059687064,14594.316,false
GA_Energy_Dominance_PC75,205,11.714000,0.059317156,14648.802,false
GA_Energy_Dominance_PC75,205,11.768000,0.059291501,14546.025,false
GA_Energy_Dominance_PC75,205,11.858000,0.059277985,14344.256,false
GA_Energy_Dominance_PC75,205,11.446000,0.059379732,14311.334,false
GA_Energy_Dominance_PC75,205,11.904000,0.058840533,14672.144,false
GA_Energy_Dominance_PC75,205,12.062000,0.058165655,14727.269,false
GA_Energy_Dominance_PC75,205,12.200000,0.058026566,14119.024,false
GA_Energy_Dominance_PC75,205,12.492000,0.057871593,14419.738,false
GA_Energy_Dominance_PC75,205,12.768000,0.057732202,14083.843,false
GA_Energy_Dominance_PC75,205,12.566000,0.057766984,14451.933,false
GA_Energy_Dominance_PC75,205,12.856000,0.057715916,14060.933,false
GA_Energy_Dominance_PC75,205,12.690000,0.057751703,14485.303,false
GA_Energy_Dominance_PC75,205,12.880000,0.057575326,14558.358,false
GA_Energy_Dominance_PC75,205,13.112000,0.057314591,14251.661,false
GA_Energy_Dominance_PC75,205,13.030000,0.057446647,14303.476,false
GA_Energy_Dominance_PC75,205,13.190000,0.057279397,13926.564,false
GA_Energy_Dominance_PC75,205,13.382000,0.057021218,14213.326,false
GA_Energy_Dominance_PC75,205,13.258000,0.057178322,14440.513,false
GA_Energy_Dominance_PC75,205,13.286000,0.057036651,14259.671,false
GA_Energy_Dominance_PC75,205,13.490000,0.056829528,14083.494,false
GA_Energy_Dominance_PC75,205,13.898000,0.056622214,13810.565,false
GA_Energy_Dominance_PC75,205,13.722000,0.056625051,14189.180,false
GA_Energy_Dominance_PC75,205,13.556000,0.056705507,13707.145,false
GA_Energy_Dominance_PC75,205,14.206000,0.056395514,14178.113,false
GA_Energy_Dominance_PC75,205,13.956000,0.056476766,13832.097,false
GA_Energy_Dominance_PC75,205,14.570000,0.055711520,13931.996,false
GA_Energy_Dominance_PC75,205,14.312000,0.055933882,14258.907,false
GA_Energy_Dominance_PC75,205,14.682000,0.055465737,14246.788,false
GA_Energy_Dominance_PC75,205,14.448000,0.055853557,14200.184,false
GA_Energy_Dominance_PC75,205,14.766000,0.055112310,14362.773,false
GA_Energy_Dominance_PC75,205,15.152000,0.054915391,13761.759,false
GA_Energy_Dominance_PC75,205,14.794000,0.054934717,13855.572,false
GA_Energy_Dominance_PC75,205,15.308000,0.054773726,13714.039,false
GA_Energy_Dominance_PC75,205,15.420000,0.054737306,13699.124,false
GA_Energy_Dominance_PC75,205,15.812000,0.054655728,13903.757,false
GA_Energy_Dominance_PC75,205,15.912000,0.054565278,13852.153,false
GA_Energy_Dominance_PC75,205,15.618000,0.054660044,13559.542,false
GA_Energy_Dominance_PC75,205,16.166000,0.054451685,13507.316,false
GA_Energy_Dominance_PC75,205,16.024000,0.054469407,13518.368,false
GA_Energy_Dominance_PC75,205,16.314000,0.054396047,13324.962,false
GA_Energy_Dominance_PC75,205,16.646000,0.053812003,13289.577,false
GA_Energy_Dominance_PC75,205,16.480000,0.053849498,13152.335,false
GA_Energy_Dominance_PC75,205,16.342000,0.054193577,13292.478,false
GA_Energy_Dominance_PC75,205,16.744000,0.053681337,13246.773,false
GA_Energy_Dominance_PC75,205,16.950000,0.053543144,13303.144,false
GA_Energy_Dominance_PC75,205,17.364000,0.053417931,13273.841,false
GA_Energy_Dominance_PC75,205,17.586000,0.053349216,13866.011,false
GA_Energy_Dominance_PC75,205,17.680000,0.053067425,13521.989,false
GA_Energy_Dominance_PC75,205,17.972000,0.052961335,13318.089,false
GA_Energy_Dominance_PC75,205,18.236000,0.052803835,13028.407,false
GA_Energy_Dominance_PC75,205,18.484000,0.052777246,13221.937,false
GA_Energy_Dominance_PC75,205,18.032000,0.052813875,13188.156,false
GA_Energy_Dominance_PC75,205,18.662000,0.052771689,13167.317,false
GA_Energy_Dominance_PC75,205,19.142000,0.052685131,13098.766,false
GA_Energy_Dominance_PC75,205,18.790000,0.052729728,13301.953,false
GA_Energy_Dominance_PC75,205,19.306000,0.052679971,12699.379,false
GA_Energy_Dominance_PC75,205,18.910000,0.052715696,13059.225,false
GA_Energy_Dominance_PC75,206,7.874000,0.062703444,14549.088,false
GA_Energy_Dominance_PC75,206,8.480000,0.062518642,14575.177,false
GA_Energy_Dominance_PC75,206,8.652000,0.062232238,14726.548,false
GA_Energy_Dominance_PC75,206,8.190000,0.062566120,14400.191,false
GA_Energy_Dominance_PC75,206,8.502000,0.062315793,14692.249,false
GA_Energy_Dominance_PC75,206,8.726000,0.060929920,14288.897,false
GA_Energy_Dominance_PC75,206,8.738000,0.060749838,14494.841,false
GA_Energy_Dominance_PC75,206,8.908000,0.060708680,14214.083,false
GA_Energy_Dominance_PC75,206,8.930000,0.060681000,14232.749,false
GA_Energy_Dominance_PC75,206,8.948000,0.060056877,13956.748,false
GA_Energy_Dominance_PC75,206,9.366000,0.059707046,14522.825,false
GA_Energy_Dominance_PC75,206,9.312000,0.060014217,14138.137,false
GA_Energy_Dominance_PC75,206,9.438000,0.059643764,14496.368,false
GA_Energy_Dominance_PC75,206,9.592000,0.059461164,14578.445,false
GA_Energy_Dominance_PC75,206,9.588000,0.059583690,14368.741,false
GA_Energy_Dominance_PC75,206,9.824000,0.059128749,14640.803,false
GA_Energy_Dominance_PC75,206,9.644000,0.059310116,14672.161,false
GA_Energy_Dominance_PC75,206,9.792000,0.059250586,14514.112,false
GA_Energy_Dominance_PC75,206,9.974000,0.059087532,14602.353,false
GA_Energy_Dominance_PC75,206,10.190000,0.058931122,14630.152,false
GA_Energy_Dominance_PC75,206,10.112000,0.058958729,14428.770,false
GA_Energy_Dominance_PC75,206,9.882000,0.059116745,14625.896,false
GA_Energy_Dominance_PC75,206,10.020000,0.058991544,14562.751,false
GA_Energy_Dominance_PC75,206,10.352000,0.058002918,14269.763,false
GA_Energy_Dominance_PC75,206,10.272000,0.058313056,14501.112,false
GA_Energy_Dominance_PC75,206,10.394000,0.057776899,14374.570,false
GA_Energy_Dominance_PC75,206,10.432000,0.057318810,14011.098,false
GA_Energy_Dominance_PC75,206,10.548000,0.057285763,14379.921,false
GA_Energy_Dominance_PC75,206,10.798000,0.057182388,14327.590,false
GA_Energy_Dominance_PC75,206,10.578000,0.057189368,14419.894,false
GA_Energy_Dominance_PC75,206,10.834000,0.056983171,14284.812,false
GA_Energy_Dominance_PC75,206,10.932000,0.056938685,14686.919,false
GA_Energy_Dominance_PC75,206,11.098000,0.056721368,14473.947,false
GA_Energy_Dominance_PC75,206,11.046000,0.056866487,14330.036,false
GA_Energy_Dominance_PC75,206,11.170000,0.056673479,14372.927,false
GA_Energy_Dominance_PC75,206,11.708000,0.056225720,14474.442,false
GA_Energy_Dominance_PC75,206,11.362000,0.056429564,14543.133,false
GA_Energy_Dominance_PC75,206,11.584000,0.056234134,14324.740,false
GA_Energy_Dominance_PC75,206,11.736000,0.055896584,14369.785,false
GA_Energy_Dominance_PC75,206,11.940000,0.055729211,14633.201,false
GA_Energy_Dominance_PC75,206,12.236000,0.055100926,14219.204,false
GA_Energy_Dominance_PC75,206,12.122000,0.055144221,13666.511,false
GA_Energy_Dominance_PC75,206,12.758000,0.054708023,13699.488,false
GA_Energy_Dominance_PC75,206,12.460000,0.054797012,13536.989,false
GA_Energy_Dominance_PC75,206,12.866000,0.054503364,13229.348,false
GA_Energy_Dominance_PC75,206,13.624000,0.054277501,13738.212,false
GA_Energy_Dominance_PC75,206,13.426000,0.054296420,13413.373,false
GA_Energy_Dominance_PC75,206,12.900000,0.054327750,13380.320,false
GA_Energy_Dominance_PC75,206,12.978000,0.054320182,13438.798,false
GA_Energy_Dominance_PC75,206,13.780000,0.054236728,13364.196,false
GA_Energy_Dominance_PC75,206,13.546000,0.054293877,13299.628,false
GA_Energy_Dominance_PC75,206,14.126000,0.054114732,13086.851,false
GA_Energy_Dominance_PC75,206,14.290000,0.054083076,12975.625,false
GA_Energy_Dominance_PC75,206,13.860000,0.054198798,13242.350,false
GA_Energy_Dominance_PC75,206,14.772000,0.053967091,12816.976,false
GA_Energy_Dominance_PC75,206,15.056000,0.053857995,13235.631,false
GA_Energy_Dominance_PC75,206,14.796000,0.053870328,12833.974,false
GA_Energy_Dominance_PC75,206,14.338000,0.053982801,12933.841,false
GA_Energy_Dominance_PC75,206,15.166000,0.053844870,13138.356,false
GA_Energy_Dominance_PC75,206,15.314000,0.053728384,13078.997,false
GA_Energy_Dominance_PC75,206,15.346000,0.053402820,12976.738,false
GA_Energy_Dominance_PC75,206,15.630000,0.053285802,12911.259,false
GA_Energy_Dominance_PC75,206,15.706000,0.053188314,13201.179,false
GA_Energy_Dominance_PC75,206,15.874000,0.053170274,13155.320,false
GA_Energy_Dominance_PC75,206,15.888000,0.053066780,12743.220,false
GA_Energy_Dominance_PC75,206,15.998000,0.053065901,12784.851,false
GA_Energy_Dominance_PC75,206,16.034000,0.052896831,12881.411,false
GA_Energy_Dominance_PC75,206,16.106000,0.052670563,12885.519,false
GA_Energy_Dominance_PC75,206,16.384000,0.052605718,12684.077,false
GA_Energy_Dominance_PC75,206,16.552000,0.052467144,13561.206,false
GA_Energy_Dominance_PC75,206,16.762000,0.052412398,13095.220,false
GA_Energy_Dominance_PC75,206,16.922000,0.052140122,13093.020,false
GA_Energy_Dominance_PC75,206,16.902000,0.052248129,12715.980,false
GA_Energy_Dominance_PC75,206,17.100000,0.052013596,12666.685,false
GA_Energy_Dominance_PC75,206,17.202000,0.051926544,13168.525,false
GA_Energy_Dominance_PC75,206,17.914000,0.051850123,13043.524,false
GA_Energy_Dominance_PC75,206,17.764000,0.051865239,12672.186,false
GA_Energy_Dominance_PC75,206,17.614000,0.051885944,12832.902,false
GA_Energy_Dominance_PC75,206,17.450000,0.051903533,12955.910,false
GA_Energy_Dominance_PC75,207,8.726000,0.064490448,14704.688,false
GA_Energy_Dominance_PC75,207,8.554000,0.064580225,14602.783,false
GA_Energy_Dominance_PC75,207,9.226000,0.063698170,14707.914,false
GA_Energy_Dominance_PC75,207,8.884000,0.064106355,14535.182,false
GA_Energy_Dominance_PC75,207,8.920000,0.063778983,14495.680,false
GA_Energy_Dominance_PC75,207,9.000000,0.063762902,14667.442,false
GA_Energy_Dominance_PC75,207,9.248000,0.063668267,14664.744,false
GA_Energy_Dominance_PC75,207,9.576000,0.062875165,14547.641,false
GA_Energy_Dominance_PC75,207,9.492000,0.063081714,14648.377,false
GA_Energy_Dominance_PC75,207,9.530000,0.062944961,14547.261,false
GA_Energy_Dominance_PC75,207,9.472000,0.063227629,14604.393,false
GA_Energy_Dominance_PC75,207,9.268000,0.063391171,14446.903,false
GA_Energy_Dominance_PC75,207,9.696000,0.062613715,14334.781,false
GA_Energy_Dominance_PC75,207,10.072000,0.062161413,14580.604,false
GA_Energy_Dominance_PC75,207,10.198000,0.060864989,14297.586,false
GA_Energy_Dominance_PC75,207,10.530000,0.059529731,14460.282,false
GA_Energy_Dominance_PC75,207,10.416000,0.059570948,14539.258,false
GA_Energy_Dominance_PC75,207,10.456000,0.059533809,14561.916,false
GA_Energy_Dominance_PC75,207,10.228000,0.059660285,14562.250,false
GA_Energy_Dominance_PC75,207,10.578000,0.059284780,14675.568,false
GA_Energy_Dominance_PC75,207,10.550000,0.059357268,14733.929,false
GA_Energy_Dominance_PC75,207,10.580000,0.058959876,14466.275,false
GA_Energy_Dominance_PC75,207,10.742000,0.058673656,14275.067,false
GA_Energy_Dominance_PC75,207,10.964000,0.058057185,14502.844,false
GA_Energy_Dominance_PC75,207,11.026000,0.057816055,14718.776,false
GA_Energy_Dominance_PC75,207,10.776000,0.058160712,14550.792,false
GA_Energy_Dominance_PC75,207,11.140000,0.057530133,14569.889,false
GA_Energy_Dominance_PC75,207,11.132000,0.057795900,14468.163,false
GA_Energy_Dominance_PC75,207,11.152000,0.057296649,13940.701,false
GA_Energy_Dominance_PC75,207,11.164000,0.057136902,14230.155,false
GA_Energy_Dominance_PC75,207,11.838000,0.056299075,14404.297,false
GA_Energy_Dominance_PC75,207,11.768000,0.056300608,14450.785,false
GA_Energy_Dominance_PC75,207,11.708000,0.056321132,14069.404,false
GA_Energy_Dominance_PC75,207,11.566000,0.056460384,14545.820,false
GA_Energy_Dominance_PC75,207,11.194000,0.056496260,14472.715,false
GA_Energy_Dominance_PC75,207,11.994000,0.056173767,14092.254,false
GA_Energy_Dominance_PC75,207,11.888000,0.056219331,13992.367,false
GA_Energy_Dominance_PC75,207,11.642000,0.056420991,14166.883,false
GA_Energy_Dominance_PC75,207,12.264000,0.055952708,14464.496,false
GA_Energy_Dominance_PC75,207,12.184000,0.055979780,14203.674,false
GA_Energy_Dominance_PC75,207,12.026000,0.056002920,13875.112,false
GA_Energy_Dominance_PC75,207,12.916000,0.055624937,14100.361,false
GA_Energy_Dominance_PC75,207,12.832000,0.055724326,14273.230,false
GA_Energy_Dominance_PC75,207,12.318000,0.055815985,14434.081,false
GA_Energy_Dominance_PC75,207,12.512000,0.055792967,13718.456,false
GA_Energy_Dominance_PC75,207,12.734000,0.055755048,14455.898,false
GA_Energy_Dominance_PC75,207,12.614000,0.055764487,14479.291,false
GA_Energy_Dominance_PC75,207,13.608000,0.055418118,14345.094,false
GA_Energy_Dominance_PC75,207,13.156000,0.055494163,14216.976,false
GA_Energy_Dominance_PC75,207,13.336000,0.055493071,14542.489,false
GA_Energy_Dominance_PC75,207,13.538000,0.055433382,14345.094,false
GA_Energy_Dominance_PC75,207,13.860000,0.055324566,14566.887,false
GA_Energy_Dominance_PC75,207,13.968000,0.055303089,14287.501,false
GA_Energy_Dominance_PC75,207,14.008000,0.055149294,14286.847,false
GA_Energy_Dominance_PC75,207,14.070000,0.055070036,14242.029,false
GA_Energy_Dominance_PC75,207,13.678000,0.055350148,13802.231,false
GA_Energy_Dominance_PC75,207,14.104000,0.054824142,13889.601,false
GA_Energy_Dominance_PC75,207,14.304000,0.054602065,14330.574,false
GA_Energy_Dominance_PC75,207,14.580000,0.054560268,14174.921,false
GA_Energy_Dominance_PC75,207,14.856000,0.054435559,13981.277,false
GA_Energy_Dominance_PC75,207,15.102000,0.054409448,14086.904,false
GA_Energy_Dominance_PC75,207,15.296000,0.054256848,14309.699,false
GA_Energy_Dominance_PC75,207,15.128000,0.054281094,14614.830,false
GA_Energy_Dominance_PC75,207,15.450000,0.054193514,14303.942,false
GA_Energy_Dominance_PC75,207,16.130000,0.054038445,14652.506,false
GA_Energy_Dominance_PC75,207,15.562000,0.054056952,14588.656,false
GA_Energy_Dominance_PC75,207,16.300000,0.054005874,14192.899,false
GA_Energy_Dominance_PC75,207,16.352000,0.053840302,13650.208,false
GA_Energy_Dominance_PC75,207,16.552000,0.053812499,13370.296,false
GA_Energy_Dominance_PC75,207,16.710000,0.053601515,13518.755,false
GA_Energy_Dominance_PC75,207,16.706000,0.053745327,13672.911,false
GA_Energy_Dominance_PC75,207,16.842000,0.053518103,13794.742,false
GA_Energy_Dominance_PC75,207,17.054000,0.053299969,13589.665,false
GA_Energy_Dominance_PC75,207,17.224000,0.053272286,13412.248,false
GA_Energy_Dominance_PC75,207,17.384000,0.053105426,13530.094,false
GA_Energy_Dominance_PC75,207,17.544000,0.053051653,13624.531,false
GA_Energy_Dominance_PC75,207,18.240000,0.052850401,13539.986,false
GA_Energy_Dominance_PC75,207,17.932000,0.052875978,13899.463,false
GA_Energy_Dominance_PC75,207,18.106000,0.052870894,13555.011,false
GA_Energy_Dominance_PC75,207,18.344000,0.052830382,13870.060,false
GA_Energy_Dominance_PC75,207,18.512000,0.052733396,13394.675,false
GA_Energy_Dominance_PC75,207,18.692000,0.052555270,13749.340,false
GA_Energy_Dominance_PC75,207,18.848000,0.052461649,13388.149,false
GA_Energy_Dominance_PC75,207,19.550000,0.052236895,13664.731,false
GA_Energy_Dominance_PC75,207,19.120000,0.052375734,13664.253,false
GA_Energy_Dominance_PC75,207,20.622000,0.052155412,13155.322,false
GA_Energy_Dominance_PC75,207,19.952000,0.052175394,13091.725,false
GA_Energy_Dominance_PC75,207,19.318000,0.052282116,13716.992,false
GA_Energy_Dominance_PC75,207,19.680000,0.052200733,13559.904,false
GA_Energy_Dominance_PC75,208,5.554000,0.063544523,14575.701,false
GA_Energy_Dominance_PC75,208,5.742000,0.063180883,14570.826,false
GA_Energy_Dominance_PC75,208,5.704000,0.063318554,14589.433,false
GA_Energy_Dominance_PC75,208,5.582000,0.063447042,14616.625,false
GA_Energy_Dominance_PC75,208,5.968000,0.062888213,14446.096,false
GA_Energy_Dominance_PC75,208,5.764000,0.062891185,14667.256,false
GA_Energy_Dominance_PC75,208,6.004000,0.062357252,14518.589,false
GA_Energy_Dominance_PC75,208,6.118000,0.062286829,14563.253,false
GA_Energy_Dominance_PC75,208,6.338000,0.061944831,14680.774,false
GA_Energy_Dominance_PC75,208,6.230000,0.062168934,14511.233,false
GA_Energy_Dominance_PC75,208,6.490000,0.061188642,14440.922,false
GA_Energy_Dominance_PC75,208,6.630000,0.061172079,14600.877,false
GA_Energy_Dominance_PC75,208,6.718000,0.061128079,14324.298,false
GA_Energy_Dominance_PC75,208,6.734000,0.060565576,14408.221,false
GA_Energy_Dominance_PC75,208,6.944000,0.060026199,14386.780,false
GA_Energy_Dominance_PC75,208,6.946000,0.059849669,14407.015,false
GA_Energy_Dominance_PC75,208,6.860000,0.060057557,14619.160,false
GA_Energy_Dominance_PC75,208,6.826000,0.060069271,14471.001,false
GA_Energy_Dominance_PC75,208,7.004000,0.059756232,14473.348,false
GA_Energy_Dominance_PC75,208,7.116000,0.059483363,14459.832,false
GA_Energy_Dominance_PC75,208,7.120000,0.059328710,14653.542,false
GA_Energy_Dominance_PC75,208,7.280000,0.059248291,14425.236,false
GA_Energy_Dominance_PC75,208,7.338000,0.059229183,14611.685,false
GA_Energy_Dominance_PC75,208,7.358000,0.059002163,14562.641,false
GA_Energy_Dominance_PC75,208,7.378000,0.058892279,14244.353,false
GA_Energy_Dominance_PC75,208,7.486000,0.058641482,14496.294,false
GA_Energy_Dominance_PC75,208,7.436000,0.058794958,14496.294,false
GA_Energy_Dominance_PC75,208,7.586000,0.058432401,14211.256,false
GA_Energy_Dominance_PC75,208,7.542000,0.058523195,14312.075,false
GA_Energy_Dominance_PC75,208,7.582000,0.058503866,14542.399,false
GA_Energy_Dominance_PC75,208,7.630000,0.058318406,14541.110,false
GA_Energy_Dominance_PC75,208,7.864000,0.058115731,14460.957,false
GA_Energy_Dominance_PC75,208,7.750000,0.058301926,14301.132,false
GA_Energy_Dominance_PC75,208,7.832000,0.058163039,14558.831,false
GA_Energy_Dominance_PC75,208,7.952000,0.057644070,14586.210,false
GA_Energy_Dominance_PC75,208,8.136000,0.057434238,14450.629,false
GA_Energy_Dominance_PC75,208,8.148000,0.057353604,13967.020,false
GA_Energy_Dominance_PC75,208,8.362000,0.057321993,14045.204,false
GA_Energy_Dominance_PC75,208,8.226000,0.057347087,14546.199,false
GA_Energy_Dominance_PC75,208,8.286000,0.057329900,14518.922,false
GA_Energy_Dominance_PC75,208,8.398000,0.057208307,14369.015,false
GA_Energy_Dominance_PC75,208,8.564000,0.057106259,14098.008,false
GA_Energy_Dominance_PC75,208,8.436000,0.057163009,14498.486,false
GA_Energy_Dominance_PC75,208,8.602000,0.056879031,13995.893,false
GA_Energy_Dominance_PC75,208,8.854000,0.056791903,13821.854,false
GA_Energy_Dominance_PC75,208,9.046000,0.056741062,14507.498,false
GA_Energy_Dominance_PC75,208,9.200000,0.056616796,14379.474,false
GA_Energy_Dominance_PC75,208,9.100000,0.056705536,14383.293,false
GA_Energy_Dominance_PC75,208,8.898000,0.056755991,13999.540,false
GA_Energy_Dominance_PC75,208,9.264000,0.056502304,14055.824,false
GA_Energy_Dominance_PC75,208,9.328000,0.056468612,14398.520,false
GA_Energy_Dominance_PC75,208,9.250000,0.056584354,14055.693,false
GA_Energy_Dominance_PC75,208,9.402000,0.056308736,14080.667,false
GA_Energy_Dominance_PC75,208,9.330000,0.056319908,14136.998,false
GA_Energy_Dominance_PC75,208,9.608000,0.056101055,13982.509,false
GA_Energy_Dominance_PC75,208,9.450000,0.056170369,14263.383,false
GA_Energy_Dominance_PC75,208,9.756000,0.055921973,14681.129,false
GA_Energy_Dominance_PC75,208,9.922000,0.055624434,14325.158,false
GA_Energy_Dominance_PC75,208,9.672000,0.055924680,14194.970,false
GA_Energy_Dominance_PC75,208,9.786000,0.055657419,14137.140,false
GA_Energy_Dominance_PC75,208,10.032000,0.055544834,13735.945,false
GA_Energy_Dominance_PC75,208,10.106000,0.055422569,14259.355,false
GA_Energy_Dominance_PC75,208,10.332000,0.055316886,13559.705,false
GA_Energy_Dominance_PC75,208,10.414000,0.055280460,13132.300,false
GA_Energy_Dominance_PC75,208,10.586000,0.055138018,14085.691,false
GA_Energy_Dominance_PC75,208,10.492000,0.055210616,13386.019,false
GA_Energy_Dominance_PC75,208,10.764000,0.055037827,14038.258,false
GA_Energy_Dominance_PC75,208,10.856000,0.054971027,13398.360,false
GA_Energy_Dominance_PC75,208,10.688000,0.055070957,13678.262,false
GA_Energy_Dominance_PC75,208,11.092000,0.054877549,13564.532,false
GA_Energy_Dominance_PC75,208,10.928000,0.054950724,13835.734,false
GA_Energy_Dominance_PC75,208,11.144000,0.054784030,12949.807,false
GA_Energy_Dominance_PC75,208,11.246000,0.054765113,13151.036,false
GA_Energy_Dominance_PC75,208,11.352000,0.054733869,13472.886,false
GA_Energy_Dominance_PC75,208,11.646000,0.054549974,13685.128,false
GA_Energy_Dominance_PC75,208,11.440000,0.054550971,13588.497,false
GA_Energy_Dominance_PC75,208,11.664000,0.054434894,13545.933,false
GA_Energy_Dominance_PC75,208,11.846000,0.054164460,13721.327,false
GA_Energy_Dominance_PC75,208,11.688000,0.054221347,13808.773,false
GA_Energy_Dominance_PC75,208,11.968000,0.054129689,13272.779,false
GA_Energy_Dominance_PC75,208,12.298000,0.053944885,13117.405,false
GA_Energy_Dominance_PC75,208,12.608000,0.053856901,12809.559,false
GA_Energy_Dominance_PC75,208,12.084000,0.053995424,13245.064,false
GA_Energy_Dominance_PC75,208,12.710000,0.053826920,12888.156,false
GA_Energy_Dominance_PC75,208,12.980000,0.053736692,12748.989,false
GA_Energy_Dominance_PC75,208,12.868000,0.053751388,12787.341,false
GA_Energy_Dominance_PC75,208,13.110000,0.053682003,12755.577,false
GA_Energy_Dominance_PC75,208,13.126000,0.053558331,12353.112,false
GA_Energy_Dominance_PC75,208,13.322000,0.053353852,12267.926,false
GA_Energy_Dominance_PC75,208,13.166000,0.053397088,12180.487,false
GA_Energy_Dominance_PC75,208,13.384000,0.053236790,12685.142,false
GA_Energy_Dominance_PC75,208,13.524000,0.053224024,12139.844,false
GA_Energy_Dominance_PC75,208,14.012000,0.052678229,11553.937,false
GA_Energy_Dominance_PC75,208,13.850000,0.052730230,12398.623,false
GA_Energy_Dominance_PC75,208,13.590000,0.052764275,12325.834,false
GA_Energy_Dominance_PC75,208,13.700000,0.052761463,12016.513,false
GA_Energy_Dominance_PC75,208,14.206000,0.052671700,11284.013,false
GA_Energy_Dominance_PC75,208,14.410000,0.052632296,11925.252,false
GA_Energy_Dominance_PC75,209,9.994000,0.065024926,14637.249,false
GA_Energy_Dominance_PC75,209,9.924000,0.065091427,14688.799,false
GA_Energy_Dominance_PC75,209,10.274000,0.064513089,14523.687,false
GA_Energy_Dominance_PC75,209,9.638000,0.065335916,14701.633,false
GA_Energy_Dominance_PC75,209,10.284000,0.064086385,14480.664,false
GA_Energy_Dominance_PC75,209,10.010000,0.064666934,14239.263,false
GA_Energy_Dominance_PC75,209,10.292000,0.063944935,14355.258,false
GA_Energy_Dominance_PC75,209,10.928000,0.062920287,14410.207,false
GA_Energy_Dominance_PC75,209,10.816000,0.062977466,14558.551,false
GA_Energy_Dominance_PC75,209,10.346000,0.063255544,14631.322,false
GA_Energy_Dominance_PC75,209,11.002000,0.062919840,14647.604,false
GA_Energy_Dominance_PC75,209,10.872000,0.062939266,14546.891,false
GA_Energy_Dominance_PC75,209,11.406000,0.062646528,14437.665,false
GA_Energy_Dominance_PC75,209,10.320000,0.063299326,14505.303,false
GA_Energy_Dominance_PC75,209,11.048000,0.062879129,14602.575,false
GA_Energy_Dominance_PC75,209,11.212000,0.062858261,14613.204,false
GA_Energy_Dominance_PC75,209,11.604000,0.062635838,14583.789,false
GA_Energy_Dominance_PC75,209,11.642000,0.062633581,14565.772,false
GA_Energy_Dominance_PC75,209,12.204000,0.061971723,14576.351,false
GA_Energy_Dominance_PC75,209,11.740000,0.062046556,14682.021,false
GA_Energy_Dominance_PC75,209,12.756000,0.061645941,14490.875,false
GA_Energy_Dominance_PC75,209,12.998000,0.061579883,14284.407,false
GA_Energy_Dominance_PC75,209,12.138000,0.061978074,14407.305,false
GA_Energy_Dominance_PC75,209,12.362000,0.061651352,14195.527,false
GA_Energy_Dominance_PC75,209,12.794000,0.061599032,14434.055,false
GA_Energy_Dominance_PC75,209,13.010000,0.061520514,14261.103,false
GA_Energy_Dominance_PC75,209,13.020000,0.061338953,14682.847,false
GA_Energy_Dominance_PC75,209,13.212000,0.060057359,14550.174,false
GA_Energy_Dominance_PC75,209,13.348000,0.060000822,14479.028,false
GA_Energy_Dominance_PC75,209,13.372000,0.059715990,14579.763,false
GA_Energy_Dominance_PC75,209,13.050000,0.060085590,14231.254,false
GA_Energy_Dominance_PC75,209,13.606000,0.058945840,13749.202,false
GA_Energy_Dominance_PC75,209,13.534000,0.059080703,14043.155,false
GA_Energy_Dominance_PC75,209,13.454000,0.059209674,13734.481,false
GA_Energy_Dominance_PC75,209,13.648000,0.058820773,13905.220,false
GA_Energy_Dominance_PC75,209,14.314000,0.058331944,14452.758,false
GA_Energy_Dominance_PC75,209,14.220000,0.058360729,13924.233,false
GA_Energy_Dominance_PC75,209,14.080000,0.058635834,14337.553,false
GA_Energy_Dominance_PC75,209,14.352000,0.058207992,14194.613,false
GA_Energy_Dominance_PC75,209,14.836000,0.057399651,14470.321,false
GA_Energy_Dominance_PC75,209,14.516000,0.057487856,13766.587,false
GA_Energy_Dominance_PC75,209,15.180000,0.056781273,14457.263,false
GA_Energy_Dominance_PC75,209,14.884000,0.056960994,14670.589,false
GA_Energy_Dominance_PC75,209,14.992000,0.056869834,14190.630,false
GA_Energy_Dominance_PC75,209,15.400000,0.056142676,13996.050,false
GA_Energy_Dominance_PC75,209,16.006000,0.056052960,13951.344,false
GA_Energy_Dominance_PC75,209,16.374000,0.055992328,14302.430,false
GA_Energy_Dominance_PC75,209,16.450000,0.055775743,13948.337,false
GA_Energy_Dominance_PC75,209,16.604000,0.055508991,14391.494,false
GA_Energy_Dominance_PC75,209,17.502000,0.055031441,14182.761,false
GA_Energy_Dominance_PC75,209,17.040000,0.055069703,14204.110,false
GA_Energy_Dominance_PC75,209,16.880000,0.055296470,14565.457,false
GA_Energy_Dominance_PC75,209,17.820000,0.054665149,13692.175,false
GA_Energy_Dominance_PC75,209,17.536000,0.054863569,14431.285,false
GA_Energy_Dominance_PC75,209,17.658000,0.054753802,13790.019,false
GA_Energy_Dominance_PC75,209,18.074000,0.054356403,14300.979,false
GA_Energy_Dominance_PC75,209,19.006000,0.054087215,14196.084,false
GA_Energy_Dominance_PC75,209,18.206000,0.054152296,14110.640,false
GA_Energy_Dominance_PC75,209,19.514000,0.053854636,14170.220,false
GA_Energy_Dominance_PC75,209,19.148000,0.053949604,14311.370,false
GA_Energy_Dominance_PC75,209,19.758000,0.053806750,13477.583,false
GA_Energy_Dominance_PC75,209,20.578000,0.052823116,12771.418,false
GA_Energy_Dominance_PC75,209,20.384000,0.053198865,12844.195,false
GA_Energy_Dominance_PC75,209,19.788000,0.053234051,12797.212,false
GA_Energy_Dominance_PC75,209,20.420000,0.052961788,12609.913,false
GA_Energy_Dominance_PC75,209,20.772000,0.052719334,12812.659,false
GA_Energy_Dominance_PC75,209,21.208000,0.052554639,12851.637,false
GA_Energy_Dominance_PC75,209,20.890000,0.052566688,12990.190,false
GA_Energy_Dominance_PC75,209,21.380000,0.052510436,12364.285,false
GA_Energy_Dominance_PC75,209,21.964000,0.052451087,12394.021,false
GA_Energy_Dominance_PC75,209,22.242000,0.052296130,12360.788,false
GA_Energy_Dominance_PC75,209,22.382000,0.052165246,12213.354,false
GA_Energy_Dominance_PC75,209,22.534000,0.052053114,12404.230,false
GA_Energy_Dominance_PC75,209,23.278000,0.051939290,12572.229,false
GA_Energy_Dominance_PC75,209,22.988000,0.051945850,12129.365,false
GA_Energy_Dominance_PC75,209,23.606000,0.051893182,11984.801,false
GA_Energy_Dominance_PC75,209,23.450000,0.051902869,12154.493,false
GA_Energy_Dominance_PC75,209,22.758000,0.052046322,12169.972,false
GA_Energy_Dominance_PC75,209,23.752000,0.051891265,12118.602,false
SA_WaitingTime_Dominance_PC75,200,5.070000,0.063795259,14731.429,false
SA_WaitingTime_Dominance_PC75,200,5.024000,0.063810791,14731.429,false
SA_WaitingTime_Dominance_PC75,200,5.000000,0.063919189,14686.042,false
SA_WaitingTime_Dominance_PC75,200,5.010000,0.063888205,14676.542,false
SA_WaitingTime_Dominance_PC75,200,3.076000,0.064388602,14732.423,false
SA_WaitingTime_Dominance_PC75,200,3.066000,0.064431497,14732.423,false
SA_WaitingTime_Dominance_PC75,200,3.408000,0.063992569,14736.512,false
SA_WaitingTime_Dominance_PC75,200,3.388000,0.064013622,14736.512,false
SA_WaitingTime_Dominance_PC75,200,2.812000,0.064524874,14635.367,false
SA_WaitingTime_Dominance_PC75,200,2.842000,0.064442397,14705.024,false
SA_WaitingTime_Dominance_PC75,200,2.836000,0.064505731,14723.614,false
SA_WaitingTime_Dominance_PC75,200,2.808000,0.064564613,14693.016,false
SA_WaitingTime_Dominance_PC75,200,2.696000,0.064761489,14681.392,false
SA_WaitingTime_Dominance_PC75,200,2.718000,0.064571137,14729.036,false
SA_WaitingTime_Dominance_PC75,200,2.676000,0.064835326,14729.036,false
SA_WaitingTime_Dominance_PC75,200,2.674000,0.064909659,14728.498,false
SA_WaitingTime_Dominance_PC75,200,2.660000,0.064949838,14734.736,false
SA_WaitingTime_Dominance_PC75,200,2.684000,0.064791790,14734.736,false
SA_WaitingTime_Dominance_PC75,200,2.640000,0.065190719,14721.251,false
SA_WaitingTime_Dominance_PC75,200,2.654000,0.065021045,14720.849,false
SA_WaitingTime_Dominance_PC75,200,2.624000,0.065438415,14729.691,false
SA_WaitingTime_Dominance_PC75,200,2.638000,0.065322644,14729.691,false
SA_WaitingTime_Dominance_PC75,200,2.592000,0.065599538,14736.550,false
SA_WaitingTime_Dominance_PC75,200,2.596000,0.065510282,14736.550,false
SA_WaitingTime_Dominance_PC75,200,2.602000,0.065462543,14733.336,false
SA_WaitingTime_Dominance_PC75,200,2.572000,0.065665182,14737.525,false
SA_WaitingTime_Dominance_PC75,201,2.848000,0.064218511,14728.180,false
SA_WaitingTime_Dominance_PC75,201,2.860000,0.063989171,14714.506,false
SA_WaitingTime_Dominance_PC75,201,2.866000,0.063983613,14714.506,false
SA_WaitingTime_Dominance_PC75,201,2.858000,0.063994728,14714.506,false
SA_WaitingTime_Dominance_PC75,201,2.880000,0.063926429,14714.506,false
SA_WaitingTime_Dominance_PC75,201,2.630000,0.064485947,14737.639,false
SA_WaitingTime_Dominance_PC75,201,2.634000,0.064330650,14732.769,false
SA_WaitingTime_Dominance_PC75,201,2.734000,0.064247003,14713.695,false
SA_WaitingTime_Dominance_PC75,201,2.562000,0.065131391,14726.853,false
SA_WaitingTime_Dominance_PC75,201,2.554000,0.065304037,14728.701,false
SA_WaitingTime_Dominance_PC75,201,2.550000,0.065332422,14728.701,false
SA_WaitingTime_Dominance_PC75,201,2.558000,0.065300520,14728.701,false
SA_WaitingTime_Dominance_PC75,201,2.588000,0.064973396,14732.243,false
SA_WaitingTime_Dominance_PC75,202,2.498000,0.064174409,14702.724,false
SA_WaitingTime_Dominance_PC75,202,2.492000,0.064279595,14708.385,false
SA_WaitingTime_Dominance_PC75,202,2.482000,0.064282009,14708.385,false
SA_WaitingTime_Dominance_PC75,202,2.576000,0.063806571,14727.500,false
SA_WaitingTime_Dominance_PC75,202,2.562000,0.063848676,14735.879,false
SA_WaitingTime_Dominance_PC75,202,2.644000,0.063708642,14697.867,false
SA_WaitingTime_Dominance_PC75,202,2.634000,0.063759347,14668.363,false
SA_WaitingTime_Dominance_PC75,202,2.666000,0.063495158,14668.363,false
SA_WaitingTime_Dominance_PC75,202,2.642000,0.063740570,14668.363,false
SA_WaitingTime_Dominance_PC75,203,2.692000,0.063671665,14725.879,false
SA_WaitingTime_Dominance_PC75,203,2.710000,0.063647303,14725.879,false
SA_WaitingTime_Dominance_PC75,203,2.736000,0.063573067,14714.704,false
SA_WaitingTime_Dominance_PC75,203,2.480000,0.064867287,14730.308,false
SA_WaitingTime_Dominance_PC75,203,2.498000,0.064762024,14727.075,false
SA_WaitingTime_Dominance_PC75,203,2.584000,0.064596877,14716.175,false
SA_WaitingTime_Dominance_PC75,203,2.550000,0.064758273,14703.665,false
SA_WaitingTime_Dominance_PC75,203,2.496000,0.064828487,14734.814,false
SA_WaitingTime_Dominance_PC75,203,2.488000,0.064843115,14725.248,false
SA_WaitingTime_Dominance_PC75,203,2.556000,0.064708256,14713.524,false
SA_WaitingTime_Dominance_PC75,203,2.560000,0.064706863,14715.754,false
SA_WaitingTime_Dominance_PC75,203,2.658000,0.063976455,14732.884,false
SA_WaitingTime_Dominance_PC75,203,2.648000,0.064295614,14728.970,false
SA_WaitingTime_Dominance_PC75,203,2.644000,0.064426940,14728.970,false
SA_WaitingTime_Dominance_PC75,203,2.632000,0.064429116,14728.970,false
SA_WaitingTime_Dominance_PC75,203,2.616000,0.064556569,14716.159,false
SA_WaitingTime_Dominance_PC75,204,3.028000,0.063885912,14727.869,false
SA_WaitingTime_Dominance_PC75,204,2.936000,0.063966946,14729.919,false
SA_WaitingTime_Dominance_PC75,204,2.526000,0.064420907,14736.032,false
SA_WaitingTime_Dominance_PC75,204,2.616000,0.064006150,14715.193,false
SA_WaitingTime_Dominance_PC75,204,2.586000,0.064147859,14709.951,false
SA_WaitingTime_Dominance_PC75,204,2.580000,0.064185243,14732.840,false
SA_WaitingTime_Dominance_PC75,204,2.584000,0.064174988,14732.840,false
SA_WaitingTime_Dominance_PC75,204,2.574000,0.064204019,14732.840,false
SA_WaitingTime_Dominance_PC75,204,2.506000,0.064504317,14642.424,false
SA_WaitingTime_Dominance_PC75,204,2.510000,0.064454342,14642.424,false
SA_WaitingTime_Dominance_PC75,204,2.500000,0.064509722,14696.526,false
SA_WaitingTime_Dominance_PC75,204,2.508000,0.064496066,14696.526,false
SA_WaitingTime_Dominance_PC75,204,2.494000,0.064610813,14713.354,false
SA_WaitingTime_Dominance_PC75,205,3.406000,0.063456176,14699.256,false
SA_WaitingTime_Dominance_PC75,205,3.392000,0.063465112,14720.341,false
SA_WaitingTime_Dominance_PC75,205,3.376000,0.063501682,14720.341,false
SA_WaitingTime_Dominance_PC75,205,3.374000,0.063517214,14731.899,false
SA_WaitingTime_Dominance_PC75,205,3.366000,0.063584870,14731.899,false
SA_WaitingTime_Dominance_PC75,205,3.362000,0.063648029,14724.793,false
SA_WaitingTime_Dominance_PC75,205,3.342000,0.063675025,14715.013,false
SA_WaitingTime_Dominance_PC75,205,3.330000,0.063736688,14737.603,false
SA_WaitingTime_Dominance_PC75,205,3.280000,0.064238785,14698.243,false
SA_WaitingTime_Dominance_PC75,205,3.292000,0.064217182,14708.019,false
SA_WaitingTime_Dominance_PC75,205,3.216000,0.064249358,14692.869,false
SA_WaitingTime_Dominance_PC75,205,3.202000,0.064270083,14724.856,false
SA_WaitingTime_Dominance_PC75,205,3.190000,0.064308854,14710.051,false
SA_WaitingTime_Dominance_PC75,205,2.624000,0.065182477,14737.361,false
SA_WaitingTime_Dominance_PC75,205,2.634000,0.065119995,14737.361,false
SA_WaitingTime_Dominance_PC75,205,2.632000,0.065173246,14737.361,false
SA_WaitingTime_Dominance_PC75,205,2.692000,0.064703457,14730.659,false
SA_WaitingTime_Dominance_PC75,205,2.722000,0.064506393,14705.673,false
SA_WaitingTime_Dominance_PC75,205,2.668000,0.064760847,14735.911,false
SA_WaitingTime_Dominance_PC75,205,2.660000,0.064794760,14736.405,false
SA_WaitingTime_Dominance_PC75,205,2.638000,0.064843026,14735.911,false
SA_WaitingTime_Dominance_PC75,205,2.650000,0.064816433,14735.911,false
SA_WaitingTime_Dominance_PC75,205,2.716000,0.064559582,14737.006,false
SA_WaitingTime_Dominance_PC75,205,2.702000,0.064690888,14737.006,false
SA_WaitingTime_Dominance_PC75,205,2.706000,0.064584413,14719.731,false
SA_WaitingTime_Dominance_PC75,205,2.740000,0.064331121,14719.731,false
SA_WaitingTime_Dominance_PC75,205,2.608000,0.065392248,14712.531,false
SA_WaitingTime_Dominance_PC75,205,2.572000,0.065432954,14720.937,false
SA_WaitingTime_Dominance_PC75,205,2.564000,0.065458973,14715.009,false
SA_WaitingTime_Dominance_PC75,205,2.534000,0.065462622,14718.724,false
SA_WaitingTime_Dominance_PC75,205,2.514000,0.065614773,14718.724,false
SA_WaitingTime_Dominance_PC75,205,2.518000,0.065554692,14730.539,false
SA_WaitingTime_Dominance_PC75,205,2.500000,0.065627369,14730.277,false
SA_WaitingTime_Dominance_PC75,206,3.202000,0.064269397,14689.223,false
SA_WaitingTime_Dominance_PC75,206,3.346000,0.064179486,14735.887,false
SA_WaitingTime_Dominance_PC75,206,3.342000,0.064221591,14735.887,false
SA_WaitingTime_Dominance_PC75,206,3.382000,0.063910476,14728.085,false
SA_WaitingTime_Dominance_PC75,206,3.368000,0.064009351,14728.085,false
SA_WaitingTime_Dominance_PC75,206,3.370000,0.063972502,14728.085,false
SA_WaitingTime_Dominance_PC75,206,3.366000,0.064021133,14733.612,false
SA_WaitingTime_Dominance_PC75,206,2.724000,0.064299018,14724.873,false
SA_WaitingTime_Dominance_PC75,206,2.670000,0.064418563,14735.592,false
SA_WaitingTime_Dominance_PC75,206,2.586000,0.064743026,14712.534,false
SA_WaitingTime_Dominance_PC75,206,2.460000,0.065029549,14718.770,false
SA_WaitingTime_Dominance_PC75,206,2.462000,0.064834274,14736.601,false
SA_WaitingTime_Dominance_PC75,206,2.458000,0.065488460,14715.472,false
SA_WaitingTime_Dominance_PC75,207,2.810000,0.064293747,14711.548,false
SA_WaitingTime_Dominance_PC75,207,2.772000,0.064313444,14736.407,false
SA_WaitingTime_Dominance_PC75,207,2.764000,0.064511589,14736.639,false
SA_WaitingTime_Dominance_PC75,207,3.006000,0.063679567,14734.290,false
SA_WaitingTime_Dominance_PC75,207,2.976000,0.063943641,14722.397,false
SA_WaitingTime_Dominance_PC75,207,2.962000,0.064002111,14710.118,false
SA_WaitingTime_Dominance_PC75,207,2.944000,0.064058600,14725.862,false
SA_WaitingTime_Dominance_PC75,207,2.950000,0.064039835,14725.601,false
SA_WaitingTime_Dominance_PC75,207,2.956000,0.064017970,14656.473,false
SA_WaitingTime_Dominance_PC75,207,2.970000,0.063972743,14725.601,false
SA_WaitingTime_Dominance_PC75,207,2.926000,0.064079653,14692.539,false
SA_WaitingTime_Dominance_PC75,207,2.866000,0.064087940,14730.738,false
SA_WaitingTime_Dominance_PC75,207,2.836000,0.064226374,14734.521,false
SA_WaitingTime_Dominance_PC75,207,2.832000,0.064249791,14737.732,false
SA_WaitingTime_Dominance_PC75,207,2.852000,0.064189968,14737.732,false
SA_WaitingTime_Dominance_PC75,207,2.670000,0.064858583,14705.776,false
SA_WaitingTime_Dominance_PC75,207,2.676000,0.064838815,14726.261,false
SA_WaitingTime_Dominance_PC75,207,2.662000,0.064882407,14721.036,false
SA_WaitingTime_Dominance_PC75,207,2.680000,0.064717093,14721.036,false
SA_WaitingTime_Dominance_PC75,207,2.678000,0.064734515,14721.036,false
SA_WaitingTime_Dominance_PC75,207,2.738000,0.064543692,14730.741,false
SA_WaitingTime_Dominance_PC75,207,2.742000,0.064543692,14730.741,false
SA_WaitingTime_Dominance_PC75,207,2.728000,0.064562470,14730.741,false
SA_WaitingTime_Dominance_PC75,207,2.704000,0.064601241,14730.741,false
SA_WaitingTime_Dominance_PC75,207,2.666000,0.064859805,14737.128,false
SA_WaitingTime_Dominance_PC75,207,2.638000,0.064900093,14721.199,false
SA_WaitingTime_Dominance_PC75,207,2.622000,0.064932789,14721.199,false
SA_WaitingTime_Dominance_PC75,207,2.616000,0.064974895,14721.199,false
SA_WaitingTime_Dominance_PC75,208,2.910000,0.063889907,14736.927,false
SA_WaitingTime_Dominance_PC75,208,2.772000,0.063931066,14729.072,false
SA_WaitingTime_Dominance_PC75,208,2.776000,0.063898208,14734.811,false
SA_WaitingTime_Dominance_PC75,208,2.712000,0.064003994,14721.281,false
SA_WaitingTime_Dominance_PC75,208,2.760000,0.063956033,14734.540,false
SA_WaitingTime_Dominance_PC75,208,2.636000,0.064277047,14730.810,false
SA_WaitingTime_Dominance_PC75,208,2.644000,0.064114657,14730.810,false
SA_WaitingTime_Dominance_PC75,208,2.652000,0.064004665,14730.810,false
SA_WaitingTime_Dominance_PC75,208,2.628000,0.064300667,14730.810,false
SA_WaitingTime_Dominance_PC75,208,2.580000,0.064643655,14722.804,false
SA_WaitingTime_Dominance_PC75,208,2.574000,0.064658621,14722.543,false
SA_WaitingTime_Dominance_PC75,208,2.546000,0.064677432,14722.543,false
SA_WaitingTime_Dominance_PC75,208,2.578000,0.064655016,14736.508,false
SA_WaitingTime_Dominance_PC75,209,2.486000,0.064543825,14702.013,false
SA_WaitingTime_Dominance_PC75,209,2.504000,0.064335918,14736.771,false
SA_WaitingTime_Dominance_PC75,209,2.446000,0.065040412,14730.021,false
SA_WaitingTime_Dominance_PC75,209,2.454000,0.064892474,14730.021,false
SA_WaitingTime_Dominance_PC75,209,2.652000,0.064210165,14735.769,false
SA_Energy_Dominance_PC75,200,6.756000,0.063944548,14639.447,false
SA_Energy_Dominance_PC75,200,6.748000,0.063984156,14639.447,false
SA_Energy_Dominance_PC75,200,6.474000,0.064316604,14666.153,false
SA_Energy_Dominance_PC75,200,7.062000,0.063798909,14732.812,false
SA_Energy_Dominance_PC75,200,7.092000,0.063730610,14732.812,false
SA_Energy_Dominance_PC75,200,7.130000,0.063657065,14721.332,false
SA_Energy_Dominance_PC75,200,7.418000,0.063574278,14721.332,false
SA_Energy_Dominance_PC75,200,7.178000,0.063616384,14721.332,false
SA_Energy_Dominance_PC75,200,7.226000,0.063578173,14721.332,false
SA_Energy_Dominance_PC75,200,7.846000,0.062904480,14721.864,false
SA_Energy_Dominance_PC75,200,7.684000,0.062998532,14721.864,false
SA_Energy_Dominance_PC75,200,7.934000,0.062877204,14555.034,false
SA_Energy_Dominance_PC75,200,7.982000,0.062847991,14555.034,false
SA_Energy_Dominance_PC75,200,7.958000,0.062862619,14555.034,false
SA_Energy_Dominance_PC75,200,8.160000,0.062832167,14500.443,false
SA_Energy_Dominance_PC75,200,8.168000,0.062551520,14684.916,false
SA_Energy_Dominance_PC75,200,8.356000,0.059217587,14711.439,false
SA_Energy_Dominance_PC75,200,8.494000,0.059169986,14714.410,false
SA_Energy_Dominance_PC75,200,8.172000,0.059301523,14620.658,false
SA_Energy_Dominance_PC75,200,8.524000,0.059123995,14651.131,false
SA_Energy_Dominance_PC75,200,8.710000,0.059093285,14707.807,false
SA_Energy_Dominance_PC75,200,8.928000,0.058503964,14642.505,false
SA_Energy_Dominance_PC75,200,8.964000,0.058503431,14675.075,false
SA_Energy_Dominance_PC75,200,8.996000,0.058458562,14681.410,false
SA_Energy_Dominance_PC75,200,8.828000,0.058816424,14681.410,false
SA_Energy_Dominance_PC75,200,9.028000,0.058437510,14681.410,false
SA_Energy_Dominance_PC75,200,9.266000,0.058028767,14592.369,false
SA_Energy_Dominance_PC75,200,9.128000,0.058129879,14592.369,false
SA_Energy_Dominance_PC75,200,9.312000,0.058022624,14543.387,false
SA_Energy_Dominance_PC75,200,9.356000,0.058009861,14543.387,false
SA_Energy_Dominance_PC75,200,9.488000,0.057849725,14431.929,false
SA_Energy_Dominance_PC75,200,9.430000,0.057863933,14629.337,false
SA_Energy_Dominance_PC75,200,9.590000,0.057126300,14481.758,false
SA_Energy_Dominance_PC75,200,9.624000,0.057109756,14481.758,false
SA_Energy_Dominance_PC75,200,9.498000,0.057158880,14411.466,false
SA_Energy_Dominance_PC75,200,9.730000,0.057054349,14296.126,false
SA_Energy_Dominance_PC75,200,9.658000,0.057074321,14313.993,false
SA_Energy_Dominance_PC75,200,9.786000,0.057024776,14580.940,false
SA_Energy_Dominance_PC75,200,9.836000,0.057009245,14612.351,false
SA_Energy_Dominance_PC75,200,10.014000,0.057006180,14608.477,false
SA_Energy_Dominance_PC75,200,10.232000,0.056972136,14668.452,false
SA_Energy_Dominance_PC75,200,10.080000,0.056998190,14668.452,false
SA_Energy_Dominance_PC75,200,10.342000,0.056962885,14727.043,false
SA_Energy_Dominance_PC75,200,10.430000,0.056884392,14644.135,false
SA_Energy_Dominance_PC75,200,10.512000,0.056859617,14644.135,false
SA_Energy_Dominance_PC75,200,10.642000,0.056750498,14642.231,false
SA_Energy_Dominance_PC75,200,11.082000,0.056540544,14665.705,false
SA_Energy_Dominance_PC75,200,10.936000,0.056659411,14736.994,false
SA_Energy_Dominance_PC75,200,11.172000,0.056503990,14684.023,false
SA_Energy_Dominance_PC75,200,11.326000,0.056501143,14684.023,false
SA_Energy_Dominance_PC75,200,11.376000,0.056501143,14684.023,false
SA_Energy_Dominance_PC75,200,11.456000,0.056430437,14603.082,false
SA_Energy_Dominance_PC75,200,10.988000,0.056568375,14606.955,false
SA_Energy_Dominance_PC75,200,11.524000,0.056367279,14662.712,false
SA_Energy_Dominance_PC75,200,11.606000,0.056367279,14665.945,false
SA_Energy_Dominance_PC75,200,11.864000,0.056144621,14268.053,false
SA_Energy_Dominance_PC75,200,11.620000,0.056269269,14131.937,false
SA_Energy_Dominance_PC75,200,11.892000,0.056057422,14206.872,false
SA_Energy_Dominance_PC75,200,11.986000,0.056029026,14151.985,false
SA_Energy_Dominance_PC75,200,12.322000,0.056026839,14576.978,false
SA_Energy_Dominance_PC75,200,12.420000,0.055911516,14569.326,false
SA_Energy_Dominance_PC75,200,12.496000,0.055860576,14372.125,false
SA_Energy_Dominance_PC75,200,12.568000,0.055858980,14372.125,false
SA_Energy_Dominance_PC75,200,12.630000,0.055820207,14430.848,false
SA_Energy_Dominance_PC75,200,12.712000,0.055638360,14211.970,false
SA_Energy_Dominance_PC75,200,12.848000,0.055627436,14414.332,false
SA_Energy_Dominance_PC75,200,12.912000,0.055425148,14238.711,false
SA_Energy_Dominance_PC75,200,12.942000,0.055331102,13617.051,false
SA_Energy_Dominance_PC75,200,13.192000,0.052918427,12489.934,false
SA_Energy_Dominance_PC75,200,13.000000,0.052932712,12382.298,false
SA_Energy_Dominance_PC75,200,13.296000,0.052916168,12534.365,false
SA_Energy_Dominance_PC75,200,13.540000,0.052903062,12584.346,false
SA_Energy_Dominance_PC75,201,6.908000,0.064174182,14689.980,false
SA_Energy_Dominance_PC75,201,7.218000,0.064073532,14714.378,false
SA_Energy_Dominance_PC75,201,7.304000,0.064052831,14714.378,false
SA_Energy_Dominance_PC75,201,7.544000,0.064038356,14714.378,false
SA_Energy_Dominance_PC75,201,7.652000,0.063346909,14633.681,false
SA_Energy_Dominance_PC75,201,7.836000,0.063136955,14734.726,false
SA_Energy_Dominance_PC75,201,7.698000,0.063177913,14734.726,false
SA_Energy_Dominance_PC75,201,7.780000,0.063173518,14736.723,false
SA_Energy_Dominance_PC75,201,8.316000,0.063050689,14704.004,false
SA_Energy_Dominance_PC75,201,8.336000,0.063017893,14660.738,false
SA_Energy_Dominance_PC75,201,8.308000,0.063132627,14660.738,false
SA_Energy_Dominance_PC75,201,8.402000,0.062693724,14728.213,false
SA_Energy_Dominance_PC75,201,8.400000,0.062916329,14735.464,false
SA_Energy_Dominance_PC75,201,8.506000,0.062524386,14731.139,false
SA_Energy_Dominance_PC75,201,8.650000,0.062497026,14731.139,false
SA_Energy_Dominance_PC75,201,8.684000,0.062384455,14721.554,false
SA_Energy_Dominance_PC75,201,8.820000,0.061951793,14461.724,false
SA_Energy_Dominance_PC75,201,8.786000,0.061969869,14485.491,false
SA_Energy_Dominance_PC75,201,8.882000,0.061949306,14516.934,false
SA_Energy_Dominance_PC75,201,9.294000,0.061939710,14483.351,false
SA_Energy_Dominance_PC75,201,9.376000,0.061922887,14483.351,false
SA_Energy_Dominance_PC75,201,9.426000,0.061800358,14439.033,false
SA_Energy_Dominance_PC75,201,9.482000,0.061763909,14533.819,false
SA_Energy_Dominance_PC75,201,9.846000,0.061101508,14733.737,false
SA_Energy_Dominance_PC75,201,9.680000,0.061128868,14733.737,false
SA_Energy_Dominance_PC75,201,10.034000,0.061096040,14721.840,false
SA_Energy_Dominance_PC75,201,10.070000,0.060801639,14719.027,false
SA_Energy_Dominance_PC75,201,10.108000,0.060432250,14692.893,false
SA_Energy_Dominance_PC75,201,10.184000,0.060418231,14737.163,false
SA_Energy_Dominance_PC75,201,10.332000,0.060399751,14649.318,false
SA_Energy_Dominance_PC75,201,10.344000,0.060353132,14645.195,false
SA_Energy_Dominance_PC75,201,10.516000,0.060335389,14645.195,false
SA_Energy_Dominance_PC75,201,10.448000,0.060342749,14606.305,false
SA_Energy_Dominance_PC75,201,10.554000,0.060319438,14580.444,false
SA_Energy_Dominance_PC75,201,10.766000,0.060275722,14580.444,false
SA_Energy_Dominance_PC75,201,10.924000,0.060252390,14658.913,false
SA_Energy_Dominance_PC75,201,10.996000,0.060229348,14737.700,false
SA_Energy_Dominance_PC75,201,11.142000,0.060119933,14613.701,false
SA_Energy_Dominance_PC75,201,11.206000,0.060092456,14678.544,false
SA_Energy_Dominance_PC75,201,11.048000,0.060213891,14575.990,false
SA_Energy_Dominance_PC75,201,11.132000,0.060197720,14727.076,false
SA_Energy_Dominance_PC75,201,11.586000,0.060031693,14495.247,false
SA_Energy_Dominance_PC75,201,11.904000,0.059838272,14419.602,false
SA_Energy_Dominance_PC75,201,11.708000,0.059935850,14493.255,false
SA_Energy_Dominance_PC75,201,11.830000,0.059839883,14593.967,false
SA_Energy_Dominance_PC75,201,12.560000,0.059683709,14711.160,false
SA_Energy_Dominance_PC75,201,12.316000,0.059779676,14711.160,false
SA_Energy_Dominance_PC75,201,12.420000,0.059727425,14726.201,false
SA_Energy_Dominance_PC75,201,12.634000,0.059665153,14605.284,false
SA_Energy_Dominance_PC75,201,12.666000,0.059593611,14703.055,false
SA_Energy_Dominance_PC75,201,12.726000,0.059515824,14658.785,false
SA_Energy_Dominance_PC75,201,13.038000,0.059498210,14611.417,false
SA_Energy_Dominance_PC75,201,13.166000,0.058816776,14370.890,false
SA_Energy_Dominance_PC75,201,13.068000,0.058955798,14600.599,false
SA_Energy_Dominance_PC75,201,13.084000,0.058820034,14600.599,false
SA_Energy_Dominance_PC75,201,13.248000,0.058772019,14586.633,false
SA_Energy_Dominance_PC75,201,13.346000,0.058760156,14653.666,false
SA_Energy_Dominance_PC75,201,13.706000,0.057644760,14135.714,false
SA_Energy_Dominance_PC75,201,13.456000,0.057773977,14135.714,false
SA_Energy_Dominance_PC75,201,13.592000,0.057673194,14131.840,false
SA_Energy_Dominance_PC75,201,13.788000,0.057630068,14187.557,false
SA_Energy_Dominance_PC75,201,14.178000,0.057515107,14222.914,false
SA_Energy_Dominance_PC75,201,13.970000,0.057595656,14222.914,false
SA_Energy_Dominance_PC75,201,14.174000,0.057594376,14353.419,false
SA_Energy_Dominance_PC75,201,14.260000,0.057493006,14682.624,false
SA_Energy_Dominance_PC75,201,14.388000,0.057468529,14692.262,false
SA_Energy_Dominance_PC75,201,14.692000,0.056480248,14729.569,false
SA_Energy_Dominance_PC75,201,14.806000,0.056367742,14661.416,false
SA_Energy_Dominance_PC75,201,14.394000,0.056948468,14720.131,false
SA_Energy_Dominance_PC75,201,15.346000,0.055539452,14715.549,false
SA_Energy_Dominance_PC75,201,15.126000,0.055609546,14712.316,false
SA_Energy_Dominance_PC75,201,15.048000,0.055739699,14715.549,false
SA_Energy_Dominance_PC75,201,15.566000,0.055479369,14691.426,false
SA_Energy_Dominance_PC75,201,15.684000,0.055479369,14612.905,false
SA_Energy_Dominance_PC75,201,16.014000,0.055404453,14616.246,false
SA_Energy_Dominance_PC75,201,16.108000,0.055390503,14538.136,false
SA_Energy_Dominance_PC75,201,16.282000,0.055386590,14568.076,false
SA_Energy_Dominance_PC75,201,16.518000,0.055365537,14420.585,false
SA_Energy_Dominance_PC75,201,17.040000,0.055236100,14235.283,false
SA_Energy_Dominance_PC75,201,17.080000,0.055049466,14112.013,false
SA_Energy_Dominance_PC75,201,17.208000,0.054947284,14251.119,false
SA_Energy_Dominance_PC75,201,17.414000,0.054898017,14438.679,false
SA_Energy_Dominance_PC75,201,17.522000,0.054887095,14383.931,false
SA_Energy_Dominance_PC75,201,17.862000,0.054661531,14381.963,false
SA_Energy_Dominance_PC75,201,17.842000,0.054775931,14327.209,false
SA_Energy_Dominance_PC75,201,17.982000,0.054628562,14378.498,false
SA_Energy_Dominance_PC75,201,18.260000,0.054588083,14378.498,false
SA_Energy_Dominance_PC75,201,18.396000,0.054450554,14424.543,false
SA_Energy_Dominance_PC75,201,18.594000,0.054356662,13977.663,false
SA_Energy_Dominance_PC75,201,18.762000,0.054317796,13977.541,false
SA_Energy_Dominance_PC75,201,19.182000,0.054163207,13376.359,false
SA_Energy_Dominance_PC75,201,18.900000,0.054310595,13532.821,false
SA_Energy_Dominance_PC75,201,19.630000,0.054131731,12927.262,false
SA_Energy_Dominance_PC75,201,20.080000,0.053792015,12633.648,false
SA_Energy_Dominance_PC75,201,19.706000,0.053916721,12778.652,false
SA_Energy_Dominance_PC75,201,20.238000,0.053730152,12704.795,false
SA_Energy_Dominance_PC75,201,20.424000,0.053711035,13000.595,false
SA_Energy_Dominance_PC75,201,20.450000,0.053600575,12894.120,false
SA_Energy_Dominance_PC75,201,20.686000,0.053298928,12811.911,false
SA_Energy_Dominance_PC75,201,21.148000,0.053278181,12843.207,false
SA_Energy_Dominance_PC75,201,21.862000,0.053193366,12182.806,false
SA_Energy_Dominance_PC75,201,21.710000,0.053244938,12331.151,false
SA_Energy_Dominance_PC75,201,22.194000,0.053138812,12511.562,false
SA_Energy_Dominance_PC75,201,22.706000,0.052555381,12328.192,false
SA_Energy_Dominance_PC75,201,22.280000,0.052559347,12841.692,false
SA_Energy_Dominance_PC75,201,22.942000,0.052190260,11284.378,false
SA_Energy_Dominance_PC75,201,22.782000,0.052323650,11328.285,false
SA_Energy_Dominance_PC75,201,23.768000,0.052083070,11170.369,false
SA_Energy_Dominance_PC75,201,23.554000,0.052083070,11194.251,false
SA_Energy_Dominance_PC75,201,23.318000,0.052091299,11215.600,false
SA_Energy_Dominance_PC75,201,24.074000,0.052036312,11147.688,false
SA_Energy_Dominance_PC75,201,24.248000,0.052020727,11283.277,false
SA_Energy_Dominance_PC75,201,24.772000,0.052018159,11591.672,false
SA_Energy_Dominance_PC75,201,25.246000,0.052009734,11128.113,false
SA_Energy_Dominance_PC75,201,24.984000,0.052015733,11445.163,false
SA_Energy_Dominance_PC75,201,25.512000,0.051328135,10630.053,false
SA_Energy_Dominance_PC75,201,25.564000,0.050450841,9589.920,false
SA_Energy_Dominance_PC75,201,25.962000,0.050412911,9581.125,false
SA_Energy_Dominance_PC75,201,26.292000,0.050396040,9481.871,false
SA_Energy_Dominance_PC75,201,26.738000,0.050394022,9543.443,false
SA_Energy_Dominance_PC75,202,5.420000,0.065076141,14489.780,false
SA_Energy_Dominance_PC75,202,5.480000,0.065055736,14552.510,false
SA_Energy_Dominance_PC75,202,5.514000,0.065043948,14576.277,false
SA_Energy_Dominance_PC75,202,5.522000,0.065005492,14576.277,false
SA_Energy_Dominance_PC75,202,5.548000,0.064782531,14577.578,false
SA_Energy_Dominance_PC75,202,5.570000,0.064740425,14654.601,false
SA_Energy_Dominance_PC75,202,5.600000,0.064654881,14696.838,false
SA_Energy_Dominance_PC75,202,5.658000,0.064447349,14596.005,false
SA_Energy_Dominance_PC75,202,5.618000,0.064487167,14683.997,false
SA_Energy_Dominance_PC75,202,5.728000,0.063770576,14624.277,false
SA_Energy_Dominance_PC75,202,5.736000,0.063748632,14513.337,false
SA_Energy_Dominance_PC75,202,5.818000,0.063637114,14663.926,false
SA_Energy_Dominance_PC75,202,5.808000,0.063691472,14636.995,false
SA_Energy_Dominance_PC75,202,6.120000,0.063357490,14630.680,false
SA_Energy_Dominance_PC75,202,6.134000,0.063080195,14621.036,false
SA_Energy_Dominance_PC75,202,6.150000,0.063008081,14528.346,false
SA_Energy_Dominance_PC75,202,6.190000,0.062809426,14351.295,false
SA_Energy_Dominance_PC75,202,6.260000,0.062683110,14234.269,false
SA_Energy_Dominance_PC75,202,6.272000,0.062659271,14277.932,false
SA_Energy_Dominance_PC75,202,6.248000,0.062700884,14549.491,false
SA_Energy_Dominance_PC75,202,6.202000,0.062742989,14676.487,false
SA_Energy_Dominance_PC75,202,6.224000,0.062740633,14640.548,false
SA_Energy_Dominance_PC75,202,6.664000,0.062494428,14662.971,false
SA_Energy_Dominance_PC75,202,6.748000,0.062464795,14655.065,false
SA_Energy_Dominance_PC75,202,6.768000,0.062440577,14675.093,false
SA_Energy_Dominance_PC75,202,7.040000,0.062397237,14731.366,false
SA_Energy_Dominance_PC75,202,8.600000,0.062335773,14708.308,false
SA_Energy_Dominance_PC75,202,8.626000,0.062292467,14651.339,false
SA_Energy_Dominance_PC75,202,8.804000,0.062239653,14659.480,false
SA_Energy_Dominance_PC75,202,8.714000,0.062254093,14680.829,false
SA_Energy_Dominance_PC75,202,11.378000,0.060732075,14609.615,false
SA_Energy_Dominance_PC75,202,11.782000,0.060244832,14696.115,false
SA_Energy_Dominance_PC75,202,12.018000,0.059966654,14645.563,false
SA_Energy_Dominance_PC75,202,11.890000,0.060055639,14645.563,false
SA_Energy_Dominance_PC75,202,12.128000,0.059961689,14642.592,false
SA_Energy_Dominance_PC75,202,12.196000,0.059919581,14716.744,false
SA_Energy_Dominance_PC75,202,12.268000,0.059900804,14554.234,false
SA_Energy_Dominance_PC75,202,12.396000,0.059871522,14517.295,false
SA_Energy_Dominance_PC75,202,12.768000,0.059820777,14654.448,false
SA_Energy_Dominance_PC75,202,12.844000,0.059287504,14425.761,false
SA_Energy_Dominance_PC75,202,12.934000,0.059254162,14422.420,false
SA_Energy_Dominance_PC75,202,13.254000,0.059150145,14354.628,false
SA_Energy_Dominance_PC75,202,12.974000,0.059173385,14354.628,false
SA_Energy_Dominance_PC75,202,13.456000,0.059019603,14429.977,false
SA_Energy_Dominance_PC75,202,13.544000,0.058848695,14332.760,false
SA_Energy_Dominance_PC75,202,13.924000,0.058255497,14716.038,false
SA_Energy_Dominance_PC75,202,13.554000,0.058276550,14718.133,false
SA_Energy_Dominance_PC75,202,14.022000,0.058196767,14640.015,false
SA_Energy_Dominance_PC75,202,14.610000,0.057317929,14645.519,false
SA_Energy_Dominance_PC75,202,14.310000,0.057582118,14632.929,false
SA_Energy_Dominance_PC75,202,14.476000,0.057343704,14645.519,false
SA_Energy_Dominance_PC75,202,14.776000,0.057191816,14619.259,false
SA_Energy_Dominance_PC75,202,15.100000,0.057088641,14518.336,false
SA_Energy_Dominance_PC75,202,15.240000,0.057046882,14637.544,false
SA_Energy_Dominance_PC75,202,15.614000,0.057013066,14522.034,false
SA_Energy_Dominance_PC75,202,15.432000,0.057013225,14513.000,false
SA_Energy_Dominance_PC75,202,15.788000,0.056912375,14464.097,false
SA_Energy_Dominance_PC75,202,16.092000,0.056878799,14552.205,false
SA_Energy_Dominance_PC75,202,15.974000,0.056911565,14552.205,false
SA_Energy_Dominance_PC75,202,16.302000,0.056842961,14468.336,false
SA_Energy_Dominance_PC75,202,16.462000,0.056830112,14677.317,false
SA_Energy_Dominance_PC75,202,16.752000,0.056830112,14734.702,false
SA_Energy_Dominance_PC75,202,17.030000,0.056591451,14643.128,false
SA_Energy_Dominance_PC75,202,17.198000,0.056466113,14271.879,false
SA_Energy_Dominance_PC75,202,16.768000,0.056701087,14086.529,false
SA_Energy_Dominance_PC75,202,17.042000,0.056480547,14271.879,false
SA_Energy_Dominance_PC75,202,17.332000,0.056436831,14086.529,false
SA_Energy_Dominance_PC75,202,17.654000,0.056188839,14285.296,false
SA_Energy_Dominance_PC75,202,17.864000,0.056185208,14285.296,false
SA_Energy_Dominance_PC75,202,18.132000,0.056067843,14231.197,false
SA_Energy_Dominance_PC75,202,17.996000,0.056104072,14292.520,false
SA_Energy_Dominance_PC75,202,18.254000,0.055801149,14477.384,false
SA_Energy_Dominance_PC75,202,18.438000,0.055772934,14480.616,false
SA_Energy_Dominance_PC75,202,18.646000,0.055756548,14401.963,false
SA_Energy_Dominance_PC75,202,18.730000,0.055584729,14388.786,false
SA_Energy_Dominance_PC75,202,18.786000,0.055425085,14076.317,false
SA_Energy_Dominance_PC75,202,18.792000,0.055171693,14318.181,false
SA_Energy_Dominance_PC75,202,19.040000,0.055133918,14226.521,false
SA_Energy_Dominance_PC75,202,19.208000,0.055078205,13467.123,false
SA_Energy_Dominance_PC75,202,19.408000,0.055023811,13467.123,false
SA_Energy_Dominance_PC75,202,19.556000,0.054999231,13384.131,false
SA_Energy_Dominance_PC75,202,19.976000,0.054980454,13538.593,false
SA_Energy_Dominance_PC75,202,20.056000,0.052050734,10258.767,false
SA_Energy_Dominance_PC75,202,20.376000,0.051718961,10218.354,false
SA_Energy_Dominance_PC75,202,20.150000,0.051755047,10241.454,false
SA_Energy_Dominance_PC75,202,20.710000,0.051707664,10162.349,false
SA_Energy_Dominance_PC75,203,5.898000,0.064144016,14651.771,false
SA_Energy_Dominance_PC75,203,6.072000,0.063847488,14729.524,false
SA_Energy_Dominance_PC75,203,6.170000,0.063805356,14704.818,false
SA_Energy_Dominance_PC75,203,6.184000,0.063775314,14650.064,false
SA_Energy_Dominance_PC75,203,6.198000,0.063770475,14677.589,false
SA_Energy_Dominance_PC75,203,6.200000,0.063159419,14642.001,false
SA_Energy_Dominance_PC75,203,6.224000,0.063156717,14668.344,false
SA_Energy_Dominance_PC75,203,6.232000,0.063144126,14709.192,false
SA_Energy_Dominance_PC75,203,6.342000,0.063132778,14700.128,false
SA_Energy_Dominance_PC75,203,8.610000,0.062765355,14727.602,false
SA_Energy_Dominance_PC75,203,8.702000,0.062715918,14734.471,false
SA_Energy_Dominance_PC75,203,8.736000,0.062715918,14681.931,false
SA_Energy_Dominance_PC75,203,8.762000,0.062689899,14638.666,false
SA_Energy_Dominance_PC75,203,8.818000,0.062536127,14713.851,false
SA_Energy_Dominance_PC75,203,8.772000,0.062557180,14713.851,false
SA_Energy_Dominance_PC75,203,8.988000,0.062521491,14670.585,false
SA_Energy_Dominance_PC75,203,9.064000,0.062487591,14601.865,false
SA_Energy_Dominance_PC75,203,8.992000,0.062492995,14607.988,false
SA_Energy_Dominance_PC75,203,9.146000,0.062275704,14559.849,false
SA_Energy_Dominance_PC75,203,9.198000,0.062259047,14615.684,false
SA_Energy_Dominance_PC75,203,9.238000,0.062247789,14617.219,false
SA_Energy_Dominance_PC75,203,9.242000,0.062113518,14675.234,false
SA_Energy_Dominance_PC75,203,9.312000,0.062034720,14662.887,false
SA_Energy_Dominance_PC75,203,9.438000,0.062004551,14700.423,false
SA_Energy_Dominance_PC75,203,9.584000,0.061896780,14686.506,false
SA_Energy_Dominance_PC75,203,9.638000,0.061849805,14722.290,false
SA_Energy_Dominance_PC75,203,9.730000,0.061828752,14554.543,false
SA_Energy_Dominance_PC75,203,9.796000,0.061811602,14660.632,false
SA_Energy_Dominance_PC75,203,9.826000,0.061288326,14728.539,false
SA_Energy_Dominance_PC75,203,9.874000,0.061287008,14728.539,false
SA_Energy_Dominance_PC75,203,9.900000,0.061173121,14717.226,false
SA_Energy_Dominance_PC75,203,9.932000,0.061140327,14695.877,false
SA_Energy_Dominance_PC75,203,10.028000,0.061083149,14719.537,false
SA_Energy_Dominance_PC75,203,10.112000,0.061072869,14736.493,false
SA_Energy_Dominance_PC75,203,10.256000,0.060385518,14684.169,false
SA_Energy_Dominance_PC75,203,10.130000,0.060453524,14717.746,false
SA_Energy_Dominance_PC75,203,10.416000,0.060364562,14717.746,false
SA_Energy_Dominance_PC75,203,10.460000,0.060325113,14717.746,false
SA_Energy_Dominance_PC75,203,10.590000,0.060288881,14718.008,false
SA_Energy_Dominance_PC75,203,10.668000,0.060228347,14663.254,false
SA_Energy_Dominance_PC75,203,10.924000,0.060197506,14556.635,false
SA_Energy_Dominance_PC75,203,11.164000,0.060152220,14521.681,false
SA_Energy_Dominance_PC75,203,11.370000,0.060118946,14732.781,false
SA_Energy_Dominance_PC75,203,11.408000,0.059239924,14579.235,false
SA_Energy_Dominance_PC75,203,11.866000,0.059032451,14555.468,false
SA_Energy_Dominance_PC75,203,11.816000,0.059115323,14555.468,false
SA_Energy_Dominance_PC75,203,12.340000,0.058918170,14446.727,false
SA_Energy_Dominance_PC75,203,12.040000,0.058943945,14455.368,false
SA_Energy_Dominance_PC75,203,12.376000,0.058845865,14446.727,false
SA_Energy_Dominance_PC75,203,12.480000,0.058800433,14370.200,false
SA_Energy_Dominance_PC75,203,12.624000,0.058668665,14165.456,false
SA_Energy_Dominance_PC75,203,12.858000,0.058526692,14568.420,false
SA_Energy_Dominance_PC75,203,12.844000,0.058610903,14568.420,false
SA_Energy_Dominance_PC75,203,12.942000,0.058479311,14686.378,false
SA_Energy_Dominance_PC75,203,13.120000,0.058455849,14583.082,false
SA_Energy_Dominance_PC75,203,13.202000,0.058338959,14735.553,false
SA_Energy_Dominance_PC75,203,13.280000,0.058296854,14660.497,false
SA_Energy_Dominance_PC75,203,13.320000,0.058223709,14461.661,false
SA_Energy_Dominance_PC75,203,13.536000,0.058183539,14522.766,false
SA_Energy_Dominance_PC75,203,13.614000,0.058170613,14623.315,false
SA_Energy_Dominance_PC75,203,13.664000,0.057863220,14649.117,false
SA_Energy_Dominance_PC75,203,13.812000,0.057551583,14691.327,false
SA_Energy_Dominance_PC75,203,13.780000,0.057680379,14680.071,false
SA_Energy_Dominance_PC75,203,13.898000,0.057526222,14683.304,false
SA_Energy_Dominance_PC75,203,14.194000,0.057249220,14524.325,false
SA_Energy_Dominance_PC75,203,14.048000,0.057258034,14670.108,false
SA_Energy_Dominance_PC75,203,14.232000,0.057115384,14670.108,false
SA_Energy_Dominance_PC75,203,14.544000,0.057012332,14592.415,false
SA_Energy_Dominance_PC75,203,14.376000,0.057052163,14592.415,false
SA_Energy_Dominance_PC75,203,14.948000,0.056782571,14351.161,false
SA_Energy_Dominance_PC75,203,14.826000,0.056897023,14351.161,false
SA_Energy_Dominance_PC75,203,15.016000,0.056667148,14184.560,false
SA_Energy_Dominance_PC75,203,15.352000,0.056652711,14238.784,false
SA_Energy_Dominance_PC75,203,15.540000,0.056629296,14327.201,false
SA_Energy_Dominance_PC75,203,15.222000,0.056656885,14332.761,false
SA_Energy_Dominance_PC75,203,15.704000,0.056628889,14416.140,false
SA_Energy_Dominance_PC75,203,16.086000,0.056617454,14431.072,false
SA_Energy_Dominance_PC75,203,16.196000,0.056475064,14491.380,false
SA_Energy_Dominance_PC75,203,16.612000,0.056118045,14386.209,false
SA_Energy_Dominance_PC75,203,16.762000,0.055636245,13516.011,false
SA_Energy_Dominance_PC75,203,17.180000,0.055359812,13394.190,false
SA_Energy_Dominance_PC75,203,17.302000,0.055256463,13468.551,false
SA_Energy_Dominance_PC75,203,16.908000,0.055364971,13531.461,false
SA_Energy_Dominance_PC75,203,17.418000,0.055249200,13399.424,false
SA_Energy_Dominance_PC75,203,17.984000,0.055204409,13438.144,false
SA_Energy_Dominance_PC75,203,17.818000,0.055238713,13493.031,false
SA_Energy_Dominance_PC75,203,18.124000,0.055188551,13604.974,false
SA_Energy_Dominance_PC75,203,18.398000,0.055147750,13401.334,false
SA_Energy_Dominance_PC75,203,18.540000,0.055143477,13402.075,false
SA_Energy_Dominance_PC75,203,19.274000,0.052247483,10639.254,false
SA_Energy_Dominance_PC75,203,18.748000,0.052256221,10798.595,false
SA_Energy_Dominance_PC75,203,18.666000,0.052425012,10914.168,false
SA_Energy_Dominance_PC75,203,18.958000,0.052247483,10648.786,false
SA_Energy_Dominance_PC75,204,5.908000,0.066087728,14638.310,false
SA_Energy_Dominance_PC75,204,6.280000,0.066027752,14728.870,false
SA_Energy_Dominance_PC75,204,6.272000,0.066034891,14674.800,false
SA_Energy_Dominance_PC75,204,6.290000,0.066000991,14674.800,false
SA_Energy_Dominance_PC75,204,6.300000,0.065879259,14607.972,false
SA_Energy_Dominance_PC75,204,6.442000,0.064726245,14457.522,false
SA_Energy_Dominance_PC75,204,6.508000,0.064706619,14400.673,false
SA_Energy_Dominance_PC75,204,7.200000,0.064303342,14605.189,false
SA_Energy_Dominance_PC75,204,7.000000,0.064673161,14605.189,false
SA_Energy_Dominance_PC75,204,7.192000,0.064322146,14686.015,false
SA_Energy_Dominance_PC75,204,7.274000,0.064302289,14657.319,false
SA_Energy_Dominance_PC75,204,7.288000,0.064299464,14657.319,false
SA_Energy_Dominance_PC75,204,8.302000,0.062478380,14597.773,false
SA_Energy_Dominance_PC75,204,8.524000,0.062214822,14686.168,false
SA_Energy_Dominance_PC75,204,8.392000,0.062241305,14669.389,false
SA_Energy_Dominance_PC75,204,8.140000,0.062664322,14714.818,false
SA_Energy_Dominance_PC75,204,8.614000,0.062085851,14727.257,false
SA_Energy_Dominance_PC75,204,8.684000,0.061893003,14651.889,false
SA_Energy_Dominance_PC75,204,9.208000,0.061068766,14683.709,false
SA_Energy_Dominance_PC75,204,9.186000,0.061200339,14689.366,false
SA_Energy_Dominance_PC75,204,8.794000,0.061592097,14720.353,false
SA_Energy_Dominance_PC75,204,8.886000,0.061406617,14720.353,false
SA_Energy_Dominance_PC75,204,9.984000,0.061064662,14632.826,false
SA_Energy_Dominance_PC75,204,10.042000,0.061010160,14734.494,false
SA_Energy_Dominance_PC75,204,10.104000,0.060950361,14627.661,false
SA_Energy_Dominance_PC75,204,10.176000,0.060933810,14616.040,false
SA_Energy_Dominance_PC75,204,10.302000,0.060856619,14503.707,false
SA_Energy_Dominance_PC75,204,10.416000,0.060540652,14712.943,false
SA_Energy_Dominance_PC75,204,10.472000,0.060510624,14611.141,false
SA_Energy_Dominance_PC75,204,10.530000,0.060495092,14611.141,false
SA_Energy_Dominance_PC75,204,10.636000,0.060487687,14611.141,false
SA_Energy_Dominance_PC75,204,10.700000,0.060445582,14628.979,false
SA_Energy_Dominance_PC75,204,10.736000,0.060379711,14661.402,false
SA_Energy_Dominance_PC75,204,10.796000,0.060131730,14717.449,false
SA_Energy_Dominance_PC75,204,10.880000,0.060052022,14469.545,false
SA_Energy_Dominance_PC75,204,10.982000,0.059855069,14559.368,false
SA_Energy_Dominance_PC75,204,10.884000,0.059910254,14638.853,false
SA_Energy_Dominance_PC75,204,11.034000,0.059849945,14638.853,false
SA_Energy_Dominance_PC75,204,11.186000,0.059819172,14638.853,false
SA_Energy_Dominance_PC75,204,11.198000,0.059579384,14378.912,false
SA_Energy_Dominance_PC75,204,11.380000,0.058610773,14708.612,false
SA_Energy_Dominance_PC75,204,11.320000,0.058732512,14711.844,false
SA_Energy_Dominance_PC75,204,11.464000,0.058600236,14667.938,false
SA_Energy_Dominance_PC75,204,11.794000,0.058364956,14691.849,false
SA_Energy_Dominance_PC75,204,11.578000,0.058404212,14691.849,false
SA_Energy_Dominance_PC75,204,12.036000,0.058145561,14385.084,false
SA_Energy_Dominance_PC75,204,11.864000,0.058282649,14382.989,false
SA_Energy_Dominance_PC75,204,12.136000,0.058134637,14348.606,false
SA_Energy_Dominance_PC75,204,12.380000,0.058115624,14580.289,false
SA_Energy_Dominance_PC75,204,12.648000,0.058104519,14597.911,false
SA_Energy_Dominance_PC75,204,13.168000,0.058103888,14642.760,false
SA_Energy_Dominance_PC75,204,13.192000,0.057723825,14583.090,false
SA_Energy_Dominance_PC75,204,13.388000,0.057592389,14583.090,false
SA_Energy_Dominance_PC75,204,13.636000,0.057299133,14711.703,false
SA_Energy_Dominance_PC75,204,13.864000,0.057162762,14706.572,false
SA_Energy_Dominance_PC75,204,13.718000,0.057165464,14706.572,false
SA_Energy_Dominance_PC75,204,13.946000,0.057087307,14627.088,false
SA_Energy_Dominance_PC75,204,13.422000,0.057355300,14451.457,false
SA_Energy_Dominance_PC75,204,14.274000,0.056873153,14517.100,false
SA_Energy_Dominance_PC75,204,14.130000,0.056897929,14472.830,false
SA_Energy_Dominance_PC75,204,14.514000,0.056858681,14387.004,false
SA_Energy_Dominance_PC75,204,14.556000,0.056746940,14423.023,false
SA_Energy_Dominance_PC75,204,14.764000,0.056670010,14449.264,false
SA_Energy_Dominance_PC75,204,15.024000,0.056292261,14522.909,false
SA_Energy_Dominance_PC75,204,14.778000,0.056382492,14593.850,false
SA_Energy_Dominance_PC75,204,15.358000,0.056256175,14606.439,false
SA_Energy_Dominance_PC75,204,15.868000,0.055773580,14047.330,false
SA_Energy_Dominance_PC75,204,15.700000,0.056191705,13926.957,false
SA_Energy_Dominance_PC75,204,16.864000,0.052794112,11660.143,false
SA_Energy_Dominance_PC75,204,15.966000,0.053152381,12007.520,false
SA_Energy_Dominance_PC75,204,16.080000,0.052801375,11885.929,false
SA_Energy_Dominance_PC75,204,16.240000,0.052796130,11823.457,false
SA_Energy_Dominance_PC75,205,5.100000,0.064522512,14734.361,false
SA_Energy_Dominance_PC75,205,5.116000,0.064503928,14734.361,false
SA_Energy_Dominance_PC75,205,5.162000,0.064464097,14734.361,false
SA_Energy_Dominance_PC75,205,5.164000,0.064210440,14669.757,false
SA_Energy_Dominance_PC75,205,5.326000,0.063711742,14582.719,false
SA_Energy_Dominance_PC75,205,5.262000,0.063747374,14575.457,false
SA_Energy_Dominance_PC75,205,5.172000,0.063836933,14737.439,false
SA_Energy_Dominance_PC75,205,9.176000,0.061810472,14537.724,false
SA_Energy_Dominance_PC75,205,8.880000,0.061891689,14719.967,false
SA_Energy_Dominance_PC75,205,9.074000,0.061818848,14702.129,false
SA_Energy_Dominance_PC75,205,9.302000,0.060817352,14714.807,false
SA_Energy_Dominance_PC75,205,9.320000,0.060721385,14719.179,false
SA_Energy_Dominance_PC75,205,9.424000,0.060662787,14631.627,false
SA_Energy_Dominance_PC75,205,9.526000,0.060633063,14602.704,false
SA_Energy_Dominance_PC75,205,9.576000,0.060612010,14667.965,false
SA_Energy_Dominance_PC75,205,9.578000,0.060515131,14613.417,false
SA_Energy_Dominance_PC75,205,9.618000,0.060468060,14613.417,false
SA_Energy_Dominance_PC75,205,9.726000,0.060334359,14632.350,false
SA_Energy_Dominance_PC75,205,9.734000,0.060238051,14728.536,false
SA_Energy_Dominance_PC75,205,9.864000,0.059145924,14736.130,false
SA_Energy_Dominance_PC75,205,9.806000,0.059175402,14711.635,false
SA_Energy_Dominance_PC75,205,10.018000,0.059015155,14599.033,false
SA_Energy_Dominance_PC75,205,10.094000,0.059010480,14524.778,false
SA_Energy_Dominance_PC75,205,10.338000,0.058947913,14517.374,false
SA_Energy_Dominance_PC75,205,10.276000,0.059007409,14517.374,false
SA_Energy_Dominance_PC75,205,10.524000,0.058927213,14517.374,false
SA_Energy_Dominance_PC75,205,10.588000,0.058904921,14460.447,false
SA_Energy_Dominance_PC75,205,10.632000,0.058842597,14548.673,false
SA_Energy_Dominance_PC75,205,10.818000,0.058813315,14551.091,false
SA_Energy_Dominance_PC75,205,11.040000,0.058788479,14638.592,false
SA_Energy_Dominance_PC75,205,10.908000,0.058800709,14645.609,false
SA_Energy_Dominance_PC75,205,11.112000,0.058748946,14645.609,false
SA_Energy_Dominance_PC75,205,11.244000,0.058738383,14715.124,false
SA_Energy_Dominance_PC75,205,11.456000,0.058681511,14664.905,false
SA_Energy_Dominance_PC75,205,11.372000,0.058711251,14734.282,false
SA_Energy_Dominance_PC75,205,11.872000,0.058662360,14732.314,false
SA_Energy_Dominance_PC75,205,11.948000,0.058654891,14719.725,false
SA_Energy_Dominance_PC75,205,12.006000,0.058566112,14721.381,false
SA_Energy_Dominance_PC75,205,12.252000,0.058425791,14721.381,false
SA_Energy_Dominance_PC75,205,12.102000,0.058462146,14672.284,false
SA_Energy_Dominance_PC75,205,12.078000,0.058536094,14672.284,false
SA_Energy_Dominance_PC75,205,12.326000,0.058412243,14642.145,false
SA_Energy_Dominance_PC75,205,12.530000,0.058357010,14731.887,false
SA_Energy_Dominance_PC75,205,12.634000,0.058089047,14704.742,false
SA_Energy_Dominance_PC75,205,12.440000,0.058378151,14704.742,false
SA_Energy_Dominance_PC75,205,12.714000,0.058055515,14470.625,false
SA_Energy_Dominance_PC75,205,12.872000,0.058026531,14470.002,false
SA_Energy_Dominance_PC75,205,12.954000,0.058026531,14472.097,false
SA_Energy_Dominance_PC75,205,13.238000,0.058025244,14629.045,false
SA_Energy_Dominance_PC75,205,13.424000,0.058004544,14298.968,false
SA_Energy_Dominance_PC75,205,13.558000,0.057956141,14524.963,false
SA_Energy_Dominance_PC75,205,13.686000,0.057881872,14524.963,false
SA_Energy_Dominance_PC75,205,13.776000,0.057846586,14441.225,false
SA_Energy_Dominance_PC75,205,13.914000,0.057808092,14345.517,false
SA_Energy_Dominance_PC75,205,14.148000,0.057762728,14099.522,false
SA_Energy_Dominance_PC75,205,14.214000,0.056315128,14421.204,false
SA_Energy_Dominance_PC75,205,14.384000,0.056267483,14417.971,false
SA_Energy_Dominance_PC75,205,14.478000,0.056243918,14302.399,false
SA_Energy_Dominance_PC75,205,14.600000,0.056236300,14189.286,false
SA_Energy_Dominance_PC75,205,14.794000,0.055967121,13743.408,false
SA_Energy_Dominance_PC75,205,14.684000,0.055997438,13743.408,false
SA_Energy_Dominance_PC75,205,14.908000,0.055921852,13892.824,false
SA_Energy_Dominance_PC75,205,15.136000,0.055898782,14141.547,false
SA_Energy_Dominance_PC75,205,15.714000,0.055755225,13976.786,false
SA_Energy_Dominance_PC75,205,15.510000,0.055825579,14020.693,false
SA_Energy_Dominance_PC75,205,15.868000,0.055470177,14464.902,false
SA_Energy_Dominance_PC75,205,15.856000,0.055608344,14437.471,false
SA_Energy_Dominance_PC75,205,16.026000,0.055444585,14393.607,false
SA_Energy_Dominance_PC75,205,16.616000,0.052544933,11289.863,false
SA_Energy_Dominance_PC75,205,16.148000,0.052612377,11310.456,false
SA_Energy_Dominance_PC75,205,16.336000,0.052553810,11274.928,false
SA_Energy_Dominance_PC75,205,16.490000,0.052553443,11102.687,false
SA_Energy_Dominance_PC75,205,16.742000,0.052542915,10918.940,false
SA_Energy_Dominance_PC75,205,17.026000,0.052540494,10388.818,false
SA_Energy_Dominance_PC75,205,17.190000,0.052538073,10171.195,false
SA_Energy_Dominance_PC75,206,5.952000,0.065591114,14618.797,false
SA_Energy_Dominance_PC75,206,6.032000,0.065300477,14726.119,false
SA_Energy_Dominance_PC75,206,6.088000,0.065242831,14729.459,false
SA_Energy_Dominance_PC75,206,6.242000,0.065231355,14729.459,false
SA_Energy_Dominance_PC75,206,5.898000,0.065770405,14727.002,false
SA_Energy_Dominance_PC75,206,6.348000,0.065217410,14683.485,false
SA_Energy_Dominance_PC75,206,6.378000,0.065159001,14615.487,false
SA_Energy_Dominance_PC75,206,6.388000,0.065153878,14709.710,false
SA_Energy_Dominance_PC75,206,6.460000,0.065146179,14585.075,false
SA_Energy_Dominance_PC75,206,6.462000,0.065062845,14642.002,false
SA_Energy_Dominance_PC75,206,6.604000,0.065029257,14735.574,false
SA_Energy_Dominance_PC75,206,6.680000,0.064831496,14665.001,false
SA_Energy_Dominance_PC75,206,6.618000,0.064847389,14665.001,false
SA_Energy_Dominance_PC75,206,6.788000,0.063800481,14724.804,false
SA_Energy_Dominance_PC75,206,6.756000,0.063837888,14623.965,false
SA_Energy_Dominance_PC75,206,6.932000,0.063356582,14672.786,false
SA_Energy_Dominance_PC75,206,6.976000,0.063196069,14672.786,false
SA_Energy_Dominance_PC75,206,7.568000,0.062039736,14660.759,false
SA_Energy_Dominance_PC75,206,7.620000,0.062026798,14661.762,false
SA_Energy_Dominance_PC75,206,7.706000,0.061995730,14690.685,false
SA_Energy_Dominance_PC75,206,7.938000,0.061830824,14704.724,false
SA_Energy_Dominance_PC75,206,8.134000,0.061772704,14662.249,false
SA_Energy_Dominance_PC75,206,8.190000,0.061599537,14728.162,false
SA_Energy_Dominance_PC75,206,8.210000,0.061530862,14728.162,false
SA_Energy_Dominance_PC75,206,8.412000,0.061370530,14633.273,false
SA_Energy_Dominance_PC75,206,8.448000,0.061355091,14647.543,false
SA_Energy_Dominance_PC75,206,8.242000,0.061437564,14647.543,false
SA_Energy_Dominance_PC75,206,8.458000,0.061224593,14658.679,false
SA_Energy_Dominance_PC75,206,8.608000,0.061179344,14711.341,false
SA_Energy_Dominance_PC75,206,8.652000,0.061075734,14733.014,false
SA_Energy_Dominance_PC75,206,8.624000,0.061091265,14733.014,false
SA_Energy_Dominance_PC75,206,8.814000,0.060875163,14680.578,false
SA_Energy_Dominance_PC75,206,8.700000,0.060899647,14645.531,false
SA_Energy_Dominance_PC75,206,8.850000,0.060814566,14659.694,false
SA_Energy_Dominance_PC75,206,8.932000,0.060676010,14717.334,false
SA_Energy_Dominance_PC75,206,8.956000,0.060501734,14693.567,false
SA_Energy_Dominance_PC75,206,8.942000,0.060571286,14702.878,false
SA_Energy_Dominance_PC75,206,9.392000,0.060383541,14539.270,false
SA_Energy_Dominance_PC75,206,9.546000,0.060179025,14606.710,false
SA_Energy_Dominance_PC75,206,9.478000,0.060193023,14710.145,false
SA_Energy_Dominance_PC75,206,9.644000,0.060031514,14689.860,false
SA_Energy_Dominance_PC75,206,9.586000,0.060060161,14724.695,false
SA_Energy_Dominance_PC75,206,9.788000,0.058960136,14675.152,false
SA_Energy_Dominance_PC75,206,9.712000,0.059088111,14651.006,false
SA_Energy_Dominance_PC75,206,9.848000,0.058763518,14603.521,false
SA_Energy_Dominance_PC75,206,9.932000,0.058624580,14713.697,false
SA_Energy_Dominance_PC75,206,10.174000,0.058569951,14661.051,false
SA_Energy_Dominance_PC75,206,10.306000,0.058532277,14607.017,false
SA_Energy_Dominance_PC75,206,10.248000,0.058567244,14586.851,false
SA_Energy_Dominance_PC75,206,10.352000,0.058486415,14658.517,false
SA_Energy_Dominance_PC75,206,10.396000,0.058377265,14491.806,false
SA_Energy_Dominance_PC75,206,10.558000,0.057906010,14688.344,false
SA_Energy_Dominance_PC75,206,10.454000,0.058195827,14688.344,false
SA_Energy_Dominance_PC75,206,10.700000,0.057832535,14679.044,false
SA_Energy_Dominance_PC75,206,10.622000,0.057896586,14690.664,false
SA_Energy_Dominance_PC75,206,10.754000,0.057802638,14702.438,false
SA_Energy_Dominance_PC75,206,11.004000,0.057634601,14499.548,false
SA_Energy_Dominance_PC75,206,10.940000,0.057678583,14522.038,false
SA_Energy_Dominance_PC75,206,11.078000,0.057631042,14466.147,false
SA_Energy_Dominance_PC75,206,11.140000,0.057617323,14612.791,false
SA_Energy_Dominance_PC75,206,11.208000,0.057549932,14587.195,false
SA_Energy_Dominance_PC75,206,11.216000,0.057456110,14705.146,false
SA_Energy_Dominance_PC75,206,11.302000,0.057433976,14700.084,false
SA_Energy_Dominance_PC75,206,11.480000,0.057397744,14667.216,false
SA_Energy_Dominance_PC75,206,11.364000,0.057403266,14673.790,false
SA_Energy_Dominance_PC75,206,11.424000,0.057397861,14710.336,false
SA_Energy_Dominance_PC75,206,11.552000,0.057381475,14506.549,false
SA_Energy_Dominance_PC75,206,11.636000,0.057358164,14529.529,false
SA_Energy_Dominance_PC75,206,12.376000,0.057155029,14705.116,false
SA_Energy_Dominance_PC75,206,12.506000,0.057130058,14661.209,false
SA_Energy_Dominance_PC75,206,12.878000,0.056763212,14610.782,false
SA_Energy_Dominance_PC75,206,12.670000,0.056764605,14408.061,false
SA_Energy_Dominance_PC75,206,13.010000,0.056695291,14251.844,false
SA_Energy_Dominance_PC75,206,13.116000,0.056559348,14646.343,false
SA_Energy_Dominance_PC75,206,13.226000,0.056462827,14721.936,false
SA_Energy_Dominance_PC75,206,13.420000,0.056397348,14621.316,false
SA_Energy_Dominance_PC75,206,13.316000,0.056414895,14639.694,false
SA_Energy_Dominance_PC75,206,13.550000,0.056395734,14703.591,false
SA_Energy_Dominance_PC75,206,13.660000,0.056395734,14669.372,false
SA_Energy_Dominance_PC75,206,13.788000,0.056379032,14644.278,false
SA_Energy_Dominance_PC75,206,14.030000,0.056376845,14542.952,false
SA_Energy_Dominance_PC75,206,14.166000,0.056344363,14725.998,false
SA_Energy_Dominance_PC75,206,14.216000,0.056142539,14379.417,false
SA_Energy_Dominance_PC75,206,14.386000,0.056018181,14479.502,false
SA_Energy_Dominance_PC75,206,14.534000,0.056001795,14412.469,false
SA_Energy_Dominance_PC75,206,14.854000,0.055978231,14164.314,false
SA_Energy_Dominance_PC75,206,15.166000,0.055939925,14222.526,false
SA_Energy_Dominance_PC75,206,15.264000,0.055938746,14228.138,false
SA_Energy_Dominance_PC75,206,15.548000,0.055712606,14567.698,false
SA_Energy_Dominance_PC75,206,15.782000,0.055701130,14567.698,false
SA_Energy_Dominance_PC75,206,15.904000,0.055671196,14419.391,false
SA_Energy_Dominance_PC75,206,16.016000,0.055650544,14479.014,false
SA_Energy_Dominance_PC75,206,16.270000,0.055618057,14494.944,false
SA_Energy_Dominance_PC75,206,16.164000,0.055646333,14494.944,false
SA_Energy_Dominance_PC75,206,16.604000,0.055615636,14396.840,false
SA_Energy_Dominance_PC75,206,16.794000,0.055574670,14263.173,false
SA_Energy_Dominance_PC75,206,16.908000,0.055551430,14671.417,false
SA_Energy_Dominance_PC75,206,17.064000,0.055041668,14375.980,false
SA_Energy_Dominance_PC75,206,17.202000,0.054855102,13482.262,false
SA_Energy_Dominance_PC75,206,16.976000,0.055183000,13326.044,false
SA_Energy_Dominance_PC75,206,17.292000,0.054662116,13441.308,false
SA_Energy_Dominance_PC75,206,17.720000,0.054562137,13436.256,false
SA_Energy_Dominance_PC75,206,17.532000,0.054575856,13447.877,false
SA_Energy_Dominance_PC75,206,17.846000,0.053576157,14287.810,false
SA_Energy_Dominance_PC75,206,17.986000,0.053542499,13922.426,false
SA_Energy_Dominance_PC75,206,18.194000,0.053532113,13883.349,false
SA_Energy_Dominance_PC75,206,18.398000,0.053528554,14713.864,false
SA_Energy_Dominance_PC75,206,18.596000,0.053502792,14433.729,false
SA_Energy_Dominance_PC75,206,18.734000,0.053463071,13812.767,false
SA_Energy_Dominance_PC75,206,18.900000,0.053458719,13541.309,false
SA_Energy_Dominance_PC75,206,19.112000,0.053442332,13600.793,false
SA_Energy_Dominance_PC75,206,19.394000,0.051883307,10170.601,false
SA_Energy_Dominance_PC75,206,19.714000,0.051549643,10190.712,false
SA_Energy_Dominance_PC75,206,19.190000,0.052072852,10190.712,false
SA_Energy_Dominance_PC75,206,19.536000,0.051591571,10282.891,false
SA_Energy_Dominance_PC75,207,7.196000,0.061837854,14736.641,false
SA_Energy_Dominance_PC75,207,6.782000,0.062139608,14692.734,false
SA_Energy_Dominance_PC75,207,7.144000,0.061890862,14692.734,false
SA_Energy_Dominance_PC75,207,7.230000,0.061820930,14692.734,false
SA_Energy_Dominance_PC75,207,7.296000,0.061732587,14668.967,false
SA_Energy_Dominance_PC75,207,7.308000,0.061728734,14720.256,false
SA_Energy_Dominance_PC75,207,7.384000,0.061707681,14720.256,false
SA_Energy_Dominance_PC75,207,7.394000,0.061574713,14714.173,false
SA_Energy_Dominance_PC75,207,7.412000,0.061569156,14714.173,false
SA_Energy_Dominance_PC75,207,7.610000,0.061484945,14705.532,false
SA_Energy_Dominance_PC75,207,7.528000,0.061525124,14705.532,false
SA_Energy_Dominance_PC75,207,7.686000,0.061463892,14730.232,false
SA_Energy_Dominance_PC75,207,7.742000,0.061437970,14686.569,false
SA_Energy_Dominance_PC75,207,8.016000,0.061390820,14686.569,false
SA_Energy_Dominance_PC75,207,8.438000,0.061258020,14656.585,false
SA_Energy_Dominance_PC75,207,8.444000,0.061151479,14642.619,false
SA_Energy_Dominance_PC75,207,8.494000,0.061140306,14591.068,false
SA_Energy_Dominance_PC75,207,8.528000,0.061088265,14608.962,false
SA_Energy_Dominance_PC75,207,8.126000,0.061265336,14621.551,false
SA_Energy_Dominance_PC75,207,8.552000,0.060211957,14703.863,false
SA_Energy_Dominance_PC75,207,8.604000,0.060100537,14699.988,false
SA_Energy_Dominance_PC75,207,8.666000,0.060085246,14691.347,false
SA_Energy_Dominance_PC75,207,8.900000,0.059931402,14723.488,false
SA_Energy_Dominance_PC75,207,8.746000,0.060032408,14681.252,false
SA_Energy_Dominance_PC75,207,8.888000,0.059958815,14681.252,false
SA_Energy_Dominance_PC75,207,8.986000,0.059922366,14681.252,false
SA_Energy_Dominance_PC75,207,9.026000,0.059840187,14681.252,false
SA_Energy_Dominance_PC75,207,9.014000,0.059903345,14669.646,false
SA_Energy_Dominance_PC75,207,9.162000,0.059674822,14564.440,false
SA_Energy_Dominance_PC75,207,9.212000,0.059398671,14527.468,false
SA_Energy_Dominance_PC75,207,9.176000,0.059460682,14584.811,false
SA_Energy_Dominance_PC75,207,9.412000,0.059325402,14594.938,false
SA_Energy_Dominance_PC75,207,9.316000,0.059330016,14566.775,false
SA_Energy_Dominance_PC75,207,9.472000,0.059309835,14654.015,false
SA_Energy_Dominance_PC75,207,9.550000,0.059309835,14566.475,false
SA_Energy_Dominance_PC75,207,9.582000,0.058792350,14713.949,false
SA_Energy_Dominance_PC75,207,9.630000,0.058721443,14713.949,false
SA_Energy_Dominance_PC75,207,9.654000,0.058674468,14710.100,false
SA_Energy_Dominance_PC75,207,9.768000,0.058575014,14710.100,false
SA_Energy_Dominance_PC75,207,9.804000,0.058559482,14710.100,false
SA_Energy_Dominance_PC75,207,9.694000,0.058603198,14710.100,false
SA_Energy_Dominance_PC75,207,9.926000,0.058534707,14622.928,false
SA_Energy_Dominance_PC75,207,9.962000,0.058519176,14622.928,false
SA_Energy_Dominance_PC75,207,10.042000,0.058498771,14723.610,false
SA_Energy_Dominance_PC75,207,10.164000,0.058461097,14731.633,false
SA_Energy_Dominance_PC75,207,10.248000,0.058453628,14731.633,false
SA_Energy_Dominance_PC75,207,10.360000,0.058435885,14731.633,false
SA_Energy_Dominance_PC75,207,10.928000,0.058283383,14596.386,false
SA_Energy_Dominance_PC75,207,10.852000,0.058288910,14590.457,false
SA_Energy_Dominance_PC75,207,10.984000,0.058258991,14717.453,false
SA_Energy_Dominance_PC75,207,10.608000,0.058343535,14717.453,false
SA_Energy_Dominance_PC75,207,11.172000,0.058229777,14674.672,false
SA_Energy_Dominance_PC75,207,11.318000,0.058118274,14620.741,false
SA_Energy_Dominance_PC75,207,11.372000,0.058094963,14726.214,false
SA_Energy_Dominance_PC75,207,12.372000,0.058091075,14402.815,false
SA_Energy_Dominance_PC75,207,12.520000,0.058046527,14287.242,false
SA_Energy_Dominance_PC75,207,12.654000,0.058012138,14199.274,false
SA_Energy_Dominance_PC75,207,12.784000,0.057947416,14447.327,false
SA_Energy_Dominance_PC75,207,12.924000,0.057929672,14447.327,false
SA_Energy_Dominance_PC75,207,13.302000,0.057007343,14415.623,false
SA_Energy_Dominance_PC75,207,13.144000,0.057821091,14648.899,false
SA_Energy_Dominance_PC75,207,13.154000,0.057009857,14550.441,false
SA_Energy_Dominance_PC75,207,13.342000,0.056847198,14678.881,false
SA_Energy_Dominance_PC75,207,13.348000,0.056489273,14273.923,false
SA_Energy_Dominance_PC75,207,13.496000,0.056436848,13944.496,false
SA_Energy_Dominance_PC75,207,13.758000,0.056202461,13672.974,false
SA_Energy_Dominance_PC75,207,13.672000,0.056257017,13640.275,false
SA_Energy_Dominance_PC75,207,13.880000,0.056188105,13999.891,false
SA_Energy_Dominance_PC75,207,13.990000,0.056139602,13962.215,false
SA_Energy_Dominance_PC75,207,14.538000,0.055710325,13404.331,false
SA_Energy_Dominance_PC75,207,14.330000,0.055726923,13444.519,false
SA_Energy_Dominance_PC75,207,14.036000,0.055792783,13451.219,false
SA_Energy_Dominance_PC75,207,14.416000,0.055720831,13333.952,false
SA_Energy_Dominance_PC75,207,14.736000,0.055707267,13682.630,false
SA_Energy_Dominance_PC75,207,14.922000,0.055239149,13838.335,false
SA_Energy_Dominance_PC75,207,14.880000,0.055353182,13789.238,false
SA_Energy_Dominance_PC75,207,15.046000,0.053197808,11070.543,false
SA_Energy_Dominance_PC75,207,14.960000,0.053442629,10895.363,false
SA_Energy_Dominance_PC75,207,14.984000,0.053295386,11501.190,false
SA_Energy_Dominance_PC75,207,15.176000,0.053131079,11496.946,false
SA_Energy_Dominance_PC75,207,15.314000,0.053117397,11975.686,false
SA_Energy_Dominance_PC75,207,15.412000,0.053102956,11246.907,false
SA_Energy_Dominance_PC75,207,15.560000,0.053100939,11372.114,false
SA_Energy_Dominance_PC75,208,6.150000,0.064842142,14714.338,false
SA_Energy_Dominance_PC75,208,6.144000,0.065055295,14714.338,false
SA_Energy_Dominance_PC75,208,6.272000,0.064638879,14707.927,false
SA_Energy_Dominance_PC75,208,6.266000,0.064666614,14735.169,false
SA_Energy_Dominance_PC75,208,7.134000,0.064144718,14637.484,false
SA_Energy_Dominance_PC75,208,7.378000,0.063864282,14528.838,false
SA_Energy_Dominance_PC75,208,7.486000,0.063822099,14722.793,false
SA_Energy_Dominance_PC75,208,7.362000,0.064012087,14717.737,false
SA_Energy_Dominance_PC75,208,7.624000,0.063745335,14628.128,false
SA_Energy_Dominance_PC75,208,8.928000,0.063071318,14368.189,false
SA_Energy_Dominance_PC75,208,7.816000,0.063139307,14669.514,false
SA_Energy_Dominance_PC75,208,10.030000,0.063060518,14695.688,false
SA_Energy_Dominance_PC75,208,10.112000,0.063039251,14732.270,false
SA_Energy_Dominance_PC75,208,10.318000,0.062997145,14654.764,false
SA_Energy_Dominance_PC75,208,10.520000,0.062729578,14591.628,false
SA_Energy_Dominance_PC75,208,10.534000,0.062663999,14710.845,false
SA_Energy_Dominance_PC75,208,10.576000,0.062631203,14595.273,false
SA_Energy_Dominance_PC75,208,10.440000,0.062813173,14595.273,false
SA_Energy_Dominance_PC75,208,10.580000,0.062075107,14659.337,false
SA_Energy_Dominance_PC75,208,10.876000,0.061801824,14558.504,false
SA_Energy_Dominance_PC75,208,10.800000,0.061851799,14558.504,false
SA_Energy_Dominance_PC75,208,10.768000,0.061925132,14558.504,false
SA_Energy_Dominance_PC75,208,10.962000,0.061727555,14558.504,false
SA_Energy_Dominance_PC75,208,11.042000,0.061348412,14701.252,false
SA_Energy_Dominance_PC75,208,11.064000,0.060140473,14659.900,false
SA_Energy_Dominance_PC75,208,11.508000,0.059874894,14630.719,false
SA_Energy_Dominance_PC75,208,11.296000,0.059972787,14579.430,false
SA_Energy_Dominance_PC75,208,11.608000,0.059873738,14385.746,false
SA_Energy_Dominance_PC75,208,11.690000,0.059856259,14449.370,false
SA_Energy_Dominance_PC75,208,11.766000,0.059840718,14549.820,false
SA_Energy_Dominance_PC75,208,11.920000,0.059823054,14390.009,false
SA_Energy_Dominance_PC75,208,12.008000,0.059082035,14677.923,false
SA_Energy_Dominance_PC75,208,12.102000,0.059059743,14677.923,false
SA_Energy_Dominance_PC75,208,12.294000,0.059051054,14655.388,false
SA_Energy_Dominance_PC75,208,12.458000,0.058979240,14722.421,false
SA_Energy_Dominance_PC75,208,12.658000,0.058821318,14711.859,false
SA_Energy_Dominance_PC75,208,12.724000,0.058784724,14727.603,false
SA_Energy_Dominance_PC75,208,12.520000,0.058842688,14727.603,false
SA_Energy_Dominance_PC75,208,12.908000,0.058219837,14469.064,false
SA_Energy_Dominance_PC75,208,13.224000,0.058093780,14574.071,false
SA_Energy_Dominance_PC75,208,13.140000,0.058116071,14574.071,false
SA_Energy_Dominance_PC75,208,13.258000,0.058016529,14423.321,false
SA_Energy_Dominance_PC75,208,13.370000,0.057808045,14298.592,false
SA_Energy_Dominance_PC75,208,13.474000,0.057753596,14298.592,false
SA_Energy_Dominance_PC75,208,13.334000,0.057903239,14192.350,false
SA_Energy_Dominance_PC75,208,13.572000,0.057698115,14546.460,false
SA_Energy_Dominance_PC75,208,13.764000,0.057616062,14685.889,false
SA_Energy_Dominance_PC75,208,14.050000,0.057431135,14547.954,false
SA_Energy_Dominance_PC75,208,13.864000,0.057527138,14697.240,false
SA_Energy_Dominance_PC75,208,13.950000,0.057485519,14594.232,false
SA_Energy_Dominance_PC75,208,14.100000,0.057343938,14720.998,false
SA_Energy_Dominance_PC75,208,14.268000,0.057105519,14659.893,false
SA_Energy_Dominance_PC75,208,14.648000,0.057069761,14621.309,false
SA_Energy_Dominance_PC75,208,14.474000,0.057102526,14719.329,false
SA_Energy_Dominance_PC75,208,14.820000,0.057056042,14719.329,false
SA_Energy_Dominance_PC75,208,15.742000,0.056871831,14576.694,false
SA_Energy_Dominance_PC75,208,15.478000,0.056921161,14576.694,false
SA_Energy_Dominance_PC75,208,16.182000,0.056855938,14692.266,false
SA_Energy_Dominance_PC75,208,16.284000,0.056692609,14552.550,false
SA_Energy_Dominance_PC75,208,16.448000,0.056602622,14508.643,false
SA_Energy_Dominance_PC75,208,16.680000,0.056542860,14508.643,false
SA_Energy_Dominance_PC75,208,16.836000,0.056531425,14475.561,false
SA_Energy_Dominance_PC75,208,17.078000,0.056464112,14709.843,false
SA_Energy_Dominance_PC75,208,17.158000,0.056259615,14000.628,false
SA_Energy_Dominance_PC75,208,17.586000,0.055945346,14033.677,false
SA_Energy_Dominance_PC75,208,17.808000,0.055866756,13848.107,false
SA_Energy_Dominance_PC75,208,17.964000,0.055840568,13933.758,false
SA_Energy_Dominance_PC75,208,18.314000,0.055776943,14011.752,false
SA_Energy_Dominance_PC75,208,18.504000,0.055419214,13655.249,false
SA_Energy_Dominance_PC75,208,19.254000,0.055414132,13709.932,false
SA_Energy_Dominance_PC75,208,19.286000,0.055267723,13727.971,false
SA_Energy_Dominance_PC75,208,19.520000,0.055202597,13879.450,false
SA_Energy_Dominance_PC75,208,19.810000,0.055137870,13967.031,false
SA_Energy_Dominance_PC75,208,20.014000,0.055100643,14235.448,false
SA_Energy_Dominance_PC75,208,20.308000,0.055058498,14312.338,false
SA_Energy_Dominance_PC75,208,20.374000,0.054593119,13820.221,false
SA_Energy_Dominance_PC75,208,20.952000,0.054526665,13877.082,false
SA_Energy_Dominance_PC75,208,21.292000,0.054508408,14003.815,false
SA_Energy_Dominance_PC75,208,21.514000,0.054482879,14039.455,false
SA_Energy_Dominance_PC75,208,21.578000,0.054276195,14416.067,false
SA_Energy_Dominance_PC75,208,21.920000,0.054149453,14472.916,false
SA_Energy_Dominance_PC75,208,22.206000,0.054147842,14428.646,false
SA_Energy_Dominance_PC75,208,22.626000,0.054132578,14362.591,false
SA_Energy_Dominance_PC75,208,22.904000,0.053990763,13636.508,false
SA_Energy_Dominance_PC75,208,23.424000,0.051323984,9735.262,false
SA_Energy_Dominance_PC75,208,23.110000,0.051345636,9853.886,false
SA_Energy_Dominance_PC75,208,23.104000,0.051741328,10034.114,false
SA_Energy_Dominance_PC75,208,23.908000,0.051316987,10253.139,false
SA_Energy_Dominance_PC75,208,23.602000,0.051319005,10086.309,false
SA_Energy_Dominance_PC75,209,5.700000,0.064901567,14728.096,false
SA_Energy_Dominance_PC75,209,6.012000,0.064745570,14673.323,false
SA_Energy_Dominance_PC75,209,6.104000,0.064629565,14491.731,false
SA_Energy_Dominance_PC75,209,6.138000,0.064593727,14514.978,false
SA_Energy_Dominance_PC75,209,6.572000,0.064434077,14450.363,false
SA_Energy_Dominance_PC75,209,6.462000,0.064452066,14512.100,false
SA_Energy_Dominance_PC75,209,6.458000,0.064503856,14512.100,false
SA_Energy_Dominance_PC75,209,7.000000,0.064286751,14691.283,false
SA_Energy_Dominance_PC75,209,7.040000,0.064238695,14683.261,false
SA_Energy_Dominance_PC75,209,7.384000,0.063582396,14601.397,false
SA_Energy_Dominance_PC75,209,7.304000,0.063602181,14687.399,false
SA_Energy_Dominance_PC75,209,7.396000,0.063196325,14420.820,false
SA_Energy_Dominance_PC75,209,7.430000,0.062950884,14570.971,false
SA_Energy_Dominance_PC75,209,7.420000,0.063014042,14570.971,false
SA_Energy_Dominance_PC75,209,7.686000,0.061403866,14711.001,false
SA_Energy_Dominance_PC75,209,7.658000,0.061443684,14717.701,false
SA_Energy_Dominance_PC75,209,7.720000,0.061391988,14724.143,false
SA_Energy_Dominance_PC75,209,7.578000,0.061452905,14724.143,false
SA_Energy_Dominance_PC75,209,7.538000,0.061467636,14720.911,false
SA_Energy_Dominance_PC75,209,7.480000,0.061644987,14625.864,false
SA_Energy_Dominance_PC75,209,7.526000,0.061633552,14594.877,false
SA_Energy_Dominance_PC75,209,8.252000,0.061391485,14626.926,false
SA_Energy_Dominance_PC75,209,9.118000,0.061335922,14660.270,false
SA_Energy_Dominance_PC75,209,9.130000,0.061194699,14574.819,false
SA_Energy_Dominance_PC75,209,9.708000,0.061004902,14365.088,false
SA_Energy_Dominance_PC75,209,9.780000,0.060977362,14365.088,false
SA_Energy_Dominance_PC75,209,9.814000,0.060924608,14344.948,false
SA_Energy_Dominance_PC75,209,9.876000,0.060769450,14513.527,false
SA_Energy_Dominance_PC75,209,9.822000,0.060832608,14486.802,false
SA_Energy_Dominance_PC75,209,9.926000,0.060730131,14505.857,false
SA_Energy_Dominance_PC75,209,10.060000,0.060566248,14736.160,false
SA_Energy_Dominance_PC75,209,10.228000,0.060513033,14736.160,false
SA_Energy_Dominance_PC75,209,10.308000,0.060415949,14583.007,false
SA_Energy_Dominance_PC75,209,10.400000,0.060392709,14583.007,false
SA_Energy_Dominance_PC75,209,10.540000,0.060348161,14510.432,false
SA_Energy_Dominance_PC75,209,10.466000,0.060382185,14510.432,false
SA_Energy_Dominance_PC75,209,10.932000,0.060289700,14706.346,false
SA_Energy_Dominance_PC75,209,11.080000,0.060184140,14663.982,false
SA_Energy_Dominance_PC75,209,11.150000,0.060069185,14638.121,false
SA_Energy_Dominance_PC75,209,11.024000,0.060207335,14695.536,false
SA_Energy_Dominance_PC75,209,11.490000,0.060025905,14719.303,false
SA_Energy_Dominance_PC75,209,11.396000,0.060058145,14720.954,false
SA_Energy_Dominance_PC75,209,11.588000,0.060025379,14631.320,false
SA_Energy_Dominance_PC75,209,11.750000,0.060011360,14574.471,false
SA_Energy_Dominance_PC75,209,11.976000,0.058889600,14640.802,false
SA_Energy_Dominance_PC75,209,11.986000,0.058636382,14727.440,false
SA_Energy_Dominance_PC75,209,11.840000,0.058991744,14483.727,false
SA_Energy_Dominance_PC75,209,12.158000,0.058399423,14534.372,false
SA_Energy_Dominance_PC75,209,12.282000,0.058304088,14572.469,false
SA_Energy_Dominance_PC75,209,12.006000,0.058401306,14699.906,false
SA_Energy_Dominance_PC75,209,12.354000,0.058227973,14668.676,false
SA_Energy_Dominance_PC75,209,13.278000,0.057937149,14731.609,false
SA_Energy_Dominance_PC75,209,13.410000,0.057816777,14608.722,false
SA_Energy_Dominance_PC75,209,13.524000,0.057811250,14508.010,false
SA_Energy_Dominance_PC75,209,13.018000,0.058203134,14688.163,false
SA_Energy_Dominance_PC75,209,13.662000,0.057774743,14616.168,false
SA_Energy_Dominance_PC75,209,13.396000,0.057896482,14683.201,false
SA_Energy_Dominance_PC75,209,13.898000,0.057589271,14617.379,false
SA_Energy_Dominance_PC75,209,13.826000,0.057711010,14718.213,false
SA_Energy_Dominance_PC75,209,14.052000,0.057558208,14548.973,false
SA_Energy_Dominance_PC75,209,14.352000,0.057544939,14610.339,false
SA_Energy_Dominance_PC75,209,14.606000,0.057288986,14548.702,false
SA_Energy_Dominance_PC75,209,14.652000,0.057137232,14554.111,false
SA_Energy_Dominance_PC75,209,14.788000,0.056746017,14668.613,false
SA_Energy_Dominance_PC75,209,14.672000,0.056765443,14668.613,false
SA_Energy_Dominance_PC75,209,14.884000,0.056715345,14601.037,false
SA_Energy_Dominance_PC75,209,14.938000,0.056488637,14691.646,false
SA_Energy_Dominance_PC75,209,15.206000,0.056174517,14425.126,false
SA_Energy_Dominance_PC75,209,15.546000,0.056138431,14374.114,false
SA_Energy_Dominance_PC75,209,15.768000,0.056102199,14501.551,false
SA_Energy_Dominance_PC75,209,16.432000,0.055986026,14611.917,false
SA_Energy_Dominance_PC75,209,16.162000,0.056022112,14655.823,false
SA_Energy_Dominance_PC75,209,16.526000,0.055041254,14538.879,false
SA_Energy_Dominance_PC75,209,16.664000,0.055030466,14514.980,false
SA_Energy_Dominance_PC75,209,16.898000,0.054972938,14523.098,false
SA_Energy_Dominance_PC75,209,17.016000,0.054890018,14590.803,false
SA_Energy_Dominance_PC75,209,17.160000,0.054575607,14555.294,false
SA_Energy_Dominance_PC75,209,17.444000,0.054542260,14441.934,false
SA_Energy_Dominance_PC75,209,17.278000,0.054559039,14433.555,false
SA_Energy_Dominance_PC75,209,17.552000,0.052418613,11542.959,false
SA_Energy_Dominance_PC75,209,17.698000,0.052383964,11420.398,false
SA_Energy_Dominance_PC75,209,17.900000,0.052351169,11623.552,false
SA_Energy_Dominance_PC75,209,18.136000,0.052351169,11596.311,false
NSGA-II_PC75,200,4.180000,0.059652190,14544.322,false
NSGA-II_PC75,200,4.156000,0.059807659,14522.002,false
NSGA-II_PC75,200,4.148000,0.059837638,14612.630,false
NSGA-II_PC75,200,5.272000,0.058664746,14500.400,false
NSGA-II_PC75,200,3.814000,0.060229107,14559.856,false
NSGA-II_PC75,200,3.914000,0.060142241,14025.179,false
NSGA-II_PC75,200,5.218000,0.058787495,14282.013,false
NSGA-II_PC75,200,4.158000,0.059745503,14472.155,false
NSGA-II_PC75,200,3.896000,0.060194112,14641.389,false
NSGA-II_PC75,200,4.492000,0.059129750,14334.202,false
NSGA-II_PC75,200,4.118000,0.059880890,14219.012,false
NSGA-II_PC75,200,3.956000,0.059960120,14151.007,false
NSGA-II_PC75,200,5.138000,0.058824091,14295.690,false
NSGA-II_PC75,200,5.092000,0.058840311,14553.827,false
NSGA-II_PC75,200,3.664000,0.060361564,14536.615,false
NSGA-II_PC75,200,4.026000,0.059905782,14412.061,false
NSGA-II_PC75,200,4.202000,0.059421389,14547.189,false
NSGA-II_PC75,200,5.420000,0.058634304,14131.434,false
NSGA-II_PC75,200,5.078000,0.058892495,14531.861,false
NSGA-II_PC75,200,5.222000,0.058716917,14272.708,false
NSGA-II_PC75,200,3.928000,0.060063272,14222.962,false
NSGA-II_PC75,200,4.378000,0.059368323,14530.929,false
NSGA-II_PC75,200,4.448000,0.059221552,14401.040,false
NSGA-II_PC75,200,4.092000,0.059901168,14034.343,false
NSGA-II_PC75,200,4.570000,0.059023770,14330.352,false
NSGA-II_PC75,200,3.802000,0.060338088,14573.793,false
NSGA-II_PC75,200,4.856000,0.058899034,14645.487,false
NSGA-II_PC75,200,4.422000,0.059350748,14354.024,false
NSGA-II_PC75,200,4.798000,0.058977479,14169.004,false
NSGA-II_PC75,201,4.184000,0.060436095,14645.806,false
NSGA-II_PC75,201,3.786000,0.061578758,14700.782,false
NSGA-II_PC75,201,5.682000,0.059009606,14477.370,false
NSGA-II_PC75,201,3.986000,0.061165430,14690.310,false
NSGA-II_PC75,201,4.448000,0.060129707,14275.684,false
NSGA-II_PC75,201,5.496000,0.059107432,14686.236,false
NSGA-II_PC75,201,5.328000,0.059175361,14551.791,false
NSGA-II_PC75,201,4.156000,0.060726087,14171.481,false
NSGA-II_PC75,201,5.018000,0.059396454,14494.957,false
NSGA-II_PC75,201,3.762000,0.062497979,14622.624,false
NSGA-II_PC75,201,4.528000,0.059937280,14352.013,false
NSGA-II_PC75,201,5.418000,0.059113982,14287.031,false
NSGA-II_PC75,201,4.090000,0.060771945,14731.043,false
NSGA-II_PC75,201,3.952000,0.061503887,14709.723,false
NSGA-II_PC75,201,5.082000,0.059328325,14590.020,false
NSGA-II_PC75,201,5.306000,0.059240936,14717.375,false
NSGA-II_PC75,201,4.864000,0.059535906,14423.521,false
NSGA-II_PC75,201,4.682000,0.059792429,14664.410,false
NSGA-II_PC75,201,5.540000,0.059038272,14479.027,false
NSGA-II_PC75,201,5.192000,0.059254657,14663.735,false
NSGA-II_PC75,201,3.752000,0.062879064,14486.870,false
NSGA-II_PC75,201,3.976000,0.061492882,14578.499,false
NSGA-II_PC75,201,4.046000,0.060995157,14379.741,false
NSGA-II_PC75,201,5.896000,0.058998105,14630.572,false
NSGA-II_PC75,201,4.258000,0.060194779,14482.432,false
NSGA-II_PC75,201,4.548000,0.059851029,14603.538,false
NSGA-II_PC75,201,4.348000,0.060153269,14298.604,false
NSGA-II_PC75,201,5.362000,0.059148125,14669.254,false
NSGA-II_PC75,201,4.698000,0.059616040,14435.777,false
NSGA-II_PC75,201,4.034000,0.061124208,14483.600,false
NSGA-II_PC75,202,3.930000,0.061895309,14734.900,false
NSGA-II_PC75,202,3.768000,0.062475326,14688.903,false
NSGA-II_PC75,202,4.518000,0.060415309,14529.076,false
NSGA-II_PC75,202,4.016000,0.061511223,14710.130,false
NSGA-II_PC75,202,3.714000,0.063034676,14610.048,false
NSGA-II_PC75,202,5.096000,0.059937499,14523.625,false
NSGA-II_PC75,202,5.734000,0.059527315,14439.397,false
NSGA-II_PC75,202,5.230000,0.059925635,14697.673,false
NSGA-II_PC75,202,4.316000,0.060669580,14331.592,false
NSGA-II_PC75,202,3.726000,0.062918242,14601.674,false
NSGA-II_PC75,202,4.746000,0.060222930,14483.327,false
NSGA-II_PC75,202,4.552000,0.060355208,14493.341,false
NSGA-II_PC75,202,3.752000,0.062671850,14689.696,false
NSGA-II_PC75,202,3.938000,0.061788006,14636.154,false
NSGA-II_PC75,202,5.438000,0.059653293,14386.456,false
NSGA-II_PC75,202,3.978000,0.061775698,14384.203,false
NSGA-II_PC75,202,4.428000,0.060533155,14670.893,false
NSGA-II_PC75,202,3.850000,0.061929564,14731.554,false
NSGA-II_PC75,202,4.236000,0.060791384,14517.998,false
NSGA-II_PC75,202,5.418000,0.059690959,14634.885,false
NSGA-II_PC75,202,4.272000,0.060726332,14527.442,false
NSGA-II_PC75,202,4.980000,0.060062742,14616.125,false
NSGA-II_PC75,202,4.404000,0.060584057,14421.252,false
NSGA-II_PC75,202,4.176000,0.061012719,14660.407,false
NSGA-II_PC75,202,3.832000,0.062187374,14606.338,false
NSGA-II_PC75,202,3.728000,0.062733779,14657.802,false
NSGA-II_PC75,202,4.846000,0.060118312,14388.534,false
NSGA-II_PC75,202,5.802000,0.059416123,14644.239,false
NSGA-II_PC75,202,4.234000,0.060997499,14478.651,false
NSGA-II_PC75,202,5.056000,0.059956662,14377.062,false
NSGA-II_PC75,202,3.668000,0.063110288,14710.874,false
NSGA-II_PC75,202,3.822000,0.062467728,14539.640,false
NSGA-II_PC75,202,5.124000,0.059926327,14456.592,false
NSGA-II_PC75,202,4.612000,0.060291757,14736.053,false
NSGA-II_PC75,202,4.666000,0.060250331,14708.198,false
NSGA-II_PC75,202,5.254000,0.059837461,14622.034,false
NSGA-II_PC75,202,5.292000,0.059762533,14700.221,false
NSGA-II_PC75,202,4.160000,0.061109455,14670.054,false
NSGA-II_PC75,202,4.946000,0.060074849,14609.403,false
NSGA-II_PC75,202,5.010000,0.060057028,14596.272,false
NSGA-II_PC75,202,4.050000,0.061155534,14701.850,false
NSGA-II_PC75,203,4.536000,0.062252440,14452.094,false
NSGA-II_PC75,203,5.138000,0.060033776,14390.815,false
NSGA-II_PC75,203,4.620000,0.061735402,14434.217,false
NSGA-II_PC75,203,5.220000,0.059910689,14448.379,false
NSGA-II_PC75,203,4.922000,0.060351148,14443.342,false
NSGA-II_PC75,203,4.586000,0.061764965,14304.632,false
NSGA-II_PC75,203,4.548000,0.062085973,14304.632,false
NSGA-II_PC75,203,5.314000,0.059586337,14619.564,false
NSGA-II_PC75,203,4.634000,0.061542024,14716.601,false
NSGA-II_PC75,203,5.532000,0.059210422,14724.924,false
NSGA-II_PC75,203,5.132000,0.060205094,14629.921,false
NSGA-II_PC75,203,5.742000,0.059170509,14714.480,false
NSGA-II_PC75,203,7.002000,0.058375759,14240.644,false
NSGA-II_PC75,203,4.494000,0.062618054,14556.133,false
NSGA-II_PC75,203,5.908000,0.058901812,14724.433,false
NSGA-II_PC75,203,5.872000,0.058986311,14339.115,false
NSGA-II_PC75,203,5.374000,0.059314473,14728.390,false
NSGA-II_PC75,203,6.092000,0.058765752,14303.468,false
NSGA-II_PC75,203,4.770000,0.060708818,14592.849,false
NSGA-II_PC75,203,6.942000,0.058393923,14428.425,false
NSGA-II_PC75,203,6.316000,0.058664694,14260.716,false
NSGA-II_PC75,203,5.288000,0.059617393,14502.587,false
NSGA-II_PC75,203,4.954000,0.060280630,14691.249,false
NSGA-II_PC75,203,6.572000,0.058409115,14447.208,false
NSGA-II_PC75,203,5.752000,0.059022896,14433.080,false
NSGA-II_PC75,203,4.414000,0.062740345,14594.652,false
NSGA-II_PC75,203,6.182000,0.058666748,14493.642,false
NSGA-II_PC75,203,4.860000,0.060657046,14595.992,false
NSGA-II_PC75,203,5.962000,0.058890356,14542.844,false
NSGA-II_PC75,203,6.494000,0.058477017,14603.716,false
NSGA-II_PC75,203,4.672000,0.061052652,14517.087,false
NSGA-II_PC75,204,5.158000,0.059350909,14500.042,false
NSGA-II_PC75,204,3.734000,0.061536767,14618.144,false
NSGA-II_PC75,204,3.558000,0.061957702,14650.410,false
NSGA-II_PC75,204,4.710000,0.059683256,14438.949,false
NSGA-II_PC75,204,4.918000,0.059495084,14646.031,false
NSGA-II_PC75,204,5.384000,0.059123691,14500.358,false
NSGA-II_PC75,204,4.724000,0.059641074,14623.062,false
NSGA-II_PC75,204,4.578000,0.059839304,14446.831,false
NSGA-II_PC75,204,5.880000,0.058983381,14388.369,false
NSGA-II_PC75,204,3.622000,0.061650382,14522.413,false
NSGA-II_PC75,204,3.662000,0.061542298,14382.783,false
NSGA-II_PC75,204,5.054000,0.059412695,14574.414,false
NSGA-II_PC75,204,4.766000,0.059621957,14607.318,false
NSGA-II_PC75,204,5.166000,0.059282309,14500.594,false
NSGA-II_PC75,204,3.754000,0.061331286,14670.326,false
NSGA-II_PC75,204,4.148000,0.060538404,14299.004,false
NSGA-II_PC75,204,4.192000,0.060442443,14437.925,false
NSGA-II_PC75,204,3.628000,0.061573909,14516.490,false
NSGA-II_PC75,204,5.256000,0.059266268,14448.776,false
NSGA-II_PC75,204,4.290000,0.060241052,14696.190,false
NSGA-II_PC75,204,5.332000,0.059266145,14349.609,false
NSGA-II_PC75,204,3.626000,0.061609225,14427.006,false
NSGA-II_PC75,204,4.376000,0.060098941,14699.932,false
NSGA-II_PC75,204,4.610000,0.059709815,14675.525,false
NSGA-II_PC75,204,5.894000,0.058824729,14520.029,false
NSGA-II_PC75,204,3.888000,0.061018920,14337.296,false
NSGA-II_PC75,204,3.798000,0.061240230,14316.791,false
NSGA-II_PC75,204,4.014000,0.060559813,14062.757,false
NSGA-II_PC75,204,5.522000,0.058999639,14510.374,false
NSGA-II_PC75,204,3.604000,0.061799837,14702.259,false
NSGA-II_PC75,204,5.134000,0.059387999,14644.865,false
NSGA-II_PC75,204,3.848000,0.061035671,14573.113,false
NSGA-II_PC75,204,4.296000,0.060153922,14070.349,false
NSGA-II_PC75,204,4.548000,0.059872127,14601.145,false
NSGA-II_PC75,204,5.036000,0.059450102,14582.532,false
NSGA-II_PC75,204,5.360000,0.059147969,14428.528,false
NSGA-II_PC75,204,4.424000,0.059961076,14517.058,false
NSGA-II_PC75,204,4.780000,0.059525103,14603.924,false
NSGA-II_PC75,204,3.736000,0.061371662,14674.117,false
NSGA-II_PC75,204,4.198000,0.060315430,14395.230,false
NSGA-II_PC75,204,5.438000,0.059038930,14530.723,false
NSGA-II_PC75,204,4.458000,0.059897274,14422.818,false
NSGA-II_PC75,204,3.934000,0.060650107,14068.037,false
NSGA-II_PC75,205,4.124000,0.061072098,14494.681,false
NSGA-II_PC75,205,4.034000,0.062037127,14707.450,false
NSGA-II_PC75,205,4.132000,0.060834599,14626.375,false
NSGA-II_PC75,205,4.422000,0.060344621,14726.449,false
NSGA-II_PC75,205,4.478000,0.060134423,14460.783,false
NSGA-II_PC75,205,4.594000,0.059854155,14554.994,false
NSGA-II_PC75,205,4.482000,0.060051919,14189.110,false
NSGA-II_PC75,205,4.238000,0.060368096,14702.730,false
NSGA-II_PC75,205,3.958000,0.062874110,14621.100,false
NSGA-II_PC75,205,4.176000,0.060750388,14627.910,false
NSGA-II_PC75,205,5.246000,0.058927988,14483.839,false
NSGA-II_PC75,205,5.154000,0.059425681,14448.886,false
NSGA-II_PC75,205,5.848000,0.058592796,14160.638,false
NSGA-II_PC75,205,4.948000,0.059629987,14300.309,false
NSGA-II_PC75,205,6.166000,0.058312340,14068.528,false
NSGA-II_PC75,205,6.906000,0.058188586,14174.416,false
NSGA-II_PC75,205,5.476000,0.058897574,13988.543,false
NSGA-II_PC75,205,5.754000,0.058719050,14518.360,false
NSGA-II_PC75,205,4.056000,0.061166509,14454.557,false
NSGA-II_PC75,205,4.022000,0.062110429,14689.692,false
NSGA-II_PC75,205,5.924000,0.058402564,14405.123,false
NSGA-II_PC75,205,4.898000,0.059695078,14174.572,false
NSGA-II_PC75,205,4.446000,0.060220402,14200.576,false
NSGA-II_PC75,205,5.678000,0.058734173,14516.266,false
NSGA-II_PC75,205,5.860000,0.058516030,14556.431,false
NSGA-II_PC75,205,6.344000,0.058262422,13923.840,false
NSGA-II_PC75,205,4.970000,0.059467593,14427.936,false
NSGA-II_PC75,205,4.016000,0.062255207,14605.928,false
NSGA-II_PC75,206,3.926000,0.060291221,14618.205,false
NSGA-II_PC75,206,4.046000,0.059912135,14674.175,false
NSGA-II_PC75,206,3.958000,0.060204466,14584.645,false
NSGA-II_PC75,206,3.732000,0.061014650,14724.466,false
NSGA-II_PC75,206,5.614000,0.058110406,14427.383,false
NSGA-II_PC75,206,4.142000,0.059634288,14657.648,false
NSGA-II_PC75,206,5.272000,0.058453578,14399.356,false
NSGA-II_PC75,206,3.746000,0.060956110,14511.043,false
NSGA-II_PC75,206,4.666000,0.058965326,14697.176,false
NSGA-II_PC75,206,4.068000,0.059839279,14718.447,false
NSGA-II_PC75,206,4.844000,0.058741049,14013.501,false
NSGA-II_PC75,206,3.984000,0.059944133,14582.341,false
NSGA-II_PC75,206,6.162000,0.057799367,14483.682,false
NSGA-II_PC75,206,4.212000,0.059540404,14377.363,false
NSGA-II_PC75,206,5.896000,0.057932590,14331.543,false
NSGA-II_PC75,206,7.706000,0.057177676,14185.292,false
NSGA-II_PC75,206,5.764000,0.058026367,14591.406,false
NSGA-II_PC75,206,5.144000,0.058472031,13924.327,false
NSGA-II_PC75,206,6.470000,0.057538481,13970.047,false
NSGA-II_PC75,206,7.772000,0.057175377,14148.057,false
NSGA-II_PC75,206,5.352000,0.058435834,14571.944,false
NSGA-II_PC75,206,6.186000,0.057735602,14089.600,false
NSGA-II_PC75,206,4.112000,0.059722427,14490.908,false
NSGA-II_PC75,206,4.776000,0.058837041,14680.267,false
NSGA-II_PC75,206,4.872000,0.058651463,14122.454,false
NSGA-II_PC75,206,4.288000,0.059349993,14443.988,false
NSGA-II_PC75,206,7.926000,0.057085077,14604.786,false
NSGA-II_PC75,206,4.162000,0.059567849,14657.648,false
NSGA-II_PC75,206,6.900000,0.057320466,14253.163,false
NSGA-II_PC75,206,3.874000,0.060298339,14603.070,false
NSGA-II_PC75,206,3.612000,0.061045561,14647.829,false
NSGA-II_PC75,206,6.552000,0.057458873,14009.980,false
NSGA-II_PC75,206,4.498000,0.058996853,14577.273,false
NSGA-II_PC75,206,3.812000,0.060465909,14503.573,false
NSGA-II_PC75,206,6.340000,0.057659482,14239.331,false
NSGA-II_PC75,206,5.374000,0.058276789,14105.138,false
NSGA-II_PC75,206,4.300000,0.059160504,14457.512,false
NSGA-II_PC75,206,4.716000,0.058912817,14731.555,false
NSGA-II_PC75,206,5.496000,0.058189053,14503.773,false
NSGA-II_PC75,206,7.678000,0.057241136,14111.400,false
NSGA-II_PC75,206,6.614000,0.057415803,14320.340,false
NSGA-II_PC75,206,4.904000,0.058536427,14110.560,false
NSGA-II_PC75,206,4.558000,0.058996082,14622.294,false
NSGA-II_PC75,206,6.296000,0.057721285,14455.131,false
NSGA-II_PC75,206,6.956000,0.057250364,14072.172,false
NSGA-II_PC75,206,8.142000,0.056925548,14592.721,false
NSGA-II_PC75,207,4.696000,0.060459429,14712.675,false
NSGA-II_PC75,207,3.938000,0.062476728,14559.283,false
NSGA-II_PC75,207,4.102000,0.061683233,14457.747,false
NSGA-II_PC75,207,4.076000,0.061745421,14649.205,false
NSGA-II_PC75,207,4.052000,0.061963110,14512.588,false
NSGA-II_PC75,207,4.988000,0.059976917,14444.269,false
NSGA-II_PC75,207,4.166000,0.061360745,14610.372,false
NSGA-II_PC75,207,5.432000,0.059606843,14578.193,false
NSGA-II_PC75,207,4.250000,0.061305228,14667.150,false
NSGA-II_PC75,207,5.606000,0.059531416,14537.139,false
NSGA-II_PC75,207,5.664000,0.059502255,14373.664,false
NSGA-II_PC75,207,5.270000,0.059759050,14587.454,false
NSGA-II_PC75,207,4.264000,0.061259186,14713.048,false
NSGA-II_PC75,207,4.304000,0.061013503,14586.262,false
NSGA-II_PC75,207,4.802000,0.060297238,14387.457,false
NSGA-II_PC75,207,3.894000,0.063037912,14710.022,false
NSGA-II_PC75,207,4.438000,0.060702237,14372.017,false
NSGA-II_PC75,207,4.748000,0.060398260,14626.616,false
NSGA-II_PC75,207,3.942000,0.062429394,14674.464,false
NSGA-II_PC75,207,3.954000,0.062052920,14517.940,false
NSGA-II_PC75,207,5.986000,0.059387201,14602.681,false
NSGA-II_PC75,207,4.148000,0.061602456,14433.368,false
NSGA-II_PC75,207,7.112000,0.058818399,14712.695,false
NSGA-II_PC75,207,7.068000,0.059006188,14501.515,false
NSGA-II_PC75,207,4.060000,0.061834382,14259.029,false
NSGA-II_PC75,207,6.118000,0.059251092,14618.800,false
NSGA-II_PC75,207,5.232000,0.059912119,14666.296,false
NSGA-II_PC75,207,6.368000,0.059051796,14624.006,false
NSGA-II_PC75,207,4.850000,0.060142632,14372.244,false
NSGA-II_PC75,207,7.006000,0.059039774,14381.626,false
NSGA-II_PC75,207,5.298000,0.059610461,14619.437,false
NSGA-II_PC75,207,5.722000,0.059418717,14238.441,false
NSGA-II_PC75,207,4.162000,0.061547870,14693.249,false
NSGA-II_PC75,207,4.842000,0.060287737,14580.577,false
NSGA-II_PC75,207,5.512000,0.059595935,14690.516,false
NSGA-II_PC75,207,5.254000,0.059822700,14489.942,false
NSGA-II_PC75,207,4.300000,0.061206238,14724.669,false
NSGA-II_PC75,207,4.620000,0.060623635,14429.554,false
NSGA-II_PC75,207,5.068000,0.059917703,14262.771,false
NSGA-II_PC75,207,6.018000,0.059266674,14393.945,false
NSGA-II_PC75,207,4.580000,0.060683917,14731.653,false
NSGA-II_PC75,208,4.848000,0.060596123,14661.246,false
NSGA-II_PC75,208,5.248000,0.060015046,14347.970,false
NSGA-II_PC75,208,4.854000,0.060520155,14653.592,false
NSGA-II_PC75,208,4.384000,0.061352543,14522.883,false
NSGA-II_PC75,208,4.374000,0.061397838,14490.762,false
NSGA-II_PC75,208,5.192000,0.060068999,14350.618,false
NSGA-II_PC75,208,4.924000,0.060442746,14704.737,false
NSGA-II_PC75,208,5.092000,0.060116030,14305.754,false
NSGA-II_PC75,208,4.170000,0.061964090,14644.504,false
NSGA-II_PC75,208,4.432000,0.061210473,14388.507,false
NSGA-II_PC75,208,5.324000,0.059928706,14179.310,false
NSGA-II_PC75,208,5.716000,0.059742842,14621.487,false
NSGA-II_PC75,208,4.060000,0.062431573,14662.400,false
NSGA-II_PC75,208,4.516000,0.061049116,14212.706,false
NSGA-II_PC75,208,5.502000,0.059771070,14499.648,false
NSGA-II_PC75,208,4.066000,0.062398980,14714.787,false
NSGA-II_PC75,208,4.108000,0.062132525,14108.360,false
NSGA-II_PC75,208,6.464000,0.059231838,14406.560,false
NSGA-II_PC75,208,5.820000,0.059552367,14372.253,false
NSGA-II_PC75,208,6.168000,0.059431610,13923.499,false
NSGA-II_PC75,208,4.708000,0.060718003,14424.915,false
NSGA-II_PC75,208,4.666000,0.060837064,14522.828,false
NSGA-II_PC75,208,4.586000,0.060989401,14241.818,false
NSGA-II_PC75,208,4.894000,0.060461690,14503.481,false
NSGA-II_PC75,208,6.298000,0.059309941,14476.847,false
NSGA-II_PC75,208,4.200000,0.061522898,14636.887,false
NSGA-II_PC75,208,5.038000,0.060276885,14383.814,false
NSGA-II_PC75,208,6.492000,0.059226697,14556.255,false
NSGA-II_PC75,208,4.190000,0.061810464,14511.791,false
NSGA-II_PC75,208,5.380000,0.059833182,14343.404,false
NSGA-II_PC75,208,6.012000,0.059468169,14625.828,false
NSGA-II_PC75,208,4.960000,0.060285628,14652.456,false
NSGA-II_PC75,208,6.262000,0.059365139,14608.468,false
NSGA-II_PC75,208,3.946000,0.062465630,14732.433,false
NSGA-II_PC75,209,3.986000,0.063012821,14659.113,false
NSGA-II_PC75,209,4.720000,0.061537764,14417.220,false
NSGA-II_PC75,209,3.922000,0.063601829,14596.866,false
NSGA-II_PC75,209,5.158000,0.060899084,14447.661,false
NSGA-II_PC75,209,3.968000,0.063133662,14732.727,false
NSGA-II_PC75,209,5.126000,0.061013263,14498.742,false
NSGA-II_PC75,209,4.890000,0.061062511,14495.692,false
NSGA-II_PC75,209,5.194000,0.060580649,14364.704,false
NSGA-II_PC75,209,3.828000,0.063747848,14707.641,false
NSGA-II_PC75,209,6.482000,0.060303850,14403.404,false
NSGA-II_PC75,209,4.048000,0.062742218,14514.509,false
NSGA-II_PC75,209,4.570000,0.061730290,14642.820,false
NSGA-II_PC75,209,4.768000,0.061402857,14502.817,false
NSGA-II_PC75,209,4.078000,0.062514255,14602.463,false
NSGA-II_PC75,209,4.140000,0.062369311,14566.970,false
NSGA-II_PC75,209,4.660000,0.061642229,14451.747,false
NSGA-II_PC75,209,4.794000,0.061294711,14583.411,false
NSGA-II_PC75,209,4.676000,0.061569621,14690.341,false
NSGA-II_PC75,209,4.722000,0.061461302,14487.761,false
NSGA-II_PC75,209,4.384000,0.061799564,14722.587,false
NSGA-II_PC75,209,3.896000,0.063729710,14737.365,false
NSGA-II_PC75,209,4.326000,0.062157063,14728.357,false
NSGA-II_PC75,209,4.242000,0.062202385,14610.658,false
NSGA-II_PC75,209,5.192000,0.060770604,14346.523,false
NSGA-II_PC75,209,5.324000,0.060390962,14317.936,false
SPEA-II_PC75,200,3.736000,0.060040411,14452.628,false
SPEA-II_PC75,200,4.156000,0.059590410,14530.730,false
SPEA-II_PC75,200,3.874000,0.059703768,14661.732,false
SPEA-II_PC75,200,4.316000,0.059465938,14698.995,false
SPEA-II_PC75,200,4.246000,0.059491206,14732.472,false
SPEA-II_PC75,200,4.042000,0.059675740,14503.176,false
SPEA-II_PC75,200,3.602000,0.060655727,14558.687,false
SPEA-II_PC75,200,3.528000,0.060662849,14686.697,false
SPEA-II_PC75,200,3.448000,0.061039414,14571.752,false
SPEA-II_PC75,200,4.438000,0.059317542,14613.120,false
SPEA-II_PC75,200,4.374000,0.059398708,14539.113,false
SPEA-II_PC75,200,3.624000,0.060370136,14629.820,false
SPEA-II_PC75,200,4.280000,0.059472047,14583.344,false
SPEA-II_PC75,200,4.174000,0.059548948,14417.954,false
SPEA-II_PC75,200,3.442000,0.061359859,14595.764,false
SPEA-II_PC75,200,4.736000,0.059296220,14252.390,false
SPEA-II_PC75,200,4.336000,0.059409061,14441.022,false
SPEA-II_PC75,200,4.120000,0.059648387,14680.636,false
SPEA-II_PC75,200,4.230000,0.059538660,14637.439,false
SPEA-II_PC75,200,3.468000,0.060942678,14479.345,false
SPEA-II_PC75,200,3.428000,0.061419547,14661.174,false
SPEA-II_PC75,200,4.430000,0.059366231,14428.300,false
SPEA-II_PC75,200,3.808000,0.059985570,14486.454,false
SPEA-II_PC75,200,3.630000,0.060188746,14560.595,false
SPEA-II_PC75,200,3.732000,0.060133417,14436.522,false
SPEA-II_PC75,201,4.698000,0.059706271,14525.498,false
SPEA-II_PC75,201,5.252000,0.059369014,14717.738,false
SPEA-II_PC75,201,3.824000,0.061720326,14598.668,false
SPEA-II_PC75,201,3.856000,0.061690829,14705.797,false
SPEA-II_PC75,201,4.628000,0.059735060,14735.436,false
SPEA-II_PC75,201,4.206000,0.060149478,14377.520,false
SPEA-II_PC75,201,4.492000,0.059864637,14601.679,false
SPEA-II_PC75,201,3.930000,0.060659318,14353.322,false
SPEA-II_PC75,201,4.116000,0.060425596,14613.482,false
SPEA-II_PC75,201,4.138000,0.060419888,14471.406,false
SPEA-II_PC75,201,3.908000,0.061109023,14683.768,false
SPEA-II_PC75,201,4.870000,0.059661889,14508.596,false
SPEA-II_PC75,201,3.906000,0.061378862,14674.127,false
SPEA-II_PC75,201,5.090000,0.059476843,14642.241,false
SPEA-II_PC75,201,4.166000,0.060372913,14471.406,false
SPEA-II_PC75,201,4.732000,0.059677794,14529.681,false
SPEA-II_PC75,201,4.544000,0.059834876,14581.915,false
SPEA-II_PC75,201,4.996000,0.059546771,14488.627,false
SPEA-II_PC75,201,4.194000,0.060250759,14462.729,false
SPEA-II_PC75,201,3.860000,0.061537858,14494.192,false
SPEA-II_PC75,201,3.778000,0.061886399,14600.830,false
SPEA-II_PC75,201,4.398000,0.059865713,14623.605,false
SPEA-II_PC75,201,3.912000,0.060736305,14729.410,false
SPEA-II_PC75,201,3.972000,0.060521764,14528.057,false
SPEA-II_PC75,201,4.268000,0.060103340,14706.506,false
SPEA-II_PC75,201,5.576000,0.059310345,14614.673,false
SPEA-II_PC75,201,3.866000,0.061492229,14355.254,false
SPEA-II_PC75,201,3.756000,0.062298350,14476.498,false
SPEA-II_PC75,201,4.332000,0.059968601,14313.258,false
SPEA-II_PC75,201,4.580000,0.059802677,14606.271,false
SPEA-II_PC75,201,3.928000,0.060699721,14729.410,false
SPEA-II_PC75,201,5.580000,0.059242643,14526.363,false
SPEA-II_PC75,201,4.084000,0.060474081,14523.604,false
SPEA-II_PC75,201,3.812000,0.061752374,14662.741,false
SPEA-II_PC75,202,4.586000,0.060046871,14317.137,false
SPEA-II_PC75,202,4.378000,0.060272494,14610.118,false
SPEA-II_PC75,202,3.646000,0.061013551,14684.855,false
SPEA-II_PC75,202,3.674000,0.060869067,14594.411,false
SPEA-II_PC75,202,3.950000,0.060524943,14563.102,false
SPEA-II_PC75,202,3.864000,0.060600861,14545.976,false
SPEA-II_PC75,202,4.630000,0.059985514,14573.415,false
SPEA-II_PC75,202,4.204000,0.060291223,14588.579,false
SPEA-II_PC75,202,4.032000,0.060422862,14329.268,false
SPEA-II_PC75,202,3.986000,0.060471054,14211.971,false
SPEA-II_PC75,202,3.844000,0.060605848,14722.875,false
SPEA-II_PC75,202,4.410000,0.060110212,14313.726,false
SPEA-II_PC75,202,4.516000,0.060050511,14421.467,false
SPEA-II_PC75,202,3.652000,0.060992161,14639.605,false
SPEA-II_PC75,202,3.968000,0.060498086,14244.378,false
SPEA-II_PC75,202,3.620000,0.061192244,14613.388,false
SPEA-II_PC75,202,4.934000,0.059707128,14573.773,false
SPEA-II_PC75,202,4.738000,0.059907835,14371.229,false
SPEA-II_PC75,202,3.660000,0.060968297,14377.941,false
SPEA-II_PC75,202,4.736000,0.059958648,14412.134,false
SPEA-II_PC75,202,3.908000,0.060534072,14383.961,false
SPEA-II_PC75,202,4.898000,0.059770271,14270.954,false
SPEA-II_PC75,202,4.112000,0.060322309,14703.625,false
SPEA-II_PC75,202,3.576000,0.061447090,14563.422,false
SPEA-II_PC75,202,3.886000,0.060572032,14440.968,false
SPEA-II_PC75,202,3.700000,0.060658257,14684.432,false
SPEA-II_PC75,202,4.774000,0.059774167,14480.843,false
SPEA-II_PC75,202,4.598000,0.060008783,14563.923,false
SPEA-II_PC75,202,3.830000,0.060642269,14315.466,false
SPEA-II_PC75,202,4.960000,0.059598801,14425.911,false
SPEA-II_PC75,202,4.680000,0.059959631,14105.541,false
SPEA-II_PC75,203,3.960000,0.060628206,14692.114,false
SPEA-II_PC75,203,3.840000,0.061813930,14617.674,false
SPEA-II_PC75,203,3.842000,0.061370761,14626.440,false
SPEA-II_PC75,203,4.804000,0.058976136,14292.632,false
SPEA-II_PC75,203,4.476000,0.059375810,14259.604,false
SPEA-II_PC75,203,3.836000,0.062208585,14602.876,false
SPEA-II_PC75,203,4.366000,0.059629217,14292.175,false
SPEA-II_PC75,203,4.300000,0.059697453,14628.538,false
SPEA-II_PC75,203,4.106000,0.060481236,14723.582,false
SPEA-II_PC75,203,4.446000,0.059552161,14545.488,false
SPEA-II_PC75,203,4.566000,0.059123708,14223.729,false
SPEA-II_PC75,203,4.510000,0.059359024,14067.898,false
SPEA-II_PC75,203,4.438000,0.059618856,14596.660,false
SPEA-II_PC75,203,4.836000,0.058851915,14571.442,false
SPEA-II_PC75,203,3.822000,0.062260622,14679.498,false
SPEA-II_PC75,203,4.134000,0.059954624,14533.629,false
SPEA-II_PC75,203,3.980000,0.060595878,14623.117,false
SPEA-II_PC75,203,5.246000,0.058391454,14377.107,false
SPEA-II_PC75,203,4.252000,0.059699757,14486.526,false
SPEA-II_PC75,203,4.452000,0.059502061,14382.101,false
SPEA-II_PC75,203,5.294000,0.058346320,14392.250,false
SPEA-II_PC75,203,4.334000,0.059690044,14594.661,false
SPEA-II_PC75,203,4.398000,0.059626862,14587.611,false
SPEA-II_PC75,203,3.906000,0.060818412,14626.605,false
SPEA-II_PC75,203,5.404000,0.058164002,14406.985,false
SPEA-II_PC75,203,4.130000,0.060086701,14437.822,false
SPEA-II_PC75,203,4.070000,0.060575289,14559.706,false
SPEA-II_PC75,203,4.492000,0.059364638,14341.203,false
SPEA-II_PC75,203,3.882000,0.061152669,14588.711,false
SPEA-II_PC75,203,4.136000,0.059791352,14707.271,false
SPEA-II_PC75,203,5.218000,0.058404600,14526.904,false
SPEA-II_PC75,203,4.920000,0.058632789,14715.450,false
SPEA-II_PC75,203,5.098000,0.058493163,14546.142,false
SPEA-II_PC75,203,5.322000,0.058322187,14203.775,false
SPEA-II_PC75,203,5.350000,0.058179043,14278.813,false
SPEA-II_PC75,203,5.088000,0.058625641,14720.413,false
SPEA-II_PC75,203,3.940000,0.060739398,14495.062,false
SPEA-II_PC75,203,4.702000,0.059049601,14434.784,false
SPEA-II_PC75,203,3.812000,0.062427430,14627.293,false
SPEA-II_PC75,204,4.712000,0.059986157,14608.471,false
SPEA-II_PC75,204,4.932000,0.059655814,14618.119,false
SPEA-II_PC75,204,4.276000,0.060773776,14114.874,false
SPEA-II_PC75,204,4.244000,0.060783314,14352.892,false
SPEA-II_PC75,204,4.682000,0.060052020,14668.447,false
SPEA-II_PC75,204,4.476000,0.060221656,14421.912,false
SPEA-II_PC75,204,4.718000,0.059816493,14599.590,false
SPEA-II_PC75,204,4.130000,0.061072524,14216.746,false
SPEA-II_PC75,204,3.988000,0.061632068,14538.333,false
SPEA-II_PC75,204,3.998000,0.061319198,14412.961,false
SPEA-II_PC75,204,4.776000,0.059773559,14400.959,false
SPEA-II_PC75,204,4.378000,0.060646575,14648.485,false
SPEA-II_PC75,204,4.490000,0.060163748,14457.463,false
SPEA-II_PC75,204,5.176000,0.059374820,14442.877,false
SPEA-II_PC75,204,4.362000,0.060745249,14669.588,false
SPEA-II_PC75,204,4.062000,0.061269227,14448.740,false
SPEA-II_PC75,204,5.436000,0.059294828,14334.820,false
SPEA-II_PC75,204,5.104000,0.059456968,14449.378,false
SPEA-II_PC75,204,4.836000,0.059733669,14705.167,false
SPEA-II_PC75,204,4.972000,0.059527769,14654.542,false
SPEA-II_PC75,204,3.976000,0.061706587,14506.749,false
SPEA-II_PC75,204,4.580000,0.060111016,14518.032,false
SPEA-II_PC75,204,4.388000,0.060569802,14044.743,false
SPEA-II_PC75,204,4.450000,0.060512298,14398.845,false
SPEA-II_PC75,204,3.820000,0.061746136,14548.826,false
SPEA-II_PC75,204,4.670000,0.060100782,14524.437,false
SPEA-II_PC75,204,4.092000,0.061206379,14286.670,false
SPEA-II_PC75,204,4.166000,0.060827943,14334.655,false
SPEA-II_PC75,205,3.576000,0.061247434,14707.642,false
SPEA-II_PC75,205,3.920000,0.059765948,14376.087,false
SPEA-II_PC75,205,3.582000,0.060896995,14626.563,false
SPEA-II_PC75,205,4.592000,0.059012892,14633.068,false
SPEA-II_PC75,205,4.724000,0.058947935,14419.050,false
SPEA-II_PC75,205,3.930000,0.059676665,14303.580,false
SPEA-II_PC75,205,3.610000,0.060522233,14704.494,false
SPEA-II_PC75,205,3.914000,0.059864433,14460.020,false
SPEA-II_PC75,205,4.748000,0.058807197,14590.691,false
SPEA-II_PC75,205,3.594000,0.060624166,14348.507,false
SPEA-II_PC75,205,3.776000,0.059879159,14616.554,false
SPEA-II_PC75,205,3.728000,0.060091043,14682.766,false
SPEA-II_PC75,205,3.628000,0.060360679,14355.883,false
SPEA-II_PC75,205,4.122000,0.059077452,14568.813,false
SPEA-II_PC75,205,4.950000,0.058739223,14571.023,false
SPEA-II_PC75,205,3.950000,0.059154922,14540.860,false
SPEA-II_PC75,205,3.660000,0.060212249,14521.405,false
SPEA-II_PC75,205,4.488000,0.059055308,14616.408,false
SPEA-II_PC75,205,3.664000,0.060161887,14642.881,false
SPEA-II_PC75,205,5.064000,0.058720351,14626.617,false
SPEA-II_PC75,205,3.554000,0.061309572,14544.558,false
SPEA-II_PC75,206,5.174000,0.060399609,14705.657,false
SPEA-II_PC75,206,4.294000,0.061910353,14712.963,false
SPEA-II_PC75,206,4.866000,0.060893915,14689.006,false
SPEA-II_PC75,206,7.174000,0.059841799,14732.873,false
SPEA-II_PC75,206,4.514000,0.061434015,14470.421,false
SPEA-II_PC75,206,7.238000,0.059805424,14434.154,false
SPEA-II_PC75,206,7.274000,0.059761236,14538.996,false
SPEA-II_PC75,206,4.554000,0.060954743,14666.655,false
SPEA-II_PC75,206,7.724000,0.059575267,14518.751,false
SPEA-II_PC75,206,8.042000,0.059526231,14070.112,false
SPEA-II_PC75,206,6.214000,0.059909948,13890.337,false
SPEA-II_PC75,206,4.966000,0.060590630,14598.412,false
SPEA-II_PC75,206,7.352000,0.059598647,14617.863,false
SPEA-II_PC75,206,4.366000,0.061546630,14542.393,false
SPEA-II_PC75,206,5.292000,0.060257571,14585.587,false
SPEA-II_PC75,206,6.358000,0.059857613,14382.725,false
SPEA-II_PC75,206,5.196000,0.060316786,14532.981,false
SPEA-II_PC75,206,4.334000,0.061817663,14675.594,false
SPEA-II_PC75,206,8.294000,0.059496144,14104.436,false
SPEA-II_PC75,206,5.570000,0.060162298,14188.273,false
SPEA-II_PC75,206,4.952000,0.060827705,14640.228,false
SPEA-II_PC75,206,4.756000,0.060935731,14374.460,false
SPEA-II_PC75,206,5.046000,0.060516681,14339.250,false
SPEA-II_PC75,206,4.392000,0.061466373,14673.270,false
SPEA-II_PC75,206,8.784000,0.059208135,14696.584,false
SPEA-II_PC75,206,5.680000,0.059983581,14553.454,false
SPEA-II_PC75,206,4.960000,0.060685886,14410.869,false
SPEA-II_PC75,206,5.506000,0.060224099,14734.593,false
SPEA-II_PC75,206,8.700000,0.059490980,14663.402,false
SPEA-II_PC75,206,5.344000,0.060234577,14581.079,false
SPEA-II_PC75,207,3.920000,0.060965046,14576.864,false
SPEA-II_PC75,207,3.768000,0.061526946,14490.777,false
SPEA-II_PC75,207,3.708000,0.061664620,14723.425,false
SPEA-II_PC75,207,3.672000,0.061970592,14656.251,false
SPEA-II_PC75,207,5.066000,0.059465202,14597.876,false
SPEA-II_PC75,207,5.078000,0.059424651,14407.284,false
SPEA-II_PC75,207,4.436000,0.060146690,14274.722,false
SPEA-II_PC75,207,4.888000,0.059476164,14158.922,false
SPEA-II_PC75,207,4.074000,0.060691371,14344.807,false
SPEA-II_PC75,207,5.170000,0.059234091,14489.788,false
SPEA-II_PC75,207,5.130000,0.059368450,14361.050,false
SPEA-II_PC75,207,4.254000,0.060371033,14269.527,false
SPEA-II_PC75,207,5.432000,0.059155635,13892.978,false
SPEA-II_PC75,207,3.864000,0.061126417,14352.604,false
SPEA-II_PC75,207,4.344000,0.060149322,14301.045,false
SPEA-II_PC75,207,4.082000,0.060622485,14243.726,false
SPEA-II_PC75,207,4.274000,0.060332447,14330.535,false
SPEA-II_PC75,207,3.732000,0.061643568,14679.155,false
SPEA-II_PC75,207,5.108000,0.059399048,14613.285,false
SPEA-II_PC75,207,4.440000,0.060113281,14649.760,false
SPEA-II_PC75,207,4.688000,0.059877037,14560.232,false
SPEA-II_PC75,207,5.148000,0.059243351,14123.957,false
SPEA-II_PC75,207,4.122000,0.060523998,14440.189,false
SPEA-II_PC75,207,5.214000,0.059196066,14429.519,false
SPEA-II_PC75,207,4.004000,0.060793118,14354.208,false
SPEA-II_PC75,207,3.968000,0.060819265,14136.123,false
SPEA-II_PC75,207,5.472000,0.059071206,14288.748,false
SPEA-II_PC75,207,5.564000,0.059010722,14020.230,false
SPEA-II_PC75,207,4.580000,0.059969051,14193.316,false
SPEA-II_PC75,207,4.230000,0.060447429,14490.420,false
SPEA-II_PC75,207,3.958000,0.060912499,14625.833,false
SPEA-II_PC75,207,4.692000,0.059824563,14243.281,false
SPEA-II_PC75,207,5.714000,0.058968618,14594.544,false
SPEA-II_PC75,207,4.622000,0.059960327,14474.071,false
SPEA-II_PC75,207,4.318000,0.060220192,14326.563,false
SPEA-II_PC75,207,4.060000,0.060772067,14659.157,false
SPEA-II_PC75,207,3.798000,0.061471193,14728.181,false
SPEA-II_PC75,207,4.092000,0.060592147,14406.352,false
SPEA-II_PC75,207,4.164000,0.060485753,14312.638,false
SPEA-II_PC75,207,4.786000,0.059668217,14475.634,false
SPEA-II_PC75,207,4.832000,0.059583092,14720.034,false
SPEA-II_PC75,207,4.720000,0.059802580,14490.402,false
SPEA-II_PC75,207,4.530000,0.060059427,14247.626,false
SPEA-II_PC75,208,4.786000,0.060086457,14388.780,false
SPEA-II_PC75,208,4.188000,0.061031419,14550.683,false
SPEA-II_PC75,208,4.484000,0.060464312,14559.332,false
SPEA-II_PC75,208,4.388000,0.060650885,14524.793,false
SPEA-II_PC75,208,4.494000,0.060431119,14627.637,false
SPEA-II_PC75,208,4.648000,0.060186671,14623.886,false
SPEA-II_PC75,208,4.684000,0.060140762,14683.264,false
SPEA-II_PC75,208,4.110000,0.061170474,14581.433,false
SPEA-II_PC75,208,4.012000,0.061253551,14506.566,false
SPEA-II_PC75,208,4.812000,0.060080615,14590.405,false
SPEA-II_PC75,208,4.252000,0.060882107,14723.412,false
SPEA-II_PC75,208,4.160000,0.061130854,14685.053,false
SPEA-II_PC75,208,4.260000,0.060840040,14385.144,false
SPEA-II_PC75,208,4.378000,0.060777173,14592.935,false
SPEA-II_PC75,208,4.140000,0.061167113,14732.045,false
SPEA-II_PC75,208,4.582000,0.060247113,14631.300,false
SPEA-II_PC75,208,4.736000,0.060128902,14717.872,false
SPEA-II_PC75,208,4.080000,0.061187223,14540.876,false
SPEA-II_PC75,208,4.234000,0.060995245,14590.160,false
SPEA-II_PC75,208,4.170000,0.061108089,14666.474,false
SPEA-II_PC75,208,4.572000,0.060295877,14522.100,false
SPEA-II_PC75,208,3.964000,0.061658576,14631.152,false
SPEA-II_PC75,208,3.970000,0.061516554,14644.946,false
SPEA-II_PC75,208,4.978000,0.060009888,14335.803,false
SPEA-II_PC75,208,4.830000,0.060037013,14590.405,false
SPEA-II_PC75,208,4.360000,0.060824306,14734.272,false
SPEA-II_PC75,208,4.340000,0.060838117,14584.606,false
SPEA-II_PC75,208,4.192000,0.061000288,14538.264,false
SPEA-II_PC75,208,3.998000,0.061489045,14571.386,false
SPEA-II_PC75,209,3.526000,0.059983025,14612.771,false
SPEA-II_PC75,209,5.148000,0.058385140,14441.464,false
SPEA-II_PC75,209,4.220000,0.058801372,14337.787,false
SPEA-II_PC75,209,4.790000,0.058544144,14702.639,false
SPEA-II_PC75,209,3.420000,0.060349350,14689.793,false
SPEA-II_PC75,209,4.052000,0.059018043,14577.899,false
SPEA-II_PC75,209,3.532000,0.059864633,14650.166,false
SPEA-II_PC75,209,3.716000,0.059309322,14647.721,false
SPEA-II_PC75,209,4.068000,0.058943183,14543.522,false
SPEA-II_PC75,209,3.488000,0.060048733,14548.654,false
SPEA-II_PC75,209,3.562000,0.059698009,14635.368,false
SPEA-II_PC75,209,3.666000,0.059535402,14667.530,false
SPEA-II_PC75,209,4.126000,0.058908088,14473.495,false
SPEA-II_PC75,209,4.302000,0.058674903,14365.352,false
SPEA-II_PC75,209,4.094000,0.058926445,14639.175,false
SPEA-II_PC75,209,4.438000,0.058575462,14427.279,false
SPEA-II_PC75,209,4.226000,0.058754562,14592.716,false
SPEA-II_PC75,209,3.472000,0.060148283,14654.773,false
SPEA-II_PC75,209,3.702000,0.059403294,14716.622,false
SPEA-II_PC75,209,4.864000,0.058490791,14668.026,false
SPEA-II_PC75,209,4.146000,0.058808266,14708.376,false
SPEA-II_PC75,209,4.046000,0.059047007,14585.588,false
SPEA-II_PC75,209,3.866000,0.059064421,14414.317,false
SPEA-II_PC75,209,4.910000,0.058389237,14485.739,false
SPEA-II_PC75,209,3.426000,0.060190790,14631.205,false
SPEA-II_PC75,209,4.304000,0.058605803,14670.399,false
SPEA-II_PC75,209,3.598000,0.059583317,14573.635,false
SPEA-II_PC75,209,3.758000,0.059246930,14682.124,false
SPEA-II_PC75,209,3.500000,0.060028163,14604.654,false
SPEA-II_PC75,209,4.290000,0.058736675,14576.162,false
SPEA-II_PC75,209,3.458000,0.060168982,14420.684,false
SPEA-II_PC75,209,3.944000,0.059057883,14652.789,false
AMOSA_PC75,200,4.840000,0.063815677,14667.633,false
AMOSA_PC75,200,5.090000,0.063558776,14717.630,false
AMOSA_PC75,200,5.070000,0.063606287,14706.226,false
AMOSA_PC75,200,5.200000,0.063156357,14602.291,false
AMOSA_PC75,200,6.202000,0.061720675,14665.510,false
AMOSA_PC75,200,6.398000,0.061677996,14713.482,false
AMOSA_PC75,200,5.970000,0.061940537,14699.782,false
AMOSA_PC75,200,6.604000,0.061511630,14730.751,false
AMOSA_PC75,200,6.410000,0.061533210,14714.693,false
AMOSA_PC75,200,5.268000,0.063073649,14726.272,false
AMOSA_PC75,200,5.584000,0.062436867,14692.450,false
AMOSA_PC75,200,5.956000,0.062137461,14695.135,false
AMOSA_PC75,200,5.482000,0.062516937,14689.708,false
AMOSA_PC75,200,5.622000,0.062144402,14575.422,false
AMOSA_PC75,200,4.682000,0.064708668,14600.549,false
AMOSA_PC75,200,4.694000,0.064379099,14591.080,false
AMOSA_PC75,200,4.858000,0.063645474,14576.696,false
AMOSA_PC75,200,4.954000,0.063608412,14699.216,false
AMOSA_PC75,200,4.728000,0.064025288,14689.601,false
AMOSA_PC75,201,4.930000,0.064144843,14675.910,false
AMOSA_PC75,201,4.932000,0.064093193,14639.050,false
AMOSA_PC75,201,5.106000,0.063429019,14710.466,false
AMOSA_PC75,201,5.104000,0.063604317,14668.546,false
AMOSA_PC75,201,5.054000,0.063671722,14737.180,false
AMOSA_PC75,201,6.116000,0.061749775,14476.511,false
AMOSA_PC75,201,6.574000,0.061388293,14639.963,false
AMOSA_PC75,201,6.274000,0.061585484,14333.274,false
AMOSA_PC75,201,7.032000,0.061107489,14706.525,false
AMOSA_PC75,201,6.420000,0.061575655,14700.077,false
AMOSA_PC75,201,6.550000,0.061538371,14649.450,false
AMOSA_PC75,201,5.186000,0.063060551,14717.498,false
AMOSA_PC75,201,5.426000,0.062721348,14467.805,false
AMOSA_PC75,201,5.256000,0.062784558,14730.058,false
AMOSA_PC75,201,5.796000,0.062069198,14655.137,false
AMOSA_PC75,201,5.914000,0.061981514,14612.355,false
AMOSA_PC75,201,5.958000,0.061821573,14577.500,false
AMOSA_PC75,201,5.836000,0.062013405,14725.210,false
AMOSA_PC75,201,5.916000,0.061928766,14682.890,false
AMOSA_PC75,201,5.576000,0.062220997,14610.700,false
AMOSA_PC75,201,5.700000,0.062147745,14623.690,false
AMOSA_PC75,201,5.428000,0.062513316,14673.030,false
AMOSA_PC75,201,5.436000,0.062227630,14712.460,false
AMOSA_PC75,201,4.968000,0.063938716,14682.769,false
AMOSA_PC75,201,4.920000,0.064327747,14607.848,false
AMOSA_PC75,202,6.524000,0.061631099,14677.143,false
AMOSA_PC75,202,5.984000,0.061993006,14691.068,false
AMOSA_PC75,202,6.190000,0.061848493,14429.885,false
AMOSA_PC75,202,5.708000,0.062016043,14580.134,false
AMOSA_PC75,202,6.080000,0.061943401,14661.704,false
AMOSA_PC75,202,4.858000,0.064920720,14630.634,false
AMOSA_PC75,202,8.506000,0.061241038,14594.820,false
AMOSA_PC75,202,8.268000,0.061303785,14611.450,false
AMOSA_PC75,202,5.448000,0.062551535,14732.654,false
AMOSA_PC75,202,5.606000,0.062525300,14683.970,false
AMOSA_PC75,202,5.492000,0.062544467,14487.226,false
AMOSA_PC75,202,5.256000,0.062749965,14557.939,false
AMOSA_PC75,202,5.676000,0.062483091,14687.109,false
AMOSA_PC75,202,5.304000,0.062614533,14584.148,false
AMOSA_PC75,202,4.884000,0.063462686,14569.033,false
AMOSA_PC75,202,5.186000,0.063083324,14732.241,false
AMOSA_PC75,202,4.942000,0.063234108,14732.429,false
AMOSA_PC75,202,5.076000,0.063167461,14700.421,false
AMOSA_PC75,202,6.442000,0.061708264,14548.538,false
AMOSA_PC75,202,6.204000,0.061766747,14655.524,false
AMOSA_PC75,202,6.628000,0.061482138,14629.587,false
AMOSA_PC75,202,6.470000,0.061638356,14584.427,false
AMOSA_PC75,202,6.768000,0.061445199,14633.208,false
AMOSA_PC75,202,6.580000,0.061529692,14694.897,false
AMOSA_PC75,203,5.762000,0.062514917,14661.401,false
AMOSA_PC75,203,5.478000,0.062530615,14724.819,false
AMOSA_PC75,203,6.484000,0.061436332,14625.956,false
AMOSA_PC75,203,5.996000,0.061926294,14711.993,false
AMOSA_PC75,203,6.282000,0.061768707,14682.031,false
AMOSA_PC75,203,5.806000,0.062027808,14684.258,false
AMOSA_PC75,203,6.130000,0.061789725,14592.841,false
AMOSA_PC75,203,7.908000,0.061020448,14541.928,false
AMOSA_PC75,203,7.836000,0.061067018,14589.436,false
AMOSA_PC75,203,7.270000,0.061213342,14727.044,false
AMOSA_PC75,203,7.406000,0.061102105,14587.816,false
AMOSA_PC75,203,4.940000,0.064421521,14734.505,false
AMOSA_PC75,203,4.682000,0.065263273,14589.651,false
AMOSA_PC75,203,4.706000,0.065092263,14632.218,false
AMOSA_PC75,203,4.880000,0.064604943,14662.747,false
AMOSA_PC75,203,4.956000,0.064125554,14565.578,false
AMOSA_PC75,203,4.716000,0.064624454,14710.635,false
AMOSA_PC75,203,5.076000,0.063703225,14676.555,false
AMOSA_PC75,203,5.262000,0.063311957,14722.330,false
AMOSA_PC75,203,5.306000,0.063232141,14703.877,false
AMOSA_PC75,203,5.330000,0.062905151,14649.681,false
AMOSA_PC75,203,5.022000,0.063882772,14541.419,false
AMOSA_PC75,203,5.322000,0.063158949,14635.058,false
AMOSA_PC75,203,5.232000,0.063439302,14679.806,false
AMOSA_PC75,203,5.130000,0.063649711,14737.584,false
AMOSA_PC75,203,5.166000,0.063465220,14724.652,false
AMOSA_PC75,204,8.782000,0.059296387,14641.347,false
AMOSA_PC75,204,8.064000,0.059640398,14620.011,false
AMOSA_PC75,204,8.216000,0.059637342,14577.828,false
AMOSA_PC75,204,5.144000,0.064490076,14677.951,false
AMOSA_PC75,204,5.186000,0.064081482,14682.292,false
AMOSA_PC75,204,5.740000,0.062733492,14632.550,false
AMOSA_PC75,204,5.260000,0.063071404,14625.552,false
AMOSA_PC75,204,5.602000,0.062854335,14715.747,false
AMOSA_PC75,204,6.130000,0.061696475,14649.490,false
AMOSA_PC75,204,6.652000,0.060804755,14650.407,false
AMOSA_PC75,204,6.232000,0.061308615,14709.308,false
AMOSA_PC75,204,6.346000,0.061107768,14596.624,false
AMOSA_PC75,204,6.882000,0.060495995,14640.999,false
AMOSA_PC75,204,6.400000,0.060971974,14540.913,false
AMOSA_PC75,204,6.588000,0.060932571,14680.678,false
AMOSA_PC75,204,7.126000,0.060390253,14615.300,false
AMOSA_PC75,204,7.362000,0.060375323,14603.682,false
AMOSA_PC75,204,6.724000,0.060751655,14728.235,false
AMOSA_PC75,204,7.380000,0.060267160,14697.182,false
AMOSA_PC75,204,6.830000,0.060578315,14691.523,false
AMOSA_PC75,204,6.278000,0.061205409,14538.452,false
AMOSA_PC75,204,6.756000,0.060685417,14603.354,false
AMOSA_PC75,204,6.894000,0.060392733,14622.021,false
AMOSA_PC75,204,5.844000,0.062299941,14678.082,false
AMOSA_PC75,204,7.878000,0.059963377,14630.006,false
AMOSA_PC75,204,7.556000,0.060172932,14590.074,false
AMOSA_PC75,204,7.600000,0.060040368,14551.665,false
AMOSA_PC75,204,8.370000,0.059524937,14431.029,false
AMOSA_PC75,204,8.304000,0.059621080,14736.624,false
AMOSA_PC75,204,8.398000,0.059450018,14707.827,false
AMOSA_PC75,204,8.724000,0.059328703,14679.796,false
AMOSA_PC75,204,8.882000,0.059201878,14659.081,false
AMOSA_PC75,205,8.440000,0.060931788,14621.205,false
AMOSA_PC75,205,7.772000,0.061074203,14443.420,false
AMOSA_PC75,205,4.750000,0.063995262,14725.134,false
AMOSA_PC75,205,4.850000,0.063767331,14667.565,false
AMOSA_PC75,205,4.728000,0.064158153,14736.026,false
AMOSA_PC75,205,4.678000,0.064320940,14714.772,false
AMOSA_PC75,205,5.434000,0.062886319,14689.046,false
AMOSA_PC75,205,5.258000,0.063089434,14502.063,false
AMOSA_PC75,205,5.220000,0.063238998,14500.837,false
AMOSA_PC75,205,5.058000,0.063364706,14494.712,false
AMOSA_PC75,205,5.192000,0.063352721,14673.455,false
AMOSA_PC75,205,7.168000,0.061237083,14557.103,false
AMOSA_PC75,205,6.980000,0.061296521,14703.041,false
AMOSA_PC75,205,7.166000,0.061293100,14617.909,false
AMOSA_PC75,205,6.016000,0.062161991,14612.535,false
AMOSA_PC75,205,5.840000,0.062204881,14544.683,false
AMOSA_PC75,205,6.322000,0.061752796,14557.002,false
AMOSA_PC75,205,6.234000,0.061962561,14663.790,false
AMOSA_PC75,205,6.450000,0.061321116,14559.783,false
AMOSA_PC75,205,6.278000,0.061765291,14524.073,false
AMOSA_PC75,205,5.764000,0.062561149,14624.747,false
AMOSA_PC75,206,5.150000,0.062387839,14685.324,false
AMOSA_PC75,206,5.180000,0.062214080,14656.938,false
AMOSA_PC75,206,5.312000,0.061904895,14720.706,false
AMOSA_PC75,206,5.024000,0.062628205,14667.560,false
AMOSA_PC75,206,4.792000,0.063104043,14590.824,false
AMOSA_PC75,206,4.578000,0.063619003,14703.846,false
AMOSA_PC75,206,5.652000,0.061474410,14722.468,false
AMOSA_PC75,206,5.704000,0.061359725,14711.534,false
AMOSA_PC75,206,5.714000,0.061144002,14665.616,false
AMOSA_PC75,206,5.812000,0.060931080,14720.907,false
AMOSA_PC75,206,6.742000,0.060673155,14644.348,false
AMOSA_PC75,206,6.130000,0.060690599,14675.265,false
AMOSA_PC75,206,5.494000,0.061808277,14617.138,false
AMOSA_PC75,206,5.304000,0.062183119,14508.675,false
AMOSA_PC75,206,5.102000,0.062417404,14641.876,false
AMOSA_PC75,206,5.052000,0.062486914,14497.610,false
AMOSA_PC75,207,6.096000,0.062661608,14735.428,false
AMOSA_PC75,207,5.278000,0.063842727,14691.258,false
AMOSA_PC75,207,5.980000,0.062854051,14736.843,false
AMOSA_PC75,207,5.546000,0.062987278,14495.714,false
AMOSA_PC75,207,5.400000,0.063437110,14730.392,false
AMOSA_PC75,207,7.354000,0.061975641,14654.384,false
AMOSA_PC75,207,7.314000,0.062001578,14678.117,false
AMOSA_PC75,207,6.944000,0.062099857,14725.662,false
AMOSA_PC75,207,4.964000,0.064326642,14656.706,false
AMOSA_PC75,207,5.182000,0.063935695,14664.569,false
AMOSA_PC75,207,5.116000,0.064111143,14727.714,false
AMOSA_PC75,207,6.210000,0.062524759,14647.307,false
AMOSA_PC75,207,6.126000,0.062564306,14690.046,false
AMOSA_PC75,207,6.028000,0.062706824,14599.220,false
AMOSA_PC75,207,5.864000,0.062869293,14669.781,false
AMOSA_PC75,208,6.360000,0.062440235,14579.330,false
AMOSA_PC75,208,6.246000,0.062560648,14697.218,false
AMOSA_PC75,208,6.684000,0.061891926,14621.214,false
AMOSA_PC75,208,6.592000,0.062079510,14661.267,false
AMOSA_PC75,208,5.586000,0.062841548,14538.263,false
AMOSA_PC75,208,5.762000,0.062566745,14704.296,false
AMOSA_PC75,208,5.676000,0.062630123,14629.850,false
AMOSA_PC75,208,5.454000,0.062927350,14729.109,false
AMOSA_PC75,208,5.666000,0.062701314,14636.969,false
AMOSA_PC75,208,5.228000,0.063007789,14676.089,false
AMOSA_PC75,208,5.652000,0.062752427,14667.202,false
AMOSA_PC75,208,7.504000,0.061148825,14718.364,false
AMOSA_PC75,208,6.930000,0.061443201,14725.201,false
AMOSA_PC75,208,6.810000,0.061596986,14683.702,false
AMOSA_PC75,208,7.050000,0.061207955,14717.759,false
AMOSA_PC75,208,6.838000,0.061519853,14542.264,false
AMOSA_PC75,208,6.708000,0.061627162,14726.169,false
AMOSA_PC75,208,7.044000,0.061233082,14559.735,false
AMOSA_PC75,208,6.614000,0.061957408,14547.030,false
AMOSA_PC75,208,7.442000,0.061193587,14338.007,false
AMOSA_PC75,208,6.996000,0.061333917,14706.765,false
AMOSA_PC75,208,8.738000,0.061036363,14558.824,false
AMOSA_PC75,208,8.174000,0.061139004,14630.947,false
AMOSA_PC75,208,6.450000,0.062213471,14678.882,false
AMOSA_PC75,208,6.414000,0.062310096,14684.398,false
AMOSA_PC75,209,5.606000,0.061750478,14731.085,false
AMOSA_PC75,209,6.850000,0.060761377,14665.596,false
AMOSA_PC75,209,6.692000,0.061027880,14520.613,false
AMOSA_PC75,209,7.800000,0.060498386,14566.058,false
AMOSA_PC75,209,7.162000,0.060641754,14733.860,false
AMOSA_PC75,209,4.930000,0.062942817,14696.755,false
AMOSA_PC75,209,4.882000,0.062964231,14724.773,false
AMOSA_PC75,209,4.468000,0.063784792,14710.278,false
AMOSA_PC75,209,4.552000,0.063657957,14662.369,false
AMOSA_PC75,209,4.554000,0.063489611,14650.044,false
AMOSA_PC75,209,4.572000,0.063299019,14539.249,false
AMOSA_PC75,209,5.238000,0.062183365,14723.664,false
AMOSA_PC75,209,5.000000,0.062367225,14578.783,false
AMOSA_PC75,209,5.204000,0.062190392,14671.003,false
AMOSA_PC75,209,5.628000,0.061439534,14521.034,false
AMOSA_PC75,209,5.692000,0.061321239,14622.347,false
AMOSA_PC75,209,5.874000,0.061084453,14622.254,false
AMOSA_PC75,209,5.560000,0.061770706,14560.898,false
AMOSA_PC75,209,5.510000,0.061900444,14585.488,false
AMOSA_PC75,209,5.298000,0.062099804,14697.864,false
AMOSA_PC75,209,5.406000,0.061995624,14724.114,false
AMOSA_PC75,209,5.518000,0.061820608,14428.613,false
Universal_Pareto,0,1.824000,0.065659795,,true
Universal_Pareto,0,1.826000,0.065637872,,true
Universal_Pareto,0,1.830000,0.065594003,,true
Universal_Pareto,0,1.832000,0.065430828,,true
Universal_Pareto,0,1.840000,0.065336658,,true
Universal_Pareto,0,1.844000,0.065318202,,true
Universal_Pareto,0,1.846000,0.065274900,,true
Universal_Pareto,0,1.852000,0.065222522,,true
Universal_Pareto,0,1.866000,0.065017408,,true
Universal_Pareto,0,1.904000,0.064984719,,true
Universal_Pareto,0,1.906000,0.064967042,,true
Universal_Pareto,0,1.912000,0.064853176,,true
Universal_Pareto,0,1.926000,0.064687265,,true
Universal_Pareto,0,1.934000,0.064664293,,true
Universal_Pareto,0,1.936000,0.064643240,,true
Universal_Pareto,0,1.940000,0.064619048,,true
Universal_Pareto,0,1.946000,0.064586035,,true
Universal_Pareto,0,1.958000,0.064559980,,true
Universal_Pareto,0,1.960000,0.064495531,,true
Universal_Pareto,0,1.970000,0.064406615,,true
Universal_Pareto,0,1.980000,0.064400930,,true
Universal_Pareto,0,2.034000,0.063541221,,true
Universal_Pareto,0,2.036000,0.063298881,,true
Universal_Pareto,0,2.038000,0.063275570,,true
Universal_Pareto,0,2.042000,0.063199902,,true
Universal_Pareto,0,2.054000,0.063132510,,true
Universal_Pareto,0,2.056000,0.063077953,,true
Universal_Pareto,0,2.076000,0.063044861,,true
Universal_Pareto,0,2.078000,0.063001000,,true
Universal_Pareto,0,2.084000,0.062889470,,true
Universal_Pareto,0,2.102000,0.062803873,,true
Universal_Pareto,0,2.108000,0.062769294,,true
Universal_Pareto,0,2.164000,0.062444031,,true
Universal_Pareto,0,2.168000,0.062436704,,true
Universal_Pareto,0,2.176000,0.062419407,,true
Universal_Pareto,0,2.182000,0.062285815,,true
Universal_Pareto,0,2.184000,0.062283200,,true
Universal_Pareto,0,2.186000,0.062240017,,true
Universal_Pareto,0,2.192000,0.062221925,,true
Universal_Pareto,0,2.196000,0.061900522,,true
Universal_Pareto,0,2.578000,0.061867941,,true
Universal_Pareto,0,2.618000,0.061859977,,true
Universal_Pareto,0,2.624000,0.061718620,,true
Universal_Pareto,0,2.640000,0.061493175,,true
Universal_Pareto,0,2.664000,0.061458278,,true
Universal_Pareto,0,2.670000,0.060267876,,true
Universal_Pareto,0,2.686000,0.060079674,,true
Universal_Pareto,0,2.706000,0.059996935,,true
Universal_Pareto,0,2.744000,0.059767366,,true
Universal_Pareto,0,2.764000,0.059584644,,true
Universal_Pareto,0,2.770000,0.059483158,,true
Universal_Pareto,0,2.774000,0.059283191,,true
Universal_Pareto,0,2.780000,0.059218406,,true
Universal_Pareto,0,2.980000,0.058824093,,true
Universal_Pareto,0,2.988000,0.058603357,,true
Universal_Pareto,0,2.998000,0.058431642,,true
Universal_Pareto,0,3.022000,0.058323124,,true
Universal_Pareto,0,3.030000,0.058268171,,true
Universal_Pareto,0,3.054000,0.058174518,,true
Universal_Pareto,0,3.058000,0.058124628,,true
Universal_Pareto,0,3.078000,0.058024878,,true
Universal_Pareto,0,3.088000,0.057954078,,true
Universal_Pareto,0,3.106000,0.057930475,,true
Universal_Pareto,0,3.110000,0.057814425,,true
Universal_Pareto,0,3.116000,0.057769555,,true
Universal_Pareto,0,3.140000,0.057501107,,true
Universal_Pareto,0,3.156000,0.057474901,,true
Universal_Pareto,0,3.174000,0.057416412,,true
Universal_Pareto,0,3.216000,0.057366469,,true
Universal_Pareto,0,3.226000,0.057361468,,true
Universal_Pareto,0,3.228000,0.057266610,,true
Universal_Pareto,0,3.246000,0.057082279,,true
Universal_Pareto,0,3.286000,0.057012966,,true
Universal_Pareto,0,3.298000,0.056851836,,true
Universal_Pareto,0,3.336000,0.056845825,,true
Universal_Pareto,0,3.360000,0.056842226,,true
Universal_Pareto,0,3.364000,0.056792793,,true
Universal_Pareto,0,3.370000,0.056761862,,true
Universal_Pareto,0,3.386000,0.056726972,,true
Universal_Pareto,0,3.402000,0.056598287,,true
Universal_Pareto,0,3.434000,0.056564585,,true
Universal_Pareto,0,3.490000,0.056501495,,true
Universal_Pareto,0,3.504000,0.056466991,,true
Universal_Pareto,0,3.534000,0.056443552,,true
Universal_Pareto,0,3.562000,0.056397903,,true
Universal_Pareto,0,3.574000,0.056395567,,true
Universal_Pareto,0,3.614000,0.056231140,,true
Universal_Pareto,0,3.660000,0.056138697,,true
Universal_Pareto,0,3.706000,0.056134245,,true
Universal_Pareto,0,3.736000,0.056083835,,true
Universal_Pareto,0,3.782000,0.056032937,,true
Universal_Pareto,0,3.838000,0.056010817,,true
Universal_Pareto,0,3.880000,0.055971005,,true
Universal_Pareto,0,3.890000,0.055920729,,true
Universal_Pareto,0,3.958000,0.055865899,,true
Universal_Pareto,0,4.016000,0.055852121,,true
Universal_Pareto,0,4.026000,0.055749986,,true
Universal_Pareto,0,4.118000,0.055748349,,true
Universal_Pareto,0,4.152000,0.055687790,,true
Universal_Pareto,0,4.164000,0.055682492,,true
Universal_Pareto,0,4.178000,0.055560983,,true
Universal_Pareto,0,4.314000,0.055476540,,true
Universal_Pareto,0,4.352000,0.055373712,,true
Universal_Pareto,0,4.378000,0.055259161,,true
Universal_Pareto,0,4.494000,0.055246112,,true
Universal_Pareto,0,4.516000,0.055172339,,true
Universal_Pareto,0,4.696000,0.055025515,,true
Universal_Pareto,0,4.880000,0.055024650,,true
Universal_Pareto,0,4.924000,0.054930023,,true
Universal_Pareto,0,4.950000,0.054865805,,true
Universal_Pareto,0,4.954000,0.054745092,,true
Universal_Pareto,0,5.200000,0.054678710,,true
Universal_Pareto,0,5.256000,0.054623729,,true
Universal_Pareto,0,5.312000,0.054545075,,true
Universal_Pareto,0,5.608000,0.054489319,,true
Universal_Pareto,0,5.672000,0.054412042,,true
Universal_Pareto,0,5.830000,0.054354794,,true
Universal_Pareto,0,6.204000,0.054337959,,true
Universal_Pareto,0,6.252000,0.054314079,,true
Universal_Pareto,0,6.290000,0.054311282,,true
Universal_Pareto,0,6.398000,0.054227047,,true
Universal_Pareto,0,6.438000,0.054138843,,true
Universal_Pareto,0,9.886000,0.054096883,,true
Universal_Pareto,0,9.924000,0.053994138,,true
Universal_Pareto,0,10.030000,0.053920428,,true
Universal_Pareto,0,10.142000,0.053787142,,true
Universal_Pareto,0,10.226000,0.053562675,,true
Universal_Pareto,0,10.326000,0.053540384,,true
Universal_Pareto,0,10.390000,0.053537963,,true
Universal_Pareto,0,10.466000,0.053534331,,true
Universal_Pareto,0,10.658000,0.053521468,,true
Universal_Pareto,0,10.740000,0.053511778,,true
Universal_Pareto,0,10.902000,0.053410704,,true
Universal_Pareto,0,11.008000,0.053398870,,true
Universal_Pareto,0,11.094000,0.053278173,,true
Universal_Pareto,0,11.324000,0.053078170,,true
Universal_Pareto,0,11.472000,0.053061208,,true
Universal_Pareto,0,11.700000,0.052750363,,true
Universal_Pareto,0,11.986000,0.052743728,,true
Universal_Pareto,0,12.060000,0.052578717,,true
Universal_Pareto,0,12.184000,0.052529152,,true
Universal_Pareto,0,12.344000,0.052436810,,true
Universal_Pareto,0,12.468000,0.052413072,,true
Universal_Pareto,0,12.582000,0.052214229,,true
Universal_Pareto,0,13.052000,0.052172899,,true
Universal_Pareto,0,13.090000,0.052066739,,true
Universal_Pareto,0,13.260000,0.052029038,,true
Universal_Pareto,0,13.456000,0.051840585,,true
Universal_Pareto,0,13.572000,0.051812903,,true
Universal_Pareto,0,13.680000,0.051747351,,true
Universal_Pareto,0,13.842000,0.051648427,,true
Universal_Pareto,0,14.004000,0.051535906,,true
Universal_Pareto,0,14.120000,0.051529290,,true
Universal_Pareto,0,14.158000,0.051440612,,true
Universal_Pareto,0,14.316000,0.051378069,,true
Universal_Pareto,0,14.568000,0.051208044,,true
Universal_Pareto,0,15.048000,0.051170677,,true
Universal_Pareto,0,15.242000,0.051152420,,true
Universal_Pareto,0,15.556000,0.051112009,,true
Universal_Pareto,0,15.720000,0.051086471,,true
Universal_Pareto,0,15.784000,0.051037795,,true
Universal_Pareto,0,15.786000,0.051013506,,true
Universal_Pareto,0,15.868000,0.051001048,,true
Universal_Pareto,0,15.962000,0.050965725,,true
Universal_Pareto,0,16.066000,0.050953241,,true
Universal_Pareto,0,16.112000,0.050915206,,true
Universal_Pareto,0,16.248000,0.050760965,,true
Universal_Pareto,0,16.526000,0.050636628,,true
Universal_Pareto,0,16.670000,0.050572395,,true
Universal_Pareto,0,16.912000,0.050383167,,true
Universal_Pareto,0,17.138000,0.050371328,,true
Universal_Pareto,0,17.146000,0.050227466,,true
Universal_Pareto,0,17.204000,0.050098892,,true
Universal_Pareto,0,17.366000,0.049956762,,true
Universal_Pareto,0,17.660000,0.049919182,,true
Universal_Pareto,0,17.852000,0.049903455,,true
Universal_Pareto,0,18.048000,0.049860808,,true
Universal_Pareto,0,18.226000,0.049846357,,true
Universal_Pareto,0,18.422000,0.049730277,,true
Universal_Pareto,0,18.584000,0.049669341,,true
Universal_Pareto,0,18.766000,0.049552509,,true
Universal_Pareto,0,19.064000,0.049534366,,true
Universal_Pareto,0,19.224000,0.049315097,,true
Universal_Pareto,0,19.248000,0.049312387,,true
Universal_Pareto,0,19.266000,0.049229823,,true
Universal_Pareto,0,19.426000,0.049123245,,true
Universal_Pareto,0,19.586000,0.049076367,,true
Universal_Pareto,0,19.734000,0.048788243,,true
Universal_Pareto,0,19.954000,0.048756380,,true
Universal_Pareto,0,20.010000,0.048624200,,true
Universal_Pareto,0,20.206000,0.048607568,,true
Universal_Pareto,0,20.502000,0.048550465,,true
Universal_Pareto,0,20.828000,0.048539565,,true
Universal_Pareto,0,21.014000,0.048532988,,true
Universal_Pareto,0,21.268000,0.048460665,,true
Universal_Pareto,0,21.508000,0.048404967,,true
Universal_Pareto,0,21.716000,0.048370909,,true
Universal_Pareto,0,21.976000,0.048270108,,true
Universal_Pareto,0,22.404000,0.048253853,,true
Universal_Pareto,0,22.660000,0.048144152,,true
Universal_Pareto,0,23.084000,0.048101369,,true
Universal_Pareto,0,23.270000,0.048079983,,true
Universal_Pareto,0,24.094000,0.048003504,,true
Universal_Pareto,0,24.948000,0.047955407,,true
Universal_Pareto,0,25.220000,0.047881883,,true
Universal_Pareto,0,25.432000,0.047877314,,true
Universal_Pareto,0,25.524000,0.047847846,,true
Universal_Pareto,0,25.834000,0.047803082,,true
Universal_Pareto,0,25.974000,0.047709253,,true
Universal_Pareto,0,26.312000,0.047678152,,true
Universal_Pareto,0,26.504000,0.047633293,,true
Universal_Pareto,0,26.774000,0.047477305,,true
Universal_Pareto,0,27.166000,0.047430337,,true
Universal_Pareto,0,27.504000,0.047421319,,true
Universal_Pareto,0,28.022000,0.047365353,,true
Universal_Pareto,0,28.146000,0.047357269,,true
Universal_Pareto,0,28.438000,0.047309069,,true
Universal_Pareto,0,28.478000,0.047286864,,true
Universal_Pareto,0,28.778000,0.047229943,,true
Universal_Pareto,0,29.052000,0.047211361,,true
Universal_Pareto,0,29.312000,0.047177939,,true
Universal_Pareto,0,29.652000,0.047089536,,true
Universal_Pareto,0,29.918000,0.047060601,,true
Universal_Pareto,0,30.348000,0.047044477,,true
Universal_Pareto,0,30.712000,0.046986486,,true
Universal_Pareto,0,31.004000,0.046981777,,true
