Algorithm,WaitingTime,Energy
GA_WaitingTime_Dominance,1.418000,0.046091287
GA_WaitingTime_Dominance,1.420000,0.046018762
GA_WaitingTime_Dominance,1.422000,0.045963229
GA_WaitingTime_Dominance,1.424000,0.045781889
GA_WaitingTime_Dominance,1.430000,0.045743366
GA_WaitingTime_Dominance,1.434000,0.045490490
GA_WaitingTime_Dominance,1.436000,0.045150086
GA_WaitingTime_Dominance,1.442000,0.045073331
GA_WaitingTime_Dominance,1.446000,0.045025267
GA_WaitingTime_Dominance,1.462000,0.044994958
GA_WaitingTime_Dominance,1.502000,0.044967345
GA_WaitingTime_Dominance,3.022000,0.044718838
GA_WaitingTime_Dominance,3.452000,0.044545570
GA_WaitingTime_Dominance,4.082000,0.044475040
GA_WaitingTime_Dominance,4.194000,0.044447819
GA_WaitingTime_Dominance,4.444000,0.044268209
GA_WaitingTime_Dominance,4.978000,0.044263780
GA_Energy_Dominance,2.980000,0.046813953
GA_Energy_Dominance,2.984000,0.044539579
GA_Energy_Dominance,2.996000,0.044482399
GA_Energy_Dominance,3.204000,0.044283625
GA_Energy_Dominance,3.224000,0.044082693
GA_Energy_Dominance,3.288000,0.043795651
GA_Energy_Dominance,3.424000,0.043759555
GA_Energy_Dominance,3.478000,0.043662182
GA_Energy_Dominance,3.482000,0.043138351
GA_Energy_Dominance,3.690000,0.042627686
GA_Energy_Dominance,3.826000,0.042455273
GA_Energy_Dominance,3.898000,0.042330872
GA_Energy_Dominance,4.118000,0.041900129
GA_Energy_Dominance,4.206000,0.041734965
GA_Energy_Dominance,4.484000,0.041345659
GA_Energy_Dominance,4.680000,0.041325167
GA_Energy_Dominance,4.812000,0.041043247
GA_Energy_Dominance,4.846000,0.040492392
GA_Energy_Dominance,5.106000,0.040285977
GA_Energy_Dominance,5.182000,0.040078226
GA_Energy_Dominance,5.252000,0.040042863
GA_Energy_Dominance,5.538000,0.040037933
GA_Energy_Dominance,5.574000,0.039547826
GA_Energy_Dominance,5.674000,0.039345258
GA_Energy_Dominance,5.956000,0.038918316
GA_Energy_Dominance,6.072000,0.038827384
GA_Energy_Dominance,6.222000,0.038412025
GA_Energy_Dominance,6.380000,0.038372498
GA_Energy_Dominance,6.654000,0.038260838
GA_Energy_Dominance,6.806000,0.037929818
GA_Energy_Dominance,6.860000,0.037825539
GA_Energy_Dominance,7.208000,0.037712360
GA_Energy_Dominance,7.214000,0.037598615
GA_Energy_Dominance,7.452000,0.037361120
GA_Energy_Dominance,7.578000,0.037357544
GA_Energy_Dominance,7.652000,0.037326307
GA_Energy_Dominance,7.720000,0.036875442
GA_Energy_Dominance,8.020000,0.036873306
GA_Energy_Dominance,8.100000,0.036789184
GA_Energy_Dominance,8.250000,0.036787726
GA_Energy_Dominance,8.358000,0.036648300
GA_Energy_Dominance,8.572000,0.036609699
GA_Energy_Dominance,8.640000,0.036559828
GA_Energy_Dominance,8.710000,0.036545042
GA_Energy_Dominance,8.854000,0.036448811
GA_Energy_Dominance,8.856000,0.036279747
GA_Energy_Dominance,8.932000,0.036243619
GA_Energy_Dominance,9.024000,0.036041174
GA_Energy_Dominance,9.344000,0.035942902
GA_Energy_Dominance,9.730000,0.035827199
GA_Energy_Dominance,9.746000,0.035782738
GA_Energy_Dominance,9.836000,0.035698241
GA_Energy_Dominance,9.954000,0.035677619
GA_Energy_Dominance,10.206000,0.035565920
GA_Energy_Dominance,10.234000,0.035516899
GA_Energy_Dominance,10.296000,0.035456601
GA_Energy_Dominance,10.594000,0.035312329
GA_Energy_Dominance,10.788000,0.035234069
GA_Energy_Dominance,10.860000,0.035086997
GA_Energy_Dominance,11.062000,0.035001357
GA_Energy_Dominance,11.272000,0.034973916
GA_Energy_Dominance,11.336000,0.034872672
GA_Energy_Dominance,11.410000,0.034650692
GA_Energy_Dominance,11.416000,0.034466803
GA_Energy_Dominance,11.766000,0.034427212
GA_Energy_Dominance,12.062000,0.034296122
GA_Energy_Dominance,12.426000,0.034220925
GA_Energy_Dominance,12.792000,0.033961281
GA_Energy_Dominance,12.926000,0.033792462
GA_Energy_Dominance,13.208000,0.033657258
GA_Energy_Dominance,13.498000,0.033559441
GA_Energy_Dominance,13.626000,0.033483347
GA_Energy_Dominance,13.772000,0.033329464
GA_Energy_Dominance,14.022000,0.033304656
GA_Energy_Dominance,14.368000,0.033270221
GA_Energy_Dominance,14.374000,0.033072334
GA_Energy_Dominance,14.522000,0.033028187
GA_Energy_Dominance,14.858000,0.032916616
GA_Energy_Dominance,15.012000,0.032854277
GA_Energy_Dominance,15.182000,0.032815801
GA_Energy_Dominance,15.362000,0.032712289
GA_Energy_Dominance,15.540000,0.032670192
GA_Energy_Dominance,15.710000,0.032568176
GA_Energy_Dominance,15.880000,0.032565239
GA_Energy_Dominance,16.000000,0.032462590
GA_Energy_Dominance,16.240000,0.032342907
GA_Energy_Dominance,16.468000,0.032224328
GA_Energy_Dominance,16.636000,0.032148907
GA_Energy_Dominance,16.916000,0.032109647
GA_Energy_Dominance,17.126000,0.032049464
GA_Energy_Dominance,17.328000,0.031989139
GA_Energy_Dominance,17.418000,0.031974382
GA_Energy_Dominance,17.616000,0.031888218
GA_Energy_Dominance,17.842000,0.031759712
GA_Energy_Dominance,18.026000,0.031750653
GA_Energy_Dominance,18.182000,0.031578082
GA_Energy_Dominance,18.366000,0.031491248
GA_Energy_Dominance,18.544000,0.031436423
GA_Energy_Dominance,18.732000,0.031407049
GA_Energy_Dominance,19.008000,0.031375381
GA_Energy_Dominance,19.246000,0.031344594
GA_Energy_Dominance,19.456000,0.031293746
GA_Energy_Dominance,19.706000,0.031204585
GA_Energy_Dominance,19.784000,0.031143560
GA_Energy_Dominance,20.084000,0.031097196
GA_Energy_Dominance,20.266000,0.031063288
GA_Energy_Dominance,20.444000,0.031044324
GA_Energy_Dominance,20.562000,0.031043776
GA_Energy_Dominance,20.628000,0.031025834
GA_Energy_Dominance,20.744000,0.030986659
GA_Energy_Dominance,20.842000,0.030926321
GA_Energy_Dominance,21.068000,0.030881811
GA_Energy_Dominance,21.130000,0.030837160
GA_Energy_Dominance,21.470000,0.030757328
GA_Energy_Dominance,21.730000,0.030685441
GA_Energy_Dominance,21.750000,0.030682545
GA_Energy_Dominance,22.046000,0.030594684
GA_Energy_Dominance,22.268000,0.030502138
GA_Energy_Dominance,22.584000,0.030369055
GA_Energy_Dominance,22.862000,0.030292909
GA_Energy_Dominance,23.078000,0.030207785
GA_Energy_Dominance,23.368000,0.030143547
GA_Energy_Dominance,23.620000,0.030021772
GA_Energy_Dominance,24.094000,0.030002378
GA_Energy_Dominance,24.316000,0.029998819
GA_Energy_Dominance,24.836000,0.029984423
GA_Energy_Dominance,25.406000,0.029942072
GA_Energy_Dominance,25.874000,0.029877093
GA_Energy_Dominance,26.172000,0.029868888
GA_Energy_Dominance,26.784000,0.029852208
GA_Energy_Dominance,27.226000,0.029842658
SA_WaitingTime_Dominance,1.282000,0.047309953
SA_WaitingTime_Dominance,1.284000,0.047267848
SA_WaitingTime_Dominance,1.290000,0.047203664
SA_WaitingTime_Dominance,1.292000,0.047010248
SA_WaitingTime_Dominance,1.294000,0.046968143
SA_WaitingTime_Dominance,1.296000,0.046546632
SA_WaitingTime_Dominance,1.298000,0.046543406
SA_WaitingTime_Dominance,1.302000,0.046468872
SA_WaitingTime_Dominance,1.304000,0.046452698
SA_WaitingTime_Dominance,1.308000,0.046430149
SA_WaitingTime_Dominance,1.310000,0.045763054
SA_WaitingTime_Dominance,1.312000,0.045742001
SA_WaitingTime_Dominance,1.316000,0.045709173
SA_WaitingTime_Dominance,1.318000,0.045678843
SA_WaitingTime_Dominance,1.320000,0.045657790
SA_WaitingTime_Dominance,1.322000,0.045365675
SA_WaitingTime_Dominance,1.324000,0.045344622
SA_WaitingTime_Dominance,1.340000,0.045301739
SA_WaitingTime_Dominance,1.344000,0.045244282
SA_WaitingTime_Dominance,2.230000,0.045043242
SA_WaitingTime_Dominance,2.244000,0.045040396
SA_WaitingTime_Dominance,2.246000,0.044956030
SA_WaitingTime_Dominance,2.254000,0.044774840
SA_WaitingTime_Dominance,2.264000,0.044771695
SA_WaitingTime_Dominance,2.278000,0.044761734
SA_Energy_Dominance,3.158000,0.044783767
SA_Energy_Dominance,3.236000,0.044658648
SA_Energy_Dominance,3.240000,0.044376778
SA_Energy_Dominance,3.242000,0.044306835
SA_Energy_Dominance,3.258000,0.043842676
SA_Energy_Dominance,3.288000,0.043614340
SA_Energy_Dominance,3.310000,0.043570739
SA_Energy_Dominance,3.320000,0.043549686
SA_Energy_Dominance,3.328000,0.043199031
SA_Energy_Dominance,3.338000,0.043147084
SA_Energy_Dominance,3.362000,0.043121168
SA_Energy_Dominance,3.366000,0.043116852
SA_Energy_Dominance,3.394000,0.042996049
SA_Energy_Dominance,3.396000,0.042926797
SA_Energy_Dominance,3.402000,0.042882761
SA_Energy_Dominance,3.422000,0.042808324
SA_Energy_Dominance,3.424000,0.042632502
SA_Energy_Dominance,3.474000,0.042598161
SA_Energy_Dominance,3.480000,0.042588930
SA_Energy_Dominance,3.554000,0.042534583
SA_Energy_Dominance,3.558000,0.042533577
SA_Energy_Dominance,3.560000,0.042498901
SA_Energy_Dominance,3.586000,0.042455904
SA_Energy_Dominance,3.600000,0.042420496
SA_Energy_Dominance,3.604000,0.042414938
SA_Energy_Dominance,3.610000,0.042403469
SA_Energy_Dominance,3.638000,0.042397220
SA_Energy_Dominance,3.676000,0.042385438
SA_Energy_Dominance,3.680000,0.041906503
SA_Energy_Dominance,3.688000,0.041890442
SA_Energy_Dominance,3.700000,0.041853230
SA_Energy_Dominance,3.710000,0.041839427
SA_Energy_Dominance,3.718000,0.041835154
SA_Energy_Dominance,3.750000,0.041826320
SA_Energy_Dominance,3.796000,0.041702580
SA_Energy_Dominance,3.820000,0.041695041
SA_Energy_Dominance,3.830000,0.041694692
SA_Energy_Dominance,3.834000,0.041649798
SA_Energy_Dominance,3.876000,0.041618849
SA_Energy_Dominance,3.884000,0.041605251
SA_Energy_Dominance,3.904000,0.041600531
SA_Energy_Dominance,3.960000,0.041593369
SA_Energy_Dominance,3.972000,0.041579488
SA_Energy_Dominance,4.002000,0.041559974
SA_Energy_Dominance,4.030000,0.041557271
SA_Energy_Dominance,4.036000,0.041555894
SA_Energy_Dominance,4.040000,0.041531340
SA_Energy_Dominance,4.060000,0.041518093
SA_Energy_Dominance,4.064000,0.041461777
SA_Energy_Dominance,4.080000,0.041447149
SA_Energy_Dominance,4.094000,0.041432520
SA_Energy_Dominance,4.106000,0.041423439
SA_Energy_Dominance,4.124000,0.041404959
SA_Energy_Dominance,4.164000,0.041404467
SA_Energy_Dominance,4.182000,0.041404132
SA_Energy_Dominance,4.184000,0.041383108
SA_Energy_Dominance,4.202000,0.041368420
SA_Energy_Dominance,4.212000,0.041340409
SA_Energy_Dominance,4.222000,0.041293734
SA_Energy_Dominance,4.238000,0.041266026
SA_Energy_Dominance,4.244000,0.040943439
SA_Energy_Dominance,4.322000,0.040894484
SA_Energy_Dominance,4.356000,0.040870286
SA_Energy_Dominance,4.378000,0.040864976
SA_Energy_Dominance,4.416000,0.040837554
SA_Energy_Dominance,4.464000,0.040835240
SA_Energy_Dominance,4.490000,0.040819083
SA_Energy_Dominance,4.520000,0.040714355
SA_Energy_Dominance,4.548000,0.040705617
SA_Energy_Dominance,4.632000,0.040690989
SA_Energy_Dominance,4.660000,0.040664924
SA_Energy_Dominance,4.704000,0.040565368
SA_Energy_Dominance,4.738000,0.040559938
SA_Energy_Dominance,4.754000,0.040538885
SA_Energy_Dominance,4.862000,0.040538615
SA_Energy_Dominance,4.880000,0.040274701
SA_Energy_Dominance,4.916000,0.040253648
SA_Energy_Dominance,4.948000,0.040220943
SA_Energy_Dominance,4.976000,0.040206787
SA_Energy_Dominance,5.010000,0.040170424
SA_Energy_Dominance,5.030000,0.040131179
SA_Energy_Dominance,5.050000,0.040108137
SA_Energy_Dominance,5.084000,0.040090061
SA_Energy_Dominance,5.124000,0.040075457
SA_Energy_Dominance,5.152000,0.040051429
SA_Energy_Dominance,5.176000,0.040039959
SA_Energy_Dominance,5.210000,0.040013548
SA_Energy_Dominance,5.246000,0.040000788
SA_Energy_Dominance,5.284000,0.039938608
SA_Energy_Dominance,5.314000,0.039938276
SA_Energy_Dominance,5.346000,0.039930379
SA_Energy_Dominance,5.348000,0.039902145
SA_Energy_Dominance,5.378000,0.039889182
SA_Energy_Dominance,5.418000,0.039887708
SA_Energy_Dominance,5.446000,0.039805265
SA_Energy_Dominance,5.496000,0.039781068
SA_Energy_Dominance,5.528000,0.039747508
SA_Energy_Dominance,5.554000,0.039708487
SA_Energy_Dominance,5.584000,0.039649559
SA_Energy_Dominance,5.618000,0.039618227
SA_Energy_Dominance,5.652000,0.039603496
SA_Energy_Dominance,5.718000,0.039603496
SA_Energy_Dominance,5.732000,0.039567656
SA_Energy_Dominance,5.772000,0.039548671
SA_Energy_Dominance,5.808000,0.039546159
SA_Energy_Dominance,5.818000,0.039541859
SA_Energy_Dominance,5.840000,0.039393997
SA_Energy_Dominance,5.890000,0.039375646
SA_Energy_Dominance,5.936000,0.039370757
SA_Energy_Dominance,5.972000,0.039280104
SA_Energy_Dominance,5.982000,0.039242339
SA_Energy_Dominance,6.010000,0.039196320
SA_Energy_Dominance,6.034000,0.038852656
SA_Energy_Dominance,6.102000,0.038839550
SA_Energy_Dominance,6.136000,0.038833993
SA_Energy_Dominance,6.180000,0.037718018
SA_Energy_Dominance,6.236000,0.037580058
SA_Energy_Dominance,6.268000,0.037564545
SA_Energy_Dominance,6.312000,0.037537952
SA_Energy_Dominance,6.346000,0.037516129
SA_Energy_Dominance,6.382000,0.037514478
SA_Energy_Dominance,6.414000,0.037514478
SA_Energy_Dominance,6.878000,0.036430913
SA_Energy_Dominance,6.926000,0.036406715
SA_Energy_Dominance,8.514000,0.036166912
SA_Energy_Dominance,8.532000,0.035874466
SA_Energy_Dominance,8.596000,0.035840442
SA_Energy_Dominance,8.744000,0.035840442
SA_Energy_Dominance,10.478000,0.035471779
SA_Energy_Dominance,10.554000,0.035256848
SA_Energy_Dominance,10.658000,0.035138046
SA_Energy_Dominance,10.810000,0.035101960
SA_Energy_Dominance,12.948000,0.034782691
SA_Energy_Dominance,13.062000,0.034777480
SA_Energy_Dominance,13.106000,0.034651665
SA_Energy_Dominance,13.284000,0.034637946
SA_Energy_Dominance,15.842000,0.034250150
SA_Energy_Dominance,15.930000,0.034127160
SA_Energy_Dominance,16.070000,0.034114765
SA_Energy_Dominance,16.208000,0.034110616
NSGA-II,1.734000,0.045919773
NSGA-II,1.738000,0.044813246
NSGA-II,1.758000,0.044419179
NSGA-II,1.776000,0.044214598
NSGA-II,1.778000,0.043651024
NSGA-II,1.782000,0.043439592
NSGA-II,1.792000,0.043204813
NSGA-II,1.806000,0.043139818
NSGA-II,1.814000,0.043091986
NSGA-II,1.832000,0.042827596
NSGA-II,1.834000,0.042356957
NSGA-II,1.870000,0.041959035
NSGA-II,1.922000,0.041937131
NSGA-II,1.928000,0.041752651
NSGA-II,1.984000,0.041484997
NSGA-II,2.010000,0.041391122
NSGA-II,2.112000,0.041041307
NSGA-II,2.146000,0.040178104
NSGA-II,2.160000,0.040040789
NSGA-II,2.186000,0.040006474
NSGA-II,2.218000,0.039487332
NSGA-II,2.244000,0.039229034
NSGA-II,2.286000,0.039088508
NSGA-II,2.300000,0.038810674
NSGA-II,2.412000,0.038667946
NSGA-II,2.468000,0.038443830
NSGA-II,2.522000,0.038412365
NSGA-II,2.598000,0.038219302
NSGA-II,2.642000,0.038203431
NSGA-II,2.684000,0.038078220
NSGA-II,2.728000,0.038024039
NSGA-II,2.770000,0.037962886
NSGA-II,2.814000,0.037956451
NSGA-II,2.844000,0.037843151
NSGA-II,2.896000,0.037741207
NSGA-II,2.948000,0.037613457
NSGA-II,3.012000,0.037523882
NSGA-II,3.116000,0.037498750
NSGA-II,3.190000,0.037467007
NSGA-II,3.194000,0.037372124
NSGA-II,3.276000,0.037342495
NSGA-II,3.316000,0.037292781
NSGA-II,3.366000,0.037270250
NSGA-II,3.384000,0.037223072
NSGA-II,3.772000,0.037064085
NSGA-II,3.948000,0.036999214
NSGA-II,4.134000,0.036959322
NSGA-II,4.310000,0.036934533
NSGA-II,4.362000,0.036931718
NSGA-II,4.404000,0.036891334
NSGA-II,4.778000,0.036868528
SPEA-II,1.672000,0.044627588
SPEA-II,1.686000,0.044558738
SPEA-II,1.690000,0.044331101
SPEA-II,1.698000,0.044320828
SPEA-II,1.702000,0.044302933
SPEA-II,1.710000,0.044215185
SPEA-II,1.716000,0.044083460
SPEA-II,1.742000,0.044045275
SPEA-II,1.748000,0.043924527
SPEA-II,1.752000,0.043808191
SPEA-II,1.756000,0.043749331
SPEA-II,1.768000,0.043710874
SPEA-II,1.770000,0.043589753
SPEA-II,1.772000,0.043561468
SPEA-II,1.780000,0.043183647
SPEA-II,1.802000,0.043149467
SPEA-II,1.804000,0.042853861
SPEA-II,1.808000,0.042823103
SPEA-II,1.826000,0.042406080
SPEA-II,1.860000,0.042200947
SPEA-II,1.872000,0.041967814
SPEA-II,1.916000,0.041616845
SPEA-II,1.936000,0.041613210
SPEA-II,1.964000,0.041549714
SPEA-II,1.970000,0.041418941
SPEA-II,1.990000,0.041387361
SPEA-II,1.998000,0.041329224
SPEA-II,2.022000,0.041328176
SPEA-II,2.050000,0.041319738
SPEA-II,2.052000,0.041100644
SPEA-II,2.062000,0.040993974
SPEA-II,2.120000,0.040945080
SPEA-II,2.144000,0.040894156
SPEA-II,2.150000,0.040420046
SPEA-II,2.228000,0.040330656
SPEA-II,2.232000,0.039809710
SPEA-II,2.244000,0.039809184
SPEA-II,2.322000,0.039639940
SPEA-II,2.386000,0.039483849
SPEA-II,2.404000,0.039386848
SPEA-II,2.432000,0.039239914
SPEA-II,2.446000,0.039215139
SPEA-II,2.476000,0.039197868
SPEA-II,2.520000,0.039117738
SPEA-II,2.548000,0.039107375
SPEA-II,2.552000,0.039068031
SPEA-II,2.568000,0.039031301
SPEA-II,2.590000,0.039006755
SPEA-II,2.608000,0.038892554
SPEA-II,2.640000,0.038848351
SPEA-II,2.674000,0.038760863
SPEA-II,2.718000,0.038658120
SPEA-II,2.752000,0.038617219
SPEA-II,2.790000,0.038596723
SPEA-II,2.862000,0.038558117
SPEA-II,2.874000,0.038546447
SPEA-II,2.882000,0.038402665
SPEA-II,2.912000,0.038286923
SPEA-II,2.980000,0.038256376
SPEA-II,3.020000,0.038218834
SPEA-II,3.024000,0.038142498
SPEA-II,3.062000,0.038141349
SPEA-II,3.122000,0.037985428
SPEA-II,3.202000,0.037985391
SPEA-II,3.234000,0.037979762
SPEA-II,3.266000,0.037897744
SPEA-II,3.292000,0.037882310
SPEA-II,3.338000,0.037844774
SPEA-II,3.390000,0.037807913
SPEA-II,3.430000,0.037775148
SPEA-II,3.482000,0.037640245
SPEA-II,3.636000,0.037639151
SPEA-II,4.114000,0.037583574
SPEA-II,4.252000,0.037502862
AMOSA,1.778000,0.046703373
AMOSA,1.780000,0.046182002
AMOSA,1.782000,0.045534161
AMOSA,1.812000,0.045523063
AMOSA,1.820000,0.045459402
AMOSA,1.826000,0.045449925
AMOSA,1.848000,0.045362414
AMOSA,1.856000,0.045333688
AMOSA,1.886000,0.045288049
AMOSA,1.914000,0.045252853
AMOSA,1.916000,0.045153160
AMOSA,1.956000,0.045131294
AMOSA,1.986000,0.045035343
AMOSA,2.162000,0.044956390
AMOSA,2.262000,0.044922656
AMOSA,2.306000,0.044827237
AMOSA,2.412000,0.044811614
AMOSA,2.514000,0.044755187
AMOSA,2.542000,0.044594105
AMOSA,2.614000,0.044524110
AMOSA,2.842000,0.044349837
AMOSA,3.136000,0.044342395
AMOSA,3.180000,0.044306640
AMOSA,3.220000,0.044224503
AMOSA,3.276000,0.044041459
AMOSA,3.280000,0.043944518
AMOSA,3.340000,0.043929429
AMOSA,3.404000,0.043829963
AMOSA,3.408000,0.043778068
AMOSA,3.494000,0.043680763
AMOSA,3.668000,0.043254927
GA_WaitingTime_Dominance_PC90,1.474000,0.047233490
GA_WaitingTime_Dominance_PC90,1.482000,0.047177761
GA_WaitingTime_Dominance_PC90,1.484000,0.047123901
GA_WaitingTime_Dominance_PC90,1.486000,0.046853179
GA_WaitingTime_Dominance_PC90,1.490000,0.046822933
GA_WaitingTime_Dominance_PC90,1.492000,0.045683260
GA_WaitingTime_Dominance_PC90,1.500000,0.045623910
GA_WaitingTime_Dominance_PC90,1.504000,0.045522928
GA_WaitingTime_Dominance_PC90,1.506000,0.045399433
GA_WaitingTime_Dominance_PC90,1.532000,0.045348718
GA_WaitingTime_Dominance_PC90,1.542000,0.045298067
GA_WaitingTime_Dominance_PC90,1.670000,0.045246406
GA_WaitingTime_Dominance_PC90,2.602000,0.045190352
GA_WaitingTime_Dominance_PC90,2.608000,0.045048477
GA_WaitingTime_Dominance_PC90,2.812000,0.045039149
GA_WaitingTime_Dominance_PC90,2.850000,0.044901728
GA_WaitingTime_Dominance_PC90,3.266000,0.044641589
GA_WaitingTime_Dominance_PC90,3.650000,0.044464377
GA_WaitingTime_Dominance_PC90,3.676000,0.044362115
GA_WaitingTime_Dominance_PC90,3.724000,0.043861293
GA_Energy_Dominance_PC90,2.906000,0.044097095
GA_Energy_Dominance_PC90,3.128000,0.043811360
GA_Energy_Dominance_PC90,3.420000,0.043702482
GA_Energy_Dominance_PC90,3.652000,0.043608600
GA_Energy_Dominance_PC90,3.670000,0.043468156
GA_Energy_Dominance_PC90,3.720000,0.043326988
GA_Energy_Dominance_PC90,3.756000,0.042874842
GA_Energy_Dominance_PC90,3.970000,0.042712049
GA_Energy_Dominance_PC90,4.048000,0.042549056
GA_Energy_Dominance_PC90,4.108000,0.042294361
GA_Energy_Dominance_PC90,4.168000,0.041715311
GA_Energy_Dominance_PC90,4.190000,0.041634975
GA_Energy_Dominance_PC90,4.380000,0.041562046
GA_Energy_Dominance_PC90,4.438000,0.041413185
GA_Energy_Dominance_PC90,4.560000,0.040970842
GA_Energy_Dominance_PC90,4.750000,0.040876355
GA_Energy_Dominance_PC90,4.754000,0.040623385
GA_Energy_Dominance_PC90,4.866000,0.040501177
GA_Energy_Dominance_PC90,5.082000,0.040342205
GA_Energy_Dominance_PC90,5.216000,0.039609968
GA_Energy_Dominance_PC90,5.540000,0.039495577
GA_Energy_Dominance_PC90,5.840000,0.039348528
GA_Energy_Dominance_PC90,5.848000,0.039345891
GA_Energy_Dominance_PC90,5.912000,0.039125258
GA_Energy_Dominance_PC90,6.016000,0.039054140
GA_Energy_Dominance_PC90,6.022000,0.038807460
GA_Energy_Dominance_PC90,6.296000,0.038565659
GA_Energy_Dominance_PC90,6.298000,0.038461137
GA_Energy_Dominance_PC90,6.386000,0.038089773
GA_Energy_Dominance_PC90,6.760000,0.038023524
GA_Energy_Dominance_PC90,7.044000,0.038023207
GA_Energy_Dominance_PC90,7.134000,0.037909750
GA_Energy_Dominance_PC90,7.244000,0.037860591
GA_Energy_Dominance_PC90,7.462000,0.037633026
GA_Energy_Dominance_PC90,7.542000,0.037525256
GA_Energy_Dominance_PC90,7.620000,0.037475545
GA_Energy_Dominance_PC90,7.774000,0.037431972
GA_Energy_Dominance_PC90,7.838000,0.037233732
GA_Energy_Dominance_PC90,7.974000,0.037140691
GA_Energy_Dominance_PC90,8.164000,0.037098311
GA_Energy_Dominance_PC90,8.334000,0.036985696
GA_Energy_Dominance_PC90,8.512000,0.036951707
GA_Energy_Dominance_PC90,8.580000,0.036467622
GA_Energy_Dominance_PC90,8.862000,0.036380375
GA_Energy_Dominance_PC90,9.064000,0.036320537
GA_Energy_Dominance_PC90,9.112000,0.036217204
GA_Energy_Dominance_PC90,9.500000,0.035869815
GA_Energy_Dominance_PC90,9.506000,0.035730196
GA_Energy_Dominance_PC90,9.666000,0.035718371
GA_Energy_Dominance_PC90,9.718000,0.035579346
GA_Energy_Dominance_PC90,9.858000,0.035485654
GA_Energy_Dominance_PC90,10.362000,0.035352638
GA_Energy_Dominance_PC90,10.394000,0.035188070
GA_Energy_Dominance_PC90,10.530000,0.035098313
GA_Energy_Dominance_PC90,10.654000,0.034834917
GA_Energy_Dominance_PC90,10.734000,0.034720441
GA_Energy_Dominance_PC90,10.836000,0.034612762
GA_Energy_Dominance_PC90,11.054000,0.034588988
GA_Energy_Dominance_PC90,11.144000,0.034572741
GA_Energy_Dominance_PC90,11.268000,0.034422926
GA_Energy_Dominance_PC90,11.576000,0.034266513
GA_Energy_Dominance_PC90,11.826000,0.034210046
GA_Energy_Dominance_PC90,11.988000,0.034160408
GA_Energy_Dominance_PC90,12.202000,0.034063713
GA_Energy_Dominance_PC90,12.308000,0.033938952
GA_Energy_Dominance_PC90,12.434000,0.033920340
GA_Energy_Dominance_PC90,12.710000,0.033844612
GA_Energy_Dominance_PC90,12.832000,0.033790013
GA_Energy_Dominance_PC90,12.964000,0.033787796
GA_Energy_Dominance_PC90,13.110000,0.033775070
GA_Energy_Dominance_PC90,13.166000,0.033635690
GA_Energy_Dominance_PC90,13.658000,0.033562700
GA_Energy_Dominance_PC90,13.802000,0.033332107
GA_Energy_Dominance_PC90,14.152000,0.033306375
GA_Energy_Dominance_PC90,14.324000,0.033226271
GA_Energy_Dominance_PC90,14.466000,0.033210094
GA_Energy_Dominance_PC90,14.670000,0.033178980
GA_Energy_Dominance_PC90,14.762000,0.033140275
GA_Energy_Dominance_PC90,14.984000,0.033131884
GA_Energy_Dominance_PC90,14.994000,0.033110861
GA_Energy_Dominance_PC90,15.114000,0.033085436
GA_Energy_Dominance_PC90,15.140000,0.033067850
GA_Energy_Dominance_PC90,15.250000,0.032995586
GA_Energy_Dominance_PC90,15.274000,0.032919656
GA_Energy_Dominance_PC90,15.406000,0.032917623
GA_Energy_Dominance_PC90,15.596000,0.032835479
GA_Energy_Dominance_PC90,15.730000,0.032620748
GA_Energy_Dominance_PC90,15.954000,0.032580595
GA_Energy_Dominance_PC90,16.130000,0.032464627
GA_Energy_Dominance_PC90,16.408000,0.032417226
GA_Energy_Dominance_PC90,16.560000,0.032412347
GA_Energy_Dominance_PC90,16.728000,0.032409430
GA_Energy_Dominance_PC90,17.246000,0.032399028
GA_Energy_Dominance_PC90,17.482000,0.032370220
GA_Energy_Dominance_PC90,17.698000,0.032174281
GA_Energy_Dominance_PC90,17.894000,0.032149762
GA_Energy_Dominance_PC90,17.922000,0.032014100
GA_Energy_Dominance_PC90,18.130000,0.031949131
GA_Energy_Dominance_PC90,18.310000,0.031825993
GA_Energy_Dominance_PC90,18.566000,0.031760478
GA_Energy_Dominance_PC90,18.850000,0.031720309
GA_Energy_Dominance_PC90,19.168000,0.031612191
GA_Energy_Dominance_PC90,19.412000,0.031542434
GA_Energy_Dominance_PC90,19.974000,0.031508801
GA_Energy_Dominance_PC90,20.182000,0.031501722
GA_Energy_Dominance_PC90,20.374000,0.031496511
GA_Energy_Dominance_PC90,21.116000,0.031446205
GA_Energy_Dominance_PC90,21.334000,0.031444227
GA_Energy_Dominance_PC90,21.588000,0.031438512
GA_Energy_Dominance_PC90,21.600000,0.031382295
GA_Energy_Dominance_PC90,21.832000,0.031345939
GA_Energy_Dominance_PC90,22.156000,0.031322769
GA_Energy_Dominance_PC90,22.408000,0.031113080
GA_Energy_Dominance_PC90,22.792000,0.031068195
GA_Energy_Dominance_PC90,22.900000,0.030998880
GA_Energy_Dominance_PC90,22.936000,0.030906565
GA_Energy_Dominance_PC90,23.166000,0.030858339
GA_Energy_Dominance_PC90,23.400000,0.030826032
GA_Energy_Dominance_PC90,23.632000,0.030742497
GA_Energy_Dominance_PC90,23.880000,0.030652628
GA_Energy_Dominance_PC90,24.128000,0.030626830
GA_Energy_Dominance_PC90,24.390000,0.030597754
GA_Energy_Dominance_PC90,24.872000,0.030454383
GA_Energy_Dominance_PC90,25.324000,0.030370726
GA_Energy_Dominance_PC90,25.680000,0.030301413
GA_Energy_Dominance_PC90,27.644000,0.030198623
GA_Energy_Dominance_PC90,28.626000,0.030032569
GA_Energy_Dominance_PC90,29.106000,0.029930471
GA_Energy_Dominance_PC90,29.696000,0.029927910
GA_Energy_Dominance_PC90,29.980000,0.029926511
SA_WaitingTime_Dominance_PC90,1.392000,0.045465986
SA_WaitingTime_Dominance_PC90,1.404000,0.045452880
SA_WaitingTime_Dominance_PC90,1.406000,0.045394426
SA_WaitingTime_Dominance_PC90,1.420000,0.045292439
SA_WaitingTime_Dominance_PC90,1.424000,0.045170921
SA_WaitingTime_Dominance_PC90,1.526000,0.045069918
SA_WaitingTime_Dominance_PC90,1.534000,0.045045720
SA_WaitingTime_Dominance_PC90,1.536000,0.044796802
SA_WaitingTime_Dominance_PC90,1.544000,0.044782174
SA_WaitingTime_Dominance_PC90,1.546000,0.044767104
SA_WaitingTime_Dominance_PC90,1.554000,0.044756140
SA_WaitingTime_Dominance_PC90,1.558000,0.044746106
SA_WaitingTime_Dominance_PC90,1.562000,0.044745473
SA_WaitingTime_Dominance_PC90,1.564000,0.044738422
SA_WaitingTime_Dominance_PC90,1.566000,0.044670185
SA_Energy_Dominance_PC90,3.200000,0.045666103
SA_Energy_Dominance_PC90,3.218000,0.044639934
SA_Energy_Dominance_PC90,3.226000,0.044584645
SA_Energy_Dominance_PC90,3.252000,0.044534670
SA_Energy_Dominance_PC90,3.256000,0.044449673
SA_Energy_Dominance_PC90,3.278000,0.044409699
SA_Energy_Dominance_PC90,3.284000,0.044218302
SA_Energy_Dominance_PC90,3.288000,0.044168512
SA_Energy_Dominance_PC90,3.292000,0.043931607
SA_Energy_Dominance_PC90,3.302000,0.043817668
SA_Energy_Dominance_PC90,3.320000,0.043733267
SA_Energy_Dominance_PC90,3.402000,0.043648445
SA_Energy_Dominance_PC90,3.466000,0.043443456
SA_Energy_Dominance_PC90,3.476000,0.043388281
SA_Energy_Dominance_PC90,3.508000,0.043159853
SA_Energy_Dominance_PC90,3.514000,0.043114496
SA_Energy_Dominance_PC90,3.536000,0.043056964
SA_Energy_Dominance_PC90,3.554000,0.042933570
SA_Energy_Dominance_PC90,3.672000,0.042896169
SA_Energy_Dominance_PC90,3.686000,0.042861999
SA_Energy_Dominance_PC90,3.692000,0.042833967
SA_Energy_Dominance_PC90,3.704000,0.042809859
SA_Energy_Dominance_PC90,3.708000,0.042789872
SA_Energy_Dominance_PC90,3.722000,0.042771582
SA_Energy_Dominance_PC90,3.732000,0.042757927
SA_Energy_Dominance_PC90,3.738000,0.042696769
SA_Energy_Dominance_PC90,3.750000,0.042658853
SA_Energy_Dominance_PC90,3.766000,0.042632260
SA_Energy_Dominance_PC90,3.814000,0.042613957
SA_Energy_Dominance_PC90,3.820000,0.042610906
SA_Energy_Dominance_PC90,3.834000,0.042609518
SA_Energy_Dominance_PC90,3.838000,0.042584424
SA_Energy_Dominance_PC90,3.880000,0.042582797
SA_Energy_Dominance_PC90,3.882000,0.042553874
SA_Energy_Dominance_PC90,3.930000,0.042499542
SA_Energy_Dominance_PC90,3.942000,0.042481809
SA_Energy_Dominance_PC90,3.958000,0.042398404
SA_Energy_Dominance_PC90,3.972000,0.042068110
SA_Energy_Dominance_PC90,3.986000,0.042051656
SA_Energy_Dominance_PC90,4.000000,0.042047705
SA_Energy_Dominance_PC90,4.030000,0.042039658
SA_Energy_Dominance_PC90,4.048000,0.042018605
SA_Energy_Dominance_PC90,4.060000,0.041971901
SA_Energy_Dominance_PC90,4.080000,0.041964278
SA_Energy_Dominance_PC90,4.108000,0.041958721
SA_Energy_Dominance_PC90,4.110000,0.041861089
SA_Energy_Dominance_PC90,4.122000,0.041850810
SA_Energy_Dominance_PC90,4.132000,0.041785396
SA_Energy_Dominance_PC90,4.146000,0.041776460
SA_Energy_Dominance_PC90,4.168000,0.041734235
SA_Energy_Dominance_PC90,4.192000,0.041691877
SA_Energy_Dominance_PC90,4.254000,0.041685371
SA_Energy_Dominance_PC90,4.266000,0.041649771
SA_Energy_Dominance_PC90,4.290000,0.041637008
SA_Energy_Dominance_PC90,4.306000,0.041632130
SA_Energy_Dominance_PC90,4.336000,0.041623075
SA_Energy_Dominance_PC90,4.380000,0.041515524
SA_Energy_Dominance_PC90,4.418000,0.041472976
SA_Energy_Dominance_PC90,4.430000,0.041430992
SA_Energy_Dominance_PC90,4.446000,0.041415850
SA_Energy_Dominance_PC90,4.460000,0.041410292
SA_Energy_Dominance_PC90,4.464000,0.041231469
SA_Energy_Dominance_PC90,4.492000,0.041210416
SA_Energy_Dominance_PC90,4.548000,0.041206063
SA_Energy_Dominance_PC90,4.586000,0.041188345
SA_Energy_Dominance_PC90,4.620000,0.041137766
SA_Energy_Dominance_PC90,4.670000,0.041132208
SA_Energy_Dominance_PC90,4.696000,0.041127330
SA_Energy_Dominance_PC90,4.732000,0.041126248
SA_Energy_Dominance_PC90,4.748000,0.041123546
SA_Energy_Dominance_PC90,4.764000,0.041098020
SA_Energy_Dominance_PC90,4.802000,0.041083289
SA_Energy_Dominance_PC90,4.842000,0.041075192
SA_Energy_Dominance_PC90,4.872000,0.041069383
SA_Energy_Dominance_PC90,4.912000,0.040895497
SA_Energy_Dominance_PC90,4.936000,0.040856155
SA_Energy_Dominance_PC90,4.978000,0.040844372
SA_Energy_Dominance_PC90,5.000000,0.040800080
SA_Energy_Dominance_PC90,5.018000,0.040785076
SA_Energy_Dominance_PC90,5.052000,0.040773904
SA_Energy_Dominance_PC90,5.080000,0.040761809
SA_Energy_Dominance_PC90,5.174000,0.040740756
SA_Energy_Dominance_PC90,5.208000,0.040715566
SA_Energy_Dominance_PC90,5.232000,0.040708144
SA_Energy_Dominance_PC90,5.354000,0.040692372
SA_Energy_Dominance_PC90,5.360000,0.040641106
SA_Energy_Dominance_PC90,5.386000,0.040286463
SA_Energy_Dominance_PC90,5.434000,0.040280728
SA_Energy_Dominance_PC90,5.480000,0.040275992
SA_Energy_Dominance_PC90,5.508000,0.040238050
SA_Energy_Dominance_PC90,5.646000,0.039500603
SA_Energy_Dominance_PC90,5.714000,0.039483121
SA_Energy_Dominance_PC90,5.746000,0.039407027
SA_Energy_Dominance_PC90,5.774000,0.039405908
SA_Energy_Dominance_PC90,5.800000,0.039391331
SA_Energy_Dominance_PC90,5.850000,0.039375437
SA_Energy_Dominance_PC90,5.916000,0.039365404
SA_Energy_Dominance_PC90,5.942000,0.039303851
SA_Energy_Dominance_PC90,5.984000,0.039277681
SA_Energy_Dominance_PC90,6.014000,0.039260455
SA_Energy_Dominance_PC90,6.040000,0.039206551
SA_Energy_Dominance_PC90,6.064000,0.039061485
SA_Energy_Dominance_PC90,6.134000,0.039039844
SA_Energy_Dominance_PC90,6.150000,0.038933805
SA_Energy_Dominance_PC90,6.180000,0.038917310
SA_Energy_Dominance_PC90,6.264000,0.038875720
SA_Energy_Dominance_PC90,6.300000,0.038855311
SA_Energy_Dominance_PC90,6.376000,0.038846731
SA_Energy_Dominance_PC90,6.422000,0.038706542
SA_Energy_Dominance_PC90,6.528000,0.038696014
SA_Energy_Dominance_PC90,6.572000,0.038679032
SA_Energy_Dominance_PC90,6.614000,0.038677381
SA_Energy_Dominance_PC90,6.664000,0.038674679
SA_Energy_Dominance_PC90,6.726000,0.038661573
SA_Energy_Dominance_PC90,6.768000,0.038643556
SA_Energy_Dominance_PC90,6.804000,0.038613368
SA_Energy_Dominance_PC90,6.814000,0.038549922
SA_Energy_Dominance_PC90,6.886000,0.038527521
SA_Energy_Dominance_PC90,6.952000,0.038520046
SA_Energy_Dominance_PC90,6.992000,0.038500929
SA_Energy_Dominance_PC90,7.032000,0.038479876
SA_Energy_Dominance_PC90,7.074000,0.038412242
SA_Energy_Dominance_PC90,7.140000,0.038362790
SA_Energy_Dominance_PC90,7.144000,0.038297632
SA_Energy_Dominance_PC90,7.186000,0.038236474
SA_Energy_Dominance_PC90,7.228000,0.038233771
SA_Energy_Dominance_PC90,7.254000,0.038151862
SA_Energy_Dominance_PC90,7.306000,0.038084480
SA_Energy_Dominance_PC90,7.358000,0.038061805
SA_Energy_Dominance_PC90,7.428000,0.038040026
SA_Energy_Dominance_PC90,7.486000,0.037947976
SA_Energy_Dominance_PC90,7.570000,0.037905372
SA_Energy_Dominance_PC90,7.674000,0.037902820
SA_Energy_Dominance_PC90,7.686000,0.036614270
SA_Energy_Dominance_PC90,7.764000,0.036557441
SA_Energy_Dominance_PC90,7.840000,0.036550687
SA_Energy_Dominance_PC90,7.900000,0.036546774
SA_Energy_Dominance_PC90,8.814000,0.036167545
SA_Energy_Dominance_PC90,8.948000,0.036143050
SA_Energy_Dominance_PC90,9.014000,0.036133521
SA_Energy_Dominance_PC90,9.486000,0.036062368
SA_Energy_Dominance_PC90,9.564000,0.036017465
SA_Energy_Dominance_PC90,9.632000,0.035989730
SA_Energy_Dominance_PC90,9.860000,0.035967671
SA_Energy_Dominance_PC90,9.878000,0.035827602
SA_Energy_Dominance_PC90,9.942000,0.035628005
SA_Energy_Dominance_PC90,10.098000,0.035612666
SA_Energy_Dominance_PC90,10.186000,0.035591920
SA_Energy_Dominance_PC90,10.646000,0.035540488
SA_Energy_Dominance_PC90,10.764000,0.035521709
SA_Energy_Dominance_PC90,11.108000,0.034872082
SA_Energy_Dominance_PC90,11.278000,0.034676443
SA_Energy_Dominance_PC90,11.498000,0.034661073
SA_Energy_Dominance_PC90,11.588000,0.034658897
NSGA-II_PC90,2.038000,0.041466554
NSGA-II_PC90,2.130000,0.040912808
NSGA-II_PC90,2.148000,0.040736100
NSGA-II_PC90,2.192000,0.040580611
NSGA-II_PC90,2.204000,0.040527948
NSGA-II_PC90,2.238000,0.040285888
NSGA-II_PC90,2.262000,0.040161535
NSGA-II_PC90,2.274000,0.040116727
NSGA-II_PC90,2.322000,0.040024081
NSGA-II_PC90,2.354000,0.039937260
NSGA-II_PC90,2.366000,0.039630561
NSGA-II_PC90,2.394000,0.039554604
NSGA-II_PC90,2.426000,0.039537533
NSGA-II_PC90,2.444000,0.039270720
NSGA-II_PC90,2.470000,0.039164549
NSGA-II_PC90,2.518000,0.039002271
NSGA-II_PC90,2.528000,0.038939963
NSGA-II_PC90,2.558000,0.038795129
NSGA-II_PC90,2.564000,0.038726876
NSGA-II_PC90,2.604000,0.038540338
NSGA-II_PC90,2.610000,0.038484414
NSGA-II_PC90,2.652000,0.038479735
NSGA-II_PC90,2.680000,0.038477166
NSGA-II_PC90,2.696000,0.038345401
NSGA-II_PC90,2.730000,0.038115879
NSGA-II_PC90,2.766000,0.038100604
NSGA-II_PC90,2.786000,0.038020781
NSGA-II_PC90,2.834000,0.037920953
NSGA-II_PC90,2.862000,0.037883472
NSGA-II_PC90,2.886000,0.037879164
NSGA-II_PC90,2.972000,0.037709101
NSGA-II_PC90,3.012000,0.037671514
NSGA-II_PC90,3.038000,0.037478055
NSGA-II_PC90,3.172000,0.037366263
NSGA-II_PC90,3.256000,0.037297776
NSGA-II_PC90,3.292000,0.037287464
NSGA-II_PC90,3.324000,0.037226384
NSGA-II_PC90,3.350000,0.037207073
NSGA-II_PC90,3.392000,0.037145640
NSGA-II_PC90,3.408000,0.037137934
NSGA-II_PC90,3.446000,0.037105984
NSGA-II_PC90,3.474000,0.037068622
NSGA-II_PC90,3.520000,0.037018305
NSGA-II_PC90,3.536000,0.037009630
NSGA-II_PC90,3.582000,0.036942361
NSGA-II_PC90,3.622000,0.036895193
NSGA-II_PC90,3.772000,0.036798929
NSGA-II_PC90,3.878000,0.036749908
NSGA-II_PC90,3.908000,0.036749270
NSGA-II_PC90,3.964000,0.036611840
NSGA-II_PC90,4.114000,0.036575113
NSGA-II_PC90,4.120000,0.036532408
NSGA-II_PC90,4.224000,0.036432326
NSGA-II_PC90,4.304000,0.036391971
NSGA-II_PC90,4.344000,0.036391148
NSGA-II_PC90,4.414000,0.036350744
NSGA-II_PC90,4.472000,0.036283296
NSGA-II_PC90,4.476000,0.036274104
NSGA-II_PC90,4.574000,0.036271237
NSGA-II_PC90,4.578000,0.036131193
NSGA-II_PC90,4.778000,0.036079741
NSGA-II_PC90,4.852000,0.036009768
NSGA-II_PC90,4.942000,0.035991214
NSGA-II_PC90,5.030000,0.035959454
NSGA-II_PC90,5.134000,0.035904489
NSGA-II_PC90,5.382000,0.035855226
NSGA-II_PC90,5.516000,0.035803852
NSGA-II_PC90,5.612000,0.035769054
SPEA-II_PC90,1.980000,0.044016102
SPEA-II_PC90,1.984000,0.039952223
SPEA-II_PC90,2.030000,0.039860784
SPEA-II_PC90,2.044000,0.039768148
SPEA-II_PC90,2.064000,0.039672206
SPEA-II_PC90,2.094000,0.039662341
SPEA-II_PC90,2.108000,0.039624700
SPEA-II_PC90,2.120000,0.039561908
SPEA-II_PC90,2.128000,0.039439234
SPEA-II_PC90,2.130000,0.039350519
SPEA-II_PC90,2.158000,0.039263219
SPEA-II_PC90,2.184000,0.039198061
SPEA-II_PC90,2.188000,0.039065413
SPEA-II_PC90,2.208000,0.039004618
SPEA-II_PC90,2.246000,0.038892201
SPEA-II_PC90,2.280000,0.038723797
SPEA-II_PC90,2.310000,0.038709686
SPEA-II_PC90,2.350000,0.038677718
SPEA-II_PC90,2.390000,0.038616241
SPEA-II_PC90,2.414000,0.038580372
SPEA-II_PC90,2.446000,0.038552393
SPEA-II_PC90,2.462000,0.038483080
SPEA-II_PC90,2.466000,0.038434278
SPEA-II_PC90,2.472000,0.038343379
SPEA-II_PC90,2.530000,0.038337086
SPEA-II_PC90,2.556000,0.038253917
SPEA-II_PC90,2.574000,0.038215022
SPEA-II_PC90,2.618000,0.038132465
SPEA-II_PC90,2.662000,0.038024915
SPEA-II_PC90,2.724000,0.037973041
SPEA-II_PC90,2.800000,0.037956267
SPEA-II_PC90,2.808000,0.037884454
SPEA-II_PC90,2.866000,0.037796384
SPEA-II_PC90,2.894000,0.037739886
SPEA-II_PC90,3.024000,0.037722893
SPEA-II_PC90,3.070000,0.037689456
SPEA-II_PC90,3.130000,0.037641639
SPEA-II_PC90,3.150000,0.037574208
SPEA-II_PC90,3.202000,0.037542573
SPEA-II_PC90,3.272000,0.037527266
SPEA-II_PC90,3.340000,0.037483204
SPEA-II_PC90,3.390000,0.037363839
SPEA-II_PC90,3.422000,0.037303084
SPEA-II_PC90,3.464000,0.037263330
SPEA-II_PC90,3.504000,0.037261715
SPEA-II_PC90,3.540000,0.037161691
SPEA-II_PC90,3.598000,0.037133542
SPEA-II_PC90,3.656000,0.037086719
SPEA-II_PC90,3.686000,0.037069226
SPEA-II_PC90,3.690000,0.036993455
SPEA-II_PC90,3.750000,0.036872720
SPEA-II_PC90,3.830000,0.036852124
SPEA-II_PC90,3.892000,0.036727347
SPEA-II_PC90,3.996000,0.036615100
SPEA-II_PC90,4.044000,0.036574416
SPEA-II_PC90,4.126000,0.036551581
SPEA-II_PC90,4.218000,0.036475314
SPEA-II_PC90,4.272000,0.036473387
SPEA-II_PC90,4.348000,0.036388897
SPEA-II_PC90,4.400000,0.036374024
SPEA-II_PC90,4.440000,0.036354793
SPEA-II_PC90,4.504000,0.036337265
SPEA-II_PC90,4.698000,0.036259813
SPEA-II_PC90,4.796000,0.036219703
SPEA-II_PC90,5.284000,0.036154247
AMOSA_PC90,1.812000,0.046486970
AMOSA_PC90,1.814000,0.046108056
AMOSA_PC90,1.834000,0.046063801
AMOSA_PC90,1.840000,0.045953855
AMOSA_PC90,1.848000,0.045605959
AMOSA_PC90,1.856000,0.045472735
AMOSA_PC90,1.858000,0.045034120
AMOSA_PC90,1.886000,0.044939648
AMOSA_PC90,1.890000,0.044903470
AMOSA_PC90,1.902000,0.044791430
AMOSA_PC90,1.924000,0.044711951
AMOSA_PC90,1.942000,0.044515250
AMOSA_PC90,1.978000,0.044495371
AMOSA_PC90,2.032000,0.044413498
AMOSA_PC90,2.052000,0.044316624
AMOSA_PC90,2.074000,0.044258162
AMOSA_PC90,2.090000,0.044201097
AMOSA_PC90,2.092000,0.044134296
AMOSA_PC90,2.106000,0.043997276
AMOSA_PC90,2.130000,0.043915664
AMOSA_PC90,2.148000,0.043751490
AMOSA_PC90,2.196000,0.043636637
AMOSA_PC90,2.430000,0.043599790
AMOSA_PC90,2.702000,0.043579771
AMOSA_PC90,2.722000,0.043521000
AMOSA_PC90,2.834000,0.043478051
AMOSA_PC90,3.018000,0.043337443
AMOSA_PC90,3.108000,0.043161534
AMOSA_PC90,3.192000,0.043127027
AMOSA_PC90,3.212000,0.043077659
AMOSA_PC90,3.282000,0.042969136
AMOSA_PC90,3.284000,0.042904672
AMOSA_PC90,3.448000,0.042788969
AMOSA_PC90,3.658000,0.042747630
AMOSA_PC90,3.756000,0.042658011
AMOSA_PC90,3.904000,0.042463532
AMOSA_PC90,3.962000,0.042374020
AMOSA_PC90,4.024000,0.042234442
AMOSA_PC90,4.120000,0.042060702
AMOSA_PC90,4.216000,0.041956699
AMOSA_PC90,4.256000,0.041955999
AMOSA_PC90,4.360000,0.041906933
AMOSA_PC90,4.486000,0.041797447
AMOSA_PC90,4.532000,0.041734207
AMOSA_PC90,4.576000,0.041621768
AMOSA_PC90,4.686000,0.041402124
AMOSA_PC90,5.488000,0.041357499
GA_WaitingTime_Dominance_PC85,1.516000,0.046850210
GA_WaitingTime_Dominance_PC85,1.518000,0.046782869
GA_WaitingTime_Dominance_PC85,1.520000,0.046452673
GA_WaitingTime_Dominance_PC85,1.522000,0.046390157
GA_WaitingTime_Dominance_PC85,1.528000,0.046357929
GA_WaitingTime_Dominance_PC85,1.530000,0.046257149
GA_WaitingTime_Dominance_PC85,1.534000,0.046119567
GA_WaitingTime_Dominance_PC85,1.536000,0.045706658
GA_WaitingTime_Dominance_PC85,1.538000,0.045654672
GA_WaitingTime_Dominance_PC85,1.542000,0.045569473
GA_WaitingTime_Dominance_PC85,1.570000,0.045474644
GA_WaitingTime_Dominance_PC85,1.610000,0.045256583
GA_WaitingTime_Dominance_PC85,1.616000,0.045140899
GA_WaitingTime_Dominance_PC85,2.064000,0.045137317
GA_WaitingTime_Dominance_PC85,3.152000,0.045133521
GA_WaitingTime_Dominance_PC85,3.218000,0.045080867
GA_WaitingTime_Dominance_PC85,3.290000,0.044861974
GA_WaitingTime_Dominance_PC85,3.878000,0.044675566
GA_WaitingTime_Dominance_PC85,4.090000,0.044370678
GA_WaitingTime_Dominance_PC85,4.474000,0.044249532
GA_WaitingTime_Dominance_PC85,4.852000,0.044117717
GA_WaitingTime_Dominance_PC85,5.016000,0.043711894
GA_Energy_Dominance_PC85,2.914000,0.045253182
GA_Energy_Dominance_PC85,3.090000,0.044251645
GA_Energy_Dominance_PC85,3.100000,0.043975246
GA_Energy_Dominance_PC85,3.128000,0.043748445
GA_Energy_Dominance_PC85,3.288000,0.043594748
GA_Energy_Dominance_PC85,3.326000,0.043559669
GA_Energy_Dominance_PC85,3.454000,0.043527669
GA_Energy_Dominance_PC85,3.500000,0.043087164
GA_Energy_Dominance_PC85,3.788000,0.042908280
GA_Energy_Dominance_PC85,3.834000,0.042883046
GA_Energy_Dominance_PC85,3.836000,0.042722254
GA_Energy_Dominance_PC85,3.914000,0.042613722
GA_Energy_Dominance_PC85,3.948000,0.042548568
GA_Energy_Dominance_PC85,4.094000,0.042509725
GA_Energy_Dominance_PC85,4.136000,0.042470272
GA_Energy_Dominance_PC85,4.138000,0.042298831
GA_Energy_Dominance_PC85,4.152000,0.042118820
GA_Energy_Dominance_PC85,4.174000,0.041888208
GA_Energy_Dominance_PC85,4.286000,0.041610269
GA_Energy_Dominance_PC85,4.292000,0.041411808
GA_Energy_Dominance_PC85,4.682000,0.041020635
GA_Energy_Dominance_PC85,4.772000,0.040780167
GA_Energy_Dominance_PC85,4.818000,0.040773378
GA_Energy_Dominance_PC85,4.852000,0.040479429
GA_Energy_Dominance_PC85,5.052000,0.040204331
GA_Energy_Dominance_PC85,5.410000,0.039148219
GA_Energy_Dominance_PC85,5.934000,0.039009481
GA_Energy_Dominance_PC85,6.034000,0.038913224
GA_Energy_Dominance_PC85,6.246000,0.038833355
GA_Energy_Dominance_PC85,6.472000,0.038671647
GA_Energy_Dominance_PC85,6.614000,0.038578967
GA_Energy_Dominance_PC85,6.666000,0.038545227
GA_Energy_Dominance_PC85,6.680000,0.038138500
GA_Energy_Dominance_PC85,6.760000,0.038098946
GA_Energy_Dominance_PC85,6.890000,0.037569514
GA_Energy_Dominance_PC85,7.248000,0.037360081
GA_Energy_Dominance_PC85,7.326000,0.037289813
GA_Energy_Dominance_PC85,7.516000,0.037239690
GA_Energy_Dominance_PC85,7.618000,0.037082054
GA_Energy_Dominance_PC85,7.848000,0.037011919
GA_Energy_Dominance_PC85,7.932000,0.036939881
GA_Energy_Dominance_PC85,7.970000,0.036907764
GA_Energy_Dominance_PC85,8.018000,0.036575208
GA_Energy_Dominance_PC85,8.140000,0.036560665
GA_Energy_Dominance_PC85,8.232000,0.036460600
GA_Energy_Dominance_PC85,8.248000,0.036275261
GA_Energy_Dominance_PC85,8.490000,0.036141572
GA_Energy_Dominance_PC85,8.714000,0.036107543
GA_Energy_Dominance_PC85,8.808000,0.036031127
GA_Energy_Dominance_PC85,8.868000,0.035821166
GA_Energy_Dominance_PC85,8.972000,0.035813498
GA_Energy_Dominance_PC85,9.042000,0.035733177
GA_Energy_Dominance_PC85,9.118000,0.035710148
GA_Energy_Dominance_PC85,9.208000,0.035526383
GA_Energy_Dominance_PC85,9.446000,0.035380287
GA_Energy_Dominance_PC85,10.050000,0.035185420
GA_Energy_Dominance_PC85,10.272000,0.035158403
GA_Energy_Dominance_PC85,10.366000,0.035080227
GA_Energy_Dominance_PC85,10.396000,0.034935265
GA_Energy_Dominance_PC85,10.564000,0.034849217
GA_Energy_Dominance_PC85,10.782000,0.034828496
GA_Energy_Dominance_PC85,10.940000,0.034777874
GA_Energy_Dominance_PC85,11.050000,0.034709858
GA_Energy_Dominance_PC85,11.150000,0.034615422
GA_Energy_Dominance_PC85,11.414000,0.034596050
GA_Energy_Dominance_PC85,11.552000,0.034555584
GA_Energy_Dominance_PC85,11.662000,0.034510889
GA_Energy_Dominance_PC85,11.786000,0.034405684
GA_Energy_Dominance_PC85,11.814000,0.034289964
GA_Energy_Dominance_PC85,11.964000,0.034223845
GA_Energy_Dominance_PC85,12.158000,0.034168141
GA_Energy_Dominance_PC85,12.306000,0.034021430
GA_Energy_Dominance_PC85,12.420000,0.033978721
GA_Energy_Dominance_PC85,12.430000,0.033865506
GA_Energy_Dominance_PC85,12.714000,0.033833368
GA_Energy_Dominance_PC85,12.900000,0.033737938
GA_Energy_Dominance_PC85,13.084000,0.033684002
GA_Energy_Dominance_PC85,13.118000,0.033560782
GA_Energy_Dominance_PC85,13.496000,0.033516640
GA_Energy_Dominance_PC85,13.700000,0.033452980
GA_Energy_Dominance_PC85,13.908000,0.033415426
GA_Energy_Dominance_PC85,14.196000,0.033320864
GA_Energy_Dominance_PC85,14.322000,0.033281162
GA_Energy_Dominance_PC85,14.458000,0.033234089
GA_Energy_Dominance_PC85,14.634000,0.033150254
GA_Energy_Dominance_PC85,14.866000,0.033061636
GA_Energy_Dominance_PC85,15.086000,0.033040729
GA_Energy_Dominance_PC85,15.216000,0.033001187
GA_Energy_Dominance_PC85,15.282000,0.032919607
GA_Energy_Dominance_PC85,15.586000,0.032821092
GA_Energy_Dominance_PC85,15.798000,0.032804269
GA_Energy_Dominance_PC85,15.944000,0.032768452
GA_Energy_Dominance_PC85,16.182000,0.032668846
GA_Energy_Dominance_PC85,16.330000,0.032616064
GA_Energy_Dominance_PC85,16.428000,0.032478990
GA_Energy_Dominance_PC85,16.688000,0.032398524
GA_Energy_Dominance_PC85,16.832000,0.032356036
GA_Energy_Dominance_PC85,17.016000,0.032321024
GA_Energy_Dominance_PC85,17.272000,0.032301765
GA_Energy_Dominance_PC85,17.376000,0.032262009
GA_Energy_Dominance_PC85,17.674000,0.032236640
GA_Energy_Dominance_PC85,17.690000,0.032200322
GA_Energy_Dominance_PC85,17.888000,0.032182892
GA_Energy_Dominance_PC85,18.092000,0.032175875
GA_Energy_Dominance_PC85,18.256000,0.032125939
GA_Energy_Dominance_PC85,18.430000,0.032032041
GA_Energy_Dominance_PC85,18.596000,0.031956445
GA_Energy_Dominance_PC85,18.834000,0.031830491
GA_Energy_Dominance_PC85,19.066000,0.031796920
GA_Energy_Dominance_PC85,19.192000,0.031647223
GA_Energy_Dominance_PC85,19.442000,0.031605141
GA_Energy_Dominance_PC85,19.748000,0.031504849
GA_Energy_Dominance_PC85,19.936000,0.031455809
GA_Energy_Dominance_PC85,20.126000,0.031263947
GA_Energy_Dominance_PC85,20.394000,0.031225993
GA_Energy_Dominance_PC85,20.614000,0.031135124
GA_Energy_Dominance_PC85,20.798000,0.031113451
GA_Energy_Dominance_PC85,21.032000,0.031096460
GA_Energy_Dominance_PC85,21.340000,0.030994656
GA_Energy_Dominance_PC85,21.402000,0.030972490
GA_Energy_Dominance_PC85,21.754000,0.030934845
GA_Energy_Dominance_PC85,21.828000,0.030901296
GA_Energy_Dominance_PC85,22.054000,0.030829926
GA_Energy_Dominance_PC85,22.440000,0.030820361
GA_Energy_Dominance_PC85,23.054000,0.030795569
GA_Energy_Dominance_PC85,23.382000,0.030735720
GA_Energy_Dominance_PC85,23.602000,0.030698839
GA_Energy_Dominance_PC85,23.944000,0.030677360
GA_Energy_Dominance_PC85,24.174000,0.030663765
GA_Energy_Dominance_PC85,24.422000,0.030661621
GA_Energy_Dominance_PC85,24.732000,0.030642116
SA_WaitingTime_Dominance_PC85,1.514000,0.046535026
SA_WaitingTime_Dominance_PC85,1.516000,0.046139924
SA_WaitingTime_Dominance_PC85,1.518000,0.046121803
SA_WaitingTime_Dominance_PC85,1.520000,0.046083183
SA_WaitingTime_Dominance_PC85,1.526000,0.045721808
SA_WaitingTime_Dominance_PC85,1.528000,0.045703732
SA_WaitingTime_Dominance_PC85,1.532000,0.045671832
SA_WaitingTime_Dominance_PC85,1.534000,0.045644595
SA_WaitingTime_Dominance_PC85,1.536000,0.045491873
SA_WaitingTime_Dominance_PC85,1.586000,0.045445894
SA_WaitingTime_Dominance_PC85,1.592000,0.045395300
SA_WaitingTime_Dominance_PC85,1.610000,0.045333334
SA_WaitingTime_Dominance_PC85,1.622000,0.045279453
SA_WaitingTime_Dominance_PC85,1.628000,0.045179987
SA_WaitingTime_Dominance_PC85,1.634000,0.045167890
SA_WaitingTime_Dominance_PC85,1.638000,0.045139808
SA_WaitingTime_Dominance_PC85,1.644000,0.045083522
SA_WaitingTime_Dominance_PC85,1.722000,0.045034856
SA_WaitingTime_Dominance_PC85,1.732000,0.045010828
SA_WaitingTime_Dominance_PC85,1.744000,0.044977713
SA_WaitingTime_Dominance_PC85,1.936000,0.044960205
SA_Energy_Dominance_PC85,3.066000,0.045223924
SA_Energy_Dominance_PC85,3.086000,0.044774160
SA_Energy_Dominance_PC85,3.096000,0.044290340
SA_Energy_Dominance_PC85,3.120000,0.044236452
SA_Energy_Dominance_PC85,3.218000,0.044081255
SA_Energy_Dominance_PC85,3.246000,0.043930184
SA_Energy_Dominance_PC85,3.252000,0.043870757
SA_Energy_Dominance_PC85,3.266000,0.043854646
SA_Energy_Dominance_PC85,3.288000,0.043839797
SA_Energy_Dominance_PC85,3.366000,0.043797793
SA_Energy_Dominance_PC85,3.374000,0.043567846
SA_Energy_Dominance_PC85,3.406000,0.043567222
SA_Energy_Dominance_PC85,3.438000,0.043544930
SA_Energy_Dominance_PC85,3.452000,0.043514214
SA_Energy_Dominance_PC85,3.522000,0.043375499
SA_Energy_Dominance_PC85,3.540000,0.043224718
SA_Energy_Dominance_PC85,3.558000,0.043214685
SA_Energy_Dominance_PC85,3.614000,0.043203303
SA_Energy_Dominance_PC85,3.624000,0.043153328
SA_Energy_Dominance_PC85,3.628000,0.042912632
SA_Energy_Dominance_PC85,3.640000,0.042878732
SA_Energy_Dominance_PC85,3.650000,0.042875338
SA_Energy_Dominance_PC85,3.658000,0.042865242
SA_Energy_Dominance_PC85,3.664000,0.042843185
SA_Energy_Dominance_PC85,3.690000,0.042792229
SA_Energy_Dominance_PC85,3.784000,0.042442455
SA_Energy_Dominance_PC85,3.878000,0.042345462
SA_Energy_Dominance_PC85,3.882000,0.042294163
SA_Energy_Dominance_PC85,3.932000,0.042277423
SA_Energy_Dominance_PC85,3.958000,0.042265766
SA_Energy_Dominance_PC85,3.980000,0.042248836
SA_Energy_Dominance_PC85,4.022000,0.042194496
SA_Energy_Dominance_PC85,4.040000,0.042116235
SA_Energy_Dominance_PC85,4.058000,0.042089703
SA_Energy_Dominance_PC85,4.068000,0.042068179
SA_Energy_Dominance_PC85,4.102000,0.042055958
SA_Energy_Dominance_PC85,4.122000,0.041995621
SA_Energy_Dominance_PC85,4.240000,0.041921990
SA_Energy_Dominance_PC85,4.270000,0.041890357
SA_Energy_Dominance_PC85,4.296000,0.041889832
SA_Energy_Dominance_PC85,4.308000,0.041784568
SA_Energy_Dominance_PC85,4.322000,0.041759597
SA_Energy_Dominance_PC85,4.436000,0.041739953
SA_Energy_Dominance_PC85,4.448000,0.041616114
SA_Energy_Dominance_PC85,4.456000,0.041503453
SA_Energy_Dominance_PC85,4.458000,0.041337093
SA_Energy_Dominance_PC85,4.482000,0.041239377
SA_Energy_Dominance_PC85,4.498000,0.041224303
SA_Energy_Dominance_PC85,4.512000,0.041215071
SA_Energy_Dominance_PC85,4.544000,0.041194019
SA_Energy_Dominance_PC85,4.596000,0.041192368
SA_Energy_Dominance_PC85,4.600000,0.041064102
SA_Energy_Dominance_PC85,4.650000,0.041063775
SA_Energy_Dominance_PC85,4.674000,0.040848514
SA_Energy_Dominance_PC85,4.702000,0.040822190
SA_Energy_Dominance_PC85,4.728000,0.040817311
SA_Energy_Dominance_PC85,4.782000,0.040800612
SA_Energy_Dominance_PC85,4.842000,0.040772352
SA_Energy_Dominance_PC85,4.984000,0.040760584
SA_Energy_Dominance_PC85,5.044000,0.040722785
SA_Energy_Dominance_PC85,5.068000,0.040704959
SA_Energy_Dominance_PC85,5.106000,0.040702783
SA_Energy_Dominance_PC85,5.138000,0.040690048
SA_Energy_Dominance_PC85,5.144000,0.040677257
SA_Energy_Dominance_PC85,5.164000,0.040604394
SA_Energy_Dominance_PC85,5.186000,0.040603549
SA_Energy_Dominance_PC85,5.192000,0.040547483
SA_Energy_Dominance_PC85,5.226000,0.040510774
SA_Energy_Dominance_PC85,5.248000,0.040492466
SA_Energy_Dominance_PC85,5.270000,0.040485224
SA_Energy_Dominance_PC85,5.332000,0.040458146
SA_Energy_Dominance_PC85,5.356000,0.040418743
SA_Energy_Dominance_PC85,5.382000,0.040314786
SA_Energy_Dominance_PC85,5.412000,0.040306385
SA_Energy_Dominance_PC85,5.452000,0.040259209
SA_Energy_Dominance_PC85,5.474000,0.040199163
SA_Energy_Dominance_PC85,5.516000,0.040120497
SA_Energy_Dominance_PC85,5.554000,0.040103047
SA_Energy_Dominance_PC85,5.614000,0.040077065
SA_Energy_Dominance_PC85,5.696000,0.040065950
SA_Energy_Dominance_PC85,5.720000,0.040007399
SA_Energy_Dominance_PC85,5.762000,0.039986681
SA_Energy_Dominance_PC85,5.826000,0.039912910
SA_Energy_Dominance_PC85,5.864000,0.039896751
SA_Energy_Dominance_PC85,5.900000,0.039860302
SA_Energy_Dominance_PC85,5.966000,0.039833370
SA_Energy_Dominance_PC85,6.036000,0.039802910
SA_Energy_Dominance_PC85,6.102000,0.039789255
SA_Energy_Dominance_PC85,6.134000,0.039777820
SA_Energy_Dominance_PC85,6.186000,0.039618984
SA_Energy_Dominance_PC85,6.240000,0.039482030
SA_Energy_Dominance_PC85,6.330000,0.039393262
SA_Energy_Dominance_PC85,6.372000,0.039381895
SA_Energy_Dominance_PC85,6.436000,0.039359002
SA_Energy_Dominance_PC85,6.502000,0.039300814
SA_Energy_Dominance_PC85,6.588000,0.039243182
SA_Energy_Dominance_PC85,6.642000,0.039240480
SA_Energy_Dominance_PC85,6.722000,0.039095642
SA_Energy_Dominance_PC85,6.774000,0.038961908
SA_Energy_Dominance_PC85,6.830000,0.038950984
SA_Energy_Dominance_PC85,6.872000,0.038872807
SA_Energy_Dominance_PC85,6.932000,0.038868980
SA_Energy_Dominance_PC85,7.058000,0.038862555
SA_Energy_Dominance_PC85,7.104000,0.038843756
SA_Energy_Dominance_PC85,7.144000,0.038825680
SA_Energy_Dominance_PC85,7.206000,0.038814672
SA_Energy_Dominance_PC85,7.282000,0.038784426
SA_Energy_Dominance_PC85,7.324000,0.038752219
SA_Energy_Dominance_PC85,7.378000,0.038733489
SA_Energy_Dominance_PC85,7.448000,0.038733123
SA_Energy_Dominance_PC85,7.508000,0.038710817
SA_Energy_Dominance_PC85,7.566000,0.038501363
SA_Energy_Dominance_PC85,7.606000,0.038425201
SA_Energy_Dominance_PC85,7.644000,0.036812170
SA_Energy_Dominance_PC85,7.654000,0.036693322
SA_Energy_Dominance_PC85,7.796000,0.036685854
SA_Energy_Dominance_PC85,8.740000,0.036454058
SA_Energy_Dominance_PC85,8.776000,0.036273368
SA_Energy_Dominance_PC85,8.892000,0.036247483
SA_Energy_Dominance_PC85,9.522000,0.035945756
SA_Energy_Dominance_PC85,9.616000,0.035816749
SA_Energy_Dominance_PC85,9.690000,0.035811345
SA_Energy_Dominance_PC85,9.768000,0.035806222
SA_Energy_Dominance_PC85,9.838000,0.035803397
SA_Energy_Dominance_PC85,10.900000,0.035724814
SA_Energy_Dominance_PC85,11.020000,0.035720797
SA_Energy_Dominance_PC85,11.100000,0.035696599
SA_Energy_Dominance_PC85,11.138000,0.034987005
SA_Energy_Dominance_PC85,11.318000,0.034966209
SA_Energy_Dominance_PC85,11.408000,0.034961230
SA_Energy_Dominance_PC85,11.546000,0.034961230
SA_Energy_Dominance_PC85,11.702000,0.034942112
SA_Energy_Dominance_PC85,11.798000,0.034942112
SA_Energy_Dominance_PC85,12.748000,0.034732493
SA_Energy_Dominance_PC85,12.820000,0.034568684
SA_Energy_Dominance_PC85,13.018000,0.034557386
SA_Energy_Dominance_PC85,13.140000,0.034554965
SA_Energy_Dominance_PC85,13.342000,0.034529710
NSGA-II_PC85,2.210000,0.042381926
NSGA-II_PC85,2.218000,0.040745847
NSGA-II_PC85,2.238000,0.040245754
NSGA-II_PC85,2.262000,0.040150089
NSGA-II_PC85,2.274000,0.039816178
NSGA-II_PC85,2.322000,0.039593341
NSGA-II_PC85,2.376000,0.039523892
NSGA-II_PC85,2.404000,0.039479905
NSGA-II_PC85,2.446000,0.039396965
NSGA-II_PC85,2.478000,0.039305046
NSGA-II_PC85,2.482000,0.039249200
NSGA-II_PC85,2.504000,0.039099525
NSGA-II_PC85,2.522000,0.039089144
NSGA-II_PC85,2.538000,0.039078363
NSGA-II_PC85,2.550000,0.038964339
NSGA-II_PC85,2.562000,0.038909677
NSGA-II_PC85,2.606000,0.038821575
NSGA-II_PC85,2.620000,0.038747030
NSGA-II_PC85,2.666000,0.038651378
NSGA-II_PC85,2.756000,0.038585635
NSGA-II_PC85,2.776000,0.038536667
NSGA-II_PC85,2.794000,0.038468197
NSGA-II_PC85,2.844000,0.038399625
NSGA-II_PC85,2.884000,0.038366189
NSGA-II_PC85,2.926000,0.038313449
NSGA-II_PC85,2.958000,0.038304879
NSGA-II_PC85,2.970000,0.038300474
NSGA-II_PC85,2.982000,0.038166706
NSGA-II_PC85,3.024000,0.038070821
NSGA-II_PC85,3.058000,0.038063421
NSGA-II_PC85,3.092000,0.038058927
NSGA-II_PC85,3.098000,0.037968948
NSGA-II_PC85,3.110000,0.037910386
NSGA-II_PC85,3.160000,0.037824125
NSGA-II_PC85,3.236000,0.037807308
NSGA-II_PC85,3.260000,0.037640491
NSGA-II_PC85,3.340000,0.037592624
NSGA-II_PC85,3.356000,0.037587737
NSGA-II_PC85,3.428000,0.037567219
NSGA-II_PC85,3.434000,0.037481674
NSGA-II_PC85,3.500000,0.037427992
NSGA-II_PC85,3.528000,0.037413936
NSGA-II_PC85,3.550000,0.037337611
NSGA-II_PC85,3.608000,0.037326934
NSGA-II_PC85,3.632000,0.037160165
NSGA-II_PC85,3.856000,0.037084587
NSGA-II_PC85,3.900000,0.037029206
NSGA-II_PC85,3.924000,0.036944292
NSGA-II_PC85,4.094000,0.036885464
NSGA-II_PC85,4.218000,0.036884820
NSGA-II_PC85,4.220000,0.036859150
NSGA-II_PC85,4.322000,0.036782594
NSGA-II_PC85,4.354000,0.036770853
NSGA-II_PC85,4.376000,0.036726918
NSGA-II_PC85,4.594000,0.036690801
NSGA-II_PC85,4.690000,0.036661261
NSGA-II_PC85,4.740000,0.036623147
NSGA-II_PC85,4.776000,0.036553769
NSGA-II_PC85,5.088000,0.036552955
NSGA-II_PC85,5.140000,0.036529856
NSGA-II_PC85,5.240000,0.036500813
NSGA-II_PC85,5.318000,0.036473051
NSGA-II_PC85,5.466000,0.036440546
NSGA-II_PC85,5.780000,0.036247066
SPEA-II_PC85,2.140000,0.042740288
SPEA-II_PC85,2.156000,0.040144060
SPEA-II_PC85,2.186000,0.040082135
SPEA-II_PC85,2.218000,0.039922383
SPEA-II_PC85,2.238000,0.039913566
SPEA-II_PC85,2.246000,0.039876693
SPEA-II_PC85,2.254000,0.039791360
SPEA-II_PC85,2.278000,0.039764895
SPEA-II_PC85,2.282000,0.039627604
SPEA-II_PC85,2.312000,0.039433664
SPEA-II_PC85,2.378000,0.039354139
SPEA-II_PC85,2.400000,0.039285950
SPEA-II_PC85,2.408000,0.039160206
SPEA-II_PC85,2.430000,0.039109221
SPEA-II_PC85,2.436000,0.038969565
SPEA-II_PC85,2.438000,0.038918978
SPEA-II_PC85,2.470000,0.038912387
SPEA-II_PC85,2.498000,0.038888744
SPEA-II_PC85,2.514000,0.038859426
SPEA-II_PC85,2.530000,0.038708643
SPEA-II_PC85,2.540000,0.038562739
SPEA-II_PC85,2.560000,0.038538159
SPEA-II_PC85,2.580000,0.038310480
SPEA-II_PC85,2.682000,0.038225114
SPEA-II_PC85,2.688000,0.038191214
SPEA-II_PC85,2.710000,0.038172134
SPEA-II_PC85,2.714000,0.038026829
SPEA-II_PC85,2.738000,0.038006373
SPEA-II_PC85,2.808000,0.037924202
SPEA-II_PC85,2.828000,0.037868701
SPEA-II_PC85,2.858000,0.037851651
SPEA-II_PC85,2.868000,0.037804692
SPEA-II_PC85,2.872000,0.037778072
SPEA-II_PC85,2.880000,0.037752547
SPEA-II_PC85,2.908000,0.037747934
SPEA-II_PC85,2.916000,0.037695700
SPEA-II_PC85,2.968000,0.037687197
SPEA-II_PC85,3.024000,0.037655521
SPEA-II_PC85,3.030000,0.037619343
SPEA-II_PC85,3.120000,0.037610157
SPEA-II_PC85,3.140000,0.037569916
SPEA-II_PC85,3.160000,0.037559563
SPEA-II_PC85,3.178000,0.037550937
SPEA-II_PC85,3.222000,0.037543442
SPEA-II_PC85,3.230000,0.037474581
SPEA-II_PC85,3.272000,0.037467155
SPEA-II_PC85,3.292000,0.037386190
SPEA-II_PC85,3.334000,0.037320134
SPEA-II_PC85,3.380000,0.037221208
SPEA-II_PC85,3.458000,0.037208942
SPEA-II_PC85,3.470000,0.037148725
SPEA-II_PC85,3.496000,0.037111806
SPEA-II_PC85,3.534000,0.037099719
SPEA-II_PC85,3.570000,0.037069444
SPEA-II_PC85,3.576000,0.037003422
SPEA-II_PC85,3.656000,0.036942212
SPEA-II_PC85,3.694000,0.036894899
SPEA-II_PC85,3.780000,0.036846480
SPEA-II_PC85,3.802000,0.036834906
SPEA-II_PC85,3.930000,0.036809541
SPEA-II_PC85,3.938000,0.036720911
SPEA-II_PC85,4.030000,0.036678312
SPEA-II_PC85,4.122000,0.036634019
SPEA-II_PC85,4.246000,0.036581113
SPEA-II_PC85,4.274000,0.036521972
SPEA-II_PC85,4.348000,0.036474481
SPEA-II_PC85,4.404000,0.036461857
SPEA-II_PC85,4.424000,0.036392895
SPEA-II_PC85,4.644000,0.036372582
SPEA-II_PC85,4.738000,0.036327673
SPEA-II_PC85,5.130000,0.036266828
AMOSA_PC85,2.050000,0.045254381
AMOSA_PC85,2.084000,0.044910376
AMOSA_PC85,2.098000,0.044786155
AMOSA_PC85,2.118000,0.044543578
AMOSA_PC85,2.120000,0.044510519
AMOSA_PC85,2.164000,0.044377716
AMOSA_PC85,2.170000,0.044340378
AMOSA_PC85,2.172000,0.044060934
AMOSA_PC85,2.268000,0.044011156
AMOSA_PC85,2.278000,0.043932125
AMOSA_PC85,2.294000,0.043748497
AMOSA_PC85,2.316000,0.043687954
AMOSA_PC85,2.344000,0.043664202
AMOSA_PC85,2.396000,0.043611258
AMOSA_PC85,2.400000,0.043325763
AMOSA_PC85,2.470000,0.043262550
AMOSA_PC85,2.476000,0.043187183
AMOSA_PC85,2.488000,0.043097013
AMOSA_PC85,2.514000,0.043024661
AMOSA_PC85,2.530000,0.043021284
AMOSA_PC85,2.532000,0.042747437
AMOSA_PC85,2.592000,0.042635207
AMOSA_PC85,2.626000,0.042535524
AMOSA_PC85,2.668000,0.042517178
AMOSA_PC85,2.730000,0.042482621
AMOSA_PC85,2.762000,0.042412650
AMOSA_PC85,2.808000,0.042402806
AMOSA_PC85,2.816000,0.042323710
AMOSA_PC85,2.818000,0.042247520
AMOSA_PC85,2.838000,0.042156831
AMOSA_PC85,2.882000,0.041908404
AMOSA_PC85,2.930000,0.041755469
AMOSA_PC85,3.090000,0.041692159
AMOSA_PC85,3.172000,0.041571473
AMOSA_PC85,3.308000,0.041553160
AMOSA_PC85,3.328000,0.041537094
AMOSA_PC85,3.360000,0.041513085
AMOSA_PC85,3.454000,0.041426810
AMOSA_PC85,3.516000,0.041423793
AMOSA_PC85,3.522000,0.041184725
AMOSA_PC85,4.104000,0.041174712
AMOSA_PC85,4.150000,0.041159692
AMOSA_PC85,4.176000,0.041030260
AMOSA_PC85,4.310000,0.041010831
AMOSA_PC85,4.346000,0.041007109
AMOSA_PC85,4.936000,0.040986783
AMOSA_PC85,5.610000,0.040828256
GA_WaitingTime_Dominance_PC80,1.612000,0.045045240
GA_WaitingTime_Dominance_PC80,1.614000,0.045024187
GA_WaitingTime_Dominance_PC80,1.618000,0.044997594
GA_WaitingTime_Dominance_PC80,1.622000,0.044931332
GA_WaitingTime_Dominance_PC80,1.628000,0.044849781
GA_WaitingTime_Dominance_PC80,1.644000,0.044819006
GA_WaitingTime_Dominance_PC80,1.650000,0.044804027
GA_WaitingTime_Dominance_PC80,2.112000,0.044758918
GA_WaitingTime_Dominance_PC80,2.434000,0.044758495
GA_WaitingTime_Dominance_PC80,2.524000,0.044570921
GA_WaitingTime_Dominance_PC80,2.956000,0.044561032
GA_WaitingTime_Dominance_PC80,2.974000,0.044477806
GA_WaitingTime_Dominance_PC80,3.078000,0.044356139
GA_WaitingTime_Dominance_PC80,3.138000,0.044143049
GA_WaitingTime_Dominance_PC80,3.556000,0.044063211
GA_WaitingTime_Dominance_PC80,3.568000,0.044019914
GA_WaitingTime_Dominance_PC80,3.884000,0.043678647
GA_WaitingTime_Dominance_PC80,5.772000,0.043560057
GA_WaitingTime_Dominance_PC80,6.376000,0.043400716
GA_Energy_Dominance_PC80,3.110000,0.044419667
GA_Energy_Dominance_PC80,3.126000,0.044393605
GA_Energy_Dominance_PC80,3.150000,0.043818663
GA_Energy_Dominance_PC80,3.254000,0.043785580
GA_Energy_Dominance_PC80,3.280000,0.043507658
GA_Energy_Dominance_PC80,3.294000,0.043441731
GA_Energy_Dominance_PC80,3.344000,0.042857274
GA_Energy_Dominance_PC80,3.354000,0.042816726
GA_Energy_Dominance_PC80,3.376000,0.042360500
GA_Energy_Dominance_PC80,3.506000,0.042285135
GA_Energy_Dominance_PC80,3.562000,0.042267035
GA_Energy_Dominance_PC80,3.628000,0.042172740
GA_Energy_Dominance_PC80,3.698000,0.041940347
GA_Energy_Dominance_PC80,3.704000,0.041865046
GA_Energy_Dominance_PC80,3.834000,0.041804908
GA_Energy_Dominance_PC80,3.870000,0.041544086
GA_Energy_Dominance_PC80,3.896000,0.041140877
GA_Energy_Dominance_PC80,3.958000,0.041053878
GA_Energy_Dominance_PC80,4.104000,0.041032192
GA_Energy_Dominance_PC80,4.204000,0.040981964
GA_Energy_Dominance_PC80,4.276000,0.040879373
GA_Energy_Dominance_PC80,4.286000,0.040785127
GA_Energy_Dominance_PC80,4.332000,0.040784101
GA_Energy_Dominance_PC80,4.352000,0.040742140
GA_Energy_Dominance_PC80,4.532000,0.040688322
GA_Energy_Dominance_PC80,4.626000,0.040626949
GA_Energy_Dominance_PC80,4.634000,0.040501114
GA_Energy_Dominance_PC80,4.660000,0.040447503
GA_Energy_Dominance_PC80,4.674000,0.040349257
GA_Energy_Dominance_PC80,4.848000,0.040287675
GA_Energy_Dominance_PC80,4.856000,0.040097749
GA_Energy_Dominance_PC80,4.920000,0.039840531
GA_Energy_Dominance_PC80,4.992000,0.039814490
GA_Energy_Dominance_PC80,5.018000,0.039734454
GA_Energy_Dominance_PC80,5.056000,0.039721957
GA_Energy_Dominance_PC80,5.108000,0.039708292
GA_Energy_Dominance_PC80,5.170000,0.039695971
GA_Energy_Dominance_PC80,5.178000,0.039643801
GA_Energy_Dominance_PC80,5.216000,0.039576231
GA_Energy_Dominance_PC80,5.248000,0.039480186
GA_Energy_Dominance_PC80,5.296000,0.039425506
GA_Energy_Dominance_PC80,5.352000,0.039358861
GA_Energy_Dominance_PC80,5.384000,0.039352273
GA_Energy_Dominance_PC80,5.420000,0.039297370
GA_Energy_Dominance_PC80,5.438000,0.038924533
GA_Energy_Dominance_PC80,5.548000,0.038640756
GA_Energy_Dominance_PC80,5.664000,0.038574450
GA_Energy_Dominance_PC80,5.766000,0.038504248
GA_Energy_Dominance_PC80,5.894000,0.038449425
GA_Energy_Dominance_PC80,5.918000,0.038348946
GA_Energy_Dominance_PC80,5.972000,0.038263617
GA_Energy_Dominance_PC80,6.034000,0.038202254
GA_Energy_Dominance_PC80,6.074000,0.038198102
GA_Energy_Dominance_PC80,6.132000,0.038157015
GA_Energy_Dominance_PC80,6.196000,0.038126685
GA_Energy_Dominance_PC80,6.198000,0.038047550
GA_Energy_Dominance_PC80,6.214000,0.038014985
GA_Energy_Dominance_PC80,6.322000,0.037971452
GA_Energy_Dominance_PC80,6.368000,0.037970308
GA_Energy_Dominance_PC80,6.380000,0.037918296
GA_Energy_Dominance_PC80,6.410000,0.037786676
GA_Energy_Dominance_PC80,6.528000,0.037748770
GA_Energy_Dominance_PC80,6.546000,0.037639981
GA_Energy_Dominance_PC80,6.632000,0.037628168
GA_Energy_Dominance_PC80,6.676000,0.037561783
GA_Energy_Dominance_PC80,6.736000,0.037483724
GA_Energy_Dominance_PC80,6.896000,0.037274445
GA_Energy_Dominance_PC80,7.166000,0.037251375
GA_Energy_Dominance_PC80,7.262000,0.037090045
GA_Energy_Dominance_PC80,7.390000,0.037056101
GA_Energy_Dominance_PC80,7.494000,0.037047140
GA_Energy_Dominance_PC80,7.522000,0.036917086
GA_Energy_Dominance_PC80,7.690000,0.036855952
GA_Energy_Dominance_PC80,7.790000,0.036809123
GA_Energy_Dominance_PC80,7.958000,0.036769526
GA_Energy_Dominance_PC80,7.982000,0.036598423
GA_Energy_Dominance_PC80,8.196000,0.036583650
GA_Energy_Dominance_PC80,8.290000,0.036538064
GA_Energy_Dominance_PC80,8.348000,0.036409228
GA_Energy_Dominance_PC80,8.432000,0.036325003
GA_Energy_Dominance_PC80,8.508000,0.036204947
GA_Energy_Dominance_PC80,8.630000,0.036181543
GA_Energy_Dominance_PC80,8.672000,0.036041234
GA_Energy_Dominance_PC80,8.900000,0.036031527
GA_Energy_Dominance_PC80,8.996000,0.036025783
GA_Energy_Dominance_PC80,9.064000,0.035901174
GA_Energy_Dominance_PC80,9.124000,0.035787534
GA_Energy_Dominance_PC80,9.254000,0.035574752
GA_Energy_Dominance_PC80,9.418000,0.035499494
GA_Energy_Dominance_PC80,9.520000,0.035448526
GA_Energy_Dominance_PC80,9.604000,0.035443761
GA_Energy_Dominance_PC80,9.780000,0.035297533
GA_Energy_Dominance_PC80,9.932000,0.035251992
GA_Energy_Dominance_PC80,10.042000,0.035167423
GA_Energy_Dominance_PC80,10.148000,0.034942377
GA_Energy_Dominance_PC80,10.358000,0.034932254
GA_Energy_Dominance_PC80,10.524000,0.034919210
GA_Energy_Dominance_PC80,10.702000,0.034881871
GA_Energy_Dominance_PC80,10.736000,0.034807772
GA_Energy_Dominance_PC80,10.858000,0.034776908
GA_Energy_Dominance_PC80,10.950000,0.034766014
GA_Energy_Dominance_PC80,10.970000,0.034756072
GA_Energy_Dominance_PC80,11.054000,0.034682051
GA_Energy_Dominance_PC80,11.160000,0.034514182
GA_Energy_Dominance_PC80,11.330000,0.034508143
GA_Energy_Dominance_PC80,11.408000,0.034400279
GA_Energy_Dominance_PC80,11.750000,0.034347585
GA_Energy_Dominance_PC80,11.912000,0.034232490
GA_Energy_Dominance_PC80,12.028000,0.034214340
GA_Energy_Dominance_PC80,12.030000,0.034201493
GA_Energy_Dominance_PC80,12.130000,0.034181645
GA_Energy_Dominance_PC80,12.262000,0.034145811
GA_Energy_Dominance_PC80,12.366000,0.034119966
GA_Energy_Dominance_PC80,12.468000,0.034010220
GA_Energy_Dominance_PC80,12.582000,0.033927642
GA_Energy_Dominance_PC80,12.734000,0.033881794
GA_Energy_Dominance_PC80,12.866000,0.033831759
GA_Energy_Dominance_PC80,12.986000,0.033819363
GA_Energy_Dominance_PC80,13.068000,0.033787734
GA_Energy_Dominance_PC80,13.186000,0.033778349
GA_Energy_Dominance_PC80,13.202000,0.033761183
GA_Energy_Dominance_PC80,13.254000,0.033715071
GA_Energy_Dominance_PC80,13.374000,0.033484538
GA_Energy_Dominance_PC80,13.694000,0.033430655
GA_Energy_Dominance_PC80,13.842000,0.033359583
GA_Energy_Dominance_PC80,14.118000,0.033268243
GA_Energy_Dominance_PC80,14.344000,0.033253615
GA_Energy_Dominance_PC80,14.574000,0.033181048
GA_Energy_Dominance_PC80,14.604000,0.033117145
GA_Energy_Dominance_PC80,14.846000,0.033060636
GA_Energy_Dominance_PC80,14.870000,0.032892521
GA_Energy_Dominance_PC80,15.046000,0.032885581
GA_Energy_Dominance_PC80,15.228000,0.032855664
GA_Energy_Dominance_PC80,15.402000,0.032832047
GA_Energy_Dominance_PC80,15.604000,0.032816096
GA_Energy_Dominance_PC80,15.738000,0.032811806
GA_Energy_Dominance_PC80,16.048000,0.032809470
GA_Energy_Dominance_PC80,16.190000,0.032712243
GA_Energy_Dominance_PC80,16.302000,0.032685227
GA_Energy_Dominance_PC80,16.458000,0.032649092
GA_Energy_Dominance_PC80,16.728000,0.032624626
GA_Energy_Dominance_PC80,16.862000,0.032619776
SA_WaitingTime_Dominance_PC80,1.596000,0.045875851
SA_WaitingTime_Dominance_PC80,1.598000,0.045854895
SA_WaitingTime_Dominance_PC80,1.600000,0.045775529
SA_WaitingTime_Dominance_PC80,1.604000,0.045751698
SA_WaitingTime_Dominance_PC80,1.616000,0.045623821
SA_WaitingTime_Dominance_PC80,1.622000,0.045602768
SA_WaitingTime_Dominance_PC80,1.626000,0.045600257
SA_WaitingTime_Dominance_PC80,1.628000,0.045120533
SA_WaitingTime_Dominance_PC80,1.670000,0.045020547
SA_WaitingTime_Dominance_PC80,1.680000,0.044985700
SA_WaitingTime_Dominance_PC80,1.714000,0.044731017
SA_WaitingTime_Dominance_PC80,1.720000,0.044711383
SA_WaitingTime_Dominance_PC80,1.730000,0.044642094
SA_WaitingTime_Dominance_PC80,1.796000,0.044457158
SA_Energy_Dominance_PC80,3.228000,0.044905937
SA_Energy_Dominance_PC80,3.270000,0.044898331
SA_Energy_Dominance_PC80,3.274000,0.044699799
SA_Energy_Dominance_PC80,3.292000,0.044629308
SA_Energy_Dominance_PC80,3.314000,0.044317324
SA_Energy_Dominance_PC80,3.322000,0.044221337
SA_Energy_Dominance_PC80,3.332000,0.044210413
SA_Energy_Dominance_PC80,3.376000,0.044164849
SA_Energy_Dominance_PC80,3.386000,0.044104843
SA_Energy_Dominance_PC80,3.394000,0.044078609
SA_Energy_Dominance_PC80,3.474000,0.044009421
SA_Energy_Dominance_PC80,3.488000,0.043989016
SA_Energy_Dominance_PC80,3.516000,0.043958231
SA_Energy_Dominance_PC80,3.538000,0.043908437
SA_Energy_Dominance_PC80,3.560000,0.043880702
SA_Energy_Dominance_PC80,3.578000,0.043880344
SA_Energy_Dominance_PC80,3.590000,0.043859649
SA_Energy_Dominance_PC80,3.644000,0.043822257
SA_Energy_Dominance_PC80,3.650000,0.043798946
SA_Energy_Dominance_PC80,3.816000,0.043107158
SA_Energy_Dominance_PC80,3.860000,0.043070709
SA_Energy_Dominance_PC80,3.864000,0.043028058
SA_Energy_Dominance_PC80,3.900000,0.042985953
SA_Energy_Dominance_PC80,4.004000,0.042973144
SA_Energy_Dominance_PC80,4.108000,0.042964647
SA_Energy_Dominance_PC80,4.116000,0.042941738
SA_Energy_Dominance_PC80,4.134000,0.042937526
SA_Energy_Dominance_PC80,4.136000,0.042872475
SA_Energy_Dominance_PC80,4.162000,0.042863523
SA_Energy_Dominance_PC80,4.222000,0.042774610
SA_Energy_Dominance_PC80,4.300000,0.042629419
SA_Energy_Dominance_PC80,4.308000,0.042464398
SA_Energy_Dominance_PC80,4.322000,0.042424568
SA_Energy_Dominance_PC80,4.350000,0.042416772
SA_Energy_Dominance_PC80,4.378000,0.042407358
SA_Energy_Dominance_PC80,4.394000,0.042404655
SA_Energy_Dominance_PC80,4.400000,0.042167180
SA_Energy_Dominance_PC80,4.466000,0.042112551
SA_Energy_Dominance_PC80,4.542000,0.042095729
SA_Energy_Dominance_PC80,4.566000,0.042034570
SA_Energy_Dominance_PC80,4.622000,0.041999980
SA_Energy_Dominance_PC80,4.696000,0.041916127
SA_Energy_Dominance_PC80,4.744000,0.041885880
SA_Energy_Dominance_PC80,4.780000,0.041831752
SA_Energy_Dominance_PC80,4.806000,0.041576409
SA_Energy_Dominance_PC80,4.882000,0.041474504
SA_Energy_Dominance_PC80,4.914000,0.041454700
SA_Energy_Dominance_PC80,4.970000,0.041230806
SA_Energy_Dominance_PC80,5.012000,0.041154057
SA_Energy_Dominance_PC80,5.064000,0.041135577
SA_Energy_Dominance_PC80,5.094000,0.041079297
SA_Energy_Dominance_PC80,5.160000,0.041040526
SA_Energy_Dominance_PC80,5.200000,0.041036050
SA_Energy_Dominance_PC80,5.250000,0.041024615
SA_Energy_Dominance_PC80,5.280000,0.041023001
SA_Energy_Dominance_PC80,5.290000,0.040978293
SA_Energy_Dominance_PC80,5.330000,0.040877187
SA_Energy_Dominance_PC80,5.352000,0.040777914
SA_Energy_Dominance_PC80,5.434000,0.040769867
SA_Energy_Dominance_PC80,5.472000,0.040731110
SA_Energy_Dominance_PC80,5.546000,0.040718968
SA_Energy_Dominance_PC80,5.550000,0.040717655
SA_Energy_Dominance_PC80,5.638000,0.040706540
SA_Energy_Dominance_PC80,5.674000,0.040682343
SA_Energy_Dominance_PC80,5.754000,0.040612248
SA_Energy_Dominance_PC80,5.782000,0.040510716
SA_Energy_Dominance_PC80,5.784000,0.040192013
SA_Energy_Dominance_PC80,5.836000,0.040139695
SA_Energy_Dominance_PC80,5.866000,0.040096988
SA_Energy_Dominance_PC80,5.886000,0.040036161
SA_Energy_Dominance_PC80,6.016000,0.039911428
SA_Energy_Dominance_PC80,6.062000,0.039891768
SA_Energy_Dominance_PC80,6.110000,0.039877631
SA_Energy_Dominance_PC80,6.146000,0.039829929
SA_Energy_Dominance_PC80,6.196000,0.039664686
SA_Energy_Dominance_PC80,6.270000,0.039645551
SA_Energy_Dominance_PC80,6.326000,0.039609952
SA_Energy_Dominance_PC80,6.390000,0.039562977
SA_Energy_Dominance_PC80,6.466000,0.039513954
SA_Energy_Dominance_PC80,6.520000,0.039511251
SA_Energy_Dominance_PC80,6.596000,0.039452989
SA_Energy_Dominance_PC80,6.680000,0.039448270
SA_Energy_Dominance_PC80,6.724000,0.039408126
SA_Energy_Dominance_PC80,6.874000,0.039389008
SA_Energy_Dominance_PC80,6.886000,0.038900928
SA_Energy_Dominance_PC80,6.952000,0.038871636
SA_Energy_Dominance_PC80,7.062000,0.038821912
SA_Energy_Dominance_PC80,7.106000,0.038781180
SA_Energy_Dominance_PC80,7.230000,0.038760128
SA_Energy_Dominance_PC80,7.282000,0.038747365
SA_Energy_Dominance_PC80,7.396000,0.038732074
SA_Energy_Dominance_PC80,7.560000,0.038629394
SA_Energy_Dominance_PC80,7.604000,0.038620442
SA_Energy_Dominance_PC80,7.670000,0.038594144
SA_Energy_Dominance_PC80,7.720000,0.038586273
SA_Energy_Dominance_PC80,7.802000,0.038553355
SA_Energy_Dominance_PC80,7.878000,0.038525620
SA_Energy_Dominance_PC80,8.024000,0.038514982
SA_Energy_Dominance_PC80,8.138000,0.038445453
SA_Energy_Dominance_PC80,8.206000,0.038411919
SA_Energy_Dominance_PC80,8.282000,0.038406110
SA_Energy_Dominance_PC80,8.344000,0.038249610
SA_Energy_Dominance_PC80,8.364000,0.038050325
SA_Energy_Dominance_PC80,8.500000,0.038027458
SA_Energy_Dominance_PC80,8.566000,0.036139061
SA_Energy_Dominance_PC80,8.668000,0.036099865
SA_Energy_Dominance_PC80,8.774000,0.036089338
SA_Energy_Dominance_PC80,10.660000,0.035804440
SA_Energy_Dominance_PC80,10.850000,0.035643455
SA_Energy_Dominance_PC80,10.934000,0.035629332
SA_Energy_Dominance_PC80,11.016000,0.035626911
SA_Energy_Dominance_PC80,13.240000,0.034934151
SA_Energy_Dominance_PC80,13.306000,0.034684068
SA_Energy_Dominance_PC80,13.350000,0.034546726
SA_Energy_Dominance_PC80,13.474000,0.034521280
SA_Energy_Dominance_PC80,13.594000,0.034508979
SA_Energy_Dominance_PC80,13.724000,0.034503734
SA_Energy_Dominance_PC80,16.908000,0.033889861
SA_Energy_Dominance_PC80,17.132000,0.033745127
SA_Energy_Dominance_PC80,17.362000,0.033712333
SA_Energy_Dominance_PC80,17.570000,0.033712333
NSGA-II_PC80,2.304000,0.040867771
NSGA-II_PC80,2.356000,0.040578167
NSGA-II_PC80,2.370000,0.039624345
NSGA-II_PC80,2.390000,0.039215704
NSGA-II_PC80,2.442000,0.039181479
NSGA-II_PC80,2.462000,0.039097268
NSGA-II_PC80,2.492000,0.039021095
NSGA-II_PC80,2.538000,0.038932355
NSGA-II_PC80,2.574000,0.038883594
NSGA-II_PC80,2.588000,0.038749579
NSGA-II_PC80,2.590000,0.038741580
NSGA-II_PC80,2.596000,0.038704027
NSGA-II_PC80,2.618000,0.038622121
NSGA-II_PC80,2.656000,0.038573063
NSGA-II_PC80,2.688000,0.038554417
NSGA-II_PC80,2.712000,0.038502290
NSGA-II_PC80,2.716000,0.038497108
NSGA-II_PC80,2.740000,0.038395980
NSGA-II_PC80,2.768000,0.038382920
NSGA-II_PC80,2.794000,0.038373687
NSGA-II_PC80,2.802000,0.038303477
NSGA-II_PC80,2.842000,0.038278070
NSGA-II_PC80,2.900000,0.038263318
NSGA-II_PC80,2.906000,0.038251252
NSGA-II_PC80,2.910000,0.038183887
NSGA-II_PC80,2.930000,0.038047931
NSGA-II_PC80,2.990000,0.038032124
NSGA-II_PC80,3.026000,0.038027858
NSGA-II_PC80,3.034000,0.037998755
NSGA-II_PC80,3.048000,0.037954840
NSGA-II_PC80,3.054000,0.037944024
NSGA-II_PC80,3.070000,0.037931082
NSGA-II_PC80,3.098000,0.037888330
NSGA-II_PC80,3.114000,0.037884399
NSGA-II_PC80,3.124000,0.037847878
NSGA-II_PC80,3.142000,0.037829487
NSGA-II_PC80,3.196000,0.037819084
NSGA-II_PC80,3.216000,0.037809947
NSGA-II_PC80,3.226000,0.037775634
NSGA-II_PC80,3.238000,0.037756239
NSGA-II_PC80,3.276000,0.037754410
NSGA-II_PC80,3.316000,0.037690569
NSGA-II_PC80,3.356000,0.037640787
NSGA-II_PC80,3.370000,0.037565203
NSGA-II_PC80,3.416000,0.037531226
NSGA-II_PC80,3.434000,0.037471489
NSGA-II_PC80,3.580000,0.037432215
NSGA-II_PC80,3.602000,0.037311862
NSGA-II_PC80,3.694000,0.037285137
NSGA-II_PC80,3.766000,0.037262498
NSGA-II_PC80,3.798000,0.037155507
NSGA-II_PC80,3.886000,0.037147981
NSGA-II_PC80,3.976000,0.037128901
NSGA-II_PC80,4.006000,0.037063134
NSGA-II_PC80,4.052000,0.037048537
NSGA-II_PC80,4.098000,0.037003834
NSGA-II_PC80,4.106000,0.036976055
NSGA-II_PC80,4.176000,0.036886505
NSGA-II_PC80,4.214000,0.036758855
NSGA-II_PC80,4.370000,0.036681989
NSGA-II_PC80,4.672000,0.036617830
NSGA-II_PC80,4.844000,0.036598819
NSGA-II_PC80,4.916000,0.036589761
NSGA-II_PC80,4.982000,0.036535029
NSGA-II_PC80,5.378000,0.036523487
NSGA-II_PC80,5.420000,0.036522294
NSGA-II_PC80,5.458000,0.036471300
NSGA-II_PC80,5.544000,0.036435040
NSGA-II_PC80,5.656000,0.036413987
NSGA-II_PC80,5.808000,0.036351107
NSGA-II_PC80,5.844000,0.036348405
NSGA-II_PC80,6.926000,0.036334026
SPEA-II_PC80,2.132000,0.041853390
SPEA-II_PC80,2.136000,0.041805639
SPEA-II_PC80,2.150000,0.041737038
SPEA-II_PC80,2.154000,0.041695555
SPEA-II_PC80,2.160000,0.041594348
SPEA-II_PC80,2.176000,0.041464344
SPEA-II_PC80,2.180000,0.041390103
SPEA-II_PC80,2.186000,0.041389230
SPEA-II_PC80,2.200000,0.041251194
SPEA-II_PC80,2.230000,0.040955764
SPEA-II_PC80,2.242000,0.040934139
SPEA-II_PC80,2.252000,0.040486541
SPEA-II_PC80,2.270000,0.040481562
SPEA-II_PC80,2.304000,0.040200227
SPEA-II_PC80,2.318000,0.040078243
SPEA-II_PC80,2.324000,0.039979149
SPEA-II_PC80,2.348000,0.039939151
SPEA-II_PC80,2.350000,0.039902529
SPEA-II_PC80,2.378000,0.039867588
SPEA-II_PC80,2.404000,0.039665052
SPEA-II_PC80,2.424000,0.039546995
SPEA-II_PC80,2.478000,0.039499684
SPEA-II_PC80,2.490000,0.039382262
SPEA-II_PC80,2.540000,0.039263590
SPEA-II_PC80,2.550000,0.039194669
SPEA-II_PC80,2.586000,0.039169053
SPEA-II_PC80,2.600000,0.039139039
SPEA-II_PC80,2.608000,0.038983011
SPEA-II_PC80,2.652000,0.038914801
SPEA-II_PC80,2.672000,0.038891548
SPEA-II_PC80,2.720000,0.038871735
SPEA-II_PC80,2.724000,0.038735300
SPEA-II_PC80,2.732000,0.038717468
SPEA-II_PC80,2.804000,0.038691610
SPEA-II_PC80,2.808000,0.038575558
SPEA-II_PC80,2.850000,0.038545655
SPEA-II_PC80,2.864000,0.038508688
SPEA-II_PC80,2.896000,0.038459374
SPEA-II_PC80,2.908000,0.038436034
SPEA-II_PC80,2.922000,0.038401616
SPEA-II_PC80,2.952000,0.038248580
SPEA-II_PC80,3.000000,0.038217480
SPEA-II_PC80,3.030000,0.038171055
SPEA-II_PC80,3.046000,0.038023273
SPEA-II_PC80,3.092000,0.037808279
SPEA-II_PC80,3.194000,0.037802536
SPEA-II_PC80,3.218000,0.037765350
SPEA-II_PC80,3.256000,0.037688959
SPEA-II_PC80,3.268000,0.037638061
SPEA-II_PC80,3.332000,0.037598914
SPEA-II_PC80,3.364000,0.037575175
SPEA-II_PC80,3.392000,0.037555664
SPEA-II_PC80,3.396000,0.037457322
SPEA-II_PC80,3.414000,0.037399094
SPEA-II_PC80,3.452000,0.037368847
SPEA-II_PC80,3.468000,0.037362258
SPEA-II_PC80,3.510000,0.037342995
SPEA-II_PC80,3.546000,0.037304834
SPEA-II_PC80,3.624000,0.037291040
SPEA-II_PC80,3.626000,0.037270487
SPEA-II_PC80,3.640000,0.037236542
SPEA-II_PC80,3.642000,0.037187666
SPEA-II_PC80,3.728000,0.037155589
SPEA-II_PC80,3.802000,0.037153729
SPEA-II_PC80,3.812000,0.037139204
SPEA-II_PC80,3.840000,0.037122353
SPEA-II_PC80,3.876000,0.037077650
SPEA-II_PC80,3.914000,0.037033960
SPEA-II_PC80,3.958000,0.037010272
SPEA-II_PC80,3.980000,0.036973736
SPEA-II_PC80,4.082000,0.036957918
SPEA-II_PC80,4.110000,0.036931976
SPEA-II_PC80,4.148000,0.036922937
SPEA-II_PC80,4.160000,0.036856942
SPEA-II_PC80,4.230000,0.036836986
AMOSA_PC80,2.430000,0.044268582
AMOSA_PC80,2.468000,0.044255429
AMOSA_PC80,2.486000,0.043373683
AMOSA_PC80,2.570000,0.043019036
AMOSA_PC80,2.616000,0.042950747
AMOSA_PC80,2.644000,0.042920547
AMOSA_PC80,2.672000,0.042785088
AMOSA_PC80,2.738000,0.042779812
AMOSA_PC80,2.750000,0.042628604
AMOSA_PC80,2.790000,0.042366406
AMOSA_PC80,2.858000,0.042284778
AMOSA_PC80,2.906000,0.042265332
AMOSA_PC80,2.922000,0.042226399
AMOSA_PC80,2.926000,0.042110756
AMOSA_PC80,3.014000,0.041930098
AMOSA_PC80,3.042000,0.041923726
AMOSA_PC80,3.092000,0.041891079
AMOSA_PC80,3.154000,0.041876996
AMOSA_PC80,3.172000,0.041867062
AMOSA_PC80,3.180000,0.041837976
AMOSA_PC80,3.192000,0.041809354
AMOSA_PC80,3.248000,0.041690066
AMOSA_PC80,3.302000,0.041685138
AMOSA_PC80,3.346000,0.041633234
AMOSA_PC80,3.372000,0.041616261
AMOSA_PC80,3.416000,0.041612770
AMOSA_PC80,3.424000,0.041532635
AMOSA_PC80,3.446000,0.041516746
AMOSA_PC80,3.456000,0.041493750
AMOSA_PC80,3.478000,0.041338018
AMOSA_PC80,3.546000,0.041328140
AMOSA_PC80,3.658000,0.041283784
AMOSA_PC80,3.696000,0.041250499
AMOSA_PC80,3.752000,0.041195062
AMOSA_PC80,3.798000,0.041035744
AMOSA_PC80,3.944000,0.041030152
AMOSA_PC80,4.110000,0.040979285
AMOSA_PC80,4.174000,0.040907372
AMOSA_PC80,4.228000,0.040903863
AMOSA_PC80,4.356000,0.040897192
AMOSA_PC80,4.550000,0.040792482
GA_WaitingTime_Dominance_PC75,1.736000,0.045668621
GA_WaitingTime_Dominance_PC75,1.742000,0.045613926
GA_WaitingTime_Dominance_PC75,1.758000,0.045527527
GA_WaitingTime_Dominance_PC75,1.764000,0.045482432
GA_WaitingTime_Dominance_PC75,1.766000,0.045426166
GA_WaitingTime_Dominance_PC75,1.774000,0.045408166
GA_WaitingTime_Dominance_PC75,1.776000,0.045285301
GA_WaitingTime_Dominance_PC75,1.778000,0.045019480
GA_WaitingTime_Dominance_PC75,1.802000,0.044922779
GA_WaitingTime_Dominance_PC75,1.814000,0.044822738
GA_WaitingTime_Dominance_PC75,1.834000,0.044700906
GA_WaitingTime_Dominance_PC75,2.260000,0.044652913
GA_WaitingTime_Dominance_PC75,2.262000,0.044545064
GA_WaitingTime_Dominance_PC75,3.060000,0.044533949
GA_WaitingTime_Dominance_PC75,3.226000,0.044518836
GA_WaitingTime_Dominance_PC75,3.282000,0.044506226
GA_WaitingTime_Dominance_PC75,3.294000,0.044320425
GA_WaitingTime_Dominance_PC75,3.428000,0.044274265
GA_WaitingTime_Dominance_PC75,3.494000,0.044217196
GA_WaitingTime_Dominance_PC75,3.584000,0.044160218
GA_WaitingTime_Dominance_PC75,3.618000,0.044077375
GA_WaitingTime_Dominance_PC75,3.832000,0.044073836
GA_WaitingTime_Dominance_PC75,3.892000,0.044031033
GA_WaitingTime_Dominance_PC75,4.068000,0.043540207
GA_WaitingTime_Dominance_PC75,5.000000,0.043511640
GA_WaitingTime_Dominance_PC75,5.722000,0.043344213
GA_WaitingTime_Dominance_PC75,6.156000,0.043123495
GA_Energy_Dominance_PC75,3.392000,0.044882966
GA_Energy_Dominance_PC75,3.496000,0.043834214
GA_Energy_Dominance_PC75,3.522000,0.043525949
GA_Energy_Dominance_PC75,3.590000,0.043515082
GA_Energy_Dominance_PC75,3.658000,0.043433491
GA_Energy_Dominance_PC75,3.660000,0.043304836
GA_Energy_Dominance_PC75,3.662000,0.043013867
GA_Energy_Dominance_PC75,3.760000,0.042612708
GA_Energy_Dominance_PC75,3.898000,0.042591983
GA_Energy_Dominance_PC75,3.930000,0.042584514
GA_Energy_Dominance_PC75,3.962000,0.042490739
GA_Energy_Dominance_PC75,3.980000,0.042379927
GA_Energy_Dominance_PC75,4.012000,0.041960198
GA_Energy_Dominance_PC75,4.276000,0.041884086
GA_Energy_Dominance_PC75,4.316000,0.041830407
GA_Energy_Dominance_PC75,4.338000,0.041791500
GA_Energy_Dominance_PC75,4.346000,0.041612551
GA_Energy_Dominance_PC75,4.376000,0.041211574
GA_Energy_Dominance_PC75,4.404000,0.041004066
GA_Energy_Dominance_PC75,4.474000,0.040740503
GA_Energy_Dominance_PC75,4.490000,0.040655276
GA_Energy_Dominance_PC75,4.544000,0.040625011
GA_Energy_Dominance_PC75,4.578000,0.040477542
GA_Energy_Dominance_PC75,4.608000,0.040454969
GA_Energy_Dominance_PC75,4.626000,0.040451005
GA_Energy_Dominance_PC75,4.634000,0.040394483
GA_Energy_Dominance_PC75,4.656000,0.040337926
GA_Energy_Dominance_PC75,4.658000,0.040265445
GA_Energy_Dominance_PC75,4.748000,0.040185964
GA_Energy_Dominance_PC75,4.798000,0.040105490
GA_Energy_Dominance_PC75,4.808000,0.040035816
GA_Energy_Dominance_PC75,4.826000,0.040032139
GA_Energy_Dominance_PC75,4.834000,0.039902638
GA_Energy_Dominance_PC75,4.852000,0.039859367
GA_Energy_Dominance_PC75,4.892000,0.039839414
GA_Energy_Dominance_PC75,4.906000,0.039475067
GA_Energy_Dominance_PC75,4.944000,0.039248481
GA_Energy_Dominance_PC75,5.000000,0.039215592
GA_Energy_Dominance_PC75,5.042000,0.039113824
GA_Energy_Dominance_PC75,5.070000,0.039032764
GA_Energy_Dominance_PC75,5.140000,0.038888016
GA_Energy_Dominance_PC75,5.166000,0.038799811
GA_Energy_Dominance_PC75,5.210000,0.038755361
GA_Energy_Dominance_PC75,5.234000,0.038715894
GA_Energy_Dominance_PC75,5.256000,0.038704753
GA_Energy_Dominance_PC75,5.284000,0.038687757
GA_Energy_Dominance_PC75,5.372000,0.038676194
GA_Energy_Dominance_PC75,6.066000,0.038653511
GA_Energy_Dominance_PC75,6.084000,0.038464583
GA_Energy_Dominance_PC75,6.230000,0.038309162
GA_Energy_Dominance_PC75,6.354000,0.038252295
GA_Energy_Dominance_PC75,6.420000,0.038237841
GA_Energy_Dominance_PC75,6.474000,0.038209449
GA_Energy_Dominance_PC75,6.534000,0.038099096
GA_Energy_Dominance_PC75,6.552000,0.037951538
GA_Energy_Dominance_PC75,6.688000,0.037759946
GA_Energy_Dominance_PC75,6.760000,0.037755875
GA_Energy_Dominance_PC75,6.820000,0.037682638
GA_Energy_Dominance_PC75,6.934000,0.037547141
GA_Energy_Dominance_PC75,6.982000,0.037516742
GA_Energy_Dominance_PC75,7.024000,0.037409829
GA_Energy_Dominance_PC75,7.074000,0.037292911
GA_Energy_Dominance_PC75,7.174000,0.037285452
GA_Energy_Dominance_PC75,7.250000,0.037207896
GA_Energy_Dominance_PC75,7.302000,0.037112355
GA_Energy_Dominance_PC75,7.412000,0.037077130
GA_Energy_Dominance_PC75,7.474000,0.037074492
GA_Energy_Dominance_PC75,7.532000,0.037015582
GA_Energy_Dominance_PC75,7.638000,0.036945911
GA_Energy_Dominance_PC75,7.832000,0.036836247
GA_Energy_Dominance_PC75,7.972000,0.036759570
GA_Energy_Dominance_PC75,8.066000,0.036723181
GA_Energy_Dominance_PC75,8.120000,0.036642580
GA_Energy_Dominance_PC75,8.182000,0.036634594
GA_Energy_Dominance_PC75,8.188000,0.036491191
GA_Energy_Dominance_PC75,8.382000,0.036201099
GA_Energy_Dominance_PC75,8.516000,0.036177115
GA_Energy_Dominance_PC75,8.602000,0.036061918
GA_Energy_Dominance_PC75,8.712000,0.036053169
GA_Energy_Dominance_PC75,8.780000,0.035949992
GA_Energy_Dominance_PC75,8.844000,0.035917083
GA_Energy_Dominance_PC75,8.928000,0.035883688
GA_Energy_Dominance_PC75,9.010000,0.035717515
GA_Energy_Dominance_PC75,9.040000,0.035432571
GA_Energy_Dominance_PC75,9.262000,0.035396103
GA_Energy_Dominance_PC75,9.440000,0.035325426
GA_Energy_Dominance_PC75,9.578000,0.035172464
GA_Energy_Dominance_PC75,9.674000,0.035110491
GA_Energy_Dominance_PC75,9.772000,0.035029987
GA_Energy_Dominance_PC75,9.904000,0.035011001
GA_Energy_Dominance_PC75,10.096000,0.034973277
GA_Energy_Dominance_PC75,10.222000,0.034930263
GA_Energy_Dominance_PC75,10.390000,0.034919244
GA_Energy_Dominance_PC75,10.678000,0.034901839
GA_Energy_Dominance_PC75,11.948000,0.034872557
GA_Energy_Dominance_PC75,12.096000,0.034867384
GA_Energy_Dominance_PC75,12.158000,0.034866080
GA_Energy_Dominance_PC75,12.176000,0.034842041
GA_Energy_Dominance_PC75,12.196000,0.034798552
GA_Energy_Dominance_PC75,12.262000,0.034718309
GA_Energy_Dominance_PC75,12.358000,0.034709872
GA_Energy_Dominance_PC75,12.414000,0.034598872
GA_Energy_Dominance_PC75,12.512000,0.034510778
GA_Energy_Dominance_PC75,12.674000,0.034461381
GA_Energy_Dominance_PC75,12.844000,0.034353820
GA_Energy_Dominance_PC75,12.952000,0.034236392
GA_Energy_Dominance_PC75,13.148000,0.034130343
GA_Energy_Dominance_PC75,13.360000,0.034097556
GA_Energy_Dominance_PC75,13.514000,0.034052129
GA_Energy_Dominance_PC75,13.538000,0.033986209
GA_Energy_Dominance_PC75,13.688000,0.033981969
GA_Energy_Dominance_PC75,13.780000,0.033979670
GA_Energy_Dominance_PC75,13.806000,0.033919024
GA_Energy_Dominance_PC75,13.826000,0.033847396
GA_Energy_Dominance_PC75,13.906000,0.033790923
GA_Energy_Dominance_PC75,14.016000,0.033756320
GA_Energy_Dominance_PC75,14.026000,0.033728423
GA_Energy_Dominance_PC75,14.150000,0.033603317
GA_Energy_Dominance_PC75,14.306000,0.033583775
GA_Energy_Dominance_PC75,14.418000,0.033569148
GA_Energy_Dominance_PC75,14.544000,0.033533939
GA_Energy_Dominance_PC75,14.612000,0.033493964
GA_Energy_Dominance_PC75,14.742000,0.033408343
GA_Energy_Dominance_PC75,14.912000,0.033393838
GA_Energy_Dominance_PC75,14.942000,0.033320625
GA_Energy_Dominance_PC75,15.222000,0.033311460
GA_Energy_Dominance_PC75,15.442000,0.033275773
GA_Energy_Dominance_PC75,15.474000,0.033239063
GA_Energy_Dominance_PC75,15.658000,0.033166636
GA_Energy_Dominance_PC75,15.890000,0.033063015
GA_Energy_Dominance_PC75,16.006000,0.032994381
GA_Energy_Dominance_PC75,16.056000,0.032955656
GA_Energy_Dominance_PC75,16.372000,0.032932115
GA_Energy_Dominance_PC75,16.464000,0.032877623
GA_Energy_Dominance_PC75,16.620000,0.032868386
GA_Energy_Dominance_PC75,16.760000,0.032778596
GA_Energy_Dominance_PC75,17.010000,0.032571714
GA_Energy_Dominance_PC75,17.216000,0.032524801
GA_Energy_Dominance_PC75,17.452000,0.032422170
GA_Energy_Dominance_PC75,17.682000,0.032296876
GA_Energy_Dominance_PC75,17.932000,0.032276785
GA_Energy_Dominance_PC75,18.166000,0.032253423
GA_Energy_Dominance_PC75,18.386000,0.032194533
GA_Energy_Dominance_PC75,18.588000,0.032174658
GA_Energy_Dominance_PC75,18.768000,0.032072078
GA_Energy_Dominance_PC75,19.090000,0.032029939
GA_Energy_Dominance_PC75,19.538000,0.031968478
GA_Energy_Dominance_PC75,19.730000,0.031917720
GA_Energy_Dominance_PC75,20.074000,0.031829389
GA_Energy_Dominance_PC75,20.278000,0.031794333
GA_Energy_Dominance_PC75,20.458000,0.031738210
GA_Energy_Dominance_PC75,20.644000,0.031701444
GA_Energy_Dominance_PC75,20.956000,0.031589186
GA_Energy_Dominance_PC75,21.356000,0.031551975
GA_Energy_Dominance_PC75,21.564000,0.031389364
GA_Energy_Dominance_PC75,21.760000,0.031339732
GA_Energy_Dominance_PC75,22.244000,0.031230531
GA_Energy_Dominance_PC75,22.536000,0.031168754
GA_Energy_Dominance_PC75,22.774000,0.031148798
GA_Energy_Dominance_PC75,23.068000,0.031117763
GA_Energy_Dominance_PC75,23.288000,0.031061187
GA_Energy_Dominance_PC75,23.572000,0.031035185
GA_Energy_Dominance_PC75,23.874000,0.030979284
GA_Energy_Dominance_PC75,24.338000,0.030944213
SA_WaitingTime_Dominance_PC75,1.708000,0.045331450
SA_WaitingTime_Dominance_PC75,1.722000,0.045301424
SA_WaitingTime_Dominance_PC75,1.736000,0.045233830
SA_WaitingTime_Dominance_PC75,1.742000,0.045220183
SA_WaitingTime_Dominance_PC75,1.746000,0.045191560
SA_WaitingTime_Dominance_PC75,1.748000,0.045119659
SA_WaitingTime_Dominance_PC75,1.754000,0.045094042
SA_WaitingTime_Dominance_PC75,1.758000,0.045063295
SA_WaitingTime_Dominance_PC75,1.760000,0.044977575
SA_WaitingTime_Dominance_PC75,1.762000,0.044945283
SA_WaitingTime_Dominance_PC75,1.766000,0.044605136
SA_WaitingTime_Dominance_PC75,1.768000,0.044522264
SA_WaitingTime_Dominance_PC75,1.780000,0.044473766
SA_WaitingTime_Dominance_PC75,1.782000,0.044377032
SA_WaitingTime_Dominance_PC75,1.794000,0.044315349
SA_WaitingTime_Dominance_PC75,1.798000,0.044301459
SA_WaitingTime_Dominance_PC75,1.804000,0.044268438
SA_WaitingTime_Dominance_PC75,1.858000,0.044232085
SA_Energy_Dominance_PC75,3.198000,0.044269764
SA_Energy_Dominance_PC75,3.204000,0.044244350
SA_Energy_Dominance_PC75,3.220000,0.044229722
SA_Energy_Dominance_PC75,3.572000,0.044216844
SA_Energy_Dominance_PC75,3.580000,0.044181868
SA_Energy_Dominance_PC75,3.644000,0.044120186
SA_Energy_Dominance_PC75,3.678000,0.043898394
SA_Energy_Dominance_PC75,3.688000,0.043825894
SA_Energy_Dominance_PC75,3.888000,0.043770582
SA_Energy_Dominance_PC75,4.026000,0.043689367
SA_Energy_Dominance_PC75,4.028000,0.043637742
SA_Energy_Dominance_PC75,4.046000,0.043457255
SA_Energy_Dominance_PC75,4.058000,0.043439982
SA_Energy_Dominance_PC75,4.078000,0.043425354
SA_Energy_Dominance_PC75,4.092000,0.043364669
SA_Energy_Dominance_PC75,4.154000,0.042848534
SA_Energy_Dominance_PC75,4.190000,0.042832423
SA_Energy_Dominance_PC75,4.244000,0.042807648
SA_Energy_Dominance_PC75,4.324000,0.042781446
SA_Energy_Dominance_PC75,4.334000,0.042718963
SA_Energy_Dominance_PC75,4.430000,0.042682940
SA_Energy_Dominance_PC75,4.442000,0.042672660
SA_Energy_Dominance_PC75,4.472000,0.041720872
SA_Energy_Dominance_PC75,4.632000,0.041701178
SA_Energy_Dominance_PC75,4.636000,0.041659073
SA_Energy_Dominance_PC75,4.652000,0.041609470
SA_Energy_Dominance_PC75,4.774000,0.041465997
SA_Energy_Dominance_PC75,4.802000,0.041203131
SA_Energy_Dominance_PC75,4.822000,0.041161519
SA_Energy_Dominance_PC75,4.860000,0.041080397
SA_Energy_Dominance_PC75,4.872000,0.040995811
SA_Energy_Dominance_PC75,4.904000,0.040938060
SA_Energy_Dominance_PC75,4.918000,0.040850081
SA_Energy_Dominance_PC75,4.944000,0.040715883
SA_Energy_Dominance_PC75,5.028000,0.040646553
SA_Energy_Dominance_PC75,5.058000,0.040605683
SA_Energy_Dominance_PC75,5.074000,0.040407270
SA_Energy_Dominance_PC75,5.118000,0.040401553
SA_Energy_Dominance_PC75,5.154000,0.040342664
SA_Energy_Dominance_PC75,5.248000,0.040323038
SA_Energy_Dominance_PC75,5.290000,0.040298790
SA_Energy_Dominance_PC75,5.352000,0.040293544
SA_Energy_Dominance_PC75,5.638000,0.040288437
SA_Energy_Dominance_PC75,5.650000,0.040162816
SA_Energy_Dominance_PC75,5.708000,0.040137290
SA_Energy_Dominance_PC75,5.732000,0.040125322
SA_Energy_Dominance_PC75,5.786000,0.040031883
SA_Energy_Dominance_PC75,5.832000,0.040016592
SA_Energy_Dominance_PC75,5.880000,0.039897808
SA_Energy_Dominance_PC75,5.942000,0.039839298
SA_Energy_Dominance_PC75,6.040000,0.039822146
SA_Energy_Dominance_PC75,6.082000,0.039759785
SA_Energy_Dominance_PC75,6.110000,0.039755923
SA_Energy_Dominance_PC75,6.140000,0.039747976
SA_Energy_Dominance_PC75,6.160000,0.039663765
SA_Energy_Dominance_PC75,6.234000,0.039605718
SA_Energy_Dominance_PC75,6.334000,0.039591622
SA_Energy_Dominance_PC75,6.366000,0.039549566
SA_Energy_Dominance_PC75,6.502000,0.039536460
SA_Energy_Dominance_PC75,6.560000,0.039532310
SA_Energy_Dominance_PC75,6.606000,0.039511237
SA_Energy_Dominance_PC75,6.644000,0.039497518
SA_Energy_Dominance_PC75,6.770000,0.039479003
SA_Energy_Dominance_PC75,6.834000,0.039415573
SA_Energy_Dominance_PC75,6.938000,0.039398750
SA_Energy_Dominance_PC75,7.016000,0.039327496
SA_Energy_Dominance_PC75,7.108000,0.039325075
SA_Energy_Dominance_PC75,7.300000,0.039301185
SA_Energy_Dominance_PC75,7.314000,0.039024373
SA_Energy_Dominance_PC75,7.432000,0.039013158
SA_Energy_Dominance_PC75,7.490000,0.038862527
SA_Energy_Dominance_PC75,7.656000,0.038832428
SA_Energy_Dominance_PC75,7.718000,0.038806153
SA_Energy_Dominance_PC75,7.814000,0.038802809
SA_Energy_Dominance_PC75,7.834000,0.038713076
SA_Energy_Dominance_PC75,7.864000,0.038604584
SA_Energy_Dominance_PC75,7.912000,0.038600231
SA_Energy_Dominance_PC75,8.106000,0.038590143
SA_Energy_Dominance_PC75,8.158000,0.038553694
SA_Energy_Dominance_PC75,8.238000,0.038496587
SA_Energy_Dominance_PC75,8.532000,0.038492956
SA_Energy_Dominance_PC75,8.588000,0.038489102
SA_Energy_Dominance_PC75,8.652000,0.038487836
SA_Energy_Dominance_PC75,8.706000,0.038443489
SA_Energy_Dominance_PC75,8.762000,0.038417421
SA_Energy_Dominance_PC75,8.820000,0.038307115
SA_Energy_Dominance_PC75,8.906000,0.038272116
SA_Energy_Dominance_PC75,8.926000,0.038233923
SA_Energy_Dominance_PC75,9.038000,0.038196492
SA_Energy_Dominance_PC75,9.100000,0.038171258
SA_Energy_Dominance_PC75,9.126000,0.036634956
SA_Energy_Dominance_PC75,9.144000,0.036542012
SA_Energy_Dominance_PC75,9.242000,0.036270151
SA_Energy_Dominance_PC75,9.314000,0.036223771
SA_Energy_Dominance_PC75,9.398000,0.036215542
SA_Energy_Dominance_PC75,10.278000,0.036211944
SA_Energy_Dominance_PC75,10.488000,0.036189996
SA_Energy_Dominance_PC75,10.502000,0.035811083
SA_Energy_Dominance_PC75,10.578000,0.035689947
SA_Energy_Dominance_PC75,10.666000,0.035679419
SA_Energy_Dominance_PC75,11.930000,0.035522617
SA_Energy_Dominance_PC75,12.116000,0.035504105
SA_Energy_Dominance_PC75,12.204000,0.035496842
SA_Energy_Dominance_PC75,12.278000,0.034920268
SA_Energy_Dominance_PC75,12.364000,0.034741293
SA_Energy_Dominance_PC75,12.422000,0.034525832
SA_Energy_Dominance_PC75,12.478000,0.034410986
SA_Energy_Dominance_PC75,12.666000,0.034407074
SA_Energy_Dominance_PC75,15.202000,0.034331541
SA_Energy_Dominance_PC75,15.334000,0.034151297
SA_Energy_Dominance_PC75,15.400000,0.033727662
SA_Energy_Dominance_PC75,15.576000,0.033632582
SA_Energy_Dominance_PC75,18.222000,0.033551609
SA_Energy_Dominance_PC75,18.524000,0.033484749
NSGA-II_PC75,2.446000,0.041857656
NSGA-II_PC75,2.456000,0.041006463
NSGA-II_PC75,2.468000,0.040948029
NSGA-II_PC75,2.472000,0.040814246
NSGA-II_PC75,2.492000,0.040729612
NSGA-II_PC75,2.504000,0.040688406
NSGA-II_PC75,2.518000,0.040610564
NSGA-II_PC75,2.552000,0.040514566
NSGA-II_PC75,2.574000,0.040265382
NSGA-II_PC75,2.672000,0.040245814
NSGA-II_PC75,2.708000,0.040208396
NSGA-II_PC75,2.712000,0.040207018
NSGA-II_PC75,2.718000,0.040138885
NSGA-II_PC75,2.728000,0.039871554
NSGA-II_PC75,2.746000,0.039825886
NSGA-II_PC75,2.764000,0.039690984
NSGA-II_PC75,2.768000,0.039634948
NSGA-II_PC75,2.774000,0.039609825
NSGA-II_PC75,2.792000,0.039259332
NSGA-II_PC75,2.812000,0.039103235
NSGA-II_PC75,2.858000,0.039079177
NSGA-II_PC75,2.918000,0.038908846
NSGA-II_PC75,2.960000,0.038846208
NSGA-II_PC75,2.968000,0.038795140
NSGA-II_PC75,3.080000,0.038654360
NSGA-II_PC75,3.110000,0.038642163
NSGA-II_PC75,3.152000,0.038573124
NSGA-II_PC75,3.206000,0.038511790
NSGA-II_PC75,3.216000,0.038460568
NSGA-II_PC75,3.260000,0.038384346
NSGA-II_PC75,3.354000,0.038234845
NSGA-II_PC75,3.404000,0.038095311
NSGA-II_PC75,3.448000,0.038049799
NSGA-II_PC75,3.526000,0.038030510
NSGA-II_PC75,3.614000,0.037972800
NSGA-II_PC75,3.624000,0.037867359
NSGA-II_PC75,3.664000,0.037846681
NSGA-II_PC75,3.706000,0.037821674
NSGA-II_PC75,3.724000,0.037802555
NSGA-II_PC75,3.726000,0.037659505
NSGA-II_PC75,3.794000,0.037645452
NSGA-II_PC75,3.838000,0.037630823
NSGA-II_PC75,3.856000,0.037495391
NSGA-II_PC75,3.904000,0.037429030
NSGA-II_PC75,4.056000,0.037413067
NSGA-II_PC75,4.060000,0.037399822
NSGA-II_PC75,4.064000,0.037322146
NSGA-II_PC75,4.098000,0.037294847
NSGA-II_PC75,4.152000,0.037220442
NSGA-II_PC75,4.162000,0.037102123
NSGA-II_PC75,4.254000,0.037068182
NSGA-II_PC75,4.298000,0.037025904
NSGA-II_PC75,4.330000,0.036905367
NSGA-II_PC75,4.366000,0.036889831
NSGA-II_PC75,4.464000,0.036825344
NSGA-II_PC75,4.614000,0.036743882
NSGA-II_PC75,4.634000,0.036676466
NSGA-II_PC75,4.752000,0.036649357
NSGA-II_PC75,4.818000,0.036576872
NSGA-II_PC75,4.896000,0.036526926
NSGA-II_PC75,4.930000,0.036477268
NSGA-II_PC75,4.972000,0.036473418
NSGA-II_PC75,4.978000,0.036409010
NSGA-II_PC75,5.018000,0.036390037
NSGA-II_PC75,5.170000,0.036369454
NSGA-II_PC75,5.182000,0.036273657
NSGA-II_PC75,5.282000,0.036236088
NSGA-II_PC75,5.710000,0.036213531
NSGA-II_PC75,5.866000,0.036130085
SPEA-II_PC75,2.264000,0.041274084
SPEA-II_PC75,2.282000,0.041109802
SPEA-II_PC75,2.290000,0.041033284
SPEA-II_PC75,2.292000,0.040795709
SPEA-II_PC75,2.314000,0.040728689
SPEA-II_PC75,2.338000,0.040501262
SPEA-II_PC75,2.386000,0.040460456
SPEA-II_PC75,2.394000,0.040386586
SPEA-II_PC75,2.396000,0.040163242
SPEA-II_PC75,2.424000,0.040027087
SPEA-II_PC75,2.538000,0.039974361
SPEA-II_PC75,2.558000,0.039946259
SPEA-II_PC75,2.562000,0.039648443
SPEA-II_PC75,2.612000,0.039389202
SPEA-II_PC75,2.630000,0.039328079
SPEA-II_PC75,2.644000,0.039268655
SPEA-II_PC75,2.674000,0.039021950
SPEA-II_PC75,2.704000,0.038980182
SPEA-II_PC75,2.736000,0.038973659
SPEA-II_PC75,2.742000,0.038951069
SPEA-II_PC75,2.770000,0.038900278
SPEA-II_PC75,2.818000,0.038859180
SPEA-II_PC75,2.820000,0.038852089
SPEA-II_PC75,2.824000,0.038599388
SPEA-II_PC75,2.882000,0.038539834
SPEA-II_PC75,2.922000,0.038539574
SPEA-II_PC75,2.934000,0.038342402
SPEA-II_PC75,2.968000,0.038303097
SPEA-II_PC75,2.970000,0.038165261
SPEA-II_PC75,2.988000,0.038159703
SPEA-II_PC75,2.994000,0.038039332
SPEA-II_PC75,3.054000,0.038021270
SPEA-II_PC75,3.084000,0.037969528
SPEA-II_PC75,3.130000,0.037923306
SPEA-II_PC75,3.180000,0.037918598
SPEA-II_PC75,3.186000,0.037889257
SPEA-II_PC75,3.204000,0.037883586
SPEA-II_PC75,3.228000,0.037879306
SPEA-II_PC75,3.240000,0.037765825
SPEA-II_PC75,3.260000,0.037762053
SPEA-II_PC75,3.292000,0.037656652
SPEA-II_PC75,3.366000,0.037618351
SPEA-II_PC75,3.386000,0.037550061
SPEA-II_PC75,3.432000,0.037497445
SPEA-II_PC75,3.450000,0.037447399
SPEA-II_PC75,3.548000,0.037429385
SPEA-II_PC75,3.578000,0.037401986
SPEA-II_PC75,3.616000,0.037371440
SPEA-II_PC75,3.682000,0.037253499
SPEA-II_PC75,3.746000,0.037194219
SPEA-II_PC75,3.762000,0.037124646
SPEA-II_PC75,3.830000,0.037119172
SPEA-II_PC75,3.952000,0.037057114
SPEA-II_PC75,4.034000,0.037042343
SPEA-II_PC75,4.058000,0.037018237
SPEA-II_PC75,4.144000,0.036931281
SPEA-II_PC75,4.290000,0.036896807
SPEA-II_PC75,4.350000,0.036778886
SPEA-II_PC75,4.470000,0.036756844
SPEA-II_PC75,4.542000,0.036695771
SPEA-II_PC75,4.574000,0.036628259
SPEA-II_PC75,4.626000,0.036622130
AMOSA_PC75,2.578000,0.044074233
AMOSA_PC75,2.642000,0.043937230
AMOSA_PC75,2.646000,0.043700610
AMOSA_PC75,2.670000,0.043689419
AMOSA_PC75,2.708000,0.043584084
AMOSA_PC75,2.712000,0.043464410
AMOSA_PC75,2.724000,0.043302359
AMOSA_PC75,2.742000,0.043294518
AMOSA_PC75,2.752000,0.043025311
AMOSA_PC75,2.784000,0.042838580
AMOSA_PC75,2.804000,0.042753349
AMOSA_PC75,2.818000,0.042671622
AMOSA_PC75,2.854000,0.042545584
AMOSA_PC75,2.878000,0.042438672
AMOSA_PC75,2.924000,0.042401166
AMOSA_PC75,2.940000,0.042333548
AMOSA_PC75,2.974000,0.042321463
AMOSA_PC75,3.036000,0.042141434
AMOSA_PC75,3.106000,0.042117206
AMOSA_PC75,3.122000,0.041939867
AMOSA_PC75,3.234000,0.041878646
AMOSA_PC75,3.340000,0.041799105
AMOSA_PC75,3.366000,0.041693325
AMOSA_PC75,3.438000,0.041600956
AMOSA_PC75,3.524000,0.041597060
AMOSA_PC75,3.652000,0.041568081
AMOSA_PC75,3.660000,0.041306724
AMOSA_PC75,4.062000,0.041238495
AMOSA_PC75,4.180000,0.041192422
AMOSA_PC75,4.204000,0.041140971
AMOSA_PC75,4.330000,0.041068946
AMOSA_PC75,4.396000,0.041031297
AMOSA_PC75,4.936000,0.040972489
