Scenario,ScenarioName,Algorithm,Seed,HV,GD,IGD,Spacing,NonDomSolutions,ParetoContribution,TimeMs,WaitingTime_Best,Energy_Best,ScoredSeeds
1,Balanced,GA_WaitingTime_Dominance,200,0.142155,0.003825,0.533666,0.004888,11,5,2823,2.034000,0.062984048,
1,Balanced,GA_WaitingTime_Dominance,201,0.131300,0.004118,0.546111,0.002200,8,0,2201,2.070000,0.063186210,
1,Balanced,GA_WaitingTime_Dominance,202,0.141879,0.004632,0.535045,0.002887,12,0,2255,2.054000,0.062987047,
1,Balanced,GA_WaitingTime_Dominance,203,0.137116,0.009861,0.537445,0.001901,15,0,2182,2.102000,0.063071110,
1,Balanced,GA_WaitingTime_Dominance,204,0.154396,0.002185,0.528357,0.004604,7,4,2216,2.060000,0.062751894,
1,Balanced,GA_WaitingTime_Dominance,205,0.152744,0.001114,0.533209,0.001878,8,2,2187,2.048000,0.062784192,
1,Balanced,GA_WaitingTime_Dominance,206,0.124352,0.017769,0.539039,0.013952,9,0,2260,2.046000,0.063314733,
1,Balanced,GA_WaitingTime_Dominance,207,0.133832,0.017346,0.534378,0.002632,14,0,2171,2.040000,0.063133772,
1,Balanced,GA_WaitingTime_Dominance,208,0.142434,0.002155,0.541335,0.001925,6,0,2227,2.094000,0.062974361,
1,Balanced,GA_WaitingTime_Dominance,209,0.143684,0.002512,0.539251,0.001776,9,0,2196,2.082000,0.062951770,
1,Balanced,GA_WaitingTime_Dominance,MEAN,0.140389,0.006552,0.536783,0.003864,,11,2271,2.034000,0.062751894,10
1,Balanced,GA_Energy_Dominance,200,0.670386,0.047947,0.085622,0.007008,81,8,3013,4.386000,0.047749904,
1,Balanced,GA_Energy_Dominance,201,0.663752,0.050845,0.088517,0.007900,84,14,3205,4.246000,0.047668823,
1,Balanced,GA_Energy_Dominance,202,0.660903,0.046753,0.097536,0.008122,91,3,4197,4.372000,0.048578448,
1,Balanced,GA_Energy_Dominance,203,0.631744,0.071963,0.109329,0.006291,90,14,4355,4.606000,0.046981777,
1,Balanced,GA_Energy_Dominance,204,0.659463,0.053162,0.093323,0.010147,86,0,4036,4.412000,0.048884587,
1,Balanced,GA_Energy_Dominance,205,0.574173,0.079474,0.171416,0.015186,90,10,3691,4.236000,0.052799077,
1,Balanced,GA_Energy_Dominance,206,0.639703,0.070981,0.114280,0.005822,88,0,3952,4.220000,0.049510916,
1,Balanced,GA_Energy_Dominance,207,0.621824,0.084694,0.109610,0.008924,75,2,4156,4.192000,0.047260939,
1,Balanced,GA_Energy_Dominance,208,0.659955,0.054545,0.094033,0.006079,104,5,3772,4.166000,0.049962177,
1,Balanced,GA_Energy_Dominance,209,0.638501,0.075482,0.107439,0.006808,105,0,4125,4.526000,0.047435093,
1,Balanced,GA_Energy_Dominance,MEAN,0.642040,0.063585,0.107111,0.008229,,56,3850,4.166000,0.046981777,10
1,Balanced,SA_WaitingTime_Dominance,200,0.111274,0.021724,0.546821,0.008665,16,0,1897,1.840000,0.063574826,
1,Balanced,SA_WaitingTime_Dominance,201,0.114541,0.027414,0.541677,0.003509,28,0,1973,1.862000,0.063442500,
1,Balanced,SA_WaitingTime_Dominance,202,0.106507,0.028462,0.548813,0.002841,20,6,1914,1.838000,0.063602724,
1,Balanced,SA_WaitingTime_Dominance,203,0.109426,0.019463,0.548523,0.002238,19,8,1903,1.926000,0.063574826,
1,Balanced,SA_WaitingTime_Dominance,204,0.116659,0.024241,0.543550,0.001654,30,0,1885,1.838000,0.063565358,
1,Balanced,SA_WaitingTime_Dominance,205,0.113478,0.015808,0.545416,0.001626,34,0,1896,1.908000,0.063567351,
1,Balanced,SA_WaitingTime_Dominance,206,0.107400,0.012373,0.548291,0.001313,28,4,1869,1.824000,0.063589900,
1,Balanced,SA_WaitingTime_Dominance,207,0.110490,0.008008,0.546146,0.001109,21,3,1901,1.888000,0.063546807,
1,Balanced,SA_WaitingTime_Dominance,208,0.140138,0.030510,0.534647,0.001993,34,0,1875,1.842000,0.063603419,
1,Balanced,SA_WaitingTime_Dominance,209,0.143719,0.035376,0.530654,0.005080,38,0,1959,1.880000,0.063457154,
1,Balanced,SA_WaitingTime_Dominance,MEAN,0.117363,0.022338,0.543454,0.003003,,21,1907,1.824000,0.063442500,10
1,Balanced,SA_Energy_Dominance,200,0.555170,0.144363,0.171515,0.003361,110,0,2235,4.566000,0.050847613,
1,Balanced,SA_Energy_Dominance,201,0.582056,0.113507,0.163652,0.003279,137,0,2229,4.242000,0.051295725,
1,Balanced,SA_Energy_Dominance,202,0.515850,0.105276,0.251584,0.002442,84,0,2093,4.412000,0.054376439,
1,Balanced,SA_Energy_Dominance,203,0.526544,0.144186,0.195744,0.004345,107,0,2181,4.486000,0.052710786,
1,Balanced,SA_Energy_Dominance,204,0.538653,0.115215,0.224509,0.003905,100,4,2150,4.214000,0.053534331,
1,Balanced,SA_Energy_Dominance,205,0.511797,0.106938,0.242030,0.002500,109,0,2131,4.188000,0.054317863,
1,Balanced,SA_Energy_Dominance,206,0.514012,0.126616,0.228710,0.002790,90,0,2132,4.432000,0.053821174,
1,Balanced,SA_Energy_Dominance,207,0.549530,0.124365,0.191889,0.002999,121,0,2215,4.424000,0.052416109,
1,Balanced,SA_Energy_Dominance,208,0.547057,0.128175,0.176739,0.003993,96,0,2183,4.694000,0.052000040,
1,Balanced,SA_Energy_Dominance,209,0.586825,0.095618,0.170936,0.002671,113,0,2189,4.522000,0.051879974,
1,Balanced,SA_Energy_Dominance,MEAN,0.542749,0.120426,0.201731,0.003228,,4,2173,4.188000,0.050847613,10
1,Balanced,NSGA-II,200,0.571962,0.013680,0.234439,0.004257,51,1,6532,2.846000,0.054302705,
1,Balanced,NSGA-II,201,0.579581,0.007301,0.261096,0.005065,46,14,6275,3.154000,0.054138843,
1,Balanced,NSGA-II,202,0.538144,0.016776,0.252086,0.003817,45,0,6166,2.864000,0.055058038,
1,Balanced,NSGA-II,203,0.546826,0.010905,0.264518,0.004958,45,0,6233,2.832000,0.054895623,
1,Balanced,NSGA-II,204,0.530475,0.013043,0.265868,0.003776,43,0,6203,2.984000,0.055220431,
1,Balanced,NSGA-II,205,0.546535,0.007620,0.257636,0.003209,49,2,6103,2.936000,0.054929030,
1,Balanced,NSGA-II,206,0.555268,0.011297,0.271227,0.002837,45,0,6142,2.892000,0.054732457,
1,Balanced,NSGA-II,207,0.529557,0.019102,0.262416,0.005250,41,0,6294,2.896000,0.055214503,
1,Balanced,NSGA-II,208,0.524666,0.016253,0.270206,0.004315,43,0,6620,2.958000,0.055322881,
1,Balanced,NSGA-II,209,0.520360,0.004244,0.281780,0.002913,43,21,6678,2.924000,0.055487391,
1,Balanced,NSGA-II,MEAN,0.544337,0.012022,0.262127,0.004040,,38,6324,2.832000,0.054138843,10
1,Balanced,SPEA-II,200,0.449896,0.016930,0.324814,0.001529,41,0,6842,2.698000,0.056907542,
1,Balanced,SPEA-II,201,0.423113,0.017538,0.336353,0.001254,47,0,6608,2.700000,0.057414416,
1,Balanced,SPEA-II,202,0.519627,0.016347,0.280376,0.005747,48,0,6854,2.756000,0.055456686,
1,Balanced,SPEA-II,203,0.318629,0.018115,0.413572,0.002471,29,0,6487,2.694000,0.059510545,
1,Balanced,SPEA-II,204,0.504875,0.001365,0.312461,0.003702,39,22,6591,2.670000,0.055871902,
1,Balanced,SPEA-II,205,0.545179,0.022202,0.253367,0.005376,55,0,6782,2.730000,0.054879529,
1,Balanced,SPEA-II,206,0.477399,0.008416,0.319894,0.002170,38,7,6622,2.706000,0.056394379,
1,Balanced,SPEA-II,207,0.476911,0.027899,0.290368,0.006762,41,0,6706,2.740000,0.056315091,
1,Balanced,SPEA-II,208,0.384195,0.021878,0.368694,0.002318,39,0,6690,2.718000,0.058195897,
1,Balanced,SPEA-II,209,0.468478,0.015647,0.309799,0.003359,46,3,6731,2.624000,0.056561360,
1,Balanced,SPEA-II,MEAN,0.456830,0.016634,0.320970,0.003469,,32,6691,2.624000,0.054879529,10
1,Balanced,AMOSA,200,0.227153,0.034696,0.456144,0.015156,12,0,5769,3.142000,0.061194796,
1,Balanced,AMOSA,201,0.229847,0.046704,0.445094,0.003097,26,0,5478,3.094000,0.061119856,
1,Balanced,AMOSA,202,0.239820,0.041848,0.442601,0.006484,15,0,5434,3.050000,0.060948966,
1,Balanced,AMOSA,203,0.234179,0.043512,0.443372,0.007757,19,0,5429,3.142000,0.061038412,
1,Balanced,AMOSA,204,0.262995,0.042984,0.421306,0.004334,23,0,5424,3.150000,0.060455376,
1,Balanced,AMOSA,205,0.217364,0.036925,0.456964,0.006995,22,0,5665,3.036000,0.061397185,
1,Balanced,AMOSA,206,0.271648,0.054965,0.406123,0.009537,26,0,5573,3.076000,0.060271737,
1,Balanced,AMOSA,207,0.231191,0.050558,0.446606,0.004009,26,0,5523,3.108000,0.061097760,
1,Balanced,AMOSA,208,0.245834,0.044744,0.440552,0.003047,22,0,5507,3.152000,0.060809655,
1,Balanced,AMOSA,209,0.260491,0.034090,0.433266,0.006115,17,0,5446,3.126000,0.060546388,
1,Balanced,AMOSA,MEAN,0.242052,0.043103,0.439203,0.006653,,0,5524,3.036000,0.060271737,10
1,Balanced,GA_WaitingTime_Dominance_PC90,200,0.163204,0.004396,0.524278,0.003045,9,0,9328,2.160000,0.062575093,
1,Balanced,GA_WaitingTime_Dominance_PC90,201,0.140470,0.006600,0.539109,0.004868,7,0,9045,2.158000,0.063005350,
1,Balanced,GA_WaitingTime_Dominance_PC90,202,0.158692,0.017003,0.508647,0.004963,24,0,8917,2.140000,0.062640221,
1,Balanced,GA_WaitingTime_Dominance_PC90,203,0.198896,0.000000,0.503884,0.005894,8,8,9103,2.164000,0.061900522,
1,Balanced,GA_WaitingTime_Dominance_PC90,204,0.152197,0.015373,0.522822,0.003589,13,0,9086,2.100000,0.062774007,
1,Balanced,GA_WaitingTime_Dominance_PC90,205,0.111824,0.022308,0.547728,0.001401,15,0,8914,2.104000,0.063539698,
1,Balanced,GA_WaitingTime_Dominance_PC90,206,0.118819,0.020388,0.543814,0.002592,9,0,8962,2.146000,0.063412641,
1,Balanced,GA_WaitingTime_Dominance_PC90,207,0.140267,0.007231,0.537251,0.001262,11,0,8992,2.124000,0.063011162,
1,Balanced,GA_WaitingTime_Dominance_PC90,208,0.159093,0.003089,0.527850,0.005122,7,0,9159,2.106000,0.062658567,
1,Balanced,GA_WaitingTime_Dominance_PC90,209,0.145307,0.003025,0.537498,0.004019,6,0,9656,2.120000,0.062917672,
1,Balanced,GA_WaitingTime_Dominance_PC90,MEAN,0.148877,0.009941,0.529288,0.003676,,8,9116,2.100000,0.061900522,10
1,Balanced,GA_Energy_Dominance_PC90,200,0.634917,0.073374,0.111024,0.009402,87,0,10630,4.468000,0.047637911,
1,Balanced,GA_Energy_Dominance_PC90,201,0.647331,0.058687,0.095292,0.011387,86,0,10413,4.458000,0.048615669,
1,Balanced,GA_Energy_Dominance_PC90,202,0.649728,0.068638,0.100707,0.005755,99,0,10295,4.318000,0.048876811,
1,Balanced,GA_Energy_Dominance_PC90,203,0.646030,0.057665,0.104275,0.006546,83,0,10127,4.184000,0.049057134,
1,Balanced,GA_Energy_Dominance_PC90,204,0.621802,0.084261,0.107533,0.010861,83,0,10441,4.898000,0.047954420,
1,Balanced,GA_Energy_Dominance_PC90,205,0.680547,0.039637,0.086326,0.006937,99,34,10394,4.352000,0.048359984,
1,Balanced,GA_Energy_Dominance_PC90,206,0.643439,0.067553,0.105535,0.004674,92,0,9965,4.140000,0.049576424,
1,Balanced,GA_Energy_Dominance_PC90,207,0.619905,0.071200,0.138863,0.009912,81,9,9674,4.382000,0.050960682,
1,Balanced,GA_Energy_Dominance_PC90,208,0.610095,0.059524,0.134226,0.004065,104,0,9042,4.258000,0.051722067,
1,Balanced,GA_Energy_Dominance_PC90,209,0.633084,0.080742,0.105710,0.006435,91,0,9140,4.190000,0.047857078,
1,Balanced,GA_Energy_Dominance_PC90,MEAN,0.638688,0.066128,0.108949,0.007597,,43,10012,4.140000,0.047637911,10
1,Balanced,SA_WaitingTime_Dominance_PC90,200,0.123065,0.018751,0.541227,0.002694,31,0,6737,2.024000,0.063574826,
1,Balanced,SA_WaitingTime_Dominance_PC90,201,0.129730,0.030206,0.527034,0.003947,23,0,6815,2.100000,0.063161753,
1,Balanced,SA_WaitingTime_Dominance_PC90,202,0.119325,0.023730,0.543636,0.002289,23,0,6701,2.114000,0.063602724,
1,Balanced,SA_WaitingTime_Dominance_PC90,203,0.135561,0.039535,0.517134,0.001699,35,0,6597,1.984000,0.063134815,
1,Balanced,SA_WaitingTime_Dominance_PC90,204,0.110791,0.013656,0.546095,0.001740,20,0,6734,2.066000,0.063565358,
1,Balanced,SA_WaitingTime_Dominance_PC90,205,0.127329,0.014753,0.543641,0.002561,23,0,6552,2.104000,0.063417459,
1,Balanced,SA_WaitingTime_Dominance_PC90,206,0.106790,0.028080,0.548768,0.001982,19,0,6630,2.002000,0.063589900,
1,Balanced,SA_WaitingTime_Dominance_PC90,207,0.110695,0.019849,0.546330,0.001729,25,0,6586,2.052000,0.063546807,
1,Balanced,SA_WaitingTime_Dominance_PC90,208,0.106179,0.024488,0.549614,0.003212,16,0,6799,2.022000,0.063603419,
1,Balanced,SA_WaitingTime_Dominance_PC90,209,0.114443,0.024852,0.542486,0.003529,18,0,6609,2.056000,0.063457154,
1,Balanced,SA_WaitingTime_Dominance_PC90,MEAN,0.118391,0.023790,0.540597,0.002538,,0,6676,1.984000,0.063134815,10
1,Balanced,SA_Energy_Dominance_PC90,200,0.542809,0.145434,0.180009,0.003139,111,0,6428,4.536000,0.051533360,
1,Balanced,SA_Energy_Dominance_PC90,201,0.530023,0.159240,0.192436,0.004109,94,0,6432,4.334000,0.052136626,
1,Balanced,SA_Energy_Dominance_PC90,202,0.523652,0.123600,0.230555,0.004059,101,0,6504,4.192000,0.053737648,
1,Balanced,SA_Energy_Dominance_PC90,203,0.548057,0.122966,0.196628,0.002283,114,0,6504,4.486000,0.052517372,
1,Balanced,SA_Energy_Dominance_PC90,204,0.518060,0.109668,0.226605,0.002247,89,0,6549,4.172000,0.053979546,
1,Balanced,SA_Energy_Dominance_PC90,205,0.490952,0.157242,0.223766,0.004744,102,0,6515,4.470000,0.053534521,
1,Balanced,SA_Energy_Dominance_PC90,206,0.515789,0.126552,0.235770,0.006083,74,0,6576,4.390000,0.053885834,
1,Balanced,SA_Energy_Dominance_PC90,207,0.538786,0.140668,0.199988,0.005015,86,0,6504,4.728000,0.052551008,
1,Balanced,SA_Energy_Dominance_PC90,208,0.505599,0.177721,0.203556,0.005803,114,0,6593,4.510000,0.052272291,
1,Balanced,SA_Energy_Dominance_PC90,209,0.555915,0.121313,0.194644,0.003018,107,0,6770,4.594000,0.052369989,
1,Balanced,SA_Energy_Dominance_PC90,MEAN,0.526964,0.138440,0.208396,0.004050,,0,6537,4.172000,0.051533360,10
1,Balanced,NSGA-II_PC90,200,0.544175,0.018294,0.249745,0.004723,45,0,13668,2.976000,0.054916048,
1,Balanced,NSGA-II_PC90,201,0.511092,0.021060,0.274578,0.003072,39,0,12563,3.010000,0.055567556,
1,Balanced,NSGA-II_PC90,202,0.474269,0.012521,0.301918,0.004428,40,0,12343,2.886000,0.056403066,
1,Balanced,NSGA-II_PC90,203,0.562809,0.012286,0.247109,0.003341,41,0,12594,3.074000,0.054518392,
1,Balanced,NSGA-II_PC90,204,0.551268,0.010192,0.257120,0.004259,44,2,12562,3.052000,0.054777414,
1,Balanced,NSGA-II_PC90,205,0.551561,0.014292,0.255088,0.017385,48,0,12625,3.104000,0.054738158,
1,Balanced,NSGA-II_PC90,206,0.548395,0.016378,0.248041,0.005907,45,0,12672,3.014000,0.054815633,
1,Balanced,NSGA-II_PC90,207,0.491793,0.032594,0.274861,0.003907,43,0,12392,3.002000,0.055897494,
1,Balanced,NSGA-II_PC90,208,0.508918,0.023514,0.261887,0.006803,44,0,12506,2.966000,0.055640449,
1,Balanced,NSGA-II_PC90,209,0.547922,0.008260,0.260180,0.005709,34,6,10261,2.946000,0.054883226,
1,Balanced,NSGA-II_PC90,MEAN,0.529220,0.016939,0.263053,0.005953,,8,12418,2.886000,0.054518392,10
1,Balanced,SPEA-II_PC90,200,0.472620,0.008437,0.311070,0.002673,33,1,13280,2.878000,0.056439456,
1,Balanced,SPEA-II_PC90,201,0.421585,0.023923,0.339347,0.001865,45,0,13310,2.896000,0.057404293,
1,Balanced,SPEA-II_PC90,202,0.453421,0.016152,0.316858,0.003017,39,0,13170,2.754000,0.056817509,
1,Balanced,SPEA-II_PC90,203,0.357240,0.016710,0.389860,0.004183,29,0,13050,2.754000,0.058741625,
1,Balanced,SPEA-II_PC90,204,0.397372,0.016595,0.341742,0.003413,37,0,13135,2.884000,0.057919285,
1,Balanced,SPEA-II_PC90,205,0.456521,0.014745,0.322419,0.002469,50,0,13054,2.744000,0.056780797,
1,Balanced,SPEA-II_PC90,206,0.491243,0.023612,0.267286,0.005988,40,0,13519,2.866000,0.056002141,
1,Balanced,SPEA-II_PC90,207,0.475929,0.024390,0.290904,0.003482,41,0,13343,2.882000,0.056314267,
1,Balanced,SPEA-II_PC90,208,0.466451,0.008483,0.323768,0.002204,35,1,13198,2.818000,0.056594859,
1,Balanced,SPEA-II_PC90,209,0.335622,0.012959,0.400410,0.002067,33,0,13208,2.784000,0.059160793,
1,Balanced,SPEA-II_PC90,MEAN,0.432800,0.016601,0.330366,0.003136,,2,13226,2.744000,0.056002141,10
1,Balanced,AMOSA_PC90,200,0.225031,0.043073,0.453374,0.006116,21,0,13683,3.196000,0.061216441,
1,Balanced,AMOSA_PC90,201,0.278140,0.059060,0.400553,0.004896,30,0,13656,3.070000,0.060123106,
1,Balanced,AMOSA_PC90,202,0.262050,0.042011,0.423468,0.005981,29,0,13537,3.106000,0.060477219,
1,Balanced,AMOSA_PC90,203,0.245019,0.044836,0.441214,0.002896,29,0,13433,3.152000,0.060821384,
1,Balanced,AMOSA_PC90,204,0.327941,0.062855,0.365549,0.004306,29,0,13562,3.146000,0.059074814,
1,Balanced,AMOSA_PC90,205,0.222965,0.044033,0.443526,0.007408,24,0,13410,3.078000,0.061270208,
1,Balanced,AMOSA_PC90,206,0.269747,0.040201,0.422511,0.002867,28,0,13528,3.048000,0.060362388,
1,Balanced,AMOSA_PC90,207,0.267715,0.043370,0.421780,0.008054,18,0,13970,3.058000,0.060378434,
1,Balanced,AMOSA_PC90,208,0.246050,0.044910,0.439627,0.003989,20,0,13746,3.164000,0.060794840,
1,Balanced,AMOSA_PC90,209,0.259302,0.042825,0.424309,0.005573,28,0,13518,3.078000,0.060543386,
1,Balanced,AMOSA_PC90,MEAN,0.260396,0.046717,0.423591,0.005209,,0,13604,3.048000,0.059074814,10
1,Balanced,GA_WaitingTime_Dominance_PC80,200,0.168398,0.008094,0.520670,0.003142,5,0,8936,2.320000,0.062459809,
1,Balanced,GA_WaitingTime_Dominance_PC80,201,0.193651,0.008499,0.501654,0.002321,9,0,9006,2.344000,0.061975732,
1,Balanced,GA_WaitingTime_Dominance_PC80,202,0.151499,0.013010,0.528645,0.001231,10,0,9078,2.404000,0.062771847,
1,Balanced,GA_WaitingTime_Dominance_PC80,203,0.172446,0.014308,0.504164,0.010417,11,0,9051,2.394000,0.062371590,
1,Balanced,GA_WaitingTime_Dominance_PC80,204,0.205443,0.008741,0.485407,0.004173,14,2,9072,2.396000,0.061741464,
1,Balanced,GA_WaitingTime_Dominance_PC80,205,0.152221,0.018724,0.515653,0.013059,9,0,8997,2.368000,0.062751937,
1,Balanced,GA_WaitingTime_Dominance_PC80,206,0.160947,0.010369,0.520935,0.004871,10,0,9234,2.300000,0.062601070,
1,Balanced,GA_WaitingTime_Dominance_PC80,207,0.163031,0.012375,0.515148,0.007789,10,0,8985,2.326000,0.062556770,
1,Balanced,GA_WaitingTime_Dominance_PC80,208,0.162504,0.009110,0.524247,0.003122,9,0,8948,2.342000,0.062569372,
1,Balanced,GA_WaitingTime_Dominance_PC80,209,0.174731,0.014466,0.508463,0.012300,4,0,8785,2.412000,0.062326367,
1,Balanced,GA_WaitingTime_Dominance_PC80,MEAN,0.170487,0.011770,0.512499,0.006242,,2,9009,2.300000,0.061741464,10
1,Balanced,GA_Energy_Dominance_PC80,200,0.589023,0.092945,0.133060,0.007473,111,0,10319,6.536000,0.049445930,
1,Balanced,GA_Energy_Dominance_PC80,201,0.541663,0.134593,0.177304,0.010146,91,0,9868,6.344000,0.051339406,
1,Balanced,GA_Energy_Dominance_PC80,202,0.524881,0.142652,0.184456,0.006449,89,0,10063,6.680000,0.051795820,
1,Balanced,GA_Energy_Dominance_PC80,203,0.471394,0.196553,0.222093,0.014449,84,0,10047,6.826000,0.051116973,
1,Balanced,GA_Energy_Dominance_PC80,204,0.513805,0.111010,0.202019,0.009624,91,0,10031,6.480000,0.053164304,
1,Balanced,GA_Energy_Dominance_PC80,205,0.524982,0.141487,0.182034,0.004762,96,0,9969,6.528000,0.051630962,
1,Balanced,GA_Energy_Dominance_PC80,206,0.537965,0.137312,0.181448,0.003659,105,0,9900,6.742000,0.051581635,
1,Balanced,GA_Energy_Dominance_PC80,207,0.525067,0.177803,0.199110,0.006709,103,0,10108,6.822000,0.050306689,
1,Balanced,GA_Energy_Dominance_PC80,208,0.576011,0.117047,0.159541,0.005024,98,0,10092,6.300000,0.050990580,
1,Balanced,GA_Energy_Dominance_PC80,209,0.547985,0.138821,0.173801,0.014604,92,0,10329,6.838000,0.050514028,
1,Balanced,GA_Energy_Dominance_PC80,MEAN,0.535278,0.139022,0.181487,0.008290,,0,10072,6.300000,0.049445930,10
1,Balanced,SA_WaitingTime_Dominance_PC80,200,0.108838,0.020413,0.548496,0.002367,14,0,6580,2.286000,0.063574826,
1,Balanced,SA_WaitingTime_Dominance_PC80,201,0.109500,0.029694,0.547373,0.003127,21,0,6521,2.336000,0.063545405,
1,Balanced,SA_WaitingTime_Dominance_PC80,202,0.106877,0.024667,0.550578,0.001922,13,0,6620,2.280000,0.063610953,
1,Balanced,SA_WaitingTime_Dominance_PC80,203,0.109004,0.022914,0.548180,0.004366,16,0,6558,2.306000,0.063574826,
1,Balanced,SA_WaitingTime_Dominance_PC80,204,0.109201,0.030490,0.547603,0.003928,24,0,6567,2.238000,0.063565358,
1,Balanced,SA_WaitingTime_Dominance_PC80,205,0.108692,0.021941,0.548335,0.003041,16,0,6425,2.360000,0.063567351,
1,Balanced,SA_WaitingTime_Dominance_PC80,206,0.106737,0.027491,0.549416,0.002482,23,0,6560,2.366000,0.063599165,
1,Balanced,SA_WaitingTime_Dominance_PC80,207,0.123670,0.029020,0.540915,0.006337,20,0,6503,2.352000,0.063546807,
1,Balanced,SA_WaitingTime_Dominance_PC80,208,0.106912,0.024585,0.549636,0.003474,29,0,6516,2.350000,0.063603419,
1,Balanced,SA_WaitingTime_Dominance_PC80,209,0.121497,0.027189,0.542975,0.003770,16,0,6468,2.226000,0.063589900,
1,Balanced,SA_WaitingTime_Dominance_PC80,MEAN,0.111093,0.025840,0.547350,0.003481,,0,6531,2.226000,0.063545405,10
1,Balanced,SA_Energy_Dominance_PC80,200,0.504135,0.172514,0.204774,0.007617,116,0,6515,5.320000,0.052381789,
1,Balanced,SA_Energy_Dominance_PC80,201,0.477253,0.192988,0.208461,0.004214,89,0,6484,4.630000,0.052364996,
1,Balanced,SA_Energy_Dominance_PC80,202,0.523448,0.146642,0.192118,0.006716,87,0,6540,4.948000,0.052046079,
1,Balanced,SA_Energy_Dominance_PC80,203,0.440781,0.222203,0.234222,0.003320,94,0,6578,5.104000,0.052712356,
1,Balanced,SA_Energy_Dominance_PC80,204,0.516092,0.177868,0.188620,0.004649,116,0,6601,5.132000,0.050617607,
1,Balanced,SA_Energy_Dominance_PC80,205,0.530739,0.162981,0.178295,0.003448,110,0,6531,4.770000,0.051040795,
1,Balanced,SA_Energy_Dominance_PC80,206,0.537950,0.134226,0.205526,0.003709,67,0,6595,5.036000,0.052724356,
1,Balanced,SA_Energy_Dominance_PC80,207,0.533478,0.177979,0.180230,0.003889,109,0,6547,4.896000,0.050416157,
1,Balanced,SA_Energy_Dominance_PC80,208,0.503732,0.178670,0.195588,0.005194,106,0,6483,4.834000,0.051471955,
1,Balanced,SA_Energy_Dominance_PC80,209,0.552162,0.129985,0.204245,0.005926,83,2,6438,4.740000,0.052413072,
1,Balanced,SA_Energy_Dominance_PC80,MEAN,0.511977,0.169606,0.199208,0.004868,,2,6531,4.630000,0.050416157,10
1,Balanced,NSGA-II_PC80,200,0.302987,0.017121,0.420810,0.007734,14,0,11349,2.866000,0.059784182,
1,Balanced,NSGA-II_PC80,201,0.383472,0.015286,0.382952,0.001752,30,0,11310,2.900000,0.058201687,
1,Balanced,NSGA-II_PC80,202,0.272357,0.022454,0.439327,0.002378,21,0,11341,2.866000,0.060375187,
1,Balanced,NSGA-II_PC80,203,0.337046,0.040896,0.369506,0.003967,37,0,11960,3.220000,0.058974176,
1,Balanced,NSGA-II_PC80,204,0.308615,0.018886,0.415918,0.002921,24,0,11259,2.880000,0.059667002,
1,Balanced,NSGA-II_PC80,205,0.414460,0.068227,0.304037,0.006645,31,0,12298,3.170000,0.057242235,
1,Balanced,NSGA-II_PC80,206,0.280505,0.017353,0.441634,0.003762,19,0,11734,2.826000,0.060229943,
1,Balanced,NSGA-II_PC80,207,0.255063,0.022411,0.450384,0.002013,21,0,11234,2.878000,0.060711610,
1,Balanced,NSGA-II_PC80,208,0.272393,0.020681,0.439431,0.002581,25,0,11405,2.866000,0.060373955,
1,Balanced,NSGA-II_PC80,209,0.288961,0.018111,0.427086,0.002443,32,0,11501,2.820000,0.060063039,
1,Balanced,NSGA-II_PC80,MEAN,0.311586,0.026142,0.409108,0.003619,,0,11539,2.820000,0.057242235,10
1,Balanced,SPEA-II_PC80,200,0.353043,0.064199,0.352893,0.002485,38,0,12765,3.102000,0.058569233,
1,Balanced,SPEA-II_PC80,201,0.286344,0.010951,0.438789,0.009065,14,0,11944,2.768000,0.060130283,
1,Balanced,SPEA-II_PC80,202,0.313880,0.013733,0.419778,0.001833,28,0,11906,2.724000,0.059603153,
1,Balanced,SPEA-II_PC80,203,0.363541,0.022098,0.382630,0.003896,20,0,12050,2.770000,0.058610299,
1,Balanced,SPEA-II_PC80,204,0.354152,0.057015,0.351438,0.005953,34,0,12668,3.152000,0.058556896,
1,Balanced,SPEA-II_PC80,205,0.271901,0.022677,0.448767,0.000858,22,0,12074,2.802000,0.060401310,
1,Balanced,SPEA-II_PC80,206,0.259150,0.023983,0.455333,0.003180,22,0,12279,2.784000,0.060651391,
1,Balanced,SPEA-II_PC80,207,0.367292,0.047461,0.347723,0.003957,36,0,12934,3.148000,0.058352677,
1,Balanced,SPEA-II_PC80,208,0.300093,0.012131,0.430148,0.003703,23,0,11863,2.740000,0.059869406,
1,Balanced,SPEA-II_PC80,209,0.357341,0.044767,0.356053,0.003343,31,0,12816,3.122000,0.058553732,
1,Balanced,SPEA-II_PC80,MEAN,0.322674,0.031901,0.398355,0.003827,,0,12329,2.724000,0.058352677,10
1,Balanced,AMOSA_PC80,200,0.221063,0.048264,0.453137,0.004193,21,0,13327,3.252000,0.061279630,
1,Balanced,AMOSA_PC80,201,0.192564,0.047651,0.475185,0.007907,10,0,13248,3.242000,0.061848481,
1,Balanced,AMOSA_PC80,202,0.136772,0.044431,0.528120,0.002446,8,0,13468,3.202000,0.062975548,
1,Balanced,AMOSA_PC80,203,0.215497,0.042094,0.463193,0.003623,24,0,13569,3.214000,0.061406999,
1,Balanced,AMOSA_PC80,204,0.185958,0.040140,0.487850,0.012353,9,0,13416,3.230000,0.062003091,
1,Balanced,AMOSA_PC80,205,0.215448,0.043978,0.461096,0.010900,14,0,13511,3.200000,0.061394401,
1,Balanced,AMOSA_PC80,206,0.213687,0.056751,0.456207,0.003670,17,0,13440,3.196000,0.061402378,
1,Balanced,AMOSA_PC80,207,0.200034,0.042838,0.474213,0.004818,14,0,14125,3.176000,0.061718684,
1,Balanced,AMOSA_PC80,208,0.216199,0.104409,0.428891,0.007193,19,0,13380,3.180000,0.061255145,
1,Balanced,AMOSA_PC80,209,0.210211,0.041956,0.463211,0.008866,14,0,13588,3.206000,0.061508713,
1,Balanced,AMOSA_PC80,MEAN,0.200743,0.051251,0.469110,0.006597,,0,13507,3.176000,0.061255145,10
1,Balanced,GA_WaitingTime_Dominance_PC70,200,0.089339,0.040444,0.566060,0.007458,7,0,9298,2.996000,0.063915250,
1,Balanced,GA_WaitingTime_Dominance_PC70,201,0.065232,0.035151,0.588914,0.000577,4,0,9260,2.942000,0.064392520,
1,Balanced,GA_WaitingTime_Dominance_PC70,202,0.039694,0.053383,0.584517,0.039185,11,0,9172,2.902000,0.064988798,
1,Balanced,GA_WaitingTime_Dominance_PC70,203,0.059246,0.056956,0.590485,0.002956,20,0,9348,2.956000,0.064923642,
1,Balanced,GA_WaitingTime_Dominance_PC70,204,0.063136,0.054346,0.552277,0.054306,12,0,9396,2.984000,0.064401013,
1,Balanced,GA_WaitingTime_Dominance_PC70,205,0.041204,0.046420,0.604410,0.003274,10,0,9096,3.040000,0.064852726,
1,Balanced,GA_WaitingTime_Dominance_PC70,206,0.101586,0.037053,0.559895,0.006289,5,0,9399,2.928000,0.063686714,
1,Balanced,GA_WaitingTime_Dominance_PC70,207,0.080241,0.114849,0.550325,0.009366,16,0,9484,2.962000,0.064129538,
1,Balanced,GA_WaitingTime_Dominance_PC70,208,0.065000,0.041051,0.582427,0.009503,7,0,9359,2.942000,0.064392013,
1,Balanced,GA_WaitingTime_Dominance_PC70,209,0.072393,0.119047,0.553161,0.005935,17,0,9471,2.978000,0.064160612,
1,Balanced,GA_WaitingTime_Dominance_PC70,MEAN,0.067707,0.059870,0.573247,0.013885,,0,9328,2.902000,0.063686714,10
1,Balanced,GA_Energy_Dominance_PC70,200,0.485374,0.190221,0.223276,0.015257,83,0,10100,8.496000,0.051284949,
1,Balanced,GA_Energy_Dominance_PC70,201,0.484120,0.168256,0.221714,0.005165,81,0,10069,7.300000,0.052596229,
1,Balanced,GA_Energy_Dominance_PC70,202,0.501742,0.164431,0.203384,0.004874,102,0,9918,7.032000,0.052113048,
1,Balanced,GA_Energy_Dominance_PC70,203,0.515579,0.155312,0.196122,0.006407,87,0,9928,6.658000,0.051664952,
1,Balanced,GA_Energy_Dominance_PC70,204,0.445128,0.221838,0.244321,0.008552,87,0,10109,8.468000,0.051549798,
1,Balanced,GA_Energy_Dominance_PC70,205,0.477680,0.179863,0.232239,0.005838,81,0,9874,8.022000,0.052626835,
1,Balanced,GA_Energy_Dominance_PC70,206,0.490981,0.156331,0.216464,0.009543,87,0,10015,7.678000,0.052427101,
1,Balanced,GA_Energy_Dominance_PC70,207,0.486887,0.160350,0.225747,0.007247,70,0,9876,8.690000,0.051893381,
1,Balanced,GA_Energy_Dominance_PC70,208,0.478329,0.164046,0.219248,0.004892,98,0,10116,7.054000,0.053012640,
1,Balanced,GA_Energy_Dominance_PC70,209,0.451146,0.216981,0.240086,0.005795,98,0,10230,8.652000,0.050945027,
1,Balanced,GA_Energy_Dominance_PC70,MEAN,0.481696,0.177763,0.222260,0.007357,,0,10023,6.658000,0.050945027,10
1,Balanced,SA_WaitingTime_Dominance_PC70,200,0.113992,0.041171,0.542192,0.006299,16,0,6597,2.830000,0.063456317,
1,Balanced,SA_WaitingTime_Dominance_PC70,201,0.088029,0.031621,0.571061,0.001709,9,0,6605,2.778000,0.063958592,
1,Balanced,SA_WaitingTime_Dominance_PC70,202,0.071593,0.030236,0.579609,0.005312,15,0,6544,2.724000,0.064277383,
1,Balanced,SA_WaitingTime_Dominance_PC70,203,0.111965,0.059558,0.539057,0.001887,40,0,6578,2.754000,0.063732471,
1,Balanced,SA_WaitingTime_Dominance_PC70,204,0.119022,0.034020,0.544478,0.004283,11,0,6515,2.756000,0.063356967,
1,Balanced,SA_WaitingTime_Dominance_PC70,205,0.114247,0.036842,0.545784,0.004150,11,0,6485,2.794000,0.063446281,
1,Balanced,SA_WaitingTime_Dominance_PC70,206,0.085487,0.040353,0.567598,0.002567,13,0,6438,2.794000,0.064000660,
1,Balanced,SA_WaitingTime_Dominance_PC70,207,0.102814,0.036875,0.556089,0.001222,21,0,6545,2.872000,0.063663078,
1,Balanced,SA_WaitingTime_Dominance_PC70,208,0.123166,0.029508,0.540399,0.001339,10,0,6564,2.730000,0.063281103,
1,Balanced,SA_WaitingTime_Dominance_PC70,209,0.103307,0.033371,0.555555,0.004262,8,0,6484,2.690000,0.063659983,
1,Balanced,SA_WaitingTime_Dominance_PC70,MEAN,0.103362,0.037356,0.554182,0.003303,,0,6535,2.690000,0.063281103,10
1,Balanced,SA_Energy_Dominance_PC70,200,0.498778,0.185925,0.196995,0.006512,99,0,6672,6.720000,0.050963878,
1,Balanced,SA_Energy_Dominance_PC70,201,0.480196,0.206912,0.220904,0.004712,82,0,6850,7.022000,0.051477762,
1,Balanced,SA_Energy_Dominance_PC70,202,0.415985,0.248981,0.251593,0.005382,123,0,6672,6.406000,0.049997186,
1,Balanced,SA_Energy_Dominance_PC70,203,0.483717,0.212388,0.222186,0.004908,98,0,7275,6.954000,0.051329700,
1,Balanced,SA_Energy_Dominance_PC70,204,0.450438,0.238602,0.239620,0.006927,100,0,6797,6.884000,0.052082735,
1,Balanced,SA_Energy_Dominance_PC70,205,0.503310,0.206306,0.240626,0.005100,77,0,6823,6.546000,0.052778354,
1,Balanced,SA_Energy_Dominance_PC70,206,0.442004,0.232732,0.250350,0.004634,91,0,6414,7.712000,0.052728041,
1,Balanced,SA_Energy_Dominance_PC70,207,0.504757,0.178298,0.209156,0.004780,108,0,4597,6.368000,0.051917749,
1,Balanced,SA_Energy_Dominance_PC70,208,0.444699,0.241800,0.243267,0.006020,95,0,4919,7.852000,0.050514410,
1,Balanced,SA_Energy_Dominance_PC70,209,0.491360,0.180444,0.197805,0.012043,80,0,4625,5.854000,0.050732777,
1,Balanced,SA_Energy_Dominance_PC70,MEAN,0.471525,0.213239,0.227250,0.006102,,0,6164,5.854000,0.049997186,10
1,Balanced,NSGA-II_PC70,200,0.330553,0.089280,0.364843,0.002471,38,0,8741,4.250000,0.058828067,
1,Balanced,NSGA-II_PC70,201,0.353517,0.059934,0.357784,0.008929,27,0,8462,3.756000,0.058517805,
1,Balanced,NSGA-II_PC70,202,0.259785,0.118769,0.407675,0.002619,37,0,8282,4.284000,0.060208707,
1,Balanced,NSGA-II_PC70,203,0.245843,0.099834,0.420776,0.004319,23,0,8312,4.708000,0.060492059,
1,Balanced,NSGA-II_PC70,204,0.399737,0.090305,0.333838,0.004914,23,0,8581,4.556000,0.057313594,
1,Balanced,NSGA-II_PC70,205,0.358291,0.068904,0.354986,0.002613,39,0,8668,3.850000,0.058378038,
1,Balanced,NSGA-II_PC70,206,0.325623,0.093795,0.370237,0.003658,32,0,8386,4.280000,0.058909591,
1,Balanced,NSGA-II_PC70,207,0.307908,0.099576,0.377439,0.002505,42,0,8590,4.628000,0.059200621,
1,Balanced,NSGA-II_PC70,208,0.262805,0.102148,0.406064,0.003842,32,0,8234,4.592000,0.060131285,
1,Balanced,NSGA-II_PC70,209,0.303900,0.088960,0.384927,0.002296,37,0,8266,4.220000,0.059374980,
1,Balanced,NSGA-II_PC70,MEAN,0.314796,0.091150,0.377857,0.003817,,0,8452,3.756000,0.057313594,10
1,Balanced,SPEA-II_PC70,200,0.346369,0.066622,0.369493,0.005485,24,0,8822,4.114000,0.058593770,
1,Balanced,SPEA-II_PC70,201,0.289840,0.064807,0.399950,0.006272,26,0,8702,4.038000,0.059771161,
1,Balanced,SPEA-II_PC70,202,0.334242,0.069651,0.371926,0.003092,32,0,9194,3.826000,0.058897707,
1,Balanced,SPEA-II_PC70,203,0.323155,0.078414,0.371795,0.003508,31,0,8725,4.100000,0.059045549,
1,Balanced,SPEA-II_PC70,204,0.327002,0.076366,0.378188,0.001662,41,0,8902,4.098000,0.058966949,
1,Balanced,SPEA-II_PC70,205,0.288550,0.085468,0.393620,0.005995,29,0,8731,4.090000,0.059716074,
1,Balanced,SPEA-II_PC70,206,0.340934,0.064017,0.373529,0.004486,24,0,8867,4.096000,0.058722244,
1,Balanced,SPEA-II_PC70,207,0.313982,0.083164,0.380345,0.008503,24,0,8803,4.242000,0.059193666,
1,Balanced,SPEA-II_PC70,208,0.321118,0.088773,0.368034,0.004627,29,0,8753,4.468000,0.058979623,
1,Balanced,SPEA-II_PC70,209,0.321308,0.089934,0.383284,0.003993,24,0,8780,4.330000,0.059039577,
1,Balanced,SPEA-II_PC70,MEAN,0.320650,0.076722,0.379016,0.004762,,0,8827,3.826000,0.058593770,10
1,Balanced,AMOSA_PC70,200,0.175519,0.123279,0.474900,0.007045,16,0,9781,4.854000,0.061893833,
1,Balanced,AMOSA_PC70,201,0.231427,0.119075,0.427565,0.007312,19,0,9616,5.054000,0.060717490,
1,Balanced,AMOSA_PC70,202,0.235318,0.123506,0.430223,0.004888,24,0,9559,5.176000,0.060627624,
1,Balanced,AMOSA_PC70,203,0.167478,0.134291,0.482795,0.021994,11,0,9540,5.644000,0.062018362,
1,Balanced,AMOSA_PC70,204,0.148863,0.175298,0.482432,0.013338,19,0,9621,5.872000,0.062568539,
1,Balanced,AMOSA_PC70,205,0.188888,0.099912,0.472218,0.007171,8,0,9591,4.746000,0.061697917,
1,Balanced,AMOSA_PC70,206,0.195933,0.128580,0.456831,0.005853,18,0,9544,5.018000,0.061432630,
1,Balanced,AMOSA_PC70,207,0.214824,0.145036,0.442021,0.004732,19,0,9532,5.704000,0.060954572,
1,Balanced,AMOSA_PC70,208,0.199978,0.146317,0.447677,0.008172,24,0,9520,5.716000,0.061252108,
1,Balanced,AMOSA_PC70,209,0.209805,0.135609,0.441785,0.003704,23,0,9502,5.046000,0.061127739,
1,Balanced,AMOSA_PC70,MEAN,0.196803,0.133090,0.455845,0.008421,,0,9580,4.746000,0.060627624,10
1,Balanced,GA_WaitingTime_Dominance_PC60,200,0.092158,0.116314,0.549611,0.012411,18,0,6843,3.982000,0.064116139,
1,Balanced,GA_WaitingTime_Dominance_PC60,201,0.043198,0.074391,0.588331,0.014912,13,0,6677,3.764000,0.064792161,
1,Balanced,GA_WaitingTime_Dominance_PC60,202,0.038463,0.082454,0.575682,0.038944,15,0,6607,3.804000,0.064875186,
1,Balanced,GA_WaitingTime_Dominance_PC60,203,0.065064,0.106297,0.579030,0.004222,21,0,6742,4.002000,0.064961926,
1,Balanced,GA_WaitingTime_Dominance_PC60,204,0.108020,0.120297,0.523112,0.007612,16,0,6671,4.046000,0.063370768,
1,Balanced,GA_WaitingTime_Dominance_PC60,205,0.035995,0.084928,0.620780,0.002865,9,0,6588,4.142000,0.065642456,
1,Balanced,GA_WaitingTime_Dominance_PC60,206,0.092836,0.071237,0.555210,0.003840,13,0,6632,3.632000,0.063798068,
1,Balanced,GA_WaitingTime_Dominance_PC60,207,0.085283,0.145777,0.534626,0.006479,12,0,6795,3.926000,0.063806385,
1,Balanced,GA_WaitingTime_Dominance_PC60,208,0.039325,0.090865,0.593949,0.047392,7,0,6593,3.872000,0.065358226,
1,Balanced,GA_WaitingTime_Dominance_PC60,209,0.052814,0.101044,0.559911,0.019499,13,0,6733,3.800000,0.064558894,
1,Balanced,GA_WaitingTime_Dominance_PC60,MEAN,0.065316,0.099360,0.568024,0.015818,,0,6688,3.632000,0.063370768,10
1,Balanced,GA_Energy_Dominance_PC60,200,0.409473,0.219838,0.284440,0.004905,56,0,6848,9.572000,0.054161522,
1,Balanced,GA_Energy_Dominance_PC60,201,0.449058,0.205374,0.249891,0.007165,84,0,6975,7.972000,0.053383601,
1,Balanced,GA_Energy_Dominance_PC60,202,0.450204,0.185737,0.243775,0.006811,75,0,6972,8.270000,0.053133152,
1,Balanced,GA_Energy_Dominance_PC60,203,0.430280,0.197200,0.261077,0.008816,65,0,6994,7.532000,0.053959940,
1,Balanced,GA_Energy_Dominance_PC60,204,0.396955,0.235982,0.291458,0.011443,86,0,7103,12.068000,0.051724715,
1,Balanced,GA_Energy_Dominance_PC60,205,0.362410,0.241230,0.313639,0.004816,52,0,6813,9.614000,0.055409174,
1,Balanced,GA_Energy_Dominance_PC60,206,0.434155,0.210627,0.274904,0.008401,66,0,7006,9.972000,0.053771198,
1,Balanced,GA_Energy_Dominance_PC60,207,0.385711,0.247700,0.302890,0.005783,69,0,6896,9.690000,0.054402249,
1,Balanced,GA_Energy_Dominance_PC60,208,0.422617,0.232279,0.266046,0.005629,74,0,6993,8.970000,0.053220701,
1,Balanced,GA_Energy_Dominance_PC60,209,0.426162,0.220031,0.264623,0.009336,72,0,7067,11.296000,0.051615280,
1,Balanced,GA_Energy_Dominance_PC60,MEAN,0.416702,0.219600,0.275274,0.007310,,0,6966,7.532000,0.051615280,10
1,Balanced,SA_WaitingTime_Dominance_PC60,200,0.111797,0.053166,0.544196,0.003093,17,0,4633,3.246000,0.063457211,
1,Balanced,SA_WaitingTime_Dominance_PC60,201,0.133395,0.065340,0.522019,0.002550,18,0,4650,3.574000,0.062994744,
1,Balanced,SA_WaitingTime_Dominance_PC60,202,0.090799,0.061436,0.560105,0.011815,15,0,4601,3.518000,0.063854736,
1,Balanced,SA_WaitingTime_Dominance_PC60,203,0.154799,0.049959,0.510042,0.002883,21,0,4709,3.312000,0.062603650,
1,Balanced,SA_WaitingTime_Dominance_PC60,204,0.115213,0.058544,0.538739,0.001692,26,0,4643,3.454000,0.063367553,
1,Balanced,SA_WaitingTime_Dominance_PC60,205,0.132972,0.045179,0.529586,0.002265,6,0,4584,3.266000,0.063042505,
1,Balanced,SA_WaitingTime_Dominance_PC60,206,0.094862,0.054478,0.559049,0.011483,8,0,4732,3.480000,0.063778354,
1,Balanced,SA_WaitingTime_Dominance_PC60,207,0.134450,0.043650,0.533230,0.000867,6,0,4628,3.274000,0.063016949,
1,Balanced,SA_WaitingTime_Dominance_PC60,208,0.131167,0.045390,0.533201,0.002556,11,0,4688,3.262000,0.063080674,
1,Balanced,SA_WaitingTime_Dominance_PC60,209,0.112243,0.056396,0.544128,0.003112,17,0,4659,3.452000,0.063430313,
1,Balanced,SA_WaitingTime_Dominance_PC60,MEAN,0.121170,0.053354,0.537429,0.004232,,0,4652,3.246000,0.062603650,10
1,Balanced,SA_Energy_Dominance_PC60,200,0.409810,0.261753,0.269978,0.005706,104,0,4982,8.952000,0.050997601,
1,Balanced,SA_Energy_Dominance_PC60,201,0.374007,0.293207,0.287106,0.006791,94,0,4756,8.952000,0.049728327,
1,Balanced,SA_Energy_Dominance_PC60,202,0.419219,0.256327,0.259793,0.004131,113,0,4882,8.132000,0.050992678,
1,Balanced,SA_Energy_Dominance_PC60,203,0.424723,0.249883,0.252066,0.005231,104,0,4736,8.198000,0.051557063,
1,Balanced,SA_Energy_Dominance_PC60,204,0.462582,0.216511,0.225639,0.005478,101,0,4775,8.146000,0.051278656,
1,Balanced,SA_Energy_Dominance_PC60,205,0.447800,0.239652,0.238962,0.003458,100,0,4789,8.102000,0.051234468,
1,Balanced,SA_Energy_Dominance_PC60,206,0.453530,0.229120,0.238485,0.005114,94,0,4721,9.166000,0.050423484,
1,Balanced,SA_Energy_Dominance_PC60,207,0.483780,0.210985,0.232172,0.005858,89,0,4739,7.916000,0.050645308,
1,Balanced,SA_Energy_Dominance_PC60,208,0.430327,0.246743,0.258549,0.005715,92,0,4715,9.460000,0.051712021,
1,Balanced,SA_Energy_Dominance_PC60,209,0.440456,0.245232,0.248197,0.003655,95,0,4707,8.126000,0.051376111,
1,Balanced,SA_Energy_Dominance_PC60,MEAN,0.434623,0.244941,0.251095,0.005114,,0,4780,7.916000,0.049728327,10
1,Balanced,NSGA-II_PC60,200,0.210244,0.166200,0.434836,0.006024,31,0,8123,5.848000,0.060973147,
1,Balanced,NSGA-II_PC60,201,0.255721,0.110562,0.418283,0.004566,32,0,8203,5.196000,0.060210127,
1,Balanced,NSGA-II_PC60,202,0.216682,0.160878,0.437141,0.010683,26,0,7993,6.088000,0.060781142,
1,Balanced,NSGA-II_PC60,203,0.197521,0.146242,0.454328,0.005546,26,0,8182,5.578000,0.061316164,
1,Balanced,NSGA-II_PC60,204,0.224064,0.138236,0.432590,0.006732,16,0,8266,5.680000,0.060777371,
1,Balanced,NSGA-II_PC60,205,0.267618,0.112223,0.403253,0.004436,33,0,8422,4.990000,0.059985347,
1,Balanced,NSGA-II_PC60,206,0.249457,0.120163,0.423612,0.007392,15,0,8113,5.608000,0.060266552,
1,Balanced,NSGA-II_PC60,207,0.244842,0.141075,0.418065,0.006168,19,0,8288,5.752000,0.060264802,
1,Balanced,NSGA-II_PC60,208,0.284391,0.134034,0.381082,0.005623,24,0,8187,5.596000,0.059452506,
1,Balanced,NSGA-II_PC60,209,0.206287,0.123033,0.449478,0.005966,24,0,8112,5.310000,0.061214745,
1,Balanced,NSGA-II_PC60,MEAN,0.235683,0.135265,0.425267,0.006314,,0,8188,4.990000,0.059452506,10
1,Balanced,SPEA-II_PC60,200,0.207090,0.140262,0.446426,0.010368,15,0,8407,5.884000,0.061113720,
1,Balanced,SPEA-II_PC60,201,0.181176,0.121353,0.475180,0.003846,20,0,8496,5.592000,0.061750424,
1,Balanced,SPEA-II_PC60,202,0.292169,0.129324,0.390446,0.002441,32,0,8668,5.232000,0.059399001,
1,Balanced,SPEA-II_PC60,203,0.291497,0.122594,0.386147,0.004570,25,0,8565,5.474000,0.059380081,
1,Balanced,SPEA-II_PC60,204,0.277120,0.117048,0.403062,0.012230,15,0,8640,5.348000,0.059719443,
1,Balanced,SPEA-II_PC60,205,0.241033,0.114147,0.425960,0.003187,30,0,8688,4.992000,0.060539021,
1,Balanced,SPEA-II_PC60,206,0.273876,0.121486,0.400442,0.008709,13,0,8588,5.548000,0.059766009,
1,Balanced,SPEA-II_PC60,207,0.322622,0.114146,0.364753,0.004209,26,0,8708,5.180000,0.058764101,
1,Balanced,SPEA-II_PC60,208,0.199287,0.130443,0.459432,0.005086,18,0,8505,5.784000,0.061314693,
1,Balanced,SPEA-II_PC60,209,0.237289,0.143246,0.428824,0.006513,18,0,8466,6.198000,0.060415290,
1,Balanced,SPEA-II_PC60,MEAN,0.252316,0.125405,0.418067,0.006116,,0,8573,4.992000,0.058764101,10
1,Balanced,AMOSA_PC60,200,0.106736,0.163999,0.540206,0.018318,7,0,9591,6.456000,0.063509740,
1,Balanced,AMOSA_PC60,201,0.133842,0.225068,0.508030,0.013123,9,0,9601,7.648000,0.062450029,
1,Balanced,AMOSA_PC60,202,0.160614,0.174775,0.487878,0.026535,5,0,9662,6.940000,0.061981508,
1,Balanced,AMOSA_PC60,203,0.081388,0.193612,0.559444,0.011210,7,0,9561,7.260000,0.063788135,
1,Balanced,AMOSA_PC60,204,0.128699,0.211461,0.514154,0.008232,11,0,9562,7.560000,0.062591635,
1,Balanced,AMOSA_PC60,205,0.141016,0.214570,0.520161,0.018328,10,0,9636,7.840000,0.063332709,
1,Balanced,AMOSA_PC60,206,0.167185,0.174709,0.483323,0.010171,7,0,9756,6.868000,0.061841567,
1,Balanced,AMOSA_PC60,207,0.069963,0.193010,0.569917,0.010732,8,0,9675,6.936000,0.064023078,
1,Balanced,AMOSA_PC60,208,0.089941,0.196297,0.549187,0.008939,8,0,9598,7.188000,0.063566489,
1,Balanced,AMOSA_PC60,209,0.138974,0.194788,0.508872,0.006102,7,0,9530,7.732000,0.062389021,
1,Balanced,AMOSA_PC60,MEAN,0.121836,0.194229,0.524117,0.013169,,0,9617,6.456000,0.061841567,10
1,Balanced,GA_WaitingTime_Dominance_PC50,200,0.053414,0.246379,0.586759,0.010008,19,0,6580,7.766000,0.064637711,
1,Balanced,GA_WaitingTime_Dominance_PC50,201,0.057721,0.167672,0.586559,0.003694,16,0,6767,5.704000,0.064782547,
1,Balanced,GA_WaitingTime_Dominance_PC50,202,0.073727,0.192838,0.572027,0.005116,21,0,6562,5.972000,0.064648720,
1,Balanced,GA_WaitingTime_Dominance_PC50,203,0.017119,0.130550,0.622765,0.005348,6,0,6614,5.582000,0.065331188,
1,Balanced,GA_WaitingTime_Dominance_PC50,204,0.072293,0.137972,0.560007,0.005315,9,0,6710,5.528000,0.064107114,
1,Balanced,GA_WaitingTime_Dominance_PC50,205,0.033015,0.332287,0.654069,0.012215,6,0,6501,10.314000,0.067302596,
1,Balanced,GA_WaitingTime_Dominance_PC50,206,0.007657,0.159201,0.630858,0.000000,2,0,6476,6.302000,0.065489071,
1,Balanced,GA_WaitingTime_Dominance_PC50,207,0.127009,0.183839,0.524623,0.008051,21,0,6671,6.018000,0.063456313,
1,Balanced,GA_WaitingTime_Dominance_PC50,208,0.038111,0.183398,0.617460,0.004546,3,0,6604,7.030000,0.065701149,
1,Balanced,GA_WaitingTime_Dominance_PC50,209,0.104297,0.131288,0.539442,0.001665,12,0,6862,5.380000,0.063430944,
1,Balanced,GA_WaitingTime_Dominance_PC50,MEAN,0.058436,0.186542,0.589457,0.005596,,0,6634,5.380000,0.063430944,10
1,Balanced,GA_Energy_Dominance_PC50,200,0.169745,0.327232,0.482885,0.005408,20,0,6597,10.584000,0.060943395,
1,Balanced,GA_Energy_Dominance_PC50,201,0.259544,0.304910,0.397107,0.006733,51,0,6810,9.856000,0.058284935,
1,Balanced,GA_Energy_Dominance_PC50,202,0.336579,0.280837,0.339478,0.007213,51,0,6859,9.892000,0.055838801,
1,Balanced,GA_Energy_Dominance_PC50,203,0.299094,0.276498,0.372983,0.010577,42,0,6844,9.504000,0.057926744,
1,Balanced,GA_Energy_Dominance_PC50,204,0.268589,0.318594,0.396403,0.004948,42,0,6731,11.912000,0.057509689,
1,Balanced,GA_Energy_Dominance_PC50,205,0.026299,0.333468,0.653851,0.021798,3,0,6512,11.304000,0.066430124,
1,Balanced,GA_Energy_Dominance_PC50,206,0.275148,0.306251,0.389243,0.006267,39,0,6761,10.568000,0.057585895,
1,Balanced,GA_Energy_Dominance_PC50,207,0.171703,0.321399,0.482564,0.005954,18,0,6627,10.784000,0.060896542,
1,Balanced,GA_Energy_Dominance_PC50,208,0.181768,0.286215,0.485737,0.009640,26,0,6698,9.178000,0.062262130,
1,Balanced,GA_Energy_Dominance_PC50,209,0.254705,0.382844,0.424638,0.005184,51,0,6814,12.856000,0.057179608,
1,Balanced,GA_Energy_Dominance_PC50,MEAN,0.224317,0.313825,0.442489,0.008372,,0,6725,9.178000,0.055838801,10
1,Balanced,SA_WaitingTime_Dominance_PC50,200,0.127256,0.081310,0.527131,0.001485,7,0,4694,4.240000,0.063060886,
1,Balanced,SA_WaitingTime_Dominance_PC50,201,0.154923,0.087969,0.492419,0.022829,9,0,4733,4.374000,0.062474054,
1,Balanced,SA_WaitingTime_Dominance_PC50,202,0.117591,0.079538,0.536983,0.001257,8,0,4720,4.158000,0.063270211,
1,Balanced,SA_WaitingTime_Dominance_PC50,203,0.100047,0.088848,0.551250,0.003138,3,0,4657,4.564000,0.063596812,
1,Balanced,SA_WaitingTime_Dominance_PC50,204,0.090062,0.085757,0.558699,0.002738,11,0,4632,4.370000,0.063813130,
1,Balanced,SA_WaitingTime_Dominance_PC50,205,0.158260,0.074473,0.507838,0.003022,6,0,4608,4.426000,0.062413729,
1,Balanced,SA_WaitingTime_Dominance_PC50,206,0.140193,0.098534,0.511521,0.008164,13,0,4682,4.316000,0.062774313,
1,Balanced,SA_WaitingTime_Dominance_PC50,207,0.096380,0.101025,0.548568,0.004300,13,0,4661,4.312000,0.063667656,
1,Balanced,SA_WaitingTime_Dominance_PC50,208,0.175973,0.079644,0.488506,0.004282,18,0,4741,4.312000,0.062051517,
1,Balanced,SA_WaitingTime_Dominance_PC50,209,0.080332,0.092611,0.565172,0.005810,10,0,4633,4.378000,0.064005971,
1,Balanced,SA_WaitingTime_Dominance_PC50,MEAN,0.124101,0.086971,0.528809,0.005703,,0,4676,4.158000,0.062051517,10
1,Balanced,SA_Energy_Dominance_PC50,200,0.415503,0.248162,0.262524,0.008130,111,0,4931,8.844000,0.051071349,
1,Balanced,SA_Energy_Dominance_PC50,201,0.388041,0.275445,0.284371,0.004542,86,0,4866,9.694000,0.051259049,
1,Balanced,SA_Energy_Dominance_PC50,202,0.420168,0.231520,0.251491,0.005114,87,0,4997,9.316000,0.050625376,
1,Balanced,SA_Energy_Dominance_PC50,203,0.445322,0.222016,0.230038,0.004199,110,0,4962,9.284000,0.049194895,
1,Balanced,SA_Energy_Dominance_PC50,204,0.412288,0.260378,0.271173,0.004582,108,0,4952,10.284000,0.049084704,
1,Balanced,SA_Energy_Dominance_PC50,205,0.431231,0.258332,0.265819,0.005019,111,0,4980,9.678000,0.048848964,
1,Balanced,SA_Energy_Dominance_PC50,206,0.382053,0.282996,0.295207,0.005493,118,0,4892,9.858000,0.049594439,
1,Balanced,SA_Energy_Dominance_PC50,207,0.366653,0.307568,0.301447,0.004899,84,0,4867,9.068000,0.051963236,
1,Balanced,SA_Energy_Dominance_PC50,208,0.402380,0.272058,0.279749,0.006090,108,0,4957,9.366000,0.049127859,
1,Balanced,SA_Energy_Dominance_PC50,209,0.414302,0.270646,0.283248,0.006125,117,0,5059,9.298000,0.049543933,
1,Balanced,SA_Energy_Dominance_PC50,MEAN,0.407794,0.262912,0.272507,0.005419,,0,4946,8.844000,0.048848964,10
1,Balanced,NSGA-II_PC50,200,0.020379,0.345887,0.660550,0.017424,4,0,8128,11.450000,0.066527794,
1,Balanced,NSGA-II_PC50,201,0.036509,0.333301,0.629800,0.014639,6,0,8094,11.072000,0.065391319,
1,Balanced,NSGA-II_PC50,202,NaN,NaN,NaN,NaN,0,0,8041,NaN,NaN,
1,Balanced,NSGA-II_PC50,203,0.056820,0.317394,0.632589,0.005505,8,0,8104,10.232000,0.066771216,
1,Balanced,NSGA-II_PC50,204,0.093040,0.231551,0.548136,0.010644,5,0,8155,8.464000,0.063399388,
1,Balanced,NSGA-II_PC50,205,0.156787,0.223948,0.483584,0.015587,17,0,8409,7.740000,0.062039942,
1,Balanced,NSGA-II_PC50,206,0.051570,0.292008,0.598253,0.000000,2,0,8019,10.042000,0.064291919,
1,Balanced,NSGA-II_PC50,207,0.083519,0.244211,0.555412,0.006461,13,0,8060,8.194000,0.063620707,
1,Balanced,NSGA-II_PC50,208,0.123484,0.238959,0.520856,0.008530,10,0,8064,8.344000,0.062634375,
1,Balanced,NSGA-II_PC50,209,0.039719,0.245544,0.606021,0.004640,5,0,8057,8.796000,0.064830521,
1,Balanced,NSGA-II_PC50,MEAN,0.073536,0.274756,0.581689,0.009270,,0,8113,7.740000,0.062039942,9
1,Balanced,SPEA-II_PC50,200,NaN,NaN,NaN,NaN,0,0,8345,NaN,NaN,
1,Balanced,SPEA-II_PC50,201,0.009374,0.343573,0.676468,0.000000,2,0,8302,11.528000,0.066938514,
1,Balanced,SPEA-II_PC50,202,0.184184,0.223452,0.464337,0.008399,21,0,8397,7.856000,0.061163193,
1,Balanced,SPEA-II_PC50,203,0.179678,0.222212,0.462989,0.007115,11,0,8413,7.862000,0.061337484,
1,Balanced,SPEA-II_PC50,204,0.105770,0.245371,0.539637,0.005283,8,0,8471,8.936000,0.063025038,
1,Balanced,SPEA-II_PC50,205,0.045138,0.292757,0.616084,0.002421,9,0,8280,9.552000,0.065424365,
1,Balanced,SPEA-II_PC50,206,0.173391,0.237744,0.478809,0.005092,12,0,8404,8.858000,0.061360907,
1,Balanced,SPEA-II_PC50,207,0.057939,0.276945,0.598331,0.014654,10,0,8398,9.204000,0.064773113,
1,Balanced,SPEA-II_PC50,208,NaN,NaN,NaN,NaN,0,0,8394,NaN,NaN,
1,Balanced,SPEA-II_PC50,209,0.017632,0.470544,0.698026,0.001170,4,0,8314,14.880000,0.066390589,
1,Balanced,SPEA-II_PC50,MEAN,0.096638,0.289075,0.566835,0.005517,,0,8371,7.856000,0.061163193,8
1,Balanced,AMOSA_PC50,200,NaN,NaN,NaN,NaN,0,0,9532,NaN,NaN,
1,Balanced,AMOSA_PC50,201,0.091553,0.337605,0.560805,0.009298,6,0,9618,11.558000,0.063080326,
1,Balanced,AMOSA_PC50,202,NaN,NaN,NaN,NaN,0,0,9558,NaN,NaN,
1,Balanced,AMOSA_PC50,203,NaN,NaN,NaN,NaN,0,0,9527,NaN,NaN,
1,Balanced,AMOSA_PC50,204,NaN,NaN,NaN,NaN,0,0,9546,NaN,NaN,
1,Balanced,AMOSA_PC50,205,NaN,NaN,NaN,NaN,0,0,9594,NaN,NaN,
1,Balanced,AMOSA_PC50,206,0.117390,0.276906,0.526841,0.016934,3,0,9655,9.880000,0.062628466,
1,Balanced,AMOSA_PC50,207,NaN,NaN,NaN,NaN,0,0,9504,NaN,NaN,
1,Balanced,AMOSA_PC50,208,NaN,NaN,NaN,NaN,0,0,9630,NaN,NaN,
1,Balanced,AMOSA_PC50,209,NaN,NaN,NaN,NaN,0,0,9559,NaN,NaN,
1,Balanced,AMOSA_PC50,MEAN,0.104472,0.307256,0.543823,0.013116,,0,9572,9.880000,0.062628466,2
2,GPU_Stress,GA_WaitingTime_Dominance,200,0.257384,0.034498,0.359595,0.003731,25,4,3278,5.024000,0.079061269,
2,GPU_Stress,GA_WaitingTime_Dominance,201,0.248180,0.034597,0.365811,0.002930,25,0,3300,5.034000,0.079240231,
2,GPU_Stress,GA_WaitingTime_Dominance,202,0.252262,0.026128,0.366084,0.003593,22,0,3345,5.142000,0.079167766,
2,GPU_Stress,GA_WaitingTime_Dominance,203,0.246361,0.027147,0.373685,0.003057,11,0,3568,5.104000,0.079294525,
2,GPU_Stress,GA_WaitingTime_Dominance,204,0.253838,0.005460,0.383930,0.004052,9,0,3529,5.100000,0.079173647,
2,GPU_Stress,GA_WaitingTime_Dominance,205,0.254691,0.028988,0.359894,0.001999,34,0,3381,5.128000,0.079110779,
2,GPU_Stress,GA_WaitingTime_Dominance,206,0.250031,0.027768,0.364607,0.002678,25,0,3394,5.036000,0.079207893,
2,GPU_Stress,GA_WaitingTime_Dominance,207,0.272292,0.000000,0.372690,0.007758,7,7,3456,5.086000,0.078837461,
2,GPU_Stress,GA_WaitingTime_Dominance,208,0.257378,0.028149,0.362055,0.003049,22,5,3272,5.046000,0.079087014,
2,GPU_Stress,GA_WaitingTime_Dominance,209,0.242497,0.027038,0.370386,0.002175,19,0,3448,5.056000,0.079347408,
2,GPU_Stress,GA_WaitingTime_Dominance,MEAN,0.253491,0.023977,0.367874,0.003502,,16,3397,5.024000,0.078837461,10
2,GPU_Stress,GA_Energy_Dominance,200,0.582765,0.118809,0.179873,0.011842,46,0,3835,8.708000,0.068202838,
2,GPU_Stress,GA_Energy_Dominance,201,0.543162,0.159686,0.190926,0.007628,62,0,4161,9.356000,0.067019870,
2,GPU_Stress,GA_Energy_Dominance,202,0.587470,0.122047,0.177639,0.018362,47,9,4034,9.186000,0.066660547,
2,GPU_Stress,GA_Energy_Dominance,203,0.482257,0.201978,0.224941,0.018750,51,0,4094,9.558000,0.066427410,
2,GPU_Stress,GA_Energy_Dominance,204,0.564083,0.164157,0.187562,0.013941,53,0,4067,9.216000,0.066834084,
2,GPU_Stress,GA_Energy_Dominance,205,0.508098,0.104620,0.206900,0.004282,62,0,3446,8.732000,0.072765190,
2,GPU_Stress,GA_Energy_Dominance,206,0.545210,0.136233,0.190348,0.005411,79,9,4267,9.008000,0.065841906,
2,GPU_Stress,GA_Energy_Dominance,207,0.597610,0.118165,0.171430,0.008643,62,0,3817,8.658000,0.068309299,
2,GPU_Stress,GA_Energy_Dominance,208,0.558242,0.114012,0.187029,0.005648,47,0,3589,8.662000,0.069960580,
2,GPU_Stress,GA_Energy_Dominance,209,0.553928,0.147666,0.192061,0.023617,48,0,3947,9.514000,0.069210424,
2,GPU_Stress,GA_Energy_Dominance,MEAN,0.552283,0.138737,0.190871,0.011812,,18,3925,8.658000,0.065841906,10
2,GPU_Stress,SA_WaitingTime_Dominance,200,0.263742,0.054252,0.358490,0.004313,16,0,2167,4.562000,0.079323864,
2,GPU_Stress,SA_WaitingTime_Dominance,201,0.251297,0.053735,0.358679,0.002484,21,0,2168,4.508000,0.079293563,
2,GPU_Stress,SA_WaitingTime_Dominance,202,0.242469,0.037436,0.361846,0.001167,14,0,2272,4.540000,0.079302811,
2,GPU_Stress,SA_WaitingTime_Dominance,203,0.279134,0.037948,0.351316,0.004854,10,0,2229,4.582000,0.079323864,
2,GPU_Stress,SA_WaitingTime_Dominance,204,0.234324,0.009323,0.361603,0.003520,12,10,2234,4.496000,0.079302212,
2,GPU_Stress,SA_WaitingTime_Dominance,205,0.333812,0.076084,0.334260,0.004308,28,0,2230,4.736000,0.079310216,
2,GPU_Stress,SA_WaitingTime_Dominance,206,0.231070,0.030773,0.365317,0.020090,8,0,2282,4.550000,0.079297765,
2,GPU_Stress,SA_WaitingTime_Dominance,207,0.290640,0.046786,0.347226,0.001574,15,0,2191,4.636000,0.079238665,
2,GPU_Stress,SA_WaitingTime_Dominance,208,0.259137,0.045207,0.356858,0.006134,13,0,2184,4.528000,0.079315994,
2,GPU_Stress,SA_WaitingTime_Dominance,209,0.264442,0.045710,0.352230,0.004354,14,0,2227,4.546000,0.079203431,
2,GPU_Stress,SA_WaitingTime_Dominance,MEAN,0.265007,0.043725,0.354782,0.005280,,10,2218,4.496000,0.079203431,10
2,GPU_Stress,SA_Energy_Dominance,200,0.538967,0.207549,0.204901,0.002537,54,1,2409,8.748000,0.069533727,
2,GPU_Stress,SA_Energy_Dominance,201,0.520855,0.194869,0.208674,0.003379,35,0,2271,9.084000,0.069021479,
2,GPU_Stress,SA_Energy_Dominance,202,0.541281,0.209012,0.206981,0.003991,78,0,2323,9.072000,0.069222367,
2,GPU_Stress,SA_Energy_Dominance,203,0.521743,0.217446,0.211296,0.007068,37,0,2292,9.298000,0.068900050,
2,GPU_Stress,SA_Energy_Dominance,204,0.514808,0.239901,0.214867,0.002718,43,0,2299,9.376000,0.070198626,
2,GPU_Stress,SA_Energy_Dominance,205,0.508017,0.178003,0.208830,0.007793,37,0,2284,8.940000,0.070090305,
2,GPU_Stress,SA_Energy_Dominance,206,0.513227,0.220173,0.213740,0.004872,43,0,2264,8.914000,0.070396152,
2,GPU_Stress,SA_Energy_Dominance,207,0.510989,0.206785,0.212513,0.009487,51,0,2377,9.154000,0.070639939,
2,GPU_Stress,SA_Energy_Dominance,208,0.534161,0.197517,0.203888,0.004285,67,0,2281,9.040000,0.069606332,
2,GPU_Stress,SA_Energy_Dominance,209,0.559444,0.173840,0.206243,0.004711,45,2,2258,9.064000,0.069623489,
2,GPU_Stress,SA_Energy_Dominance,MEAN,0.526349,0.204509,0.209193,0.005084,,3,2305,8.748000,0.068900050,10
2,GPU_Stress,NSGA-II,200,0.499062,0.023832,0.218435,0.003877,46,0,5933,6.442000,0.074133774,
2,GPU_Stress,NSGA-II,201,0.556628,0.023283,0.168862,0.002164,48,0,6036,6.566000,0.072842347,
2,GPU_Stress,NSGA-II,202,0.522700,0.040527,0.196670,0.004999,48,0,6051,6.656000,0.073476614,
2,GPU_Stress,NSGA-II,203,0.511396,0.023708,0.202361,0.004023,44,0,5866,6.432000,0.073876164,
2,GPU_Stress,NSGA-II,204,0.558283,0.017576,0.165019,0.004580,52,3,6100,6.664000,0.072836864,
2,GPU_Stress,NSGA-II,205,0.580600,0.009746,0.164527,0.002832,50,30,5988,6.480000,0.072414724,
2,GPU_Stress,NSGA-II,206,0.541385,0.033322,0.173355,0.002894,59,0,5823,6.148000,0.073236277,
2,GPU_Stress,NSGA-II,207,0.536698,0.030041,0.190154,0.002878,51,0,5881,6.522000,0.073259557,
2,GPU_Stress,NSGA-II,208,0.471246,0.018112,0.238763,0.002891,38,0,6586,6.326000,0.074752831,
2,GPU_Stress,NSGA-II,209,0.537493,0.028727,0.186012,0.003062,42,0,6147,6.524000,0.073258693,
2,GPU_Stress,NSGA-II,MEAN,0.531549,0.024887,0.190416,0.003420,,33,6041,6.148000,0.072414724,10
2,GPU_Stress,SPEA-II,200,0.499043,0.027704,0.232488,0.003365,40,0,6521,6.230000,0.074156252,
2,GPU_Stress,SPEA-II,201,0.453730,0.029417,0.246743,0.003463,37,0,6338,6.190000,0.075095414,
2,GPU_Stress,SPEA-II,202,0.434344,0.000000,0.276222,0.003747,31,31,5769,5.814000,0.075651158,
2,GPU_Stress,SPEA-II,203,0.450083,0.046104,0.239992,0.001952,34,0,6529,6.376000,0.075066942,
2,GPU_Stress,SPEA-II,204,0.443597,0.034108,0.249149,0.002480,30,0,6492,6.258000,0.075271711,
2,GPU_Stress,SPEA-II,205,0.509164,0.026325,0.210947,0.003091,47,0,6336,6.076000,0.073999865,
2,GPU_Stress,SPEA-II,206,0.538281,0.020601,0.200266,0.003274,41,0,6680,6.240000,0.073368180,
2,GPU_Stress,SPEA-II,207,0.416038,0.015533,0.282762,0.001350,34,0,6127,6.064000,0.075922546,
2,GPU_Stress,SPEA-II,208,0.505732,0.035279,0.207414,0.002218,45,0,6416,6.350000,0.073962419,
2,GPU_Stress,SPEA-II,209,0.487349,0.010413,0.229605,0.003714,36,13,6514,6.270000,0.074451641,
2,GPU_Stress,SPEA-II,MEAN,0.473736,0.024548,0.237559,0.002865,,44,6372,5.814000,0.073368180,10
2,GPU_Stress,AMOSA,200,0.268174,0.063616,0.346613,0.004161,15,0,5639,6.936000,0.078563161,
2,GPU_Stress,AMOSA,201,0.261338,0.084481,0.350068,0.003213,14,0,5654,6.978000,0.078683846,
2,GPU_Stress,AMOSA,202,0.246634,0.077450,0.357930,0.004813,9,0,5599,6.994000,0.078986079,
2,GPU_Stress,AMOSA,203,0.280969,0.060651,0.341460,0.003188,23,0,5669,6.994000,0.078299903,
2,GPU_Stress,AMOSA,204,0.262510,0.046109,0.361197,0.003716,8,0,5477,6.970000,0.078688651,
2,GPU_Stress,AMOSA,205,0.280483,0.052921,0.341674,0.006431,13,0,5617,6.982000,0.078326484,
2,GPU_Stress,AMOSA,206,0.282671,0.073338,0.330040,0.008428,18,0,5566,7.010000,0.078245967,
2,GPU_Stress,AMOSA,207,0.272663,0.071577,0.337988,0.006838,17,0,5540,6.960000,0.078461795,
2,GPU_Stress,AMOSA,208,0.269039,0.059286,0.341972,0.011307,17,0,5552,7.020000,0.078542809,
2,GPU_Stress,AMOSA,209,0.281954,0.058652,0.332193,0.012031,19,0,5509,6.998000,0.078277395,
2,GPU_Stress,AMOSA,MEAN,0.270643,0.064808,0.344113,0.006413,,0,5582,6.936000,0.078245967,10
2,GPU_Stress,GA_WaitingTime_Dominance_PC90,200,0.058433,0.094886,0.487144,0.059400,7,0,7114,5.102000,0.082713561,
2,GPU_Stress,GA_WaitingTime_Dominance_PC90,201,0.059084,0.021044,0.519035,0.004242,10,0,6977,5.088000,0.082747447,
2,GPU_Stress,GA_WaitingTime_Dominance_PC90,202,0.087199,0.075069,0.466890,0.043044,14,0,7060,5.030000,0.082021484,
2,GPU_Stress,GA_WaitingTime_Dominance_PC90,203,0.099990,0.020716,0.482944,0.001924,10,0,7055,5.132000,0.081992379,
2,GPU_Stress,GA_WaitingTime_Dominance_PC90,204,0.064122,0.065430,0.489213,0.050548,17,0,6952,4.954000,0.082847665,
2,GPU_Stress,GA_WaitingTime_Dominance_PC90,205,0.076094,0.065826,0.481088,0.020233,14,0,7251,5.138000,0.082348723,
2,GPU_Stress,GA_WaitingTime_Dominance_PC90,206,0.103832,0.059001,0.449404,0.030329,18,0,7272,5.174000,0.081847176,
2,GPU_Stress,GA_WaitingTime_Dominance_PC90,207,0.113066,0.110169,0.455700,0.016421,19,0,7176,5.046000,0.081501947,
2,GPU_Stress,GA_WaitingTime_Dominance_PC90,208,0.060247,0.096374,0.480021,0.075401,16,0,7099,4.998000,0.082619210,
2,GPU_Stress,GA_WaitingTime_Dominance_PC90,209,0.103987,0.044994,0.453504,0.091987,8,0,7205,5.128000,0.081841458,
2,GPU_Stress,GA_WaitingTime_Dominance_PC90,MEAN,0.082605,0.065351,0.476494,0.039353,,0,7116,4.954000,0.081501947,10
2,GPU_Stress,GA_Energy_Dominance_PC90,200,0.572854,0.086727,0.175653,0.005902,58,13,6559,8.534000,0.070721351,
2,GPU_Stress,GA_Energy_Dominance_PC90,201,0.548550,0.163368,0.196132,0.011821,48,0,6710,8.982000,0.066941433,
2,GPU_Stress,GA_Energy_Dominance_PC90,202,0.605168,0.100546,0.169144,0.007198,63,8,6683,9.080000,0.068958691,
2,GPU_Stress,GA_Energy_Dominance_PC90,203,0.576934,0.126278,0.174740,0.024529,61,0,6776,9.430000,0.067648274,
2,GPU_Stress,GA_Energy_Dominance_PC90,204,0.557913,0.165295,0.191330,0.010465,43,0,6818,9.434000,0.067917150,
2,GPU_Stress,GA_Energy_Dominance_PC90,205,0.455298,0.095004,0.232379,0.003106,28,0,6446,8.748000,0.074156188,
2,GPU_Stress,GA_Energy_Dominance_PC90,206,0.564086,0.148931,0.184302,0.008723,54,0,6647,8.638000,0.067262833,
2,GPU_Stress,GA_Energy_Dominance_PC90,207,0.513469,0.095018,0.193641,0.004512,74,0,6494,8.670000,0.072633517,
2,GPU_Stress,GA_Energy_Dominance_PC90,208,0.576181,0.138470,0.174888,0.006957,64,0,6765,8.530000,0.068603183,
2,GPU_Stress,GA_Energy_Dominance_PC90,209,0.594759,0.120188,0.162942,0.014748,53,3,6884,9.032000,0.067714814,
2,GPU_Stress,GA_Energy_Dominance_PC90,MEAN,0.556521,0.123982,0.185515,0.009796,,24,6678,8.530000,0.066941433,10
2,GPU_Stress,SA_WaitingTime_Dominance_PC90,200,0.280034,0.034716,0.349360,0.053487,24,0,4877,4.634000,0.079327566,
2,GPU_Stress,SA_WaitingTime_Dominance_PC90,201,0.253270,0.042412,0.360024,0.004207,18,0,4904,4.570000,0.079365969,
2,GPU_Stress,SA_WaitingTime_Dominance_PC90,202,0.150787,0.037007,0.423296,0.001991,11,0,4823,4.682000,0.080832334,
2,GPU_Stress,SA_WaitingTime_Dominance_PC90,203,0.243473,0.048182,0.362366,0.040215,18,0,4819,4.776000,0.079345583,
2,GPU_Stress,SA_WaitingTime_Dominance_PC90,204,0.258344,0.024818,0.356881,0.001297,14,0,4801,4.580000,0.079315994,
2,GPU_Stress,SA_WaitingTime_Dominance_PC90,205,0.229085,0.023550,0.367565,0.069940,11,0,4886,4.658000,0.079365969,
2,GPU_Stress,SA_WaitingTime_Dominance_PC90,206,0.235782,0.017172,0.363603,0.124945,6,0,4883,4.714000,0.079300240,
2,GPU_Stress,SA_WaitingTime_Dominance_PC90,207,0.260736,0.026832,0.354750,0.053407,17,0,4896,4.736000,0.079332069,
2,GPU_Stress,SA_WaitingTime_Dominance_PC90,208,0.257616,0.026819,0.357293,0.003370,14,0,4884,4.632000,0.079315994,
2,GPU_Stress,SA_WaitingTime_Dominance_PC90,209,0.279569,0.031091,0.349584,0.002226,14,0,4826,4.564000,0.079303487,
2,GPU_Stress,SA_WaitingTime_Dominance_PC90,MEAN,0.244870,0.031260,0.364472,0.035508,,0,4859,4.564000,0.079300240,10
2,GPU_Stress,SA_Energy_Dominance_PC90,200,0.530499,0.191736,0.207890,0.003969,57,0,4554,9.076000,0.070464223,
2,GPU_Stress,SA_Energy_Dominance_PC90,201,0.542741,0.201120,0.208200,0.003907,40,0,4512,9.084000,0.069890675,
2,GPU_Stress,SA_Energy_Dominance_PC90,202,0.553520,0.201698,0.209472,0.009557,40,2,4520,9.072000,0.069776684,
2,GPU_Stress,SA_Energy_Dominance_PC90,203,0.506767,0.231257,0.213600,0.004781,45,0,4528,9.298000,0.070169443,
2,GPU_Stress,SA_Energy_Dominance_PC90,204,0.564626,0.212830,0.207103,0.003322,60,5,4599,9.376000,0.068061397,
2,GPU_Stress,SA_Energy_Dominance_PC90,205,0.531583,0.176541,0.201817,0.007453,62,0,4584,8.784000,0.070836489,
2,GPU_Stress,SA_Energy_Dominance_PC90,206,0.505548,0.235694,0.212838,0.008946,41,0,4539,8.914000,0.070067221,
2,GPU_Stress,SA_Energy_Dominance_PC90,207,0.501234,0.204713,0.213738,0.004401,34,0,4561,8.948000,0.069702551,
2,GPU_Stress,SA_Energy_Dominance_PC90,208,0.510502,0.192364,0.211546,0.006706,60,0,4596,9.040000,0.071269237,
2,GPU_Stress,SA_Energy_Dominance_PC90,209,0.531827,0.225535,0.211970,0.006563,37,0,4592,8.996000,0.069015186,
2,GPU_Stress,SA_Energy_Dominance_PC90,MEAN,0.527885,0.207349,0.209817,0.005961,,7,4558,8.784000,0.068061397,10
2,GPU_Stress,NSGA-II_PC90,200,0.537412,0.046308,0.184591,0.003145,57,0,8571,6.784000,0.073063825,
2,GPU_Stress,NSGA-II_PC90,201,0.522612,0.053471,0.173146,0.007482,49,0,8537,7.100000,0.073270977,
2,GPU_Stress,NSGA-II_PC90,202,0.464009,0.039811,0.236754,0.003264,37,0,8453,6.682000,0.074741158,
2,GPU_Stress,NSGA-II_PC90,203,0.421857,0.025674,0.266560,0.003492,25,0,8484,6.418000,0.075702291,
2,GPU_Stress,NSGA-II_PC90,204,0.549932,0.052136,0.167163,0.006573,50,0,8741,7.112000,0.072608961,
2,GPU_Stress,NSGA-II_PC90,205,0.522602,0.037823,0.187825,0.007140,34,0,8752,6.708000,0.073475857,
2,GPU_Stress,NSGA-II_PC90,206,0.563461,0.023151,0.199161,0.003509,44,0,8664,7.414000,0.072427779,
2,GPU_Stress,NSGA-II_PC90,207,0.408548,0.036612,0.266881,0.002498,36,0,8476,6.396000,0.075948660,
2,GPU_Stress,NSGA-II_PC90,208,0.487303,0.058790,0.209226,0.003840,39,0,8567,6.916000,0.074099333,
2,GPU_Stress,NSGA-II_PC90,209,0.439313,0.042011,0.245082,0.002882,37,0,8367,6.504000,0.075274976,
2,GPU_Stress,NSGA-II_PC90,MEAN,0.491705,0.041579,0.213639,0.004383,,0,8561,6.396000,0.072427779,10
2,GPU_Stress,SPEA-II_PC90,200,0.460446,0.026463,0.250880,0.002900,32,0,8922,6.424000,0.074915886,
2,GPU_Stress,SPEA-II_PC90,201,0.461555,0.047571,0.233786,0.002628,47,0,9086,6.890000,0.074702705,
2,GPU_Stress,SPEA-II_PC90,202,0.428342,0.028635,0.264132,0.001532,37,0,8728,6.452000,0.075560163,
2,GPU_Stress,SPEA-II_PC90,203,0.449018,0.040920,0.243425,0.002248,45,0,8921,6.466000,0.075082756,
2,GPU_Stress,SPEA-II_PC90,204,0.453273,0.039426,0.246060,0.001891,42,0,8907,6.576000,0.074986014,
2,GPU_Stress,SPEA-II_PC90,205,0.513193,0.048922,0.191197,0.004214,45,0,9295,6.806000,0.073567453,
2,GPU_Stress,SPEA-II_PC90,206,0.389002,0.033582,0.281575,0.001539,39,0,8836,6.226000,0.076380562,
2,GPU_Stress,SPEA-II_PC90,207,0.404039,0.027181,0.281987,0.003350,30,0,8817,6.250000,0.076096284,
2,GPU_Stress,SPEA-II_PC90,208,0.491697,0.048523,0.216710,0.002326,53,0,9056,6.522000,0.074133973,
2,GPU_Stress,SPEA-II_PC90,209,0.493098,0.031095,0.214034,0.003159,43,0,9261,6.518000,0.074185965,
2,GPU_Stress,SPEA-II_PC90,MEAN,0.454366,0.037232,0.242379,0.002579,,0,8982,6.226000,0.073567453,10
2,GPU_Stress,AMOSA_PC90,200,0.238138,0.105467,0.364501,0.003035,14,0,9264,7.324000,0.079076975,
2,GPU_Stress,AMOSA_PC90,201,0.275920,0.071401,0.336410,0.011357,13,0,9238,7.414000,0.078321866,
2,GPU_Stress,AMOSA_PC90,202,0.292570,0.088979,0.322128,0.007548,18,0,9171,7.588000,0.077935646,
2,GPU_Stress,AMOSA_PC90,203,0.245562,0.101085,0.360984,0.005583,16,0,9267,7.308000,0.078925536,
2,GPU_Stress,AMOSA_PC90,204,0.281688,0.083791,0.327768,0.006084,17,0,9215,7.290000,0.078187379,
2,GPU_Stress,AMOSA_PC90,205,0.258432,0.071399,0.349113,0.005899,15,0,9283,7.212000,0.078706016,
2,GPU_Stress,AMOSA_PC90,206,0.286413,0.061842,0.330163,0.008576,10,0,9269,7.194000,0.078161563,
2,GPU_Stress,AMOSA_PC90,207,0.263987,0.090533,0.339006,0.010399,15,0,9307,7.370000,0.078534995,
2,GPU_Stress,AMOSA_PC90,208,0.266839,0.061826,0.351621,0.007091,12,0,9223,7.202000,0.078546568,
2,GPU_Stress,AMOSA_PC90,209,0.286745,0.065944,0.331444,0.006939,19,0,9207,7.182000,0.078150267,
2,GPU_Stress,AMOSA_PC90,MEAN,0.269629,0.080227,0.341314,0.007251,,0,9244,7.182000,0.077935646,10
2,GPU_Stress,GA_WaitingTime_Dominance_PC80,200,0.030998,0.109663,0.529733,0.014586,11,0,6988,5.250000,0.083305516,
2,GPU_Stress,GA_WaitingTime_Dominance_PC80,201,0.096964,0.017233,0.489711,0.002014,13,0,7114,5.230000,0.082046203,
2,GPU_Stress,GA_WaitingTime_Dominance_PC80,202,0.056230,0.131881,0.494306,0.010248,8,0,6868,5.330000,0.082831560,
2,GPU_Stress,GA_WaitingTime_Dominance_PC80,203,0.064158,0.015547,0.517827,0.001146,9,0,7130,5.056000,0.082658139,
2,GPU_Stress,GA_WaitingTime_Dominance_PC80,204,0.102913,0.019575,0.483449,0.003552,8,0,7010,5.304000,0.081930861,
2,GPU_Stress,GA_WaitingTime_Dominance_PC80,205,0.087719,0.070590,0.472839,0.055316,14,0,7010,5.222000,0.082382724,
2,GPU_Stress,GA_WaitingTime_Dominance_PC80,206,0.042000,0.030173,0.535048,0.005506,6,0,7145,5.390000,0.083062715,
2,GPU_Stress,GA_WaitingTime_Dominance_PC80,207,0.062316,0.068861,0.512391,0.020864,18,0,6902,5.230000,0.083147017,
2,GPU_Stress,GA_WaitingTime_Dominance_PC80,208,0.059774,0.048158,0.509847,0.008278,12,0,6988,5.296000,0.082810519,
2,GPU_Stress,GA_WaitingTime_Dominance_PC80,209,0.099539,0.013903,0.488262,0.004865,5,0,6932,5.168000,0.082002918,
2,GPU_Stress,GA_WaitingTime_Dominance_PC80,MEAN,0.070261,0.052558,0.503341,0.012638,,0,7008,5.056000,0.081930861,10
2,GPU_Stress,GA_Energy_Dominance_PC80,200,0.402379,0.255129,0.297523,0.007309,42,0,6956,14.090000,0.072069260,
2,GPU_Stress,GA_Energy_Dominance_PC80,201,0.436158,0.207946,0.297545,0.008326,63,0,7085,14.466000,0.069559015,
2,GPU_Stress,GA_Energy_Dominance_PC80,202,0.523981,0.120048,0.201703,0.003921,60,0,6838,9.950000,0.071257278,
2,GPU_Stress,GA_Energy_Dominance_PC80,203,0.286342,0.386780,0.447264,0.013409,49,0,6935,17.068000,0.070747966,
2,GPU_Stress,GA_Energy_Dominance_PC80,204,0.527872,0.150637,0.206823,0.002688,82,0,6877,10.738000,0.070026701,
2,GPU_Stress,GA_Energy_Dominance_PC80,205,0.387111,0.279353,0.327866,0.005856,70,0,6897,14.592000,0.070687554,
2,GPU_Stress,GA_Energy_Dominance_PC80,206,0.435370,0.238235,0.282729,0.008743,67,0,6827,12.936000,0.070259365,
2,GPU_Stress,GA_Energy_Dominance_PC80,207,0.385853,0.266781,0.334442,0.038652,35,0,6841,15.128000,0.070565185,
2,GPU_Stress,GA_Energy_Dominance_PC80,208,0.573794,0.132339,0.170178,0.008586,50,0,6626,9.166000,0.069271318,
2,GPU_Stress,GA_Energy_Dominance_PC80,209,0.568924,0.129321,0.180168,0.011127,70,0,6858,10.042000,0.069141268,
2,GPU_Stress,GA_Energy_Dominance_PC80,MEAN,0.452778,0.216657,0.274624,0.010862,,0,6874,9.166000,0.069141268,10
2,GPU_Stress,SA_WaitingTime_Dominance_PC80,200,0.150454,0.041997,0.431776,0.004792,14,0,4837,4.962000,0.081157739,
2,GPU_Stress,SA_WaitingTime_Dominance_PC80,201,0.101592,0.079766,0.466530,0.003349,21,0,4849,4.832000,0.081844413,
2,GPU_Stress,SA_WaitingTime_Dominance_PC80,202,0.075820,0.021705,0.485831,0.040305,22,0,4849,4.724000,0.082782647,
2,GPU_Stress,SA_WaitingTime_Dominance_PC80,203,0.071752,0.020329,0.517282,0.006033,10,0,4825,4.898000,0.082969395,
2,GPU_Stress,SA_WaitingTime_Dominance_PC80,204,0.084101,0.019475,0.495110,0.003220,11,0,4808,4.836000,0.082292732,
2,GPU_Stress,SA_WaitingTime_Dominance_PC80,205,0.089282,0.007020,0.501578,0.002312,13,0,4879,4.712000,0.082367718,
2,GPU_Stress,SA_WaitingTime_Dominance_PC80,206,0.058930,0.074243,0.495074,0.010189,17,0,4828,4.732000,0.082730262,
2,GPU_Stress,SA_WaitingTime_Dominance_PC80,207,0.079102,0.055050,0.483173,0.013107,15,0,4834,4.662000,0.082243279,
2,GPU_Stress,SA_WaitingTime_Dominance_PC80,208,0.050582,0.008609,0.531782,0.001724,14,0,4817,4.764000,0.082915591,
2,GPU_Stress,SA_WaitingTime_Dominance_PC80,209,0.100241,0.001386,0.489409,0.001498,16,12,4821,4.702000,0.082017572,
2,GPU_Stress,SA_WaitingTime_Dominance_PC80,MEAN,0.086186,0.032958,0.489755,0.008653,,12,4834,4.662000,0.081157739,10
2,GPU_Stress,SA_Energy_Dominance_PC80,200,0.479085,0.257588,0.243484,0.007406,43,0,4552,9.932000,0.069573653,
2,GPU_Stress,SA_Energy_Dominance_PC80,201,0.471314,0.288294,0.237655,0.006523,51,0,4630,9.378000,0.068689748,
2,GPU_Stress,SA_Energy_Dominance_PC80,202,0.480032,0.261399,0.252415,0.005356,49,0,4584,9.720000,0.070005784,
2,GPU_Stress,SA_Energy_Dominance_PC80,203,0.469859,0.251867,0.255440,0.020438,26,0,4485,9.628000,0.070194018,
2,GPU_Stress,SA_Energy_Dominance_PC80,204,0.496839,0.259850,0.236974,0.005299,35,0,4620,9.300000,0.069718691,
2,GPU_Stress,SA_Energy_Dominance_PC80,205,0.458983,0.277308,0.260753,0.005256,35,0,4601,9.836000,0.069909460,
2,GPU_Stress,SA_Energy_Dominance_PC80,206,0.447473,0.285358,0.268578,0.003611,47,0,4580,10.668000,0.070678609,
2,GPU_Stress,SA_Energy_Dominance_PC80,207,0.433712,0.290607,0.280159,0.005264,53,0,4597,9.872000,0.069386887,
2,GPU_Stress,SA_Energy_Dominance_PC80,208,0.480666,0.255516,0.245490,0.007189,46,0,4587,9.442000,0.069667968,
2,GPU_Stress,SA_Energy_Dominance_PC80,209,0.489289,0.257847,0.243731,0.012649,55,0,4611,10.246000,0.070280280,
2,GPU_Stress,SA_Energy_Dominance_PC80,MEAN,0.470725,0.268563,0.252468,0.007899,,0,4584,9.300000,0.068689748,10
2,GPU_Stress,NSGA-II_PC80,200,0.531664,0.069952,0.170443,0.006651,48,0,9039,7.294000,0.072775684,
2,GPU_Stress,NSGA-II_PC80,201,0.451730,0.036600,0.246494,0.002847,36,0,8463,6.970000,0.074933140,
2,GPU_Stress,NSGA-II_PC80,202,0.322266,0.142879,0.293543,0.005168,34,0,8743,7.972000,0.077016813,
2,GPU_Stress,NSGA-II_PC80,203,0.321181,0.117504,0.295497,0.002985,42,0,8576,7.608000,0.077207844,
2,GPU_Stress,NSGA-II_PC80,204,0.430746,0.100989,0.233386,0.003558,45,0,8781,7.422000,0.074965456,
2,GPU_Stress,NSGA-II_PC80,205,0.542223,0.067288,0.164786,0.006420,37,0,9040,7.564000,0.072478537,
2,GPU_Stress,NSGA-II_PC80,206,0.469825,0.058148,0.221124,0.006643,36,0,8771,7.250000,0.074414221,
2,GPU_Stress,NSGA-II_PC80,207,0.427153,0.059009,0.236538,0.031439,18,0,9143,6.996000,0.075375197,
2,GPU_Stress,NSGA-II_PC80,208,0.442629,0.102445,0.218407,0.008160,43,0,9161,7.562000,0.074649301,
2,GPU_Stress,NSGA-II_PC80,209,0.543789,0.059498,0.172905,0.005793,41,0,9043,7.520000,0.072579253,
2,GPU_Stress,NSGA-II_PC80,MEAN,0.448321,0.081431,0.225312,0.007966,,0,8876,6.970000,0.072478537,10
2,GPU_Stress,SPEA-II_PC80,200,0.473956,0.042503,0.234678,0.003975,38,0,9350,6.750000,0.074502420,
2,GPU_Stress,SPEA-II_PC80,201,0.342132,0.104524,0.286345,0.003812,30,0,9312,7.688000,0.076832121,
2,GPU_Stress,SPEA-II_PC80,202,0.417040,0.071373,0.240255,0.003908,30,0,9633,6.928000,0.075503080,
2,GPU_Stress,SPEA-II_PC80,203,0.333367,0.105108,0.287544,0.004823,32,0,8924,7.598000,0.077016730,
2,GPU_Stress,SPEA-II_PC80,204,0.480079,0.078706,0.196481,0.005754,40,0,9275,7.260000,0.074009849,
2,GPU_Stress,SPEA-II_PC80,205,0.433616,0.048996,0.250906,0.003751,37,0,9008,6.818000,0.075313625,
2,GPU_Stress,SPEA-II_PC80,206,0.389414,0.104608,0.259748,0.003204,39,0,9182,7.322000,0.075878933,
2,GPU_Stress,SPEA-II_PC80,207,0.336664,0.113461,0.294525,0.003247,31,0,9233,7.520000,0.076934858,
2,GPU_Stress,SPEA-II_PC80,208,0.469659,0.029158,0.238128,0.004784,34,0,9176,6.704000,0.074649195,
2,GPU_Stress,SPEA-II_PC80,209,0.332733,0.105044,0.290153,0.003350,33,0,8962,7.550000,0.077061933,
2,GPU_Stress,SPEA-II_PC80,MEAN,0.400866,0.080348,0.257876,0.004061,,0,9205,6.704000,0.074009849,10
2,GPU_Stress,AMOSA_PC80,200,0.276741,0.147743,0.329745,0.004824,28,0,9414,8.278000,0.077935286,
2,GPU_Stress,AMOSA_PC80,201,0.291816,0.128648,0.320680,0.004036,36,0,9418,8.156000,0.077739794,
2,GPU_Stress,AMOSA_PC80,202,0.265653,0.122554,0.333623,0.003102,21,0,9426,8.308000,0.078287870,
2,GPU_Stress,AMOSA_PC80,203,0.288753,0.113300,0.318798,0.005702,29,0,9434,7.704000,0.077893214,
2,GPU_Stress,AMOSA_PC80,204,0.254573,0.144358,0.345334,0.017693,26,0,9379,8.488000,0.078422641,
2,GPU_Stress,AMOSA_PC80,205,0.256821,0.137432,0.345965,0.004356,26,0,9502,8.308000,0.078455389,
2,GPU_Stress,AMOSA_PC80,206,0.268005,0.142499,0.335275,0.003796,33,0,9341,8.354000,0.078145737,
2,GPU_Stress,AMOSA_PC80,207,0.271838,0.139562,0.333664,0.006916,24,0,9480,8.146000,0.078090551,
2,GPU_Stress,AMOSA_PC80,208,0.239630,0.125504,0.355959,0.013706,24,0,9440,8.168000,0.078834071,
2,GPU_Stress,AMOSA_PC80,209,0.275222,0.110917,0.332031,0.007102,18,0,9474,8.054000,0.078158680,
2,GPU_Stress,AMOSA_PC80,MEAN,0.268905,0.131252,0.335107,0.007123,,0,9430,7.704000,0.077739794,10
2,GPU_Stress,GA_WaitingTime_Dominance_PC70,200,0.063807,0.073000,0.514376,0.002820,19,0,6835,6.444000,0.082838077,
2,GPU_Stress,GA_WaitingTime_Dominance_PC70,201,0.064029,0.050229,0.512322,0.001684,8,0,6933,6.046000,0.082617968,
2,GPU_Stress,GA_WaitingTime_Dominance_PC70,202,0.083429,0.187358,0.493746,0.005794,22,0,6877,5.982000,0.082477399,
2,GPU_Stress,GA_WaitingTime_Dominance_PC70,203,0.085731,0.102287,0.461022,0.076152,14,0,7002,5.640000,0.082016242,
2,GPU_Stress,GA_WaitingTime_Dominance_PC70,204,0.101697,0.152125,0.446328,0.009997,12,0,6778,6.176000,0.081816383,
2,GPU_Stress,GA_WaitingTime_Dominance_PC70,205,0.076250,0.067677,0.489686,0.008959,23,0,6827,6.046000,0.082339127,
2,GPU_Stress,GA_WaitingTime_Dominance_PC70,206,0.064930,0.081688,0.496344,0.007829,15,0,6962,5.930000,0.082541377,
2,GPU_Stress,GA_WaitingTime_Dominance_PC70,207,0.057203,0.091705,0.506949,0.104634,7,0,6752,5.992000,0.083254537,
2,GPU_Stress,GA_WaitingTime_Dominance_PC70,208,0.030060,0.123514,0.517066,0.108771,8,0,6741,6.240000,0.083515071,
2,GPU_Stress,GA_WaitingTime_Dominance_PC70,209,0.072261,0.069741,0.491099,0.028001,14,0,6982,5.996000,0.082656938,
2,GPU_Stress,GA_WaitingTime_Dominance_PC70,MEAN,0.069940,0.099933,0.492894,0.035464,,0,6868,5.640000,0.081816383,10
2,GPU_Stress,GA_Energy_Dominance_PC70,200,0.246882,0.434236,0.461098,0.008175,59,0,6998,17.686000,0.072370772,
2,GPU_Stress,GA_Energy_Dominance_PC70,201,0.276270,0.416306,0.456950,0.009935,69,0,7086,17.326000,0.070395238,
2,GPU_Stress,GA_Energy_Dominance_PC70,202,0.484089,0.166472,0.223891,0.007920,67,0,6863,10.642000,0.071489735,
2,GPU_Stress,GA_Energy_Dominance_PC70,203,0.297793,0.357538,0.402103,0.008544,63,0,7100,16.896000,0.072614775,
2,GPU_Stress,GA_Energy_Dominance_PC70,204,0.499323,0.132584,0.206184,0.007618,65,0,6939,10.510000,0.071914314,
2,GPU_Stress,GA_Energy_Dominance_PC70,205,0.401573,0.244147,0.306977,0.005301,50,0,7050,14.312000,0.071677669,
2,GPU_Stress,GA_Energy_Dominance_PC70,206,0.378142,0.240388,0.341505,0.012896,53,0,7021,15.990000,0.070598767,
2,GPU_Stress,GA_Energy_Dominance_PC70,207,0.404975,0.236460,0.320395,0.008809,51,0,6932,15.220000,0.070271189,
2,GPU_Stress,GA_Energy_Dominance_PC70,208,0.504323,0.156002,0.214578,0.008310,59,0,6710,11.122000,0.071059848,
2,GPU_Stress,GA_Energy_Dominance_PC70,209,0.494929,0.130278,0.216904,0.008946,46,0,6859,10.462000,0.071611128,
2,GPU_Stress,GA_Energy_Dominance_PC70,MEAN,0.398830,0.251441,0.315059,0.008646,,0,6955,10.462000,0.070271189,10
2,GPU_Stress,SA_WaitingTime_Dominance_PC70,200,0.136707,0.025211,0.458958,0.000959,11,0,4809,5.168000,0.081317798,
2,GPU_Stress,SA_WaitingTime_Dominance_PC70,201,0.095015,0.023680,0.488487,0.004096,11,0,4867,5.314000,0.082074236,
2,GPU_Stress,SA_WaitingTime_Dominance_PC70,202,0.124919,0.028538,0.482255,0.039792,6,0,4864,5.336000,0.082335852,
2,GPU_Stress,SA_WaitingTime_Dominance_PC70,203,0.071192,0.024063,0.511960,0.001807,15,0,4802,5.146000,0.082673519,
2,GPU_Stress,SA_WaitingTime_Dominance_PC70,204,0.092943,0.088221,0.474408,0.004314,23,0,4923,5.236000,0.081996636,
2,GPU_Stress,SA_WaitingTime_Dominance_PC70,205,0.089744,0.033229,0.491808,0.009007,12,0,4854,5.398000,0.082349430,
2,GPU_Stress,SA_WaitingTime_Dominance_PC70,206,0.078479,0.035741,0.499510,0.003529,18,0,4817,5.334000,0.082365787,
2,GPU_Stress,SA_WaitingTime_Dominance_PC70,207,0.124810,0.053903,0.469676,0.010219,23,0,4837,5.512000,0.082381782,
2,GPU_Stress,SA_WaitingTime_Dominance_PC70,208,0.065568,0.028394,0.512517,0.001250,8,0,4841,5.270000,0.082617964,
2,GPU_Stress,SA_WaitingTime_Dominance_PC70,209,0.066453,0.041393,0.512105,0.004534,15,0,4841,5.234000,0.082744119,
2,GPU_Stress,SA_WaitingTime_Dominance_PC70,MEAN,0.094583,0.038237,0.490168,0.007951,,0,4845,5.146000,0.081317798,10
2,GPU_Stress,SA_Energy_Dominance_PC70,200,0.412138,0.331822,0.318795,0.007396,53,0,4717,12.934000,0.069277014,
2,GPU_Stress,SA_Energy_Dominance_PC70,201,0.363609,0.350491,0.346385,0.020474,42,0,4731,13.508000,0.069282888,
2,GPU_Stress,SA_Energy_Dominance_PC70,202,0.377917,0.339148,0.334288,0.007877,24,0,4631,13.304000,0.070059277,
2,GPU_Stress,SA_Energy_Dominance_PC70,203,0.421904,0.309413,0.312067,0.006345,42,0,4629,14.226000,0.070772147,
2,GPU_Stress,SA_Energy_Dominance_PC70,204,0.419072,0.337754,0.313039,0.008792,26,0,4630,11.658000,0.069339579,
2,GPU_Stress,SA_Energy_Dominance_PC70,205,0.468032,0.294615,0.310570,0.020659,27,0,4624,13.372000,0.069362485,
2,GPU_Stress,SA_Energy_Dominance_PC70,206,0.273794,0.444610,0.402120,0.010690,42,0,4667,14.452000,0.070024959,
2,GPU_Stress,SA_Energy_Dominance_PC70,207,0.396467,0.329816,0.325033,0.005137,39,0,4620,12.862000,0.069577031,
2,GPU_Stress,SA_Energy_Dominance_PC70,208,0.450456,0.300266,0.319330,0.009445,32,0,4628,13.672000,0.068416755,
2,GPU_Stress,SA_Energy_Dominance_PC70,209,0.368861,0.363446,0.373457,0.010534,43,0,4722,16.254000,0.067982760,
2,GPU_Stress,SA_Energy_Dominance_PC70,MEAN,0.395225,0.340138,0.335508,0.010735,,0,4659,11.658000,0.067982760,10
2,GPU_Stress,NSGA-II_PC70,200,0.482571,0.087819,0.210663,0.005636,37,0,9033,7.966000,0.073746571,
2,GPU_Stress,NSGA-II_PC70,201,0.211812,0.164438,0.376633,0.006326,25,0,8287,8.714000,0.079293308,
2,GPU_Stress,NSGA-II_PC70,202,0.346099,0.132580,0.280709,0.007167,28,0,8766,8.516000,0.076498269,
2,GPU_Stress,NSGA-II_PC70,203,0.222721,0.155275,0.368939,0.003396,32,0,8447,8.862000,0.079042952,
2,GPU_Stress,NSGA-II_PC70,204,0.413349,0.111089,0.242594,0.006075,33,0,8746,8.186000,0.075182241,
2,GPU_Stress,NSGA-II_PC70,205,0.408693,0.123793,0.248762,0.003849,38,0,8808,8.302000,0.075171947,
2,GPU_Stress,NSGA-II_PC70,206,0.334411,0.130151,0.289549,0.005466,25,0,8556,8.132000,0.076852059,
2,GPU_Stress,NSGA-II_PC70,207,0.351191,0.151043,0.285287,0.007364,23,0,8787,9.060000,0.076234444,
2,GPU_Stress,NSGA-II_PC70,208,0.293144,0.162903,0.316458,0.005640,32,0,8671,8.466000,0.077549870,
2,GPU_Stress,NSGA-II_PC70,209,0.483955,0.074739,0.212719,0.002864,44,0,8757,7.576000,0.073932260,
2,GPU_Stress,NSGA-II_PC70,MEAN,0.354795,0.129383,0.283231,0.005378,,0,8685,7.576000,0.073746571,10
2,GPU_Stress,SPEA-II_PC70,200,0.349670,0.104410,0.289843,0.003921,23,0,9198,8.140000,0.076614543,
2,GPU_Stress,SPEA-II_PC70,201,0.289120,0.131493,0.320584,0.009793,22,0,8889,8.752000,0.077703598,
2,GPU_Stress,SPEA-II_PC70,202,0.317619,0.135256,0.300792,0.005397,26,0,9230,8.416000,0.077106136,
2,GPU_Stress,SPEA-II_PC70,203,0.238727,0.196977,0.362110,0.004579,30,0,8631,9.846000,0.078426894,
2,GPU_Stress,SPEA-II_PC70,204,0.428366,0.057038,0.268021,0.003375,18,0,9032,7.666000,0.075187524,
2,GPU_Stress,SPEA-II_PC70,205,0.413235,0.105260,0.252105,0.004668,33,0,9010,7.832000,0.075289753,
2,GPU_Stress,SPEA-II_PC70,206,0.274207,0.150310,0.336470,0.005508,22,0,8823,9.210000,0.077887962,
2,GPU_Stress,SPEA-II_PC70,207,0.330409,0.125892,0.306688,0.003087,34,0,9118,8.368000,0.076959955,
2,GPU_Stress,SPEA-II_PC70,208,0.421928,0.056246,0.260352,0.003216,21,0,9039,7.694000,0.075319027,
2,GPU_Stress,SPEA-II_PC70,209,0.226271,0.133354,0.372364,0.008188,12,0,8743,8.924000,0.079042033,
2,GPU_Stress,SPEA-II_PC70,MEAN,0.328955,0.119624,0.306933,0.005173,,0,8971,7.666000,0.075187524,10
2,GPU_Stress,AMOSA_PC70,200,0.140205,0.247344,0.458064,0.028977,9,0,9687,11.184000,0.080799200,
2,GPU_Stress,AMOSA_PC70,201,0.139124,0.296956,0.463038,0.005892,21,0,9723,11.536000,0.080335424,
2,GPU_Stress,AMOSA_PC70,202,0.080076,0.284788,0.518976,0.010908,10,0,9574,12.164000,0.081901950,
2,GPU_Stress,AMOSA_PC70,203,0.134419,0.271531,0.456396,0.006006,7,0,9550,11.618000,0.080566730,
2,GPU_Stress,AMOSA_PC70,204,0.170084,0.258614,0.428484,0.018393,10,0,9582,11.758000,0.079694262,
2,GPU_Stress,AMOSA_PC70,205,0.153911,0.259863,0.439135,0.017366,13,0,9568,11.892000,0.080100312,
2,GPU_Stress,AMOSA_PC70,206,0.125624,0.292902,0.472287,0.015923,15,0,9467,11.946000,0.080662867,
2,GPU_Stress,AMOSA_PC70,207,0.137165,0.300945,0.466158,0.009536,10,0,9692,13.206000,0.080265343,
2,GPU_Stress,AMOSA_PC70,208,0.168463,0.251642,0.431313,0.005519,17,0,9455,11.474000,0.079727992,
2,GPU_Stress,AMOSA_PC70,209,0.136618,0.299154,0.481209,0.006834,22,0,9510,11.346000,0.081121248,
2,GPU_Stress,AMOSA_PC70,MEAN,0.138569,0.276374,0.461506,0.012535,,0,9580,11.184000,0.079694262,10
2,GPU_Stress,GA_WaitingTime_Dominance_PC60,200,0.092215,0.173636,0.504566,0.006947,16,0,6764,8.786000,0.082810648,
2,GPU_Stress,GA_WaitingTime_Dominance_PC60,201,0.073236,0.178638,0.488816,0.009761,11,0,6866,8.398000,0.082229997,
2,GPU_Stress,GA_WaitingTime_Dominance_PC60,202,0.066210,0.168613,0.509816,0.012817,14,0,6780,8.282000,0.082445779,
2,GPU_Stress,GA_WaitingTime_Dominance_PC60,203,0.070675,0.148330,0.492890,0.011944,12,0,6845,7.898000,0.082372888,
2,GPU_Stress,GA_WaitingTime_Dominance_PC60,204,0.042881,0.219951,0.518819,0.011964,9,0,6603,8.572000,0.082921328,
2,GPU_Stress,GA_WaitingTime_Dominance_PC60,205,0.028002,0.192594,0.533091,0.042983,7,0,6623,9.062000,0.083225882,
2,GPU_Stress,GA_WaitingTime_Dominance_PC60,206,0.093172,0.202488,0.489030,0.009133,16,0,7013,7.938000,0.082112818,
2,GPU_Stress,GA_WaitingTime_Dominance_PC60,207,0.066059,0.210874,0.543241,0.007491,17,0,6553,9.832000,0.083704574,
2,GPU_Stress,GA_WaitingTime_Dominance_PC60,208,0.083056,0.206510,0.491279,0.003981,25,0,6607,9.168000,0.081913652,
2,GPU_Stress,GA_WaitingTime_Dominance_PC60,209,0.100295,0.144009,0.475205,0.002918,11,0,6824,8.680000,0.081726947,
2,GPU_Stress,GA_WaitingTime_Dominance_PC60,MEAN,0.071580,0.184564,0.504675,0.011994,,0,6747,7.898000,0.081726947,10
2,GPU_Stress,GA_Energy_Dominance_PC60,200,0.161934,0.502282,0.545222,0.017308,27,0,6831,20.436000,0.076671814,
2,GPU_Stress,GA_Energy_Dominance_PC60,201,0.230978,0.454312,0.470525,0.011672,45,0,7053,18.722000,0.073197714,
2,GPU_Stress,GA_Energy_Dominance_PC60,202,0.320222,0.271190,0.336073,0.012971,29,0,6724,12.594000,0.074850282,
2,GPU_Stress,GA_Energy_Dominance_PC60,203,0.292420,0.341075,0.396512,0.012812,34,0,7008,16.920000,0.074323065,
2,GPU_Stress,GA_Energy_Dominance_PC60,204,0.371978,0.200314,0.290609,0.017564,35,0,6797,12.824000,0.074396225,
2,GPU_Stress,GA_Energy_Dominance_PC60,205,0.289812,0.347687,0.400304,0.009507,52,0,6933,16.772000,0.073675090,
2,GPU_Stress,GA_Energy_Dominance_PC60,206,0.279238,0.335646,0.402558,0.006637,30,0,6980,17.602000,0.074262461,
2,GPU_Stress,GA_Energy_Dominance_PC60,207,0.308854,0.355604,0.397007,0.007121,54,0,6950,16.572000,0.071892925,
2,GPU_Stress,GA_Energy_Dominance_PC60,208,0.428119,0.202355,0.274271,0.011757,34,0,6783,13.504000,0.071938143,
2,GPU_Stress,GA_Energy_Dominance_PC60,209,0.308587,0.362213,0.374488,0.006902,61,0,6787,13.296000,0.073000436,
2,GPU_Stress,GA_Energy_Dominance_PC60,MEAN,0.299214,0.337268,0.388757,0.011425,,0,6884,12.594000,0.071892925,10
2,GPU_Stress,SA_WaitingTime_Dominance_PC60,200,0.099536,0.072822,0.477703,0.003023,20,0,4764,6.708000,0.081889532,
2,GPU_Stress,SA_WaitingTime_Dominance_PC60,201,0.060873,0.101864,0.509749,0.002252,23,0,4833,6.822000,0.082612439,
2,GPU_Stress,SA_WaitingTime_Dominance_PC60,202,0.083435,0.075408,0.488212,0.004598,15,0,4766,6.620000,0.082208948,
2,GPU_Stress,SA_WaitingTime_Dominance_PC60,203,0.099212,0.060026,0.480023,0.001133,18,0,4830,6.320000,0.081924822,
2,GPU_Stress,SA_WaitingTime_Dominance_PC60,204,0.099150,0.061575,0.479918,0.003871,13,0,4830,6.152000,0.082052962,
2,GPU_Stress,SA_WaitingTime_Dominance_PC60,205,0.067887,0.070249,0.502365,0.022622,8,0,4795,6.338000,0.082502836,
2,GPU_Stress,SA_WaitingTime_Dominance_PC60,206,0.096045,0.057895,0.483025,0.003275,11,0,4799,6.452000,0.081985514,
2,GPU_Stress,SA_WaitingTime_Dominance_PC60,207,0.073754,0.075182,0.510969,0.006967,11,0,4775,6.260000,0.082853861,
2,GPU_Stress,SA_WaitingTime_Dominance_PC60,208,0.091771,0.096453,0.481169,0.004905,10,0,4945,6.978000,0.082021051,
2,GPU_Stress,SA_WaitingTime_Dominance_PC60,209,0.072608,0.060420,0.500284,0.010534,8,0,4774,6.268000,0.082439442,
2,GPU_Stress,SA_WaitingTime_Dominance_PC60,MEAN,0.084427,0.073189,0.491342,0.006318,,0,4811,6.152000,0.081889532,10
2,GPU_Stress,SA_Energy_Dominance_PC60,200,0.374203,0.344529,0.355044,0.004848,75,0,4825,15.908000,0.069507455,
2,GPU_Stress,SA_Energy_Dominance_PC60,201,0.269062,0.417614,0.426009,0.015976,22,0,4832,18.008000,0.069080288,
2,GPU_Stress,SA_Energy_Dominance_PC60,202,0.275761,0.439271,0.410310,0.011670,29,0,4688,16.698000,0.068732577,
2,GPU_Stress,SA_Energy_Dominance_PC60,203,0.382799,0.340828,0.357280,0.004039,46,0,4868,16.264000,0.068658244,
2,GPU_Stress,SA_Energy_Dominance_PC60,204,0.315520,0.376542,0.411911,0.009765,20,0,4706,18.166000,0.070150982,
2,GPU_Stress,SA_Energy_Dominance_PC60,205,0.393019,0.313700,0.353059,0.007198,37,0,4756,17.092000,0.069667101,
2,GPU_Stress,SA_Energy_Dominance_PC60,206,0.305158,0.429769,0.445787,0.016118,19,0,4834,19.276000,0.069838622,
2,GPU_Stress,SA_Energy_Dominance_PC60,207,0.386186,0.381579,0.364439,0.005588,45,0,4733,16.464000,0.069924038,
2,GPU_Stress,SA_Energy_Dominance_PC60,208,0.262047,0.450281,0.436018,0.005928,44,0,4739,17.604000,0.070519805,
2,GPU_Stress,SA_Energy_Dominance_PC60,209,0.295400,0.408440,0.407088,0.009305,54,0,4827,15.664000,0.068198199,
2,GPU_Stress,SA_Energy_Dominance_PC60,MEAN,0.325916,0.390255,0.396695,0.009043,,0,4780,15.664000,0.068198199,10
2,GPU_Stress,NSGA-II_PC60,200,0.253660,0.250400,0.358762,0.015973,19,0,8522,11.922000,0.077623656,
2,GPU_Stress,NSGA-II_PC60,201,0.039153,0.410714,0.635313,0.024391,4,0,7940,15.984000,0.085491893,
2,GPU_Stress,NSGA-II_PC60,202,0.223218,0.303178,0.389374,0.015011,20,0,8503,12.150000,0.078224332,
2,GPU_Stress,NSGA-II_PC60,203,0.120765,0.256620,0.473492,0.011593,10,0,8151,12.132000,0.080905930,
2,GPU_Stress,NSGA-II_PC60,204,0.330282,0.217092,0.299615,0.005536,29,0,8605,10.464000,0.076151642,
2,GPU_Stress,NSGA-II_PC60,205,0.287097,0.229061,0.334544,0.005443,26,0,8632,10.906000,0.077037306,
2,GPU_Stress,NSGA-II_PC60,206,0.228350,0.204922,0.374407,0.004042,24,0,8390,10.404000,0.078636840,
2,GPU_Stress,NSGA-II_PC60,207,0.220206,0.185036,0.378706,0.009662,14,0,8616,10.466000,0.078849261,
2,GPU_Stress,NSGA-II_PC60,208,0.203847,0.227283,0.396614,0.005514,21,0,8520,11.272000,0.079012429,
2,GPU_Stress,NSGA-II_PC60,209,0.269515,0.229049,0.346954,0.006917,25,0,9199,11.008000,0.077512635,
2,GPU_Stress,NSGA-II_PC60,MEAN,0.217609,0.251335,0.398778,0.010408,,0,8507,10.404000,0.076151642,10
2,GPU_Stress,SPEA-II_PC60,200,0.238893,0.239593,0.370608,0.016455,21,0,9003,11.450000,0.078134146,
2,GPU_Stress,SPEA-II_PC60,201,0.102774,0.256675,0.488087,0.006729,10,0,8695,11.824000,0.081349160,
2,GPU_Stress,SPEA-II_PC60,202,0.214914,0.228559,0.388083,0.006407,17,0,9039,11.290000,0.078766130,
2,GPU_Stress,SPEA-II_PC60,203,0.071483,0.343329,0.553673,0.014557,14,0,8288,13.944000,0.082239433,
2,GPU_Stress,SPEA-II_PC60,204,0.297591,0.210405,0.328271,0.004489,21,0,8725,11.176000,0.076863171,
2,GPU_Stress,SPEA-II_PC60,205,0.375166,0.149304,0.280788,0.001867,39,0,8749,9.454000,0.075640826,
2,GPU_Stress,SPEA-II_PC60,206,0.161502,0.287006,0.446149,0.016827,16,0,8469,12.410000,0.079699742,
2,GPU_Stress,SPEA-II_PC60,207,0.186566,0.275853,0.416384,0.005209,22,0,8862,11.954000,0.079222535,
2,GPU_Stress,SPEA-II_PC60,208,0.348943,0.132918,0.293017,0.004562,22,0,8941,9.284000,0.076321330,
2,GPU_Stress,SPEA-II_PC60,209,0.075511,0.383754,0.549082,0.013693,12,0,8219,14.718000,0.081631350,
2,GPU_Stress,SPEA-II_PC60,MEAN,0.207334,0.250740,0.411414,0.009079,,0,8699,9.284000,0.075640826,10
2,GPU_Stress,AMOSA_PC60,200,0.088312,0.421975,0.555085,0.017947,7,0,9441,16.262000,0.081206201,
2,GPU_Stress,AMOSA_PC60,201,0.082293,0.526469,0.593651,0.006059,9,0,9595,19.434000,0.080747142,
2,GPU_Stress,AMOSA_PC60,202,NaN,NaN,NaN,NaN,0,0,9435,NaN,NaN,
2,GPU_Stress,AMOSA_PC60,203,0.093233,0.500408,0.569647,0.012686,8,0,9419,18.582000,0.080524180,
2,GPU_Stress,AMOSA_PC60,204,0.072003,0.371138,0.550875,0.009933,8,0,9551,15.426000,0.081774436,
2,GPU_Stress,AMOSA_PC60,205,0.081896,0.351724,0.546829,0.001956,8,0,9470,14.760000,0.082350573,
2,GPU_Stress,AMOSA_PC60,206,0.053389,0.438795,0.603067,0.018596,7,0,9387,17.142000,0.082191023,
2,GPU_Stress,AMOSA_PC60,207,0.096823,0.380330,0.528767,0.010522,11,0,9563,15.018000,0.080995300,
2,GPU_Stress,AMOSA_PC60,208,0.086837,0.375026,0.535969,0.008962,9,0,9455,14.920000,0.081351855,
2,GPU_Stress,AMOSA_PC60,209,0.029045,0.391564,0.599687,0.000000,2,0,9442,16.120000,0.082982045,
2,GPU_Stress,AMOSA_PC60,MEAN,0.075981,0.417492,0.564842,0.009629,,0,9475,14.760000,0.080524180,9
2,GPU_Stress,GA_WaitingTime_Dominance_PC50,200,NaN,NaN,NaN,NaN,0,0,6600,NaN,NaN,
2,GPU_Stress,GA_WaitingTime_Dominance_PC50,201,NaN,NaN,NaN,NaN,0,0,6682,NaN,NaN,
2,GPU_Stress,GA_WaitingTime_Dominance_PC50,202,0.057109,0.376962,0.585019,0.007438,17,0,6534,14.626000,0.083394026,
2,GPU_Stress,GA_WaitingTime_Dominance_PC50,203,NaN,NaN,NaN,NaN,0,0,6708,NaN,NaN,
2,GPU_Stress,GA_WaitingTime_Dominance_PC50,204,NaN,NaN,NaN,NaN,0,0,6693,NaN,NaN,
2,GPU_Stress,GA_WaitingTime_Dominance_PC50,205,NaN,NaN,NaN,NaN,0,0,6518,NaN,NaN,
2,GPU_Stress,GA_WaitingTime_Dominance_PC50,206,0.040786,0.433458,0.614238,0.024841,5,0,6739,16.656000,0.083775628,
2,GPU_Stress,GA_WaitingTime_Dominance_PC50,207,NaN,NaN,NaN,NaN,0,0,6505,NaN,NaN,
2,GPU_Stress,GA_WaitingTime_Dominance_PC50,208,NaN,NaN,NaN,NaN,0,0,6562,NaN,NaN,
2,GPU_Stress,GA_WaitingTime_Dominance_PC50,209,NaN,NaN,NaN,NaN,0,0,6681,NaN,NaN,
2,GPU_Stress,GA_WaitingTime_Dominance_PC50,MEAN,0.048947,0.405210,0.599629,0.016139,,0,6622,14.626000,0.083394026,2
2,GPU_Stress,GA_Energy_Dominance_PC50,200,NaN,NaN,NaN,NaN,0,0,6515,NaN,NaN,
2,GPU_Stress,GA_Energy_Dominance_PC50,201,0.129975,0.498926,0.559084,0.007791,27,0,6704,19.594000,0.079175855,
2,GPU_Stress,GA_Energy_Dominance_PC50,202,NaN,NaN,NaN,NaN,0,0,6621,NaN,NaN,
2,GPU_Stress,GA_Energy_Dominance_PC50,203,NaN,NaN,NaN,NaN,0,0,6684,NaN,NaN,
2,GPU_Stress,GA_Energy_Dominance_PC50,204,NaN,NaN,NaN,NaN,0,0,6658,NaN,NaN,
2,GPU_Stress,GA_Energy_Dominance_PC50,205,0.078402,0.505182,0.590207,0.009216,12,0,6600,19.382000,0.081013437,
2,GPU_Stress,GA_Energy_Dominance_PC50,206,0.029249,0.509628,0.668633,0.004325,9,0,6780,19.166000,0.084001462,
2,GPU_Stress,GA_Energy_Dominance_PC50,207,0.066111,0.548580,0.631339,0.020921,13,0,6658,20.960000,0.081249567,
2,GPU_Stress,GA_Energy_Dominance_PC50,208,0.202157,0.341268,0.428842,0.004216,16,0,6670,15.048000,0.078119071,
2,GPU_Stress,GA_Energy_Dominance_PC50,209,NaN,NaN,NaN,NaN,0,0,6584,NaN,NaN,
2,GPU_Stress,GA_Energy_Dominance_PC50,MEAN,0.101179,0.480717,0.575621,0.009294,,0,6647,15.048000,0.078119071,5
2,GPU_Stress,SA_WaitingTime_Dominance_PC50,200,0.071214,0.097685,0.503361,0.000056,3,0,4689,7.658000,0.082403848,
2,GPU_Stress,SA_WaitingTime_Dominance_PC50,201,0.075548,0.112241,0.504511,0.001140,9,0,4755,7.998000,0.082566430,
2,GPU_Stress,SA_WaitingTime_Dominance_PC50,202,0.050681,0.108064,0.522087,0.001923,8,0,4728,7.840000,0.082808608,
2,GPU_Stress,SA_WaitingTime_Dominance_PC50,203,0.031190,0.121920,0.552496,0.001636,11,0,4747,8.066000,0.083735220,
2,GPU_Stress,SA_WaitingTime_Dominance_PC50,204,0.078828,0.161613,0.488899,0.002030,13,0,4777,7.938000,0.082152349,
2,GPU_Stress,SA_WaitingTime_Dominance_PC50,205,0.086960,0.117958,0.486591,0.002146,15,0,4760,7.886000,0.082058713,
2,GPU_Stress,SA_WaitingTime_Dominance_PC50,206,0.042054,0.309755,0.511411,0.011908,16,0,4777,7.942000,0.082724453,
2,GPU_Stress,SA_WaitingTime_Dominance_PC50,207,0.083245,0.126105,0.491375,0.004904,9,0,4681,8.274000,0.082115992,
2,GPU_Stress,SA_WaitingTime_Dominance_PC50,208,0.069681,0.130733,0.500004,0.002135,11,0,4813,8.170000,0.082397662,
2,GPU_Stress,SA_WaitingTime_Dominance_PC50,209,0.048296,0.125467,0.523913,0.001467,9,0,4856,8.120000,0.082842533,
2,GPU_Stress,SA_WaitingTime_Dominance_PC50,MEAN,0.063770,0.141154,0.508465,0.002934,,0,4758,7.658000,0.082058713,10
2,GPU_Stress,SA_Energy_Dominance_PC50,200,0.217828,0.429501,0.495751,0.016295,44,0,4912,19.110000,0.069270868,
2,GPU_Stress,SA_Energy_Dominance_PC50,201,0.202059,0.450115,0.499622,0.011453,56,0,4892,20.428000,0.068227921,
2,GPU_Stress,SA_Energy_Dominance_PC50,202,0.258913,0.439897,0.418949,0.010133,59,0,4942,18.552000,0.069386606,
2,GPU_Stress,SA_Energy_Dominance_PC50,203,0.236237,0.410714,0.468608,0.007073,66,0,4891,18.646000,0.069288431,
2,GPU_Stress,SA_Energy_Dominance_PC50,204,0.242423,0.460652,0.484928,0.007240,47,0,4810,20.116000,0.069717190,
2,GPU_Stress,SA_Energy_Dominance_PC50,205,0.226982,0.438593,0.465841,0.019567,54,0,4893,19.082000,0.068930946,
2,GPU_Stress,SA_Energy_Dominance_PC50,206,0.208310,0.469374,0.500141,0.007590,54,0,4793,20.486000,0.069221012,
2,GPU_Stress,SA_Energy_Dominance_PC50,207,0.321748,0.370329,0.403048,0.005622,40,0,4627,19.202000,0.070848569,
2,GPU_Stress,SA_Energy_Dominance_PC50,208,0.203362,0.453947,0.468578,0.010370,69,0,4860,17.280000,0.069490282,
2,GPU_Stress,SA_Energy_Dominance_PC50,209,0.211106,0.416040,0.468876,0.006839,47,0,4850,18.690000,0.068492624,
2,GPU_Stress,SA_Energy_Dominance_PC50,MEAN,0.232897,0.433916,0.467434,0.010218,,0,4847,17.280000,0.068227921,10
2,GPU_Stress,NSGA-II_PC50,200,NaN,NaN,NaN,NaN,0,0,8421,NaN,NaN,
2,GPU_Stress,NSGA-II_PC50,201,NaN,NaN,NaN,NaN,0,0,8020,NaN,NaN,
2,GPU_Stress,NSGA-II_PC50,202,NaN,NaN,NaN,NaN,0,0,8418,NaN,NaN,
2,GPU_Stress,NSGA-II_PC50,203,NaN,NaN,NaN,NaN,0,0,8191,NaN,NaN,
2,GPU_Stress,NSGA-II_PC50,204,0.113362,0.406286,0.517546,0.012090,12,0,8551,15.618000,0.080448904,
2,GPU_Stress,NSGA-II_PC50,205,0.106699,0.437252,0.540735,0.018299,8,0,8599,17.942000,0.080315833,
2,GPU_Stress,NSGA-II_PC50,206,0.016167,0.451555,0.647852,0.023078,4,0,8299,17.672000,0.083489426,
2,GPU_Stress,NSGA-II_PC50,207,NaN,NaN,NaN,NaN,0,0,8605,NaN,NaN,
2,GPU_Stress,NSGA-II_PC50,208,NaN,NaN,NaN,NaN,0,0,8514,NaN,NaN,
2,GPU_Stress,NSGA-II_PC50,209,0.070772,0.448403,0.580144,0.000000,1,0,8629,18.620000,0.081449574,
2,GPU_Stress,NSGA-II_PC50,MEAN,0.076750,0.435874,0.571569,0.013367,,0,8424,15.618000,0.080315833,4
2,GPU_Stress,SPEA-II_PC50,200,NaN,NaN,NaN,NaN,0,0,8839,NaN,NaN,
2,GPU_Stress,SPEA-II_PC50,201,NaN,NaN,NaN,NaN,0,0,8794,NaN,NaN,
2,GPU_Stress,SPEA-II_PC50,202,0.025810,0.531872,0.660629,0.025778,5,0,9063,19.274000,0.082867349,
2,GPU_Stress,SPEA-II_PC50,203,NaN,NaN,NaN,NaN,0,0,8397,NaN,NaN,
2,GPU_Stress,SPEA-II_PC50,204,NaN,NaN,NaN,NaN,0,0,8608,NaN,NaN,
2,GPU_Stress,SPEA-II_PC50,205,0.160692,0.405527,0.482001,0.012066,16,0,8496,16.888000,0.078758792,
2,GPU_Stress,SPEA-II_PC50,206,NaN,NaN,NaN,NaN,0,0,8355,NaN,NaN,
2,GPU_Stress,SPEA-II_PC50,207,NaN,NaN,NaN,NaN,0,0,55686204,NaN,NaN,
2,GPU_Stress,SPEA-II_PC50,208,0.099126,0.338015,0.515298,0.015658,7,0,1784,14.302000,0.081125689,
2,GPU_Stress,SPEA-II_PC50,209,NaN,NaN,NaN,NaN,0,0,8427,NaN,NaN,
2,GPU_Stress,SPEA-II_PC50,MEAN,0.095209,0.425138,0.552642,0.017834,,0,5575696,14.302000,0.078758792,3
2,GPU_Stress,AMOSA_PC50,200,NaN,NaN,NaN,NaN,0,0,9595,NaN,NaN,
2,GPU_Stress,AMOSA_PC50,201,NaN,NaN,NaN,NaN,0,0,9687,NaN,NaN,
2,GPU_Stress,AMOSA_PC50,202,NaN,NaN,NaN,NaN,0,0,9529,NaN,NaN,
2,GPU_Stress,AMOSA_PC50,203,NaN,NaN,NaN,NaN,0,0,13768,NaN,NaN,
2,GPU_Stress,AMOSA_PC50,204,NaN,NaN,NaN,NaN,0,0,9244,NaN,NaN,
2,GPU_Stress,AMOSA_PC50,205,NaN,NaN,NaN,NaN,0,0,9179,NaN,NaN,
2,GPU_Stress,AMOSA_PC50,206,NaN,NaN,NaN,NaN,0,0,9052,NaN,NaN,
2,GPU_Stress,AMOSA_PC50,207,NaN,NaN,NaN,NaN,0,0,9211,NaN,NaN,
2,GPU_Stress,AMOSA_PC50,208,NaN,NaN,NaN,NaN,0,0,9229,NaN,NaN,
2,GPU_Stress,AMOSA_PC50,209,NaN,NaN,NaN,NaN,0,0,20805229,NaN,NaN,
2,GPU_Stress,AMOSA_PC50,MEAN,NaN,NaN,NaN,NaN,,0,2089372,NaN,NaN,0
3,CPU_Stress,GA_WaitingTime_Dominance,200,0.169225,0.023970,0.491621,0.007847,22,0,2782,1.444000,0.044579944,
3,CPU_Stress,GA_WaitingTime_Dominance,201,0.134802,0.026758,0.504671,0.017927,13,0,2772,1.426000,0.044908862,
3,CPU_Stress,GA_WaitingTime_Dominance,202,0.169653,0.045072,0.477638,0.011100,9,2,2780,1.434000,0.044263780,
3,CPU_Stress,GA_WaitingTime_Dominance,203,0.146528,0.009675,0.511493,0.027882,6,3,2774,1.440000,0.044718838,
3,CPU_Stress,GA_WaitingTime_Dominance,204,0.133093,0.019732,0.510935,0.024728,18,0,2821,1.438000,0.044922641,
3,CPU_Stress,GA_WaitingTime_Dominance,205,0.140104,0.013625,0.511160,0.028455,11,0,2760,1.418000,0.044820301,
3,CPU_Stress,GA_WaitingTime_Dominance,206,0.156245,0.030580,0.493648,0.009079,21,0,2790,1.426000,0.044475040,
3,CPU_Stress,GA_WaitingTime_Dominance,207,0.159480,0.042559,0.486022,0.013819,9,0,2943,1.448000,0.044402017,
3,CPU_Stress,GA_WaitingTime_Dominance,208,0.142010,0.026696,0.500993,0.007591,25,0,2918,1.434000,0.044744432,
3,CPU_Stress,GA_WaitingTime_Dominance,209,0.144959,0.033046,0.504281,0.016122,9,0,2910,1.466000,0.044688685,
3,CPU_Stress,GA_WaitingTime_Dominance,MEAN,0.149610,0.027171,0.499246,0.016455,,5,2825,1.418000,0.044263780,10
3,CPU_Stress,GA_Energy_Dominance,200,0.682747,0.061966,0.080852,0.005947,100,1,4028,3.040000,0.030357896,
3,CPU_Stress,GA_Energy_Dominance,201,0.670538,0.069249,0.093547,0.005638,88,5,3864,3.082000,0.030689968,
3,CPU_Stress,GA_Energy_Dominance,202,0.683621,0.051650,0.083074,0.008931,88,9,3975,2.980000,0.031613113,
3,CPU_Stress,GA_Energy_Dominance,203,0.670980,0.061398,0.089798,0.010644,89,0,3936,3.128000,0.030262372,
3,CPU_Stress,GA_Energy_Dominance,204,0.689659,0.043258,0.081391,0.007364,93,14,4000,2.984000,0.029984423,
3,CPU_Stress,GA_Energy_Dominance,205,0.658461,0.074859,0.094835,0.010654,85,0,4041,3.178000,0.030471607,
3,CPU_Stress,GA_Energy_Dominance,206,0.631757,0.105246,0.114076,0.010265,91,0,4017,3.102000,0.030978648,
3,CPU_Stress,GA_Energy_Dominance,207,0.700884,0.043254,0.074026,0.005593,97,9,4051,3.204000,0.029842658,
3,CPU_Stress,GA_Energy_Dominance,208,0.685046,0.048887,0.084300,0.004696,92,0,3963,3.204000,0.031050099,
3,CPU_Stress,GA_Energy_Dominance,209,0.680814,0.053615,0.087293,0.007527,76,21,3914,3.150000,0.031020090,
3,CPU_Stress,GA_Energy_Dominance,MEAN,0.675451,0.061338,0.088319,0.007726,,59,3978,2.980000,0.029842658,10
3,CPU_Stress,SA_WaitingTime_Dominance,200,0.096505,0.009663,0.560778,0.002117,26,0,1776,1.306000,0.045616334,
3,CPU_Stress,SA_WaitingTime_Dominance,201,0.131253,0.017613,0.525436,0.003730,24,0,1811,1.306000,0.044982966,
3,CPU_Stress,SA_WaitingTime_Dominance,202,0.096711,0.009302,0.560922,0.006152,15,0,1797,1.312000,0.045604117,
3,CPU_Stress,SA_WaitingTime_Dominance,203,0.144717,0.010587,0.519112,0.001228,15,9,1752,1.310000,0.044761734,
3,CPU_Stress,SA_WaitingTime_Dominance,204,0.101700,0.012392,0.553594,0.002058,28,0,1794,1.298000,0.045517536,
3,CPU_Stress,SA_WaitingTime_Dominance,205,0.113545,0.014509,0.541727,0.008225,16,4,1882,1.282000,0.045307326,
3,CPU_Stress,SA_WaitingTime_Dominance,206,0.102921,0.008481,0.554059,0.003540,32,0,1826,1.284000,0.045648560,
3,CPU_Stress,SA_WaitingTime_Dominance,207,0.111679,0.017359,0.545091,0.002518,25,4,1772,1.296000,0.045338263,
3,CPU_Stress,SA_WaitingTime_Dominance,208,0.094728,0.008829,0.562494,0.002439,21,0,1831,1.314000,0.045640661,
3,CPU_Stress,SA_WaitingTime_Dominance,209,0.104324,0.013413,0.549701,0.002088,25,2,1833,1.292000,0.045474168,
3,CPU_Stress,SA_WaitingTime_Dominance,MEAN,0.109808,0.012215,0.547291,0.003410,,19,1807,1.282000,0.044761734,10
3,CPU_Stress,SA_Energy_Dominance,200,0.506998,0.120454,0.237866,0.002988,112,0,2004,3.332000,0.036804011,
3,CPU_Stress,SA_Energy_Dominance,201,0.557386,0.129781,0.188110,0.003217,119,0,1992,3.278000,0.035136706,
3,CPU_Stress,SA_Energy_Dominance,202,0.495746,0.098496,0.260658,0.001687,107,0,1942,3.240000,0.037514478,
3,CPU_Stress,SA_Energy_Dominance,203,0.536902,0.129530,0.215063,0.004747,115,0,2012,3.306000,0.035871423,
3,CPU_Stress,SA_Energy_Dominance,204,0.560192,0.142821,0.180622,0.003210,127,0,2110,3.286000,0.034637946,
3,CPU_Stress,SA_Energy_Dominance,205,0.545206,0.101504,0.237938,0.001420,125,0,1973,3.158000,0.036406715,
3,CPU_Stress,SA_Energy_Dominance,206,0.543257,0.129460,0.227643,0.002634,108,0,2011,3.220000,0.035840442,
3,CPU_Stress,SA_Energy_Dominance,207,0.562847,0.139449,0.202191,0.004441,83,0,1939,3.320000,0.035101960,
3,CPU_Stress,SA_Energy_Dominance,208,0.531198,0.168678,0.185147,0.005201,129,0,2082,3.330000,0.034110616,
3,CPU_Stress,SA_Energy_Dominance,209,0.533200,0.104738,0.239315,0.002909,126,0,1957,3.284000,0.036602302,
3,CPU_Stress,SA_Energy_Dominance,MEAN,0.537293,0.126491,0.217455,0.003245,,0,2002,3.158000,0.034110616,10
3,CPU_Stress,NSGA-II,200,0.559118,0.006226,0.249269,0.006689,45,4,5663,1.752000,0.037223072,
3,CPU_Stress,NSGA-II,201,0.569114,0.013835,0.240062,0.010844,51,2,5706,1.744000,0.036999214,
3,CPU_Stress,NSGA-II,202,0.573357,0.016680,0.225253,0.004214,59,0,5809,1.744000,0.036868528,
3,CPU_Stress,NSGA-II,203,0.556041,0.018836,0.237937,0.004251,56,0,5709,1.764000,0.037215604,
3,CPU_Stress,NSGA-II,204,0.558024,0.018823,0.231010,0.004638,58,0,5927,1.774000,0.037180098,
3,CPU_Stress,NSGA-II,205,0.511008,0.013758,0.272577,0.003151,55,0,5811,1.738000,0.038105332,
3,CPU_Stress,NSGA-II,206,0.539330,0.011159,0.251812,0.003861,48,0,5744,1.752000,0.037578684,
3,CPU_Stress,NSGA-II,207,0.540927,0.019705,0.251925,0.003641,55,0,5909,1.738000,0.037493415,
3,CPU_Stress,NSGA-II,208,0.554003,0.011918,0.246686,0.005984,54,0,5854,1.734000,0.037292909,
3,CPU_Stress,NSGA-II,209,0.528565,0.014615,0.252510,0.005702,50,0,5717,1.754000,0.037769281,
3,CPU_Stress,NSGA-II,MEAN,0.548949,0.014555,0.245904,0.005297,,6,5784,1.734000,0.036868528,10
3,CPU_Stress,SPEA-II,200,0.537801,0.013693,0.251547,0.005340,57,0,6258,1.738000,0.037583574,
3,CPU_Stress,SPEA-II,201,0.484480,0.016778,0.286975,0.009343,49,1,4726,1.742000,0.038582077,
3,CPU_Stress,SPEA-II,202,0.528203,0.015049,0.259240,0.003844,55,0,4570,1.716000,0.037768967,
3,CPU_Stress,SPEA-II,203,0.516092,0.018491,0.266881,0.009030,46,2,4581,1.728000,0.037980971,
3,CPU_Stress,SPEA-II,204,0.508563,0.013896,0.274053,0.004714,49,5,4264,1.706000,0.038160162,
3,CPU_Stress,SPEA-II,205,0.505698,0.014002,0.276880,0.003386,42,1,4359,1.708000,0.038188076,
3,CPU_Stress,SPEA-II,206,0.491651,0.011282,0.284680,0.003239,47,0,4380,1.714000,0.038462546,
3,CPU_Stress,SPEA-II,207,0.468818,0.008012,0.304570,0.006741,36,7,5763,1.690000,0.038911461,
3,CPU_Stress,SPEA-II,208,0.513689,0.018406,0.268422,0.005141,53,7,6291,1.672000,0.038052355,
3,CPU_Stress,SPEA-II,209,0.540569,0.021290,0.247149,0.004058,52,1,6328,1.716000,0.037502862,
3,CPU_Stress,SPEA-II,MEAN,0.509556,0.015090,0.272040,0.005483,,24,5152,1.672000,0.037502862,10
3,CPU_Stress,AMOSA,200,0.212459,0.056631,0.446381,0.005615,25,0,5320,1.784000,0.043403528,
3,CPU_Stress,AMOSA,201,0.212316,0.052589,0.447046,0.006340,26,0,5122,1.784000,0.043403528,
3,CPU_Stress,AMOSA,202,0.213379,0.057298,0.447208,0.002460,25,0,5170,1.784000,0.043372140,
3,CPU_Stress,AMOSA,203,0.212731,0.060905,0.446313,0.005909,23,0,5125,1.784000,0.043403528,
3,CPU_Stress,AMOSA,204,0.212427,0.058227,0.445296,0.005163,26,0,5155,1.782000,0.043403528,
3,CPU_Stress,AMOSA,205,0.211040,0.060428,0.447954,0.003998,28,0,5161,1.784000,0.043403528,
3,CPU_Stress,AMOSA,206,0.221586,0.039052,0.446237,0.011268,20,0,5192,1.780000,0.043254927,
3,CPU_Stress,AMOSA,207,0.218968,0.058880,0.443592,0.007179,24,0,5415,1.782000,0.043294098,
3,CPU_Stress,AMOSA,208,0.212748,0.057774,0.444146,0.010862,26,0,5235,1.778000,0.043403528,
3,CPU_Stress,AMOSA,209,0.213167,0.051374,0.443769,0.006051,26,0,5129,1.780000,0.043403528,
3,CPU_Stress,AMOSA,MEAN,0.214082,0.055316,0.445794,0.006484,,0,5202,1.778000,0.043254927,10
3,CPU_Stress,GA_WaitingTime_Dominance_PC90,200,0.140764,0.051029,0.504748,0.007380,20,0,7218,1.490000,0.044686369,
3,CPU_Stress,GA_WaitingTime_Dominance_PC90,201,0.148675,0.037671,0.501000,0.010323,16,0,6505,1.502000,0.044573412,
3,CPU_Stress,GA_WaitingTime_Dominance_PC90,202,0.167368,0.040627,0.479886,0.015464,16,0,6336,1.510000,0.044263780,
3,CPU_Stress,GA_WaitingTime_Dominance_PC90,203,0.188988,0.034722,0.472337,0.011690,14,0,6349,1.506000,0.043861293,
3,CPU_Stress,GA_WaitingTime_Dominance_PC90,204,0.120669,0.034710,0.523927,0.007283,11,0,6340,1.498000,0.045156599,
3,CPU_Stress,GA_WaitingTime_Dominance_PC90,205,0.155974,0.051909,0.490364,0.009587,17,0,6275,1.514000,0.044464060,
3,CPU_Stress,GA_WaitingTime_Dominance_PC90,206,0.157790,0.033343,0.494108,0.008013,13,0,6409,1.492000,0.044475040,
3,CPU_Stress,GA_WaitingTime_Dominance_PC90,207,0.156437,0.051569,0.489446,0.007035,22,0,6352,1.486000,0.044402017,
3,CPU_Stress,GA_WaitingTime_Dominance_PC90,208,0.133429,0.041318,0.514445,0.004144,29,0,8564,1.474000,0.044860263,
3,CPU_Stress,GA_WaitingTime_Dominance_PC90,209,0.143936,0.042699,0.505343,0.011414,12,0,6499,1.508000,0.044688685,
3,CPU_Stress,GA_WaitingTime_Dominance_PC90,MEAN,0.151403,0.041960,0.497560,0.009233,,0,6684,1.474000,0.043861293,10
3,CPU_Stress,GA_Energy_Dominance_PC90,200,0.656337,0.079544,0.095176,0.005384,104,0,7117,3.118000,0.030311170,
3,CPU_Stress,GA_Energy_Dominance_PC90,201,0.666384,0.071080,0.094075,0.006784,100,0,7276,3.042000,0.030543582,
3,CPU_Stress,GA_Energy_Dominance_PC90,202,0.661378,0.062807,0.100696,0.006701,83,1,8013,3.290000,0.032393831,
3,CPU_Stress,GA_Energy_Dominance_PC90,203,0.670578,0.083014,0.101602,0.008235,86,0,9993,3.262000,0.029926511,
3,CPU_Stress,GA_Energy_Dominance_PC90,204,0.648227,0.076024,0.101549,0.007499,83,0,10163,3.144000,0.031572252,
3,CPU_Stress,GA_Energy_Dominance_PC90,205,0.690166,0.052331,0.079278,0.004624,105,17,10257,3.046000,0.031496511,
3,CPU_Stress,GA_Energy_Dominance_PC90,206,0.621111,0.105763,0.118270,0.009686,95,0,10015,2.968000,0.030922731,
3,CPU_Stress,GA_Energy_Dominance_PC90,207,0.666827,0.074452,0.095849,0.006000,107,0,9827,2.906000,0.030574099,
3,CPU_Stress,GA_Energy_Dominance_PC90,208,0.654634,0.080208,0.093901,0.007052,103,0,10675,3.006000,0.030427069,
3,CPU_Stress,GA_Energy_Dominance_PC90,209,0.651021,0.080733,0.099659,0.007040,94,0,10133,3.040000,0.030301413,
3,CPU_Stress,GA_Energy_Dominance_PC90,MEAN,0.658667,0.076595,0.098005,0.006900,,18,9346,2.906000,0.029926511,10
3,CPU_Stress,SA_WaitingTime_Dominance_PC90,200,0.129402,0.020298,0.526499,0.002784,29,0,6654,1.416000,0.045014645,
3,CPU_Stress,SA_WaitingTime_Dominance_PC90,201,0.118445,0.011996,0.540499,0.001986,28,0,6608,1.422000,0.045216676,
3,CPU_Stress,SA_WaitingTime_Dominance_PC90,202,0.115194,0.022627,0.535220,0.003902,14,0,6766,1.438000,0.045275004,
3,CPU_Stress,SA_WaitingTime_Dominance_PC90,203,0.149976,0.006712,0.520843,0.003057,20,8,6735,1.430000,0.044670185,
3,CPU_Stress,SA_WaitingTime_Dominance_PC90,204,0.145651,0.018550,0.513146,0.002693,23,0,6553,1.414000,0.044711818,
3,CPU_Stress,SA_WaitingTime_Dominance_PC90,205,0.102260,0.012184,0.551596,0.006814,22,0,6757,1.404000,0.045556882,
3,CPU_Stress,SA_WaitingTime_Dominance_PC90,206,0.104332,0.012190,0.552463,0.007004,11,0,6903,1.440000,0.045473777,
3,CPU_Stress,SA_WaitingTime_Dominance_PC90,207,0.120900,0.024595,0.529930,0.003700,32,0,6576,1.486000,0.045153682,
3,CPU_Stress,SA_WaitingTime_Dominance_PC90,208,0.122357,0.003887,0.545268,0.002180,6,1,6641,1.392000,0.045163262,
3,CPU_Stress,SA_WaitingTime_Dominance_PC90,209,0.131806,0.017801,0.526687,0.003048,33,0,6520,1.436000,0.044970011,
3,CPU_Stress,SA_WaitingTime_Dominance_PC90,MEAN,0.124032,0.015084,0.534215,0.003717,,9,6671,1.392000,0.044670185,10
3,CPU_Stress,SA_Energy_Dominance_PC90,200,0.531520,0.139704,0.217445,0.003637,106,0,6391,3.332000,0.035892009,
3,CPU_Stress,SA_Energy_Dominance_PC90,201,0.545413,0.134111,0.208610,0.002211,109,0,6409,3.278000,0.035521709,
3,CPU_Stress,SA_Energy_Dominance_PC90,202,0.551063,0.127565,0.207910,0.002013,131,0,6497,3.218000,0.035591920,
3,CPU_Stress,SA_Energy_Dominance_PC90,203,0.582250,0.124050,0.181323,0.003176,120,0,6390,3.288000,0.034658897,
3,CPU_Stress,SA_Energy_Dominance_PC90,204,0.536253,0.142130,0.213298,0.002036,101,0,6384,3.200000,0.035796914,
3,CPU_Stress,SA_Energy_Dominance_PC90,205,0.536007,0.128404,0.221063,0.001803,132,0,6416,3.460000,0.035989730,
3,CPU_Stress,SA_Energy_Dominance_PC90,206,0.531245,0.130231,0.229515,0.003172,108,0,6411,3.220000,0.036133521,
3,CPU_Stress,SA_Energy_Dominance_PC90,207,0.541853,0.141482,0.202246,0.005859,104,0,6407,3.310000,0.035437057,
3,CPU_Stress,SA_Energy_Dominance_PC90,208,0.532522,0.160395,0.206348,0.002920,116,0,6622,3.390000,0.035187844,
3,CPU_Stress,SA_Energy_Dominance_PC90,209,0.532194,0.110016,0.235792,0.001820,134,0,6665,3.284000,0.036546774,
3,CPU_Stress,SA_Energy_Dominance_PC90,MEAN,0.542032,0.133809,0.212355,0.002865,,0,6459,3.200000,0.034658897,10
3,CPU_Stress,NSGA-II_PC90,200,0.586106,0.034301,0.239278,0.007166,49,0,12989,2.360000,0.036416165,
3,CPU_Stress,NSGA-II_PC90,201,0.595280,0.017610,0.223680,0.003523,47,0,12602,2.276000,0.036329058,
3,CPU_Stress,NSGA-II_PC90,202,0.585782,0.025570,0.257764,0.002586,62,0,12516,2.038000,0.036559073,
3,CPU_Stress,NSGA-II_PC90,203,0.622033,0.014461,0.211846,0.007851,48,10,12569,2.284000,0.035769054,
3,CPU_Stress,NSGA-II_PC90,204,0.607933,0.021040,0.244648,0.002267,63,0,12497,2.306000,0.036046481,
3,CPU_Stress,NSGA-II_PC90,205,0.589865,0.016535,0.222246,0.005292,47,0,12766,2.284000,0.036427485,
3,CPU_Stress,NSGA-II_PC90,206,0.586845,0.016144,0.274561,0.002178,52,0,12776,2.130000,0.036567468,
3,CPU_Stress,NSGA-II_PC90,207,0.595810,0.011276,0.231240,0.008151,52,1,12365,2.426000,0.036293022,
3,CPU_Stress,NSGA-II_PC90,208,0.607419,0.008465,0.239275,0.003585,50,12,12319,2.278000,0.036137610,
3,CPU_Stress,NSGA-II_PC90,209,0.578786,0.007465,0.259476,0.002798,49,11,12473,2.106000,0.036766549,
3,CPU_Stress,NSGA-II_PC90,MEAN,0.595586,0.017287,0.240401,0.004540,,34,12587,2.038000,0.035769054,10
3,CPU_Stress,SPEA-II_PC90,200,0.538530,0.026940,0.267001,0.003514,47,0,13391,2.076000,0.037453236,
3,CPU_Stress,SPEA-II_PC90,201,0.513589,0.027239,0.271219,0.004480,42,0,12928,1.980000,0.037939766,
3,CPU_Stress,SPEA-II_PC90,202,0.578943,0.018811,0.251097,0.003089,52,0,9307,2.096000,0.036686784,
3,CPU_Stress,SPEA-II_PC90,203,0.606786,0.010144,0.237349,0.003941,49,6,9278,2.166000,0.036154247,
3,CPU_Stress,SPEA-II_PC90,204,0.565822,0.026151,0.243786,0.004210,49,0,9239,2.182000,0.036875093,
3,CPU_Stress,SPEA-II_PC90,205,0.575398,0.006094,0.287613,0.001376,56,33,9216,1.984000,0.036888626,
3,CPU_Stress,SPEA-II_PC90,206,0.544640,0.021113,0.275388,0.002296,47,0,9213,2.112000,0.037361521,
3,CPU_Stress,SPEA-II_PC90,207,0.553280,0.024671,0.282413,0.002045,61,0,9223,2.098000,0.037210769,
3,CPU_Stress,SPEA-II_PC90,208,0.549131,0.020923,0.251838,0.003078,55,0,9158,2.116000,0.037260436,
3,CPU_Stress,SPEA-II_PC90,209,0.568539,0.013200,0.260067,0.003095,49,0,10272,2.068000,0.036930958,
3,CPU_Stress,SPEA-II_PC90,MEAN,0.559466,0.019529,0.262777,0.003112,,39,10122,1.980000,0.036154247,10
3,CPU_Stress,AMOSA_PC90,200,0.322184,0.051123,0.358801,0.006690,39,0,9720,1.834000,0.041357499,
3,CPU_Stress,AMOSA_PC90,201,0.234944,0.044660,0.433845,0.002859,30,0,9609,1.834000,0.043015393,
3,CPU_Stress,AMOSA_PC90,202,0.245310,0.049379,0.422736,0.002889,35,0,9835,1.906000,0.042808780,
3,CPU_Stress,AMOSA_PC90,203,0.250660,0.035729,0.426875,0.004990,25,0,9395,1.888000,0.042747630,
3,CPU_Stress,AMOSA_PC90,204,0.222597,0.042999,0.444885,0.005892,19,0,9830,1.944000,0.043235951,
3,CPU_Stress,AMOSA_PC90,205,0.253482,0.037016,0.423488,0.005022,27,0,9581,1.856000,0.042684700,
3,CPU_Stress,AMOSA_PC90,206,0.214481,0.048158,0.444769,0.005326,26,0,10258,1.912000,0.043378228,
3,CPU_Stress,AMOSA_PC90,207,0.213998,0.053670,0.442339,0.008768,22,0,9442,1.864000,0.043373728,
3,CPU_Stress,AMOSA_PC90,208,0.218176,0.039270,0.443118,0.010680,19,0,9505,1.830000,0.043325487,
3,CPU_Stress,AMOSA_PC90,209,0.212048,0.053728,0.445679,0.006340,23,0,9302,1.812000,0.043392287,
3,CPU_Stress,AMOSA_PC90,MEAN,0.238788,0.045573,0.428654,0.005946,,0,9647,1.812000,0.041357499,10
3,CPU_Stress,GA_WaitingTime_Dominance_PC80,200,0.181266,0.030474,0.479590,0.006166,13,0,6839,1.624000,0.044063211,
3,CPU_Stress,GA_WaitingTime_Dominance_PC80,201,0.171609,0.053134,0.478315,0.014021,12,0,9809,1.684000,0.044144787,
3,CPU_Stress,GA_WaitingTime_Dominance_PC80,202,0.209869,0.069385,0.439800,0.013838,15,0,9463,1.692000,0.043400716,
3,CPU_Stress,GA_WaitingTime_Dominance_PC80,203,0.134362,0.026572,0.507240,0.046433,8,0,9061,1.654000,0.044885165,
3,CPU_Stress,GA_WaitingTime_Dominance_PC80,204,0.187582,0.038907,0.468853,0.017289,14,0,9830,1.660000,0.043855605,
3,CPU_Stress,GA_WaitingTime_Dominance_PC80,205,0.144509,0.044883,0.492392,0.020848,13,0,9433,1.712000,0.044710043,
3,CPU_Stress,GA_WaitingTime_Dominance_PC80,206,0.163561,0.052645,0.484633,0.009379,15,0,9563,1.760000,0.044283036,
3,CPU_Stress,GA_WaitingTime_Dominance_PC80,207,0.122478,0.013128,0.541957,0.002312,9,0,9116,1.640000,0.045139925,
3,CPU_Stress,GA_WaitingTime_Dominance_PC80,208,0.150798,0.043566,0.488559,0.026011,8,0,7447,1.636000,0.044553693,
3,CPU_Stress,GA_WaitingTime_Dominance_PC80,209,0.200351,0.036860,0.463783,0.008920,14,0,8801,1.612000,0.043678647,
3,CPU_Stress,GA_WaitingTime_Dominance_PC80,MEAN,0.166639,0.040956,0.484512,0.016522,,0,8936,1.612000,0.043400716,10
3,CPU_Stress,GA_Energy_Dominance_PC80,200,0.633818,0.068445,0.141147,0.005069,74,6,9467,3.244000,0.033765618,
3,CPU_Stress,GA_Energy_Dominance_PC80,201,0.466691,0.117059,0.267032,0.006453,70,0,9415,3.110000,0.038033508,
3,CPU_Stress,GA_Energy_Dominance_PC80,202,0.660598,0.075166,0.114696,0.004232,110,4,9909,3.126000,0.032811806,
3,CPU_Stress,GA_Energy_Dominance_PC80,203,0.636333,0.067576,0.131086,0.005810,94,0,9835,3.338000,0.033713647,
3,CPU_Stress,GA_Energy_Dominance_PC80,204,0.635704,0.076922,0.123976,0.009408,78,0,9720,3.718000,0.032619776,
3,CPU_Stress,GA_Energy_Dominance_PC80,205,0.438951,0.113999,0.287280,0.004348,56,0,7492,3.110000,0.038688876,
3,CPU_Stress,GA_Energy_Dominance_PC80,206,0.619591,0.085749,0.141462,0.009496,86,0,7006,3.242000,0.033931402,
3,CPU_Stress,GA_Energy_Dominance_PC80,207,0.464624,0.113389,0.268956,0.008414,61,0,10062,3.176000,0.038113459,
3,CPU_Stress,GA_Energy_Dominance_PC80,208,0.670796,0.049822,0.095322,0.014206,95,7,10096,3.232000,0.032670369,
3,CPU_Stress,GA_Energy_Dominance_PC80,209,0.651477,0.071797,0.110481,0.010428,100,0,9937,3.414000,0.032779335,
3,CPU_Stress,GA_Energy_Dominance_PC80,MEAN,0.587858,0.083992,0.168144,0.007786,,17,9293,3.110000,0.032619776,10
3,CPU_Stress,SA_WaitingTime_Dominance_PC80,200,0.160667,0.011017,0.509735,0.007159,10,0,6447,1.688000,0.044457158,
3,CPU_Stress,SA_WaitingTime_Dominance_PC80,201,0.138507,0.014397,0.522877,0.004375,15,0,6881,1.664000,0.044850944,
3,CPU_Stress,SA_WaitingTime_Dominance_PC80,202,0.137067,0.013589,0.527219,0.005883,9,0,6457,1.676000,0.044876842,
3,CPU_Stress,SA_WaitingTime_Dominance_PC80,203,0.145276,0.014882,0.520192,0.001747,25,0,6421,1.694000,0.044726972,
3,CPU_Stress,SA_WaitingTime_Dominance_PC80,204,0.135520,0.011154,0.529751,0.003681,7,0,6493,1.616000,0.044910610,
3,CPU_Stress,SA_WaitingTime_Dominance_PC80,205,0.149433,0.013583,0.518521,0.001774,18,0,6582,1.660000,0.044655629,
3,CPU_Stress,SA_WaitingTime_Dominance_PC80,206,0.150645,0.015484,0.514608,0.002323,19,0,6520,1.600000,0.044633378,
3,CPU_Stress,SA_WaitingTime_Dominance_PC80,207,0.155633,0.010554,0.514293,0.004546,14,0,6421,1.596000,0.044553366,
3,CPU_Stress,SA_WaitingTime_Dominance_PC80,208,0.128192,0.032660,0.524285,0.003709,18,0,6401,1.662000,0.045012313,
3,CPU_Stress,SA_WaitingTime_Dominance_PC80,209,0.129504,0.013335,0.534867,0.001578,23,0,6369,1.620000,0.045015411,
3,CPU_Stress,SA_WaitingTime_Dominance_PC80,MEAN,0.143044,0.015065,0.521635,0.003677,,0,6499,1.596000,0.044457158,10
3,CPU_Stress,SA_Energy_Dominance_PC80,200,0.526286,0.150406,0.215951,0.003325,91,0,6246,3.420000,0.035626911,
3,CPU_Stress,SA_Energy_Dominance_PC80,201,0.573352,0.134958,0.150604,0.003388,126,0,6334,3.348000,0.033712333,
3,CPU_Stress,SA_Energy_Dominance_PC80,202,0.538836,0.149474,0.182220,0.005343,105,0,6292,3.390000,0.034612030,
3,CPU_Stress,SA_Energy_Dominance_PC80,203,0.577663,0.121867,0.163403,0.002622,136,0,6225,3.358000,0.034503734,
3,CPU_Stress,SA_Energy_Dominance_PC80,204,0.503764,0.168127,0.216874,0.002697,104,0,6470,3.462000,0.035725255,
3,CPU_Stress,SA_Energy_Dominance_PC80,205,0.533868,0.128848,0.230123,0.002290,95,0,6299,3.228000,0.036089338,
3,CPU_Stress,SA_Energy_Dominance_PC80,206,0.512243,0.146885,0.223238,0.004330,87,0,6312,3.302000,0.036110499,
3,CPU_Stress,SA_Energy_Dominance_PC80,207,0.538854,0.146730,0.185717,0.003395,134,0,6255,3.490000,0.034944217,
3,CPU_Stress,SA_Energy_Dominance_PC80,208,0.527515,0.150666,0.209035,0.003980,87,0,6287,3.376000,0.035734388,
3,CPU_Stress,SA_Energy_Dominance_PC80,209,0.530209,0.132202,0.224221,0.002070,108,0,6370,3.314000,0.036092184,
3,CPU_Stress,SA_Energy_Dominance_PC80,MEAN,0.536259,0.143016,0.200138,0.003344,,0,6309,3.228000,0.033712333,10
3,CPU_Stress,NSGA-II_PC80,200,0.575037,0.018249,0.278940,0.005901,41,0,13369,2.484000,0.036681989,
3,CPU_Stress,NSGA-II_PC80,201,0.553595,0.016271,0.290069,0.007923,45,0,13144,2.356000,0.037160685,
3,CPU_Stress,NSGA-II_PC80,202,0.573602,0.019163,0.280132,0.003650,43,0,13223,2.410000,0.036729906,
3,CPU_Stress,NSGA-II_PC80,203,0.543875,0.012491,0.320726,0.001258,46,0,12901,2.390000,0.037344448,
3,CPU_Stress,NSGA-II_PC80,204,0.588033,0.017985,0.258608,0.004526,51,0,13170,2.304000,0.036479773,
3,CPU_Stress,NSGA-II_PC80,205,0.518559,0.030669,0.262897,0.011268,48,0,12054,2.318000,0.037776092,
3,CPU_Stress,NSGA-II_PC80,206,0.567849,0.022136,0.264396,0.002218,51,0,12183,2.484000,0.036804130,
3,CPU_Stress,NSGA-II_PC80,207,0.592748,0.020219,0.267997,0.001935,56,0,12236,2.390000,0.036348405,
3,CPU_Stress,NSGA-II_PC80,208,0.589076,0.038863,0.239944,0.002722,60,0,12158,2.342000,0.036334026,
3,CPU_Stress,NSGA-II_PC80,209,0.567350,0.024658,0.261906,0.004191,49,0,12257,2.376000,0.036843892,
3,CPU_Stress,NSGA-II_PC80,MEAN,0.566972,0.022070,0.272561,0.004559,,0,12669,2.304000,0.036334026,10
3,CPU_Stress,SPEA-II_PC80,200,0.510505,0.017757,0.304481,0.002442,41,0,12878,2.154000,0.038020329,
3,CPU_Stress,SPEA-II_PC80,201,0.483436,0.019055,0.319350,0.001708,46,0,12670,2.132000,0.038540147,
3,CPU_Stress,SPEA-II_PC80,202,0.550789,0.030095,0.271700,0.002125,54,0,12972,2.182000,0.037192189,
3,CPU_Stress,SPEA-II_PC80,203,0.489211,0.031434,0.318218,0.001993,48,0,12769,2.272000,0.038374330,
3,CPU_Stress,SPEA-II_PC80,204,0.345752,0.022537,0.396381,0.002138,34,0,12210,2.140000,0.041047794,
3,CPU_Stress,SPEA-II_PC80,205,0.395188,0.033744,0.359002,0.002245,44,0,12514,2.298000,0.040103029,
3,CPU_Stress,SPEA-II_PC80,206,0.567223,0.016830,0.272779,0.002756,52,0,12887,2.220000,0.036923483,
3,CPU_Stress,SPEA-II_PC80,207,0.514193,0.024063,0.307965,0.002408,37,0,12641,2.292000,0.037918638,
3,CPU_Stress,SPEA-II_PC80,208,0.483655,0.035513,0.284522,0.005809,38,0,12852,2.286000,0.038435751,
3,CPU_Stress,SPEA-II_PC80,209,0.569709,0.014414,0.263116,0.003301,45,0,13088,2.348000,0.036836986,
3,CPU_Stress,SPEA-II_PC80,MEAN,0.490966,0.024544,0.309751,0.002692,,0,12748,2.132000,0.036836986,10
3,CPU_Stress,AMOSA_PC80,200,0.328254,0.044690,0.377905,0.004914,26,0,13124,2.430000,0.041260425,
3,CPU_Stress,AMOSA_PC80,201,0.267505,0.047926,0.419991,0.004243,23,0,13132,2.598000,0.042359281,
3,CPU_Stress,AMOSA_PC80,202,0.305650,0.056763,0.393155,0.003234,30,0,13175,2.610000,0.041630135,
3,CPU_Stress,AMOSA_PC80,203,0.332461,0.049138,0.379576,0.003102,23,0,11450,2.702000,0.041131444,
3,CPU_Stress,AMOSA_PC80,204,0.349792,0.055245,0.354176,0.006446,41,0,12161,2.664000,0.040792482,
3,CPU_Stress,AMOSA_PC80,205,0.330006,0.048980,0.374582,0.003241,28,0,13859,2.618000,0.041179915,
3,CPU_Stress,AMOSA_PC80,206,0.306979,0.061562,0.379061,0.005765,23,0,13258,2.606000,0.041574847,
3,CPU_Stress,AMOSA_PC80,207,0.331396,0.059746,0.368435,0.004262,32,0,13314,2.692000,0.041130270,
3,CPU_Stress,AMOSA_PC80,208,0.316629,0.060220,0.371360,0.003555,27,0,13024,2.742000,0.041376884,
3,CPU_Stress,AMOSA_PC80,209,0.330722,0.052546,0.376495,0.003809,23,0,11793,2.644000,0.041166777,
3,CPU_Stress,AMOSA_PC80,MEAN,0.319939,0.053682,0.379474,0.004257,,0,12829,2.430000,0.040792482,10
3,CPU_Stress,GA_WaitingTime_Dominance_PC70,200,0.222192,0.070044,0.431510,0.013646,12,0,7066,2.032000,0.043130730,
3,CPU_Stress,GA_WaitingTime_Dominance_PC70,201,0.182731,0.078829,0.466741,0.005072,26,0,6974,1.912000,0.043888319,
3,CPU_Stress,GA_WaitingTime_Dominance_PC70,202,0.208574,0.053724,0.444120,0.005858,13,0,6998,1.876000,0.043494785,
3,CPU_Stress,GA_WaitingTime_Dominance_PC70,203,0.102611,0.030011,0.553049,0.002624,12,0,6870,1.958000,0.045466419,
3,CPU_Stress,GA_WaitingTime_Dominance_PC70,204,0.223861,0.060224,0.436631,0.005334,31,0,6957,1.918000,0.043176726,
3,CPU_Stress,GA_WaitingTime_Dominance_PC70,205,0.134444,0.045818,0.508019,0.012389,9,0,6953,1.920000,0.044875346,
3,CPU_Stress,GA_WaitingTime_Dominance_PC70,206,0.245361,0.070848,0.405381,0.031016,16,0,7002,1.902000,0.042522681,
3,CPU_Stress,GA_WaitingTime_Dominance_PC70,207,0.161833,0.026619,0.487234,0.029667,12,0,7456,1.966000,0.044378789,
3,CPU_Stress,GA_WaitingTime_Dominance_PC70,208,0.156889,0.055197,0.488587,0.016769,12,0,9433,1.986000,0.044364341,
3,CPU_Stress,GA_WaitingTime_Dominance_PC70,209,0.169948,0.050108,0.475988,0.004554,13,0,8263,1.954000,0.044197309,
3,CPU_Stress,GA_WaitingTime_Dominance_PC70,MEAN,0.180844,0.054142,0.469726,0.012693,,0,7397,1.876000,0.042522681,10
3,CPU_Stress,GA_Energy_Dominance_PC70,200,0.618714,0.087548,0.131250,0.006010,91,0,9791,4.330000,0.032927254,
3,CPU_Stress,GA_Energy_Dominance_PC70,201,0.595945,0.106078,0.145298,0.004539,111,0,9966,3.800000,0.033704205,
3,CPU_Stress,GA_Energy_Dominance_PC70,202,0.649507,0.066784,0.101166,0.009070,107,0,9954,4.188000,0.032017455,
3,CPU_Stress,GA_Energy_Dominance_PC70,203,0.486445,0.180975,0.225744,0.003794,96,0,9726,4.710000,0.035578259,
3,CPU_Stress,GA_Energy_Dominance_PC70,204,0.624463,0.096443,0.125216,0.005221,101,0,10080,4.068000,0.032820829,
3,CPU_Stress,GA_Energy_Dominance_PC70,205,0.570830,0.132640,0.161450,0.005679,98,0,10187,4.148000,0.033858063,
3,CPU_Stress,GA_Energy_Dominance_PC70,206,0.567153,0.146112,0.165152,0.003497,108,0,8565,4.654000,0.032444823,
3,CPU_Stress,GA_Energy_Dominance_PC70,207,0.566320,0.121270,0.168801,0.003933,116,0,7424,4.004000,0.034516653,
3,CPU_Stress,GA_Energy_Dominance_PC70,208,0.607143,0.094059,0.141601,0.007739,101,0,8393,3.808000,0.034098524,
3,CPU_Stress,GA_Energy_Dominance_PC70,209,0.568703,0.103998,0.193219,0.003594,89,0,9680,4.096000,0.035121104,
3,CPU_Stress,GA_Energy_Dominance_PC70,MEAN,0.585522,0.113591,0.155890,0.005308,,0,9376,3.800000,0.032017455,10
3,CPU_Stress,SA_WaitingTime_Dominance_PC70,200,0.209199,0.017657,0.470427,0.002509,21,0,6468,1.876000,0.043555553,
3,CPU_Stress,SA_WaitingTime_Dominance_PC70,201,0.140437,0.024874,0.523134,0.002454,14,0,6465,1.968000,0.044787653,
3,CPU_Stress,SA_WaitingTime_Dominance_PC70,202,0.199233,0.014422,0.478975,0.002915,15,0,6457,1.896000,0.043738486,
3,CPU_Stress,SA_WaitingTime_Dominance_PC70,203,0.145609,0.019714,0.518635,0.000971,26,0,6453,1.902000,0.044700380,
3,CPU_Stress,SA_WaitingTime_Dominance_PC70,204,0.157988,0.017025,0.509678,0.005068,10,0,6498,1.968000,0.044474138,
3,CPU_Stress,SA_WaitingTime_Dominance_PC70,205,0.200486,0.010939,0.482300,0.004037,10,0,6499,1.932000,0.043715072,
3,CPU_Stress,SA_WaitingTime_Dominance_PC70,206,0.198754,0.007407,0.484826,0.000663,13,0,6423,1.866000,0.043757039,
3,CPU_Stress,SA_WaitingTime_Dominance_PC70,207,0.151331,0.017646,0.514482,0.002998,16,0,6815,1.858000,0.044603026,
3,CPU_Stress,SA_WaitingTime_Dominance_PC70,208,0.183106,0.010396,0.494513,0.001710,11,0,6693,1.854000,0.044037850,
3,CPU_Stress,SA_WaitingTime_Dominance_PC70,209,0.146759,0.015518,0.517533,0.002507,15,0,6502,1.830000,0.044689614,
3,CPU_Stress,SA_WaitingTime_Dominance_PC70,MEAN,0.173290,0.015560,0.499450,0.002583,,0,6527,1.830000,0.043555553,10
3,CPU_Stress,SA_Energy_Dominance_PC70,200,0.512732,0.160676,0.223243,0.004131,109,0,6380,3.686000,0.035899599,
3,CPU_Stress,SA_Energy_Dominance_PC70,201,0.531832,0.161101,0.207115,0.002643,94,0,6332,3.896000,0.035163590,
3,CPU_Stress,SA_Energy_Dominance_PC70,202,0.526371,0.173609,0.185144,0.005594,87,0,6629,3.726000,0.034769399,
3,CPU_Stress,SA_Energy_Dominance_PC70,203,0.546560,0.152076,0.193998,0.002942,100,0,6434,4.126000,0.034676706,
3,CPU_Stress,SA_Energy_Dominance_PC70,204,0.523455,0.171240,0.187963,0.003292,118,0,6525,4.052000,0.034274618,
3,CPU_Stress,SA_Energy_Dominance_PC70,205,0.538385,0.150974,0.191121,0.002660,99,0,6374,3.496000,0.035005833,
3,CPU_Stress,SA_Energy_Dominance_PC70,206,0.529451,0.167780,0.192639,0.008518,104,0,6440,3.892000,0.034839866,
3,CPU_Stress,SA_Energy_Dominance_PC70,207,0.536631,0.143842,0.217698,0.008842,85,0,6282,4.486000,0.035546122,
3,CPU_Stress,SA_Energy_Dominance_PC70,208,0.570308,0.137520,0.169266,0.003627,137,0,6345,3.968000,0.034144041,
3,CPU_Stress,SA_Energy_Dominance_PC70,209,0.496908,0.200028,0.217147,0.006078,97,0,6310,3.964000,0.034611856,
3,CPU_Stress,SA_Energy_Dominance_PC70,MEAN,0.531263,0.161885,0.198533,0.004833,,0,6405,3.496000,0.034144041,10
3,CPU_Stress,NSGA-II_PC70,200,0.529216,0.055096,0.280834,0.003213,42,0,12107,2.716000,0.037383748,
3,CPU_Stress,NSGA-II_PC70,201,0.544827,0.037072,0.268275,0.012447,40,0,12108,2.834000,0.037102166,
3,CPU_Stress,NSGA-II_PC70,202,0.542201,0.050790,0.272809,0.003351,50,0,12335,2.694000,0.037135372,
3,CPU_Stress,NSGA-II_PC70,203,0.547961,0.042999,0.273968,0.005216,41,0,12281,2.712000,0.037053152,
3,CPU_Stress,NSGA-II_PC70,204,0.545451,0.049310,0.260153,0.003068,47,0,12229,2.702000,0.037071567,
3,CPU_Stress,NSGA-II_PC70,205,0.527986,0.044444,0.261487,0.003667,42,0,12258,2.500000,0.037479352,
3,CPU_Stress,NSGA-II_PC70,206,0.550216,0.030081,0.286237,0.004541,36,0,12145,2.636000,0.037086312,
3,CPU_Stress,NSGA-II_PC70,207,0.546110,0.028473,0.299871,0.001488,47,0,9337,2.736000,0.037137901,
3,CPU_Stress,NSGA-II_PC70,208,0.505829,0.034889,0.298393,0.006489,28,0,9014,2.630000,0.037933389,
3,CPU_Stress,NSGA-II_PC70,209,0.521315,0.048072,0.287393,0.002938,46,0,10198,2.696000,0.037579685,
3,CPU_Stress,NSGA-II_PC70,MEAN,0.536111,0.042123,0.278942,0.004642,,0,11401,2.500000,0.037053152,10
3,CPU_Stress,SPEA-II_PC70,200,0.551473,0.018346,0.284707,0.004190,44,0,13213,2.420000,0.037171119,
3,CPU_Stress,SPEA-II_PC70,201,0.543877,0.030836,0.284391,0.002430,49,0,13292,2.472000,0.037262246,
3,CPU_Stress,SPEA-II_PC70,202,0.517942,0.031560,0.296979,0.004345,41,0,13322,2.462000,0.037764414,
3,CPU_Stress,SPEA-II_PC70,203,0.536928,0.034535,0.289230,0.002405,46,0,13358,2.450000,0.037380914,
3,CPU_Stress,SPEA-II_PC70,204,0.537150,0.035185,0.274176,0.001726,49,0,13424,2.626000,0.037307530,
3,CPU_Stress,SPEA-II_PC70,205,0.542846,0.037134,0.287719,0.002174,50,0,13338,2.602000,0.037213999,
3,CPU_Stress,SPEA-II_PC70,206,0.466563,0.043133,0.317094,0.004012,47,0,13716,2.580000,0.038669218,
3,CPU_Stress,SPEA-II_PC70,207,0.494986,0.037767,0.309661,0.001145,48,0,13205,2.532000,0.038163618,
3,CPU_Stress,SPEA-II_PC70,208,0.563807,0.025840,0.275934,0.002024,54,0,13398,2.402000,0.036898916,
3,CPU_Stress,SPEA-II_PC70,209,0.514218,0.028735,0.291113,0.003421,49,0,13393,2.318000,0.037875023,
3,CPU_Stress,SPEA-II_PC70,MEAN,0.526979,0.032307,0.291100,0.002787,,0,13365,2.318000,0.036898916,10
3,CPU_Stress,AMOSA_PC70,200,0.266830,0.092110,0.404743,0.009470,20,0,13944,3.272000,0.042192856,
3,CPU_Stress,AMOSA_PC70,201,0.335006,0.072568,0.365836,0.008481,21,0,13537,3.228000,0.040921105,
3,CPU_Stress,AMOSA_PC70,202,0.343318,0.079729,0.355449,0.005161,29,0,13895,3.006000,0.040789506,
3,CPU_Stress,AMOSA_PC70,203,0.272763,0.094245,0.409375,0.003964,19,0,14229,3.786000,0.041995247,
3,CPU_Stress,AMOSA_PC70,204,0.233255,0.083485,0.433664,0.007357,24,0,13753,3.288000,0.042846018,
3,CPU_Stress,AMOSA_PC70,205,0.339766,0.058786,0.375253,0.003517,31,0,13290,2.920000,0.040930509,
3,CPU_Stress,AMOSA_PC70,206,0.333079,0.071188,0.371956,0.005783,22,0,13316,3.114000,0.040986064,
3,CPU_Stress,AMOSA_PC70,207,0.312312,0.071913,0.378250,0.003383,28,0,13480,3.102000,0.041391284,
3,CPU_Stress,AMOSA_PC70,208,0.384763,0.073038,0.324471,0.004804,35,0,13516,2.790000,0.040031779,
3,CPU_Stress,AMOSA_PC70,209,0.242236,0.062068,0.437711,0.002332,21,0,13339,3.042000,0.042750337,
3,CPU_Stress,AMOSA_PC70,MEAN,0.306333,0.075913,0.385671,0.005425,,0,13629,2.790000,0.040031779,10
3,CPU_Stress,GA_WaitingTime_Dominance_PC60,200,0.209652,0.077387,0.441035,0.009470,21,0,9610,2.412000,0.043332855,
3,CPU_Stress,GA_WaitingTime_Dominance_PC60,201,0.190938,0.079009,0.455366,0.010363,10,0,9408,2.304000,0.043738659,
3,CPU_Stress,GA_WaitingTime_Dominance_PC60,202,0.213316,0.044392,0.442437,0.024600,14,0,10088,2.268000,0.043413477,
3,CPU_Stress,GA_WaitingTime_Dominance_PC60,203,0.100594,0.048674,0.550415,0.006909,6,0,9485,2.426000,0.045466681,
3,CPU_Stress,GA_WaitingTime_Dominance_PC60,204,0.199927,0.051785,0.450163,0.025716,11,0,9272,2.308000,0.043576727,
3,CPU_Stress,GA_WaitingTime_Dominance_PC60,205,0.183658,0.038200,0.476238,0.016670,13,0,9014,2.362000,0.043936445,
3,CPU_Stress,GA_WaitingTime_Dominance_PC60,206,0.176200,0.071729,0.472370,0.009882,15,0,9261,2.368000,0.044052512,
3,CPU_Stress,GA_WaitingTime_Dominance_PC60,207,0.135894,0.037202,0.524587,0.002235,10,0,9090,2.364000,0.044832107,
3,CPU_Stress,GA_WaitingTime_Dominance_PC60,208,0.172260,0.034887,0.495427,0.001665,13,0,7035,2.452000,0.044155541,
3,CPU_Stress,GA_WaitingTime_Dominance_PC60,209,0.156197,0.026441,0.510547,0.001872,11,0,7041,2.280000,0.044471703,
3,CPU_Stress,GA_WaitingTime_Dominance_PC60,MEAN,0.173864,0.050971,0.481858,0.010938,,0,8930,2.268000,0.043332855,10
3,CPU_Stress,GA_Energy_Dominance_PC60,200,0.536818,0.149037,0.191509,0.007225,86,0,7505,5.332000,0.034338750,
3,CPU_Stress,GA_Energy_Dominance_PC60,201,0.523881,0.138858,0.204745,0.004003,97,0,7528,4.350000,0.035790704,
3,CPU_Stress,GA_Energy_Dominance_PC60,202,0.582121,0.106981,0.156375,0.008758,96,0,7562,5.554000,0.033188927,
3,CPU_Stress,GA_Energy_Dominance_PC60,203,0.488193,0.174033,0.225930,0.004307,94,0,7465,5.296000,0.035577603,
3,CPU_Stress,GA_Energy_Dominance_PC60,204,0.585334,0.111547,0.155402,0.007118,98,0,7493,4.850000,0.033534056,
3,CPU_Stress,GA_Energy_Dominance_PC60,205,0.547323,0.141622,0.179609,0.004251,95,0,7531,4.562000,0.034156147,
3,CPU_Stress,GA_Energy_Dominance_PC60,206,0.553350,0.151488,0.181681,0.004340,98,0,7433,5.940000,0.033102308,
3,CPU_Stress,GA_Energy_Dominance_PC60,207,0.551423,0.126896,0.187208,0.003047,103,0,7304,4.698000,0.034796742,
3,CPU_Stress,GA_Energy_Dominance_PC60,208,0.549480,0.108010,0.189572,0.011099,97,0,7409,4.986000,0.035342260,
3,CPU_Stress,GA_Energy_Dominance_PC60,209,0.542541,0.115699,0.203216,0.005135,82,0,7419,4.602000,0.035396385,
3,CPU_Stress,GA_Energy_Dominance_PC60,MEAN,0.546046,0.132417,0.187525,0.005928,,0,7464,4.350000,0.033102308,10
3,CPU_Stress,SA_WaitingTime_Dominance_PC60,200,0.173413,0.030754,0.494192,0.002973,19,0,4803,2.340000,0.044147882,
3,CPU_Stress,SA_WaitingTime_Dominance_PC60,201,0.166984,0.035398,0.497382,0.006620,9,0,4854,2.370000,0.044258077,
3,CPU_Stress,SA_WaitingTime_Dominance_PC60,202,0.181192,0.032015,0.490404,0.001999,10,0,4891,2.448000,0.043993241,
3,CPU_Stress,SA_WaitingTime_Dominance_PC60,203,0.182804,0.032519,0.487174,0.001802,19,0,4730,2.376000,0.043970253,
3,CPU_Stress,SA_WaitingTime_Dominance_PC60,204,0.172549,0.034511,0.492388,0.002643,21,0,6692,2.400000,0.044155637,
3,CPU_Stress,SA_WaitingTime_Dominance_PC60,205,0.177495,0.037040,0.490383,0.001406,16,0,6615,2.418000,0.044059599,
3,CPU_Stress,SA_WaitingTime_Dominance_PC60,206,0.196181,0.028574,0.476897,0.002913,16,0,6563,2.242000,0.043744035,
3,CPU_Stress,SA_WaitingTime_Dominance_PC60,207,0.176995,0.031815,0.491048,0.003288,17,0,6530,2.280000,0.044087829,
3,CPU_Stress,SA_WaitingTime_Dominance_PC60,208,0.229776,0.023643,0.456608,0.001699,18,0,6468,2.170000,0.043145326,
3,CPU_Stress,SA_WaitingTime_Dominance_PC60,209,0.195959,0.031036,0.478323,0.001899,16,0,6703,2.396000,0.043728687,
3,CPU_Stress,SA_WaitingTime_Dominance_PC60,MEAN,0.185335,0.031730,0.485480,0.002724,,0,5884,2.170000,0.043145326,10
3,CPU_Stress,SA_Energy_Dominance_PC60,200,0.489311,0.192977,0.215510,0.004681,88,0,6624,4.948000,0.035053841,
3,CPU_Stress,SA_Energy_Dominance_PC60,201,0.545478,0.151865,0.198371,0.006062,91,0,4972,4.474000,0.035085929,
3,CPU_Stress,SA_Energy_Dominance_PC60,202,0.535460,0.159043,0.180880,0.008186,95,0,5158,5.142000,0.033557864,
3,CPU_Stress,SA_Energy_Dominance_PC60,203,0.480461,0.208144,0.230538,0.003585,92,0,6613,4.638000,0.035448407,
3,CPU_Stress,SA_Energy_Dominance_PC60,204,0.541417,0.165867,0.180367,0.004278,102,0,6664,4.698000,0.033982698,
3,CPU_Stress,SA_Energy_Dominance_PC60,205,0.497218,0.185815,0.208821,0.003457,80,0,6582,4.728000,0.034931778,
3,CPU_Stress,SA_Energy_Dominance_PC60,206,0.471290,0.201730,0.238290,0.004555,94,0,6783,5.108000,0.035781772,
3,CPU_Stress,SA_Energy_Dominance_PC60,207,0.504408,0.205828,0.207537,0.005292,92,0,6342,5.374000,0.034057285,
3,CPU_Stress,SA_Energy_Dominance_PC60,208,0.500815,0.200649,0.213732,0.003843,99,0,6322,5.380000,0.034886072,
3,CPU_Stress,SA_Energy_Dominance_PC60,209,0.502675,0.193652,0.206998,0.004661,118,0,6426,5.312000,0.034514458,
3,CPU_Stress,SA_Energy_Dominance_PC60,MEAN,0.506853,0.186557,0.208104,0.004860,,0,6248,4.474000,0.033557864,10
3,CPU_Stress,NSGA-II_PC60,200,0.490530,0.091976,0.263875,0.004738,43,0,12345,3.478000,0.037792514,
3,CPU_Stress,NSGA-II_PC60,201,0.556414,0.051115,0.267032,0.003748,45,0,12458,3.048000,0.036725771,
3,CPU_Stress,NSGA-II_PC60,202,0.539965,0.077606,0.251961,0.004386,46,0,12874,3.404000,0.036816708,
3,CPU_Stress,NSGA-II_PC60,203,0.506246,0.054532,0.294210,0.003712,38,0,12226,3.068000,0.037739260,
3,CPU_Stress,NSGA-II_PC60,204,0.496916,0.062493,0.278698,0.008386,31,0,12202,3.226000,0.037839999,
3,CPU_Stress,NSGA-II_PC60,205,0.485014,0.071450,0.281297,0.004537,43,0,10803,3.194000,0.038051114,
3,CPU_Stress,NSGA-II_PC60,206,0.472754,0.061277,0.297131,0.004142,29,0,11996,3.230000,0.038329961,
3,CPU_Stress,NSGA-II_PC60,207,0.479857,0.077523,0.284327,0.004330,45,0,12538,3.148000,0.038151913,
3,CPU_Stress,NSGA-II_PC60,208,0.478462,0.063178,0.284680,0.005184,36,0,11994,3.006000,0.038266482,
3,CPU_Stress,NSGA-II_PC60,209,0.486715,0.065082,0.299722,0.003397,34,0,9299,3.186000,0.038058533,
3,CPU_Stress,NSGA-II_PC60,MEAN,0.499287,0.067623,0.280293,0.004656,,0,11873,3.006000,0.036725771,10
3,CPU_Stress,SPEA-II_PC60,200,0.527758,0.043989,0.285986,0.004108,38,0,9799,3.118000,0.037324377,
3,CPU_Stress,SPEA-II_PC60,201,0.452877,0.051441,0.339477,0.003831,27,0,9795,2.972000,0.038823303,
3,CPU_Stress,SPEA-II_PC60,202,0.471559,0.048053,0.330368,0.003249,26,0,9670,2.960000,0.038466315,
3,CPU_Stress,SPEA-II_PC60,203,0.470462,0.071897,0.297316,0.004550,45,0,9806,2.942000,0.038411161,
3,CPU_Stress,SPEA-II_PC60,204,0.451953,0.068936,0.322490,0.003220,31,0,12129,3.302000,0.038702820,
3,CPU_Stress,SPEA-II_PC60,205,0.449411,0.066103,0.319945,0.008104,33,0,12361,3.154000,0.038804406,
3,CPU_Stress,SPEA-II_PC60,206,0.483446,0.056588,0.319144,0.002221,43,0,9900,3.168000,0.038158657,
3,CPU_Stress,SPEA-II_PC60,207,0.522957,0.047316,0.288004,0.009309,34,0,9876,3.138000,0.037407090,
3,CPU_Stress,SPEA-II_PC60,208,0.493968,0.057215,0.307295,0.001956,42,0,9822,3.088000,0.037966933,
3,CPU_Stress,SPEA-II_PC60,209,0.436695,0.057575,0.323120,0.015990,24,0,11066,2.940000,0.039128248,
3,CPU_Stress,SPEA-II_PC60,MEAN,0.476108,0.056911,0.313314,0.005654,,0,10422,2.940000,0.037324377,10
3,CPU_Stress,AMOSA_PC60,200,0.210506,0.119764,0.453469,0.008482,7,0,10184,4.516000,0.043094416,
3,CPU_Stress,AMOSA_PC60,201,0.219913,0.123394,0.441127,0.003631,16,0,10102,4.344000,0.042905463,
3,CPU_Stress,AMOSA_PC60,202,0.240388,0.098272,0.425809,0.003440,18,0,9785,3.706000,0.042627967,
3,CPU_Stress,AMOSA_PC60,203,0.260365,0.114985,0.419400,0.005458,11,0,9958,4.094000,0.042184796,
3,CPU_Stress,AMOSA_PC60,204,0.201726,0.097919,0.459392,0.011967,8,0,11258,3.824000,0.043380933,
3,CPU_Stress,AMOSA_PC60,205,0.241808,0.105512,0.422174,0.010944,13,0,9909,3.922000,0.042557120,
3,CPU_Stress,AMOSA_PC60,206,0.249556,0.111616,0.424270,0.004458,10,0,9849,3.846000,0.042443387,
3,CPU_Stress,AMOSA_PC60,207,0.231148,0.122195,0.433004,0.005365,15,0,9808,4.052000,0.042724716,
3,CPU_Stress,AMOSA_PC60,208,0.178343,0.097273,0.478987,0.003063,12,0,9773,4.004000,0.043824065,
3,CPU_Stress,AMOSA_PC60,209,0.199199,0.082069,0.464127,0.002780,11,0,9830,3.558000,0.043475793,
3,CPU_Stress,AMOSA_PC60,MEAN,0.223295,0.107300,0.442176,0.005959,,0,10045,3.558000,0.042184796,10
3,CPU_Stress,GA_WaitingTime_Dominance_PC50,200,0.209867,0.067439,0.451099,0.007408,13,0,7243,3.010000,0.043350166,
3,CPU_Stress,GA_WaitingTime_Dominance_PC50,201,0.205511,0.157229,0.437255,0.008716,19,0,7114,3.124000,0.043205327,
3,CPU_Stress,GA_WaitingTime_Dominance_PC50,202,0.195552,0.063733,0.471764,0.003625,10,0,7314,3.106000,0.043626511,
3,CPU_Stress,GA_WaitingTime_Dominance_PC50,203,0.098340,0.112317,0.518117,0.036457,18,0,7054,3.608000,0.045379320,
3,CPU_Stress,GA_WaitingTime_Dominance_PC50,204,0.226797,0.121031,0.436327,0.002965,16,0,8903,3.298000,0.042933911,
3,CPU_Stress,GA_WaitingTime_Dominance_PC50,205,0.159155,0.076316,0.488348,0.006363,9,0,9250,3.178000,0.044296056,
3,CPU_Stress,GA_WaitingTime_Dominance_PC50,206,0.183351,0.084711,0.460642,0.029048,6,0,7459,2.964000,0.043870977,
3,CPU_Stress,GA_WaitingTime_Dominance_PC50,207,0.131681,0.091702,0.512503,0.005593,23,0,6768,3.438000,0.044770652,
3,CPU_Stress,GA_WaitingTime_Dominance_PC50,208,0.127876,0.066631,0.524700,0.009013,3,0,9082,3.156000,0.044899702,
3,CPU_Stress,GA_WaitingTime_Dominance_PC50,209,0.145105,0.071442,0.505968,0.009708,13,0,9714,3.156000,0.044560188,
3,CPU_Stress,GA_WaitingTime_Dominance_PC50,MEAN,0.168324,0.091255,0.480672,0.011890,,0,7990,2.964000,0.042933911,10
3,CPU_Stress,GA_Energy_Dominance_PC50,200,0.485285,0.172387,0.230966,0.004421,70,0,9163,6.532000,0.035348718,
3,CPU_Stress,GA_Energy_Dominance_PC50,201,0.443587,0.204753,0.256514,0.005133,83,0,7709,5.908000,0.036450727,
3,CPU_Stress,GA_Energy_Dominance_PC50,202,0.571742,0.085977,0.186247,0.002957,90,0,7668,6.950000,0.033292376,
3,CPU_Stress,GA_Energy_Dominance_PC50,203,0.407865,0.218951,0.288283,0.008074,70,0,7449,6.618000,0.037300275,
3,CPU_Stress,GA_Energy_Dominance_PC50,204,0.528833,0.154504,0.197079,0.004309,88,0,7738,6.442000,0.033868645,
3,CPU_Stress,GA_Energy_Dominance_PC50,205,0.521063,0.142024,0.209941,0.010519,87,0,7478,5.324000,0.035424221,
3,CPU_Stress,GA_Energy_Dominance_PC50,206,0.485603,0.191674,0.224951,0.004614,85,0,7629,7.568000,0.033921497,
3,CPU_Stress,GA_Energy_Dominance_PC50,207,0.474441,0.174990,0.232562,0.012855,61,0,7380,6.004000,0.035948109,
3,CPU_Stress,GA_Energy_Dominance_PC50,208,0.483473,0.169676,0.239991,0.005964,65,0,7358,6.128000,0.036031647,
3,CPU_Stress,GA_Energy_Dominance_PC50,209,0.499172,0.150883,0.228479,0.002769,100,0,7572,5.604000,0.036029214,
3,CPU_Stress,GA_Energy_Dominance_PC50,MEAN,0.490106,0.166582,0.229501,0.006162,,0,7714,5.324000,0.033292376,10
3,CPU_Stress,SA_WaitingTime_Dominance_PC50,200,0.159982,0.064158,0.499854,0.002716,7,0,4815,3.254000,0.044284082,
3,CPU_Stress,SA_WaitingTime_Dominance_PC50,201,0.201584,0.057572,0.466512,0.002108,21,0,4788,3.014000,0.043528489,
3,CPU_Stress,SA_WaitingTime_Dominance_PC50,202,0.209293,0.051739,0.469818,0.007993,6,0,4769,3.034000,0.043388037,
3,CPU_Stress,SA_WaitingTime_Dominance_PC50,203,0.195137,0.050543,0.477719,0.000471,20,0,4845,2.818000,0.043682205,
3,CPU_Stress,SA_WaitingTime_Dominance_PC50,204,0.162351,0.057064,0.495062,0.002468,11,0,4750,2.914000,0.044280655,
3,CPU_Stress,SA_WaitingTime_Dominance_PC50,205,0.255709,0.056850,0.436857,0.002586,19,0,4765,3.072000,0.042505272,
3,CPU_Stress,SA_WaitingTime_Dominance_PC50,206,0.233103,0.049430,0.447105,0.001568,27,0,4780,2.864000,0.042962559,
3,CPU_Stress,SA_WaitingTime_Dominance_PC50,207,0.216988,0.067846,0.450948,0.003052,18,0,4845,3.130000,0.043198200,
3,CPU_Stress,SA_WaitingTime_Dominance_PC50,208,0.211286,0.055847,0.462287,0.004693,12,0,4798,2.884000,0.043370281,
3,CPU_Stress,SA_WaitingTime_Dominance_PC50,209,0.224849,0.053815,0.451695,0.004678,17,0,4779,3.050000,0.043089323,
3,CPU_Stress,SA_WaitingTime_Dominance_PC50,MEAN,0.207028,0.056486,0.465786,0.003233,,0,4793,2.818000,0.042505272,10
3,CPU_Stress,SA_Energy_Dominance_PC50,200,0.479191,0.210755,0.219856,0.004048,109,0,5299,6.254000,0.034695836,
3,CPU_Stress,SA_Energy_Dominance_PC50,201,0.510657,0.185604,0.210466,0.004699,110,0,5040,5.282000,0.034576979,
3,CPU_Stress,SA_Energy_Dominance_PC50,202,0.510257,0.185406,0.197083,0.004879,119,0,4977,5.476000,0.033667471,
3,CPU_Stress,SA_Energy_Dominance_PC50,203,0.503784,0.194084,0.200075,0.006127,72,0,4784,6.004000,0.033219299,
3,CPU_Stress,SA_Energy_Dominance_PC50,204,0.475532,0.204539,0.234404,0.003586,108,0,4881,5.440000,0.035162553,
3,CPU_Stress,SA_Energy_Dominance_PC50,205,0.468571,0.213400,0.236658,0.004237,102,0,5468,6.272000,0.034982676,
3,CPU_Stress,SA_Energy_Dominance_PC50,206,0.488563,0.189340,0.212749,0.003723,95,0,4893,6.786000,0.033670215,
3,CPU_Stress,SA_Energy_Dominance_PC50,207,0.471440,0.211721,0.230627,0.003667,115,0,5045,5.836000,0.034468673,
3,CPU_Stress,SA_Energy_Dominance_PC50,208,0.485185,0.197490,0.229293,0.004736,114,0,4794,6.896000,0.034344518,
3,CPU_Stress,SA_Energy_Dominance_PC50,209,0.513080,0.180046,0.195969,0.006630,100,0,4930,5.228000,0.033201002,
3,CPU_Stress,SA_Energy_Dominance_PC50,MEAN,0.490626,0.197238,0.216718,0.004633,,0,5011,5.228000,0.033201002,10
3,CPU_Stress,NSGA-II_PC50,200,0.451862,0.116841,0.308612,0.003567,29,0,9171,4.286000,0.038297614,
3,CPU_Stress,NSGA-II_PC50,201,0.497509,0.087514,0.292352,0.005005,36,0,9186,3.940000,0.037535383,
3,CPU_Stress,NSGA-II_PC50,202,0.435495,0.106386,0.300303,0.004289,33,0,9180,3.966000,0.038698214,
3,CPU_Stress,NSGA-II_PC50,203,0.435885,0.112655,0.287898,0.007138,29,0,9017,4.102000,0.038657090,
3,CPU_Stress,NSGA-II_PC50,204,0.484499,0.092760,0.296422,0.003186,36,0,9139,3.996000,0.037766714,
3,CPU_Stress,NSGA-II_PC50,205,0.471729,0.108975,0.294124,0.003243,34,0,9128,4.026000,0.037979928,
3,CPU_Stress,NSGA-II_PC50,206,0.369057,0.124860,0.333951,0.004611,17,0,9204,4.280000,0.039923120,
3,CPU_Stress,NSGA-II_PC50,207,0.386282,0.118592,0.336578,0.006344,25,0,9143,4.160000,0.039654845,
3,CPU_Stress,NSGA-II_PC50,208,0.416926,0.099737,0.328086,0.011801,18,0,9079,4.038000,0.039111226,
3,CPU_Stress,NSGA-II_PC50,209,0.378767,0.111043,0.335379,0.007596,23,0,9201,4.026000,0.039848305,
3,CPU_Stress,NSGA-II_PC50,MEAN,0.432801,0.107936,0.311371,0.005678,,0,9144,3.940000,0.037535383,10
3,CPU_Stress,SPEA-II_PC50,200,0.458836,0.080538,0.326240,0.002563,24,0,9785,3.856000,0.038381535,
3,CPU_Stress,SPEA-II_PC50,201,0.408524,0.109925,0.323562,0.014422,26,0,9745,4.278000,0.039202302,
3,CPU_Stress,SPEA-II_PC50,202,0.385966,0.104295,0.334402,0.009374,27,0,9728,3.928000,0.039760516,
3,CPU_Stress,SPEA-II_PC50,203,0.388708,0.094761,0.349969,0.006349,19,0,9762,3.824000,0.039735667,
3,CPU_Stress,SPEA-II_PC50,204,0.459800,0.104463,0.290278,0.006779,33,0,9868,4.142000,0.038188189,
3,CPU_Stress,SPEA-II_PC50,205,0.433697,0.100132,0.325815,0.002454,30,0,9743,4.044000,0.038774950,
3,CPU_Stress,SPEA-II_PC50,206,0.431493,0.090165,0.326582,0.003222,29,0,9572,3.806000,0.038907810,
3,CPU_Stress,SPEA-II_PC50,207,0.454300,0.077687,0.309603,0.018245,26,0,9763,3.800000,0.038494310,
3,CPU_Stress,SPEA-II_PC50,208,0.456542,0.091781,0.317922,0.005432,27,0,9896,4.044000,0.038342224,
3,CPU_Stress,SPEA-II_PC50,209,0.417091,0.095225,0.329721,0.006308,19,0,11737,4.002000,0.039135101,
3,CPU_Stress,SPEA-II_PC50,MEAN,0.429496,0.094897,0.323409,0.007515,,0,9959,3.800000,0.038188189,10
3,CPU_Stress,AMOSA_PC50,200,0.067835,0.202392,0.573955,0.000000,1,0,12362,6.616000,0.045818391,
3,CPU_Stress,AMOSA_PC50,201,0.190557,0.163719,0.465368,0.013088,6,0,13165,5.640000,0.043291372,
3,CPU_Stress,AMOSA_PC50,202,0.179464,0.164820,0.475792,0.020400,3,0,11034,5.940000,0.043482011,
3,CPU_Stress,AMOSA_PC50,203,0.166300,0.200470,0.487087,0.000000,2,0,10462,6.834000,0.043608838,
3,CPU_Stress,AMOSA_PC50,204,0.097771,0.217201,0.544140,0.007173,9,0,9931,6.474000,0.045154920,
3,CPU_Stress,AMOSA_PC50,205,0.165998,0.147206,0.488178,0.004707,5,0,9644,5.396000,0.043860122,
3,CPU_Stress,AMOSA_PC50,206,0.153245,0.164987,0.495534,0.025417,4,0,9854,5.708000,0.044059294,
3,CPU_Stress,AMOSA_PC50,207,0.168496,0.198596,0.479607,0.011834,11,0,9894,6.244000,0.043628535,
3,CPU_Stress,AMOSA_PC50,208,0.168836,0.174345,0.480518,0.027064,5,0,10480,5.964000,0.043703539,
3,CPU_Stress,AMOSA_PC50,209,0.170346,0.144555,0.481591,0.007905,8,0,10765,5.208000,0.043796281,
3,CPU_Stress,AMOSA_PC50,MEAN,0.152885,0.177829,0.497177,0.011759,,0,10759,5.208000,0.043291372,10
