Scenario,Algorithm,Seed,HV_fixed,EpsPlus,ParetoContribution_pct,nSolutions,ref_x_raw,ref_y_raw
1,AMOSA,200,0.3856849755255302,0.6596545722266722,0.0,12,39.62,0.0706825464
1,AMOSA,201,0.3883141935984148,0.6561764572925637,0.0,26,39.62,0.0706825464
1,AMOSA,202,0.3962719232098064,0.6482451114013201,0.0,15,39.62,0.0706825464
1,AMOSA,203,0.39146413893188653,0.6523964787404749,0.0,19,39.62,0.0706825464
1,AMOSA,204,0.4145593272146267,0.6253366145995242,0.0,23,39.62,0.0706825464
1,AMOSA,205,0.37837660412375207,0.6690478495605294,0.0,22,39.62,0.0706825464
1,AMOSA,206,0.4220053743380745,0.6168135621791248,0.0,26,39.62,0.0706825464
1,AMOSA,207,0.3892654912603842,0.6551509378425495,0.0,26,39.62,0.0706825464
1,AMOSA,208,0.40069951475697146,0.6417794099123211,0.0,22,39.62,0.0706825464
1,AMOSA,209,0.4122951504888597,0.6295606631234512,0.0,17,39.62,0.0706825464
1,AMOSA_PC50,201,0.23785817537832804,0.7471657818838575,0.0,6,39.62,0.0706825464
1,AMOSA_PC50,206,0.26733270032847145,0.726194057649453,0.0,3,39.62,0.0706825464
1,AMOSA_PC60,200,0.2649991104780937,0.7670957424698623,0.0,7,39.62,0.0706825464
1,AMOSA_PC60,201,0.2915734671895011,0.7179124404290435,0.0,9,39.62,0.0706825464
1,AMOSA_PC60,202,0.3163383482347305,0.6961674459395397,0.0,5,39.62,0.0706825464
1,AMOSA_PC60,203,0.2483114930470526,0.780016609924908,0.0,7,39.62,0.0706825464
1,AMOSA_PC60,204,0.28757561075774174,0.72448465744745,0.0,11,39.62,0.0706825464
1,AMOSA_PC60,205,0.2595655442397794,0.7588793805149634,0.0,10,39.62,0.0706825464
1,AMOSA_PC60,206,0.3220861685327198,0.6896725048934487,0.0,7,39.62,0.0706825464
1,AMOSA_PC60,207,0.24157005446947438,0.7909207833565097,0.0,8,39.62,0.0706825464
1,AMOSA_PC60,208,0.25670373840808064,0.7697295767959332,0.0,8,39.62,0.0706825464
1,AMOSA_PC60,209,0.2948117823008844,0.7150809374146311,0.0,7,39.62,0.0706825464
1,AMOSA_PC70,200,0.33794685703561494,0.6920982742442109,0.0,16,39.62,0.0706825464
1,AMOSA_PC70,201,0.3821554124589472,0.6375018483577161,0.0,19,39.62,0.0706825464
1,AMOSA_PC70,202,0.38470344218579733,0.6333309879804998,0.0,24,39.62,0.0706825464
1,AMOSA_PC70,203,0.3274270435763798,0.6978779136174372,0.0,11,39.62,0.0706825464
1,AMOSA_PC70,204,0.30290477542876904,0.7234127260020515,0.0,19,39.62,0.0706825464
1,AMOSA_PC70,205,0.3485706184338513,0.6830054217564767,0.0,8,39.62,0.0706825464
1,AMOSA_PC70,206,0.35388336666652825,0.6706929227369303,0.0,18,39.62,0.0706825464
1,AMOSA_PC70,207,0.3661291125543361,0.6485052970474451,0.0,19,39.62,0.0706825464
1,AMOSA_PC70,208,0.3541673802513562,0.6623145365061439,0.0,24,39.62,0.0706825464
1,AMOSA_PC70,209,0.36509900670620493,0.6565423230521791,0.0,23,39.62,0.0706825464
1,AMOSA_PC80,200,0.3805465600862683,0.663591887443114,0.0,21,39.62,0.0706825464
1,AMOSA_PC80,201,0.3577918162108285,0.6899933974295365,0.0,10,39.62,0.0706825464
1,AMOSA_PC80,202,0.31323027481183846,0.7423028258314688,0.0,8,39.62,0.0706825464
1,AMOSA_PC80,203,0.376148486609249,0.6695033368832319,0.0,24,39.62,0.0706825464
1,AMOSA_PC80,204,0.35235303949762836,0.6971691560359219,0.0,9,39.62,0.0706825464
1,AMOSA_PC80,205,0.37631819930663163,0.6689186385653793,0.0,14,39.62,0.0706825464
1,AMOSA_PC80,206,0.3751926019695654,0.6692888670525607,0.0,17,39.62,0.0706825464
1,AMOSA_PC80,207,0.36395532962253035,0.6839692596646252,0.0,14,39.62,0.0706825464
1,AMOSA_PC80,208,0.3782266684492761,0.6624554897361262,0.0,19,39.62,0.0706825464
1,AMOSA_PC80,209,0.37199870236214005,0.674224086581763,0.0,14,39.62,0.0706825464
1,AMOSA_PC90,200,0.383883129696415,0.6606591598667679,0.0,21,39.62,0.0706825464
1,AMOSA_PC90,201,0.4274179678892275,0.6099153008931433,0.0,30,39.62,0.0706825464
1,AMOSA_PC90,202,0.41402090382988543,0.6263503918147061,0.0,29,39.62,0.0706825464
1,AMOSA_PC90,203,0.4000902565243197,0.642323776206185,0.0,29,39.62,0.0706825464
1,AMOSA_PC90,204,0.467375333700845,0.561261977427619,0.0,29,39.62,0.0706825464
1,AMOSA_PC90,205,0.3827702441569693,0.6631545936226019,0.0,24,39.62,0.0706825464
1,AMOSA_PC90,206,0.42013361758791273,0.621020855972718,0.0,28,39.62,0.0706825464
1,AMOSA_PC90,207,0.4186870745896149,0.6217655828506563,0.0,18,39.62,0.0706825464
1,AMOSA_PC90,208,0.40090589629710566,0.6410918162007011,0.0,20,39.62,0.0706825464
1,AMOSA_PC90,209,0.41186968533552476,0.6294213343133069,0.0,28,39.62,0.0706825464
1,GA_Energy_Dominance,200,0.7777012046170747,0.11652209484811071,3.5242290748898677,81,39.62,0.0706825464
1,GA_Energy_Dominance,201,0.7752297391335035,0.12380376562796314,6.167400881057269,84,39.62,0.0706825464
1,GA_Energy_Dominance,202,0.7640406856158944,0.12062097022048568,1.3215859030837005,91,39.62,0.0706825464
1,GA_Energy_Dominance,203,0.7603449105628277,0.1356030408025488,6.167400881057269,90,39.62,0.0706825464
1,GA_Energy_Dominance,204,0.7599957604495724,0.10958345512614476,0.0,86,39.62,0.0706825464
1,GA_Energy_Dominance,205,0.6714389400173926,0.2699925007497857,4.405286343612334,90,39.62,0.0706825464
1,GA_Energy_Dominance,206,0.7430251985599758,0.11738238759455631,0.0,88,39.62,0.0706825464
1,GA_Energy_Dominance,207,0.7539451468460412,0.1332363213038417,0.8810572687224669,75,39.62,0.0706825464
1,GA_Energy_Dominance,208,0.7513095639631486,0.1383263110437251,2.202643171806167,104,39.62,0.0706825464
1,GA_Energy_Dominance,209,0.7523317778086666,0.14296732493418574,0.0,105,39.62,0.0706825464
1,GA_Energy_Dominance_PC50,200,0.31144684048987853,0.6479865501750334,0.0,20,39.62,0.0706825464
1,GA_Energy_Dominance_PC50,201,0.39573474983974416,0.5246021169253687,0.0,51,39.62,0.0706825464
1,GA_Energy_Dominance_PC50,202,0.46593049389672214,0.41107215700769606,0.0,51,39.62,0.0706825464
1,GA_Energy_Dominance_PC50,203,0.4130771389188487,0.507977757886628,0.0,42,39.62,0.0706825464
1,GA_Energy_Dominance_PC50,204,0.39716619756371613,0.48862140315157876,0.0,42,39.62,0.0706825464
1,GA_Energy_Dominance_PC50,205,0.1343143726502054,0.902636591198596,0.0,3,39.62,0.0706825464
1,GA_Energy_Dominance_PC50,206,0.40795957239859887,0.49215827567184367,0.0,39,39.62,0.0706825464
1,GA_Energy_Dominance_PC50,207,0.31196731931440697,0.6458120089552872,0.0,18,39.62,0.0706825464
1,GA_Energy_Dominance_PC50,208,0.279590249954518,0.7091916729083064,0.0,26,39.62,0.0706825464
1,GA_Energy_Dominance_PC50,209,0.3756194640900698,0.4733016853030939,0.0,51,39.62,0.0706825464
1,GA_Energy_Dominance_PC60,200,0.5282080959493989,0.3332262918013115,0.0,56,39.62,0.0706825464
1,GA_Energy_Dominance_PC60,201,0.5581471785552204,0.29712142593986846,0.0,84,39.62,0.0706825464
1,GA_Energy_Dominance_PC60,202,0.5701814300821255,0.28549758810783593,0.0,75,39.62,0.0706825464
1,GA_Energy_Dominance_PC60,203,0.5542446415764691,0.3238704689477294,0.0,65,39.62,0.0706825464
1,GA_Energy_Dominance_PC60,204,0.5300340481793654,0.2981373690337602,0.0,86,39.62,0.0706825464
1,GA_Energy_Dominance_PC60,205,0.4873377162402394,0.3911323106666738,0.0,52,39.62,0.0706825464
1,GA_Energy_Dominance_PC60,206,0.5313207836540416,0.3151105761148833,0.0,66,39.62,0.0706825464
1,GA_Energy_Dominance_PC60,207,0.5050395637618703,0.34439891221421687,0.0,69,39.62,0.0706825464
1,GA_Energy_Dominance_PC60,208,0.5486293088821826,0.28956091189174643,0.0,74,39.62,0.0706825464
1,GA_Energy_Dominance_PC60,209,0.5516696094709104,0.2756693830034924,0.0,72,39.62,0.0706825464
1,GA_Energy_Dominance_PC70,200,0.6042333012074308,0.20291036088474973,0.0,83,39.62,0.0706825464
1,GA_Energy_Dominance_PC70,201,0.6014194689501878,0.26057792031004695,0.0,81,39.62,0.0706825464
1,GA_Energy_Dominance_PC70,202,0.6182915593715625,0.2381525259682076,0.0,102,39.62,0.0706825464
1,GA_Energy_Dominance_PC70,203,0.6309606002773932,0.2173554964844305,0.0,87,39.62,0.0706825464
1,GA_Energy_Dominance_PC70,204,0.5812117182908497,0.22083818393480792,0.0,87,39.62,0.0706825464
1,GA_Energy_Dominance_PC70,205,0.5931586528654976,0.2619984058407823,0.0,81,39.62,0.0706825464
1,GA_Energy_Dominance_PC70,206,0.6051011842876733,0.25272835235467056,0.0,87,39.62,0.0706825464
1,GA_Energy_Dominance_PC70,207,0.6020693287459465,0.22795734217809827,0.0,70,39.62,0.0706825464
1,GA_Energy_Dominance_PC70,208,0.5952701958580339,0.27990438572006854,0.0,98,39.62,0.0706825464
1,GA_Energy_Dominance_PC70,209,0.589658234569512,0.2183934807916182,0.0,98,39.62,0.0706825464
1,GA_Energy_Dominance_PC80,200,0.6998295864893905,0.14091967403958092,0.0,111,39.62,0.0706825464
1,GA_Energy_Dominance_PC80,201,0.6472837227376567,0.202246257035014,0.0,91,39.62,0.0706825464
1,GA_Energy_Dominance_PC80,202,0.6373943448505784,0.22342934149639873,0.0,89,39.62,0.0706825464
1,GA_Energy_Dominance_PC80,203,0.6105625376326351,0.20963430410828776,0.0,84,39.62,0.0706825464
1,GA_Energy_Dominance_PC80,204,0.6186143783571024,0.28694341458805134,0.0,91,39.62,0.0706825464
1,GA_Energy_Dominance_PC80,205,0.6398941914829931,0.21577795276131417,0.0,96,39.62,0.0706825464
1,GA_Energy_Dominance_PC80,206,0.6470675864377601,0.21348858826498682,0.0,105,39.62,0.0706825464
1,GA_Energy_Dominance_PC80,207,0.631180481411649,0.20477299185098954,0.0,103,39.62,0.0706825464
1,GA_Energy_Dominance_PC80,208,0.669834396298704,0.18605654633304852,0.0,98,39.62,0.0706825464
1,GA_Energy_Dominance_PC80,209,0.6555584790649623,0.1662980209545984,0.0,92,39.62,0.0706825464
1,GA_Energy_Dominance_PC90,200,0.7567378325025326,0.12596041909196742,0.0,87,39.62,0.0706825464
1,GA_Energy_Dominance_PC90,201,0.7549429269740391,0.12799767171129223,0.0,86,39.62,0.0706825464
1,GA_Energy_Dominance_PC90,202,0.754674644615801,0.11362048894062862,0.0,99,39.62,0.0706825464
1,GA_Energy_Dominance_PC90,203,0.7514412388592732,0.11833527357392318,0.0,83,39.62,0.0706825464
1,GA_Energy_Dominance_PC90,204,0.7433031551402888,0.13261893514731227,0.0,83,39.62,0.0706825464
1,GA_Energy_Dominance_PC90,205,0.7782058388613098,0.10845007419885705,14.977973568281937,99,39.62,0.0706825464
1,GA_Energy_Dominance_PC90,206,0.7451170968510579,0.12042274458819884,0.0,92,39.62,0.0706825464
1,GA_Energy_Dominance_PC90,207,0.7161275553842681,0.1846689204950451,3.9647577092511015,81,39.62,0.0706825464
1,GA_Energy_Dominance_PC90,208,0.7035309390435763,0.2200063176008115,0.0,104,39.62,0.0706825464
1,GA_Energy_Dominance_PC90,209,0.7550733851135671,0.12456344586728756,0.0,91,39.62,0.0706825464
1,GA_WaitingTime_Dominance,200,0.32297307429124383,0.7426973277922362,2.202643171806167,11,39.62,0.0706825464
1,GA_WaitingTime_Dominance,201,0.31422207101593946,0.7520800696031416,0.0,8,39.62,0.0706825464
1,GA_WaitingTime_Dominance,202,0.322664328155998,0.7428365173663942,0.0,12,39.62,0.0706825464
1,GA_WaitingTime_Dominance,203,0.318688454286569,0.7467380489343944,0.0,15,39.62,0.0706825464
1,GA_WaitingTime_Dominance,204,0.3325076748440503,0.7319225974157616,1.7621145374449338,7,39.62,0.0706825464
1,GA_WaitingTime_Dominance,205,0.33125920984503576,0.7334216120426876,0.8810572687224669,8,39.62,0.0706825464
1,GA_WaitingTime_Dominance,206,0.30889336326273975,0.7580450784859329,0.0,9,39.62,0.0706825464
1,GA_WaitingTime_Dominance,207,0.31643512345188907,0.7496463173891732,0.0,14,39.62,0.0706825464
1,GA_WaitingTime_Dominance,208,0.3228993016947251,0.7422477347929476,0.0,6,39.62,0.0706825464
1,GA_WaitingTime_Dominance,209,0.32394438113254737,0.741199241405218,0.0,9,39.62,0.0706825464
1,GA_WaitingTime_Dominance_PC50,200,0.2127291109115304,0.8194471273156221,0.0,19,39.62,0.0706825464
1,GA_WaitingTime_Dominance_PC50,201,0.22168280632096057,0.8261692550791196,0.0,16,39.62,0.0706825464
1,GA_WaitingTime_Dominance_PC50,202,0.22352352054426802,0.8199580769728094,0.0,21,39.62,0.0706825464
1,GA_WaitingTime_Dominance_PC50,203,0.2033184987092301,0.8516327786388234,0.0,6,39.62,0.0706825464
1,GA_WaitingTime_Dominance_PC50,204,0.25007400113135564,0.7948210618006353,0.0,9,39.62,0.0706825464
1,GA_WaitingTime_Dominance_PC50,205,0.10997807940651422,0.9431297576356321,0.0,6,39.62,0.0706825464
1,GA_WaitingTime_Dominance_PC50,206,0.19311603973446767,0.8589604437061016,0.0,2,39.62,0.0706825464
1,GA_WaitingTime_Dominance_PC50,207,0.26536281292896413,0.7646160887924592,0.0,21,39.62,0.0706825464
1,GA_WaitingTime_Dominance_PC50,208,0.18112541072498842,0.8688034068632388,0.0,3,39.62,0.0706825464
1,GA_WaitingTime_Dominance_PC50,209,0.2768793755692261,0.7634386628815519,0.0,12,39.62,0.0706825464
1,GA_WaitingTime_Dominance_PC60,200,0.2580432963946257,0.7952399300589795,0.0,18,39.62,0.0706825464
1,GA_WaitingTime_Dominance_PC60,201,0.23567357487622356,0.8266154600027458,0.0,13,39.62,0.0706825464
1,GA_WaitingTime_Dominance_PC60,202,0.23177006363806976,0.8304688159195373,0.0,15,39.62,0.0706825464
1,GA_WaitingTime_Dominance_PC60,203,0.22599258033933786,0.8344945923991819,0.0,21,39.62,0.0706825464
1,GA_WaitingTime_Dominance_PC60,204,0.2872036408314441,0.7606457746472987,0.0,16,39.62,0.0706825464
1,GA_WaitingTime_Dominance_PC60,205,0.1995356395252184,0.8660793476181411,0.0,9,39.62,0.0706825464
1,GA_WaitingTime_Dominance_PC60,206,0.2761762322910289,0.7804776202750615,0.0,13,39.62,0.0706825464
1,GA_WaitingTime_Dominance_PC60,207,0.2698525340753326,0.7808636288406735,0.0,12,39.62,0.0706825464
1,GA_WaitingTime_Dominance_PC60,208,0.21154478477572042,0.8528876661700276,0.0,7,39.62,0.0706825464
1,GA_WaitingTime_Dominance_PC60,209,0.24356614473912397,0.8157890730754085,0.0,13,39.62,0.0706825464
1,GA_WaitingTime_Dominance_PC70,200,0.27648782846501224,0.785916270718199,0.0,7,39.62,0.0706825464
1,GA_WaitingTime_Dominance_PC70,201,0.2575324834969635,0.8080673237553205,0.0,4,39.62,0.0706825464
1,GA_WaitingTime_Dominance_PC70,202,0.23275878545326206,0.8357417755391519,0.0,11,39.62,0.0706825464
1,GA_WaitingTime_Dominance_PC70,203,0.23513519939935676,0.8327177555678847,0.0,20,39.62,0.0706825464
1,GA_WaitingTime_Dominance_PC70,204,0.25594039537778746,0.8084615008321203,0.0,12,39.62,0.0706825464
1,GA_WaitingTime_Dominance_PC70,205,0.23793785467163733,0.8294264025032031,0.0,10,39.62,0.0706825464
1,GA_WaitingTime_Dominance_PC70,206,0.28651884390392374,0.7753094589410251,0.0,5,39.62,0.0706825464
1,GA_WaitingTime_Dominance_PC70,207,0.2630558468172351,0.7958618043851352,0.0,16,39.62,0.0706825464
1,GA_WaitingTime_Dominance_PC70,208,0.25739637430237583,0.8080437928736608,0.0,7,39.62,0.0706825464
1,GA_WaitingTime_Dominance_PC70,209,0.26391846327353874,0.797304010729711,0.0,17,39.62,0.0706825464
1,GA_WaitingTime_Dominance_PC80,200,0.3423782632403141,0.7183663497439031,0.0,5,39.62,0.0706825464
1,GA_WaitingTime_Dominance_PC80,201,0.3622648513413002,0.6958993702541993,0.0,9,39.62,0.0706825464
1,GA_WaitingTime_Dominance_PC80,202,0.32862433021423326,0.7328486559596671,0.0,10,39.62,0.0706825464
1,GA_WaitingTime_Dominance_PC80,203,0.34527482425842854,0.714271929923085,0.0,11,39.62,0.0706825464
1,GA_WaitingTime_Dominance_PC80,204,0.37140052352374087,0.6850265249194822,0.8810572687224669,14,39.62,0.0706825464
1,GA_WaitingTime_Dominance_PC80,205,0.32945733432115665,0.7319245931315628,0.0,9,39.62,0.0706825464
1,GA_WaitingTime_Dominance_PC80,206,0.33659843027397857,0.7249225546239015,0.0,10,39.62,0.0706825464
1,GA_WaitingTime_Dominance_PC80,207,0.33814692407907915,0.7228665032283719,0.0,10,39.62,0.0706825464
1,GA_WaitingTime_Dominance_PC80,208,0.33761557613134363,0.7234513871942063,0.0,9,39.62,0.0706825464
1,GA_WaitingTime_Dominance_PC80,209,0.34699916215706067,0.7121730402558155,0.0,4,39.62,0.0706825464
1,GA_WaitingTime_Dominance_PC90,200,0.3390069346455583,0.7237169102198006,0.0,9,39.62,0.0706825464
1,GA_WaitingTime_Dominance_PC90,201,0.3210474218220931,0.7436859961179151,0.0,7,39.62,0.0706825464
1,GA_WaitingTime_Dominance_PC90,202,0.3357468988467031,0.726739630655197,0.0,24,39.62,0.0706825464
1,GA_WaitingTime_Dominance_PC90,203,0.3671881790888346,0.6924087240813371,3.5242290748898677,8,39.62,0.0706825464
1,GA_WaitingTime_Dominance_PC90,204,0.3307327218363464,0.7329489058696975,0.0,13,39.62,0.0706825464
1,GA_WaitingTime_Dominance_PC90,205,0.2987818426792982,0.7684861530275893,0.0,15,39.62,0.0706825464
1,GA_WaitingTime_Dominance_PC90,206,0.3040246867214918,0.7625891841300311,0.0,9,39.62,0.0706825464
1,GA_WaitingTime_Dominance_PC90,207,0.3210589058735401,0.743955742635089,0.0,11,39.62,0.0706825464
1,GA_WaitingTime_Dominance_PC90,208,0.33600514363203177,0.7275911051225197,0.0,7,39.62,0.0706825464
1,GA_WaitingTime_Dominance_PC90,209,0.3250470286316284,0.7396166851865996,0.0,6,39.62,0.0706825464
1,NSGA-II,200,0.6634251273459635,0.3397788765456702,0.44052863436123346,51,39.62,0.0706825464
1,NSGA-II,201,0.66791002483349,0.33217371415798835,6.167400881057269,46,39.62,0.0706825464
1,NSGA-II,202,0.6354838277270076,0.3748353882553701,0.0,45,39.62,0.0706825464
1,NSGA-II,203,0.6425075183930133,0.36729738402500955,0.0,45,39.62,0.0706825464
1,NSGA-II,204,0.628582777757893,0.38237237142183234,0.0,43,39.62,0.0706825464
1,NSGA-II,205,0.6414260715731723,0.36884786955481685,0.8810572687224669,49,39.62,0.0706825464
1,NSGA-II,206,0.6488772351927857,0.35972452438611535,0.0,45,39.62,0.0706825464
1,NSGA-II,207,0.6285746655239118,0.38209724111319343,0.0,41,39.62,0.0706825464
1,NSGA-II,208,0.6242092183503245,0.38712728034896604,0.0,43,39.62,0.0706825464
1,NSGA-II,209,0.6201972864618699,0.3947625177096569,9.251101321585903,43,39.62,0.0706825464
1,NSGA-II_PC50,200,0.13044558118006735,0.9071696507877927,0.0,4,39.62,0.0706825464
1,NSGA-II_PC50,201,0.16805920502692026,0.8544235783332841,0.0,6,39.62,0.0706825464
1,NSGA-II_PC50,203,0.12746148107833813,0.9184673515282585,0.0,8,39.62,0.0706825464
1,NSGA-II_PC50,204,0.253042262985942,0.7619740859552011,0.0,5,39.62,0.0706825464
1,NSGA-II_PC50,205,0.30503657305788917,0.698879484477833,0.0,17,39.62,0.0706825464
1,NSGA-II_PC50,206,0.21037793683858347,0.8033982306076529,0.0,2,39.62,0.0706825464
1,NSGA-II_PC50,207,0.2466346485117273,0.7722459423616854,0.0,13,39.62,0.0706825464
1,NSGA-II_PC50,208,0.2795958459487215,0.7264683061301801,0.0,10,39.62,0.0706825464
1,NSGA-II_PC50,209,0.20109838945706793,0.8283958241456921,0.0,5,39.62,0.0706825464
1,NSGA-II_PC60,200,0.3623560886534853,0.6493673998617107,0.0,31,39.62,0.0706825464
1,NSGA-II_PC60,201,0.4010206657452564,0.6139541191434909,0.0,32,39.62,0.0706825464
1,NSGA-II_PC60,202,0.36677441675994393,0.6404560646879254,0.0,26,39.62,0.0706825464
1,NSGA-II_PC60,203,0.35282991565794997,0.6652875032824883,0.0,26,39.62,0.0706825464
1,NSGA-II_PC60,204,0.3735899076308481,0.6402810450533304,0.0,16,39.62,0.0706825464
1,NSGA-II_PC60,205,0.41157560204362326,0.6035216308209809,0.0,33,39.62,0.0706825464
1,NSGA-II_PC60,206,0.39435634115369445,0.6165729159830566,0.0,15,39.62,0.0706825464
1,NSGA-II_PC60,207,0.3907578324618018,0.6164916949911339,0.0,19,39.62,0.0706825464
1,NSGA-II_PC60,208,0.42350831357277896,0.5787914167883512,0.0,24,39.62,0.0706825464
1,NSGA-II_PC60,209,0.3606413510885341,0.6605804451225958,0.0,24,39.62,0.0706825464
1,NSGA-II_PC70,200,0.46514726585131627,0.5498099568024992,0.0,38,39.62,0.0706825464
1,NSGA-II_PC70,201,0.48487329707225507,0.5354100782905384,0.0,27,39.62,0.0706825464
1,NSGA-II_PC70,202,0.40862058657636274,0.6138882141100448,0.0,37,39.62,0.0706825464
1,NSGA-II_PC70,203,0.3950349118695461,0.627039145826211,0.0,23,39.62,0.0706825464
1,NSGA-II_PC70,204,0.5200914536644838,0.47952024291667095,0.0,23,39.62,0.0706825464
1,NSGA-II_PC70,205,0.4885953836851522,0.5289232129316442,0.0,39,39.62,0.0706825464
1,NSGA-II_PC70,206,0.4611955595833971,0.5535936483142186,0.0,32,39.62,0.0706825464
1,NSGA-II_PC70,207,0.4456669023548246,0.5671009313309466,0.0,42,39.62,0.0706825464
1,NSGA-II_PC70,208,0.4094756075333984,0.6102949046033923,0.0,32,39.62,0.0706825464
1,NSGA-II_PC70,209,0.443838972421674,0.5751932804341786,0.0,37,39.62,0.0706825464
1,NSGA-II_PC80,200,0.44693925472404444,0.5941851617694739,0.0,14,39.62,0.0706825464
1,NSGA-II_PC80,201,0.5109388925325002,0.5207384111336065,0.0,30,39.62,0.0706825464
1,NSGA-II_PC80,202,0.42261921351759163,0.6216148831016429,0.0,21,39.62,0.0706825464
1,NSGA-II_PC80,203,0.4734678924063138,0.5565911670361217,0.0,37,39.62,0.0706825464
1,NSGA-II_PC80,204,0.45141204211147445,0.5887466041503275,0.0,24,39.62,0.0706825464
1,NSGA-II_PC80,205,0.5375072778760189,0.4762083293380341,0.0,31,39.62,0.0706825464
1,NSGA-II_PC80,206,0.42919781278304503,0.6148738192440284,0.0,19,39.62,0.0706825464
1,NSGA-II_PC80,207,0.4087937837711003,0.6372289458248557,0.0,21,39.62,0.0706825464
1,NSGA-II_PC80,208,0.4226525494727976,0.6215577035233294,0.0,25,39.62,0.0706825464
1,NSGA-II_PC80,209,0.43598171554334797,0.6071274715663871,0.0,32,39.62,0.0706825464
1,NSGA-II_PC90,200,0.6398907958493444,0.3682453490307365,0.0,45,39.62,0.0706825464
1,NSGA-II_PC90,201,0.6133052612518746,0.39848313531964896,0.0,39,39.62,0.0706825464
1,NSGA-II_PC90,202,0.5835600421160817,0.43726082158328583,0.0,40,39.62,0.0706825464
1,NSGA-II_PC90,203,0.6545036548321658,0.3497893405941495,0.0,41,39.62,0.0706825464
1,NSGA-II_PC90,204,0.645113421180614,0.36181106846261296,0.8810572687224669,44,39.62,0.0706825464
1,NSGA-II_PC90,205,0.6453781589495755,0.3599891191718021,0.0,48,39.62,0.0706825464
1,NSGA-II_PC90,206,0.6432113711046304,0.36358488851421006,0.0,45,39.62,0.0706825464
1,NSGA-II_PC90,207,0.5984349122235291,0.4137962162527938,0.0,43,39.62,0.0706825464
1,NSGA-II_PC90,208,0.6115280407632938,0.4018662448992057,0.0,44,39.62,0.0706825464
1,NSGA-II_PC90,209,0.6426544728392557,0.36672201451822906,2.643171806167401,34,39.62,0.0706825464
1,SA_Energy_Dominance,200,0.6767967277213967,0.17942116258892413,0.0,111,39.62,0.0706825464
1,SA_Energy_Dominance,201,0.6906616689981363,0.2002189346646273,0.0,139,39.62,0.0706825464
1,SA_Energy_Dominance,202,0.6197954522694228,0.34320101861334495,0.0,87,39.62,0.0706825464
1,SA_Energy_Dominance,203,0.6419076145719546,0.2658947392653,0.0,109,39.62,0.0706825464
1,SA_Energy_Dominance,204,0.6428795170321543,0.30411710600416186,1.7621145374449338,101,39.62,0.0706825464
1,SA_Energy_Dominance,205,0.6191491576198925,0.3404823895717073,0.0,110,39.62,0.0706825464
1,SA_Energy_Dominance,206,0.6239056435970605,0.3174300619962151,0.0,91,39.62,0.0706825464
1,SA_Energy_Dominance,207,0.6590748968933361,0.2522181917014053,0.0,122,39.62,0.0706825464
1,SA_Energy_Dominance,208,0.6600587154724877,0.23290759919380485,0.0,96,39.62,0.0706825464
1,SA_Energy_Dominance,209,0.6863737360667488,0.22733509655597933,0.0,114,39.62,0.0706825464
1,SA_Energy_Dominance_PC50,200,0.563104673191152,0.23486612339930155,0.0,111,39.62,0.0706825464
1,SA_Energy_Dominance_PC50,201,0.542401099699947,0.2679860302677532,0.0,86,39.62,0.0706825464
1,SA_Energy_Dominance_PC50,202,0.5701620867029792,0.24632632812333927,0.0,88,39.62,0.0706825464
1,SA_Energy_Dominance_PC50,203,0.5994046002226147,0.21711292200232832,0.0,110,39.62,0.0706825464
1,SA_Energy_Dominance_PC50,204,0.5588288210267878,0.2462165308498254,0.0,109,39.62,0.0706825464
1,SA_Energy_Dominance_PC50,205,0.55576257808666,0.23618850955952508,0.0,112,39.62,0.0706825464
1,SA_Energy_Dominance_PC50,206,0.5518739598504979,0.2837601862630966,0.0,118,39.62,0.0706825464
1,SA_Energy_Dominance_PC50,207,0.5261244896174908,0.29062863795110594,0.0,85,39.62,0.0706825464
1,SA_Energy_Dominance_PC50,208,0.5376305076666471,0.27223515715948776,0.0,108,39.62,0.0706825464
1,SA_Energy_Dominance_PC50,209,0.5286521815842081,0.2835855646100116,0.0,117,39.62,0.0706825464
1,SA_Energy_Dominance_PC60,200,0.5623205247848801,0.26658905704307334,0.0,105,39.62,0.0706825464
1,SA_Energy_Dominance_PC60,201,0.5434783887808048,0.24086146682188594,0.0,95,39.62,0.0706825464
1,SA_Energy_Dominance_PC60,202,0.5726903334305509,0.23808787405863707,0.0,113,39.62,0.0706825464
1,SA_Energy_Dominance_PC60,203,0.5696401548162597,0.23536075162184394,0.0,105,39.62,0.0706825464
1,SA_Energy_Dominance_PC60,204,0.5962444445314723,0.20267753201396974,0.0,102,39.62,0.0706825464
1,SA_Energy_Dominance_PC60,205,0.5879226398059688,0.2085926332838801,0.0,100,39.62,0.0706825464
1,SA_Energy_Dominance_PC60,206,0.5932430900427254,0.23208949495116377,0.0,94,39.62,0.0706825464
1,SA_Energy_Dominance_PC60,207,0.595449415445322,0.24586728754365542,0.0,90,39.62,0.0706825464
1,SA_Energy_Dominance_PC60,208,0.5650837263651913,0.2509313154831199,0.0,93,39.62,0.0706825464
1,SA_Energy_Dominance_PC60,209,0.5819575409306401,0.23492433061699652,0.0,96,39.62,0.0706825464
1,SA_Energy_Dominance_PC70,200,0.6292905241139297,0.1848172532322936,0.0,99,39.62,0.0706825464
1,SA_Energy_Dominance_PC70,201,0.6113485657477172,0.2086676350684211,0.0,82,39.62,0.0706825464
1,SA_Energy_Dominance_PC70,202,0.5899752849622909,0.250174621653085,0.0,125,39.62,0.0706825464
1,SA_Energy_Dominance_PC70,203,0.6152965257974766,0.21210710128055882,0.0,99,39.62,0.0706825464
1,SA_Energy_Dominance_PC70,204,0.5881983855956534,0.2367456391521195,0.0,101,39.62,0.0706825464
1,SA_Energy_Dominance_PC70,205,0.5968502334698136,0.2690307049694344,0.0,77,39.62,0.0706825464
1,SA_Energy_Dominance_PC70,206,0.5722175307956806,0.2666955782456582,0.0,91,39.62,0.0706825464
1,SA_Energy_Dominance_PC70,207,0.6193268691564711,0.22908830968162566,0.0,108,39.62,0.0706825464
1,SA_Energy_Dominance_PC70,208,0.5943636014991369,0.22299185098952273,0.0,95,39.62,0.0706825464
1,SA_Energy_Dominance_PC70,209,0.6318557238378864,0.22586063387461158,0.0,81,39.62,0.0706825464
1,SA_Energy_Dominance_PC80,200,0.6267618203791983,0.2506253320198118,0.0,118,39.62,0.0706825464
1,SA_Energy_Dominance_PC80,201,0.6144361650702446,0.2498459353813212,0.0,90,39.62,0.0706825464
1,SA_Energy_Dominance_PC80,202,0.6438269305322386,0.2350443610493084,0.0,88,39.62,0.0706825464
1,SA_Energy_Dominance_PC80,203,0.58624690901609,0.26596760609805353,0.0,95,39.62,0.0706825464
1,SA_Energy_Dominance_PC80,204,0.6520594341852027,0.190711576646115,0.0,116,39.62,0.0706825464
1,SA_Energy_Dominance_PC80,205,0.6589300284997079,0.18838712468127713,0.0,112,39.62,0.0706825464
1,SA_Energy_Dominance_PC80,206,0.6456335002419289,0.26652455004266645,0.0,70,39.62,0.0706825464
1,SA_Energy_Dominance_PC80,207,0.665898513386563,0.16955762514551803,0.0,110,39.62,0.0706825464
1,SA_Energy_Dominance_PC80,208,0.6379925387665465,0.2083981206112236,0.0,107,39.62,0.0706825464
1,SA_Energy_Dominance_PC80,209,0.6589337841812013,0.2520772384714226,0.8810572687224669,85,39.62,0.0706825464
1,SA_Energy_Dominance_PC90,200,0.6628483709171769,0.21124804918780393,0.0,112,39.62,0.0706825464
1,SA_Energy_Dominance_PC90,201,0.6503994645430682,0.2392468279953813,0.0,94,39.62,0.0706825464
1,SA_Energy_Dominance_PC90,202,0.6319203496365511,0.313553453669736,0.0,103,39.62,0.0706825464
1,SA_Energy_Dominance_PC90,203,0.6568570368593757,0.2569180095900177,0.0,114,39.62,0.0706825464
1,SA_Energy_Dominance_PC90,204,0.626303373084034,0.3247804225292366,0.0,90,39.62,0.0706825464
1,SA_Energy_Dominance_PC90,205,0.6124197568258076,0.30412592428328505,0.0,102,39.62,0.0706825464
1,SA_Energy_Dominance_PC90,206,0.6246006932647495,0.32043106161777174,0.0,75,39.62,0.0706825464
1,SA_Energy_Dominance_PC90,207,0.6495359829372349,0.2584791234667682,0.0,87,39.62,0.0706825464
1,SA_Energy_Dominance_PC90,208,0.6332473762820867,0.24554331134920862,0.0,115,39.62,0.0706825464
1,SA_Energy_Dominance_PC90,209,0.6624501658012617,0.2500776704742757,0.0,108,39.62,0.0706825464
1,SA_WaitingTime_Dominance,200,0.29685342204913695,0.770116513601453,0.0,16,39.62,0.0706825464
1,SA_WaitingTime_Dominance,201,0.3027269375417523,0.7639749999002141,0.0,28,39.62,0.0706825464
1,SA_WaitingTime_Dominance,202,0.2964319589928003,0.7714113154486875,2.643171806167401,20,39.62,0.0706825464
1,SA_WaitingTime_Dominance,203,0.2979830367228611,0.770116513601453,3.5242290748898677,19,39.62,0.0706825464
1,SA_WaitingTime_Dominance,204,0.2979471865131553,0.7696770848291533,0.0,30,39.62,0.0706825464
1,SA_WaitingTime_Dominance,205,0.29821594063149504,0.7697695839359541,0.0,34,39.62,0.0706825464
1,SA_WaitingTime_Dominance,206,0.2971772614403881,0.7708161280198779,1.7621145374449338,28,39.62,0.0706825464
1,SA_WaitingTime_Dominance,207,0.299113009523007,0.7688160959027767,1.3215859030837005,22,39.62,0.0706825464
1,SA_WaitingTime_Dominance,208,0.29578904363120195,0.7714435717854794,0.0,34,39.62,0.0706825464
1,SA_WaitingTime_Dominance,209,0.3010330512593022,0.7646551212805776,0.0,38,39.62,0.0706825464
1,SA_WaitingTime_Dominance_PC50,200,0.30079959240763,0.746263532693584,0.0,7,39.62,0.0706825464
1,SA_WaitingTime_Dominance_PC50,201,0.322525851828636,0.7190274886181544,0.0,9,39.62,0.0706825464
1,SA_WaitingTime_Dominance_PC50,202,0.29336572125877836,0.7559787236274281,0.0,8,39.62,0.0706825464
1,SA_WaitingTime_Dominance_PC50,203,0.2772741101709076,0.7711369277319748,0.0,3,39.62,0.0706825464
1,SA_WaitingTime_Dominance_PC50,204,0.2702055844278246,0.7811766777495415,0.0,12,39.62,0.0706825464
1,SA_WaitingTime_Dominance_PC50,205,0.32484511362458984,0.7162276849965892,0.0,6,39.62,0.0706825464
1,SA_WaitingTime_Dominance_PC50,206,0.3110011537026262,0.7329631079402847,0.0,14,39.62,0.0706825464
1,SA_WaitingTime_Dominance_PC50,207,0.275774090707916,0.7744249391329887,0.0,13,39.62,0.0706825464
1,SA_WaitingTime_Dominance_PC50,208,0.33974499938406155,0.6994167033244076,0.0,18,39.62,0.0706825464
1,SA_WaitingTime_Dominance_PC50,209,0.26238619377564876,0.7901268133514684,0.0,10,39.62,0.0706825464
1,SA_WaitingTime_Dominance_PC60,200,0.29315564045412207,0.7646577667643144,0.0,18,39.62,0.0706825464
1,SA_WaitingTime_Dominance_PC60,201,0.3089051708049769,0.7431937504948681,0.0,18,39.62,0.0706825464
1,SA_WaitingTime_Dominance_PC60,202,0.27503143934579777,0.7831076952295056,0.0,15,39.62,0.0706825464
1,SA_WaitingTime_Dominance_PC60,203,0.3271586720557056,0.7250422975719935,0.0,21,39.62,0.0706825464
1,SA_WaitingTime_Dominance_PC60,204,0.2949300875295936,0.7604965600821377,0.0,26,39.62,0.0706825464
1,SA_WaitingTime_Dominance_PC60,205,0.3099156924807295,0.7454104338064231,0.0,6,39.62,0.0706825464
1,SA_WaitingTime_Dominance_PC60,206,0.27845083929594167,0.7795626541980529,0.0,8,39.62,0.0706825464
1,SA_WaitingTime_Dominance_PC60,207,0.31101569158603004,0.744224328852379,0.0,6,39.62,0.0706825464
1,SA_WaitingTime_Dominance_PC60,208,0.3084725593430069,0.7471819332582512,0.0,11,39.62,0.0706825464
1,SA_WaitingTime_Dominance_PC60,209,0.2925305935580328,0.7634093769124644,0.0,17,39.62,0.0706825464
1,SA_WaitingTime_Dominance_PC70,200,0.2960975427418738,0.7646162744404407,0.0,16,39.62,0.0706825464
1,SA_WaitingTime_Dominance_PC70,201,0.2764964815356686,0.7879278594221499,0.0,9,39.62,0.0706825464
1,SA_WaitingTime_Dominance_PC70,202,0.26373298737347534,0.8027235858427445,0.0,15,39.62,0.0706825464
1,SA_WaitingTime_Dominance_PC70,203,0.2834470363683194,0.7774331326138297,0.0,41,39.62,0.0706825464
1,SA_WaitingTime_Dominance_PC70,204,0.3012630489832709,0.7600052426989986,0.0,11,39.62,0.0706825464
1,SA_WaitingTime_Dominance_PC70,205,0.2972858826429861,0.7641504836547623,0.0,11,39.62,0.0706825464
1,SA_WaitingTime_Dominance_PC70,206,0.2744552462557275,0.789880319243982,0.0,13,39.62,0.0706825464
1,SA_WaitingTime_Dominance_PC70,207,0.2878069370854163,0.7742124650181187,0.0,21,39.62,0.0706825464
1,SA_WaitingTime_Dominance_PC70,208,0.3046599693962662,0.7564842430811552,0.0,10,39.62,0.0706825464
1,SA_WaitingTime_Dominance_PC70,209,0.2891574536799992,0.7740688198924042,0.0,8,39.62,0.0706825464
1,SA_WaitingTime_Dominance_PC80,200,0.295606668086723,0.770116513601453,0.0,14,39.62,0.0706825464
1,SA_WaitingTime_Dominance_PC80,201,0.2960120643367435,0.7687510262852478,0.0,21,39.62,0.0706825464
1,SA_WaitingTime_Dominance_PC80,202,0.29409965130912696,0.7717932397587057,0.0,13,39.62,0.0706825464
1,SA_WaitingTime_Dominance_PC80,203,0.2955959003443822,0.770116513601453,0.0,16,39.62,0.0706825464
1,SA_WaitingTime_Dominance_PC80,204,0.29618803759385925,0.7696770848291533,0.0,24,39.62,0.0706825464
1,SA_WaitingTime_Dominance_PC80,205,0.29517470041497706,0.7697695839359541,0.0,16,39.62,0.0706825464
1,SA_WaitingTime_Dominance_PC80,206,0.29334982203558174,0.7712461351571143,0.0,23,39.62,0.0706825464
1,SA_WaitingTime_Dominance_PC80,207,0.29602253010752005,0.7688160959027767,0.0,20,39.62,0.0706825464
1,SA_WaitingTime_Dominance_PC80,208,0.2938008635473571,0.7714435717854794,0.0,29,39.62,0.0706825464
1,SA_WaitingTime_Dominance_PC80,209,0.2944565685641838,0.7708161280198779,0.0,16,39.62,0.0706825464
1,SA_WaitingTime_Dominance_PC90,200,0.29720394498205294,0.770116513601453,0.0,31,39.62,0.0706825464
1,SA_WaitingTime_Dominance_PC90,201,0.31333396460183677,0.7509449714320245,0.0,23,39.62,0.0706825464
1,SA_WaitingTime_Dominance_PC90,202,0.29514569400784385,0.7714113154486875,0.0,23,39.62,0.0706825464
1,SA_WaitingTime_Dominance_PC90,203,0.31388043008749233,0.7496947251003588,0.0,35,39.62,0.0706825464
1,SA_WaitingTime_Dominance_PC90,204,0.29811968884344275,0.7696770848291533,0.0,20,39.62,0.0706825464
1,SA_WaitingTime_Dominance_PC90,205,0.3039051148157963,0.7628127971237927,0.0,23,39.62,0.0706825464
1,SA_WaitingTime_Dominance_PC90,206,0.2958082364597104,0.7708161280198779,0.0,19,39.62,0.0706825464
1,SA_WaitingTime_Dominance_PC90,207,0.29831791463424845,0.7688160959027767,0.0,25,39.62,0.0706825464
1,SA_WaitingTime_Dominance_PC90,208,0.295193949199637,0.7714435717854794,0.0,16,39.62,0.0706825464
1,SA_WaitingTime_Dominance_PC90,209,0.3009925922708944,0.7646551212805776,0.0,18,39.62,0.0706825464
1,SPEA-II,200,0.5649328179722922,0.46067455936683627,0.0,41,39.62,0.0706825464
1,SPEA-II,201,0.5437514059212285,0.48419959311531896,0.0,47,39.62,0.0706825464
1,SPEA-II,202,0.6209890182677573,0.3933374373913784,0.0,48,39.62,0.0706825464
1,SPEA-II,203,0.46005291224329264,0.5814851225884674,0.0,29,39.62,0.0706825464
1,SPEA-II,204,0.6085020882925255,0.4126084404669158,9.691629955947137,39,39.62,0.0706825464
1,SPEA-II,205,0.642232106575098,0.36655042937129295,0.0,55,39.62,0.0706825464
1,SPEA-II,206,0.5865573113632949,0.43685764057938137,3.0837004405286343,38,39.62,0.0706825464
1,SPEA-II,207,0.586832746415563,0.4331777262893413,0.0,41,39.62,0.0706825464
1,SPEA-II,208,0.51245503937643,0.5204696856803308,0.0,39,39.62,0.0706825464
1,SPEA-II,209,0.5799835274409343,0.44460756198066703,1.3215859030837005,46,39.62,0.0706825464
1,SPEA-II_PC50,201,0.11734372141375561,0.9262319855320817,0.0,2,39.62,0.0706825464
1,SPEA-II_PC50,202,0.33341407980946325,0.6581878139365381,0.0,21,39.62,0.0706825464
1,SPEA-II_PC50,203,0.3289619606495586,0.6662770070240841,0.0,11,39.62,0.0706825464
1,SPEA-II_PC50,204,0.2617410652389451,0.7445997554830437,0.0,8,39.62,0.0706825464
1,SPEA-II_PC50,205,0.17533569499762688,0.8559573091327574,0.0,9,39.62,0.0706825464
1,SPEA-II_PC50,206,0.31932725013983704,0.6673641151919734,0.0,12,39.62,0.0706825464
1,SPEA-II_PC50,207,0.19942439097965636,0.825731404314663,0.0,10,39.62,0.0706825464
1,SPEA-II_PC50,209,0.11781690053595924,0.9008016929610733,0.0,4,39.62,0.0706825464
1,SPEA-II_PC60,200,0.35888327666415404,0.655891673288885,0.0,15,39.62,0.0706825464
1,SPEA-II_PC60,201,0.33863006886035957,0.6854423763981264,0.0,20,39.62,0.0706825464
1,SPEA-II_PC60,202,0.43079607431605293,0.5763081429753077,0.0,32,39.62,0.0706825464
1,SPEA-II_PC60,203,0.42921229985344295,0.5754300280226345,0.0,25,39.62,0.0706825464
1,SPEA-II_PC60,204,0.4179072829707055,0.5911804956002819,0.0,15,39.62,0.0706825464
1,SPEA-II_PC60,205,0.39006404535720934,0.6292187459534541,0.0,30,39.62,0.0706825464
1,SPEA-II_PC60,206,0.41436449225636723,0.593341716577353,0.0,13,39.62,0.0706825464
1,SPEA-II_PC60,207,0.45572263320495077,0.5468411671057395,0.0,26,39.62,0.0706825464
1,SPEA-II_PC60,208,0.35276366369618944,0.665219231237278,0.0,18,39.62,0.0706825464
1,SPEA-II_PC60,209,0.3822140273257285,0.6234761433525446,0.0,18,39.62,0.0706825464
1,SPEA-II_PC70,200,0.4777863422063652,0.5389357655199161,0.0,24,39.62,0.0706825464
1,SPEA-II_PC70,201,0.4324944757070376,0.5935808311775737,0.0,26,39.62,0.0706825464
1,SPEA-II_PC70,202,0.4690994343811734,0.5530420881610704,0.0,32,39.62,0.0706825464
1,SPEA-II_PC70,203,0.4593956550187424,0.5599037303826939,0.0,31,39.62,0.0706825464
1,SPEA-II_PC70,204,0.4625035590589942,0.5562557475454782,0.0,41,39.62,0.0706825464
1,SPEA-II_PC70,205,0.4319477862163798,0.5910241335878319,0.0,29,39.62,0.0706825464
1,SPEA-II_PC70,206,0.473344615566044,0.5448985002149339,0.0,24,39.62,0.0706825464
1,SPEA-II_PC70,207,0.4515937598660863,0.5667781359030478,0.0,24,39.62,0.0706825464
1,SPEA-II_PC70,208,0.45672706147452663,0.5568439731749806,0.0,29,39.62,0.0706825464
1,SPEA-II_PC70,209,0.4570398283824872,0.5596265579462582,0.0,24,39.62,0.0706825464
1,SPEA-II_PC80,200,0.4877573194606331,0.5377969543891683,0.0,38,39.62,0.0706825464
1,SPEA-II_PC80,201,0.43403398113413966,0.6102483997840171,0.0,14,39.62,0.0706825464
1,SPEA-II_PC80,202,0.4561042749925132,0.5857832446570278,0.0,28,39.62,0.0706825464
1,SPEA-II_PC80,203,0.49561132851380135,0.5397029093916249,0.0,20,39.62,0.0706825464
1,SPEA-II_PC80,204,0.4882703507359339,0.5372243696021107,0.0,34,39.62,0.0706825464
1,SPEA-II_PC80,205,0.4224490905510118,0.6228273036570703,0.0,22,39.62,0.0706825464
1,SPEA-II_PC80,206,0.41238668738143497,0.6344340618748013,0.0,22,39.62,0.0706825464
1,SPEA-II_PC80,207,0.49825175600811356,0.5277461583166999,0.0,36,39.62,0.0706825464
1,SPEA-II_PC80,208,0.4450653773253791,0.5981405776641158,0.0,23,39.62,0.0706825464
1,SPEA-II_PC80,209,0.49040923323860125,0.5370775220487144,0.0,31,39.62,0.0706825464
1,SPEA-II_PC90,200,0.582251785117072,0.4389497540953247,0.44052863436123346,33,39.62,0.0706825464
1,SPEA-II_PC90,201,0.5418200998004393,0.48372976448604244,0.0,45,39.62,0.0706825464
1,SPEA-II_PC90,202,0.5676300280582351,0.456495948186391,0.0,39,39.62,0.0706825464
1,SPEA-II_PC90,203,0.4906042932462995,0.5457980110974793,0.0,29,39.62,0.0706825464
1,SPEA-II_PC90,204,0.5222021463832278,0.5076315708130555,0.0,37,39.62,0.0706825464
1,SPEA-II_PC90,205,0.5699248312952505,0.4547920710118381,0.0,50,39.62,0.0706825464
1,SPEA-II_PC90,206,0.5978560274449174,0.4186530923337871,0.0,40,39.62,0.0706825464
1,SPEA-II_PC90,207,0.5854469591179882,0.4331394828051447,0.0,41,39.62,0.0706825464
1,SPEA-II_PC90,208,0.5773399834400069,0.44616231741404966,0.44052863436123346,35,39.62,0.0706825464
1,SPEA-II_PC90,209,0.4732509204520528,0.565252434378776,0.0,33,39.62,0.0706825464
2,AMOSA,200,0.4226857220128365,0.6052184570754527,0.0,15,46.034200000000006,0.0889631118
2,AMOSA,201,0.4171688374196046,0.6109600910173986,0.0,14,46.034200000000006,0.0889631118
2,AMOSA,202,0.4051999118212682,0.625338938854132,0.0,9,46.034200000000006,0.0889631118
2,AMOSA,203,0.43272015927291124,0.5926938594180069,0.0,23,46.034200000000006,0.0889631118
2,AMOSA,204,0.4178209371817243,0.6111886906867114,0.0,8,46.034200000000006,0.0889631118
2,AMOSA,205,0.4321970492202964,0.5939584604190498,0.0,13,46.034200000000006,0.0889631118
2,AMOSA,206,0.4342321904126399,0.5901278340768888,0.0,18,46.034200000000006,0.0889631118
2,AMOSA,207,0.4262922274177999,0.600395931772728,0.0,17,46.034200000000006,0.0889631118
2,AMOSA,208,0.4229664305030329,0.6042502030754818,0.0,17,46.034200000000006,0.0889631118
2,AMOSA,209,0.4335209567543854,0.5916230329129288,0.0,19,46.034200000000006,0.0889631118
2,AMOSA_PC60,200,0.23678708429281925,0.7309620720559483,0.0,7,46.034200000000006,0.0889631118
2,AMOSA_PC60,201,0.2248819579603466,0.7091221687062703,0.0,9,46.034200000000006,0.0889631118
2,AMOSA_PC60,203,0.23825038719062888,0.6985146682964088,0.0,8,46.034200000000006,0.0889631118
2,AMOSA_PC60,204,0.22841898310464304,0.7579960643748092,0.0,8,46.034200000000006,0.0889631118
2,AMOSA_PC60,205,0.21415486333905848,0.7854059972944837,0.0,8,46.034200000000006,0.0889631118
2,AMOSA_PC60,206,0.20155402381087928,0.7778153464643269,0.0,7,46.034200000000006,0.0889631118
2,AMOSA_PC60,207,0.25380455503064053,0.7209283782249803,0.0,11,46.034200000000006,0.0889631118
2,AMOSA_PC60,208,0.24448666962126486,0.7378916154969739,0.0,9,46.034200000000006,0.0889631118
2,AMOSA_PC60,209,0.1861962087516349,0.8154485135027001,0.0,2,46.034200000000006,0.0889631118
2,AMOSA_PC70,200,0.29341291576376116,0.711598847496094,0.0,9,46.034200000000006,0.0889631118
2,AMOSA_PC70,201,0.30413028407692294,0.6895345311099651,0.0,21,46.034200000000006,0.0889631118
2,AMOSA_PC70,202,0.24697970597206564,0.7640625905418827,0.0,10,46.034200000000006,0.0889631118
2,AMOSA_PC70,203,0.2983150732912875,0.7005390004356955,0.0,7,46.034200000000006,0.0889631118
2,AMOSA_PC70,204,0.3280227918018573,0.6590310095332487,0.0,10,46.034200000000006,0.0889631118
2,AMOSA_PC70,205,0.31337463097204615,0.6783489899129747,0.0,13,46.034200000000006,0.0889631118
2,AMOSA_PC70,206,0.2904460049517724,0.705112754110774,0.0,15,46.034200000000006,0.0889631118
2,AMOSA_PC70,207,0.2949215565644563,0.6862004013648806,0.0,10,46.034200000000006,0.0889631118
2,AMOSA_PC70,208,0.32822440722210916,0.6606357268789156,0.0,17,46.034200000000006,0.0889631118
2,AMOSA_PC70,209,0.27426872738054486,0.7269204013572688,0.0,22,46.034200000000006,0.0889631118
2,AMOSA_PC80,200,0.4277314790269575,0.5753470694854508,0.0,28,46.034200000000006,0.0889631118
2,AMOSA_PC80,201,0.43922755066000063,0.5660464645836075,0.0,36,46.034200000000006,0.0889631118
2,AMOSA_PC80,202,0.4171512674637184,0.5921213849495686,0.0,21,46.034200000000006,0.0889631118
2,AMOSA_PC80,203,0.43810703495581116,0.5733454783746618,0.0,29,46.034200000000006,0.0889631118
2,AMOSA_PC80,204,0.4083233223110269,0.5985331656015969,0.0,26,46.034200000000006,0.0889631118
2,AMOSA_PC80,205,0.4101769706878222,0.6000911639305595,0.0,26,46.034200000000006,0.0889631118
2,AMOSA_PC80,206,0.4199036993284963,0.5853593543983769,0.0,33,46.034200000000006,0.0889631118
2,AMOSA_PC80,207,0.42383607831010456,0.5827338598404758,0.0,24,46.034200000000006,0.0889631118
2,AMOSA_PC80,208,0.3967348745137834,0.618107101490356,0.0,24,46.034200000000006,0.0889631118
2,AMOSA_PC80,209,0.42545055942881144,0.5859751224566322,0.0,18,46.034200000000006,0.0889631118
2,AMOSA_PC90,200,0.39755139046402493,0.6296633499970834,0.0,14,46.034200000000006,0.0889631118
2,AMOSA_PC90,201,0.4273542058011173,0.5937387573445675,0.0,13,46.034200000000006,0.0889631118
2,AMOSA_PC90,202,0.4403962916719924,0.5753641966198838,0.0,18,46.034200000000006,0.0889631118
2,AMOSA_PC90,203,0.4036235327241744,0.6224585830207872,0.0,16,46.034200000000006,0.0889631118
2,AMOSA_PC90,204,0.43286465639329147,0.5873404880985923,0.0,17,46.034200000000006,0.0889631118
2,AMOSA_PC90,205,0.4140105978663392,0.6120148370462585,0.0,15,46.034200000000006,0.0889631118
2,AMOSA_PC90,206,0.4363614156699901,0.5861122822582205,0.0,10,46.034200000000006,0.0889631118
2,AMOSA_PC90,207,0.41832154456173126,0.6038784491075287,0.0,15,46.034200000000006,0.0889631118
2,AMOSA_PC90,208,0.4207020645913922,0.6044290389041906,0.0,12,46.034200000000006,0.0889631118
2,AMOSA_PC90,209,0.4367458582511588,0.5855748708399973,0.0,19,46.034200000000006,0.0889631118
2,GA_Energy_Dominance,200,0.7130459384474487,0.16005508182829295,0.0,46,46.034200000000006,0.0889631118
2,GA_Energy_Dominance,201,0.7009512967443107,0.1689570402941532,0.0,62,46.034200000000006,0.0889631118
2,GA_Energy_Dominance,202,0.7312148485312954,0.17414161418865126,5.389221556886228,47,46.034200000000006,0.0889631118
2,GA_Energy_Dominance,203,0.6722356023414923,0.18984015530885523,0.0,51,46.034200000000006,0.0889631118
2,GA_Energy_Dominance,204,0.7157485481483138,0.15458161788430663,0.0,54,46.034200000000006,0.0889631118
2,GA_Energy_Dominance,205,0.6171393790279174,0.3293778216359283,0.0,62,46.034200000000006,0.0889631118
2,GA_Energy_Dominance,206,0.7177584276541119,0.19347492187913776,5.389221556886228,79,46.034200000000006,0.0889631118
2,GA_Energy_Dominance,207,0.720493544285015,0.14348999047445898,0.0,62,46.034200000000006,0.0889631118
2,GA_Energy_Dominance,208,0.6788000504460057,0.19594745357095478,0.0,47,46.034200000000006,0.0889631118
2,GA_Energy_Dominance,209,0.6805813572330758,0.1602585017430191,0.0,48,46.034200000000006,0.0889631118
2,GA_Energy_Dominance_PC50,201,0.2624982862174027,0.6343676029214708,0.0,27,46.034200000000006,0.0889631118
2,GA_Energy_Dominance_PC50,205,0.21983417878757885,0.7217912527728115,0.0,12,46.034200000000006,0.0889631118
2,GA_Energy_Dominance_PC50,206,0.1380134046453299,0.8639476579547596,0.0,9,46.034200000000006,0.0889631118
2,GA_Energy_Dominance_PC50,207,0.2000931845743626,0.7330252256999502,0.0,13,46.034200000000006,0.0889631118
2,GA_Energy_Dominance_PC50,208,0.34709630574411515,0.5840907094905924,0.0,16,46.034200000000006,0.0889631118
2,GA_Energy_Dominance_PC60,200,0.30401496563706815,0.5152369172718495,0.0,27,46.034200000000006,0.0889631118
2,GA_Energy_Dominance_PC60,201,0.40143583780911585,0.3767279275462105,0.0,45,46.034200000000006,0.0889631118
2,GA_Energy_Dominance_PC60,202,0.465472156872088,0.4285768521639993,0.0,29,46.034200000000006,0.0889631118
2,GA_Energy_Dominance_PC60,203,0.4245600597076635,0.40349430651233564,0.0,34,46.034200000000006,0.0889631118
2,GA_Energy_Dominance_PC60,204,0.49893656895576854,0.40697492083219966,0.0,35,46.034200000000006,0.0889631118
2,GA_Energy_Dominance_PC60,205,0.4396566436812511,0.3726666539164665,0.0,52,46.034200000000006,0.0889631118
2,GA_Energy_Dominance_PC60,206,0.4178711262449821,0.400611048581212,0.0,30,46.034200000000006,0.0889631118
2,GA_Energy_Dominance_PC60,207,0.47239075535389674,0.31979238387797254,0.0,54,46.034200000000006,0.0889631118
2,GA_Energy_Dominance_PC60,208,0.5559409087031646,0.290030751769875,0.0,34,46.034200000000006,0.0889631118
2,GA_Energy_Dominance_PC60,209,0.47676918904345394,0.3405697379329585,0.0,61,46.034200000000006,0.0889631118
2,GA_Energy_Dominance_PC70,200,0.42567288741042136,0.3493459032890207,0.0,59,46.034200000000006,0.0889631118
2,GA_Energy_Dominance_PC70,201,0.43889319339466926,0.3543244531539642,0.0,69,46.034200000000006,0.0889631118
2,GA_Energy_Dominance_PC70,202,0.6082403409625405,0.2686975737225606,0.0,67,46.034200000000006,0.0889631118
2,GA_Energy_Dominance_PC70,203,0.45210678930899556,0.32837243790053494,0.0,63,46.034200000000006,0.0889631118
2,GA_Energy_Dominance_PC70,204,0.6126229384462913,0.2888970781965009,0.0,65,46.034200000000006,0.0889631118
2,GA_Energy_Dominance_PC70,205,0.53960643830881,0.2776386039520481,0.0,50,46.034200000000006,0.0889631118
2,GA_Energy_Dominance_PC70,206,0.529038814758635,0.31147714633758805,0.0,53,46.034200000000006,0.0889631118
2,GA_Energy_Dominance_PC70,207,0.55315038749569,0.28398919548752716,0.0,51,46.034200000000006,0.0889631118
2,GA_Energy_Dominance_PC70,208,0.6221938863969694,0.24824553916647338,0.0,59,46.034200000000006,0.0889631118
2,GA_Energy_Dominance_PC70,209,0.6139334459704132,0.27447289102889233,0.0,46,46.034200000000006,0.0889631118
2,GA_Energy_Dominance_PC80,200,0.5366662980998342,0.2962686920074036,0.0,42,46.034200000000006,0.0889631118
2,GA_Energy_Dominance_PC80,201,0.5832115172852719,0.2640220327313172,0.0,63,46.034200000000006,0.0889631118
2,GA_Energy_Dominance_PC80,202,0.6372995015558444,0.25763834514201633,0.0,60,46.034200000000006,0.0889631118
2,GA_Energy_Dominance_PC80,203,0.45404835788886483,0.36369895662306023,0.0,49,46.034200000000006,0.0889631118
2,GA_Energy_Dominance_PC80,204,0.6497027308693604,0.19909318483727145,0.0,82,46.034200000000006,0.0889631118
2,GA_Energy_Dominance_PC80,205,0.5414905036420237,0.2673587204067581,0.0,70,46.034200000000006,0.0889631118
2,GA_Energy_Dominance_PC80,206,0.5827368739833954,0.23563370584185164,0.0,67,46.034200000000006,0.0889631118
2,GA_Energy_Dominance_PC80,207,0.5393464091551082,0.2890736719453419,0.0,35,46.034200000000006,0.0889631118
2,GA_Energy_Dominance_PC80,208,0.6930031778709149,0.1631555565324363,0.0,50,46.034200000000006,0.0889631118
2,GA_Energy_Dominance_PC80,209,0.6870834089069852,0.15696837921835383,0.0,70,46.034200000000006,0.0889631118
2,GA_Energy_Dominance_PC90,200,0.6788736259872347,0.23214141798781093,7.7844311377245505,58,46.034200000000006,0.0889631118
2,GA_Energy_Dominance_PC90,201,0.706924678792698,0.1779566760235157,0.0,48,46.034200000000006,0.0889631118
2,GA_Energy_Dominance_PC90,202,0.7149302114629236,0.14828221026431063,4.790419161676646,64,46.034200000000006,0.0889631118
2,GA_Energy_Dominance_PC90,203,0.7123715989162112,0.15890926415265128,0.0,61,46.034200000000006,0.0889631118
2,GA_Energy_Dominance_PC90,204,0.6984066436529786,0.1699592182617446,0.0,43,46.034200000000006,0.0889631118
2,GA_Energy_Dominance_PC90,205,0.5708042141554941,0.3955550709210848,0.0,28,46.034200000000006,0.0889631118
2,GA_Energy_Dominance_PC90,206,0.7138183773251537,0.15846381593126146,0.0,54,46.034200000000006,0.0889631118
2,GA_Energy_Dominance_PC90,207,0.6220602549467315,0.32311342949077476,0.0,74,46.034200000000006,0.0889631118
2,GA_Energy_Dominance_PC90,208,0.7055735313503358,0.13807619843079305,0.0,64,46.034200000000006,0.0889631118
2,GA_Energy_Dominance_PC90,209,0.7238359023110079,0.1455431386049468,1.7964071856287425,53,46.034200000000006,0.0889631118
2,GA_WaitingTime_Dominance,200,0.4209408817581082,0.6289161311820514,2.395209580838323,25,46.034200000000006,0.0889631118
2,GA_WaitingTime_Dominance,201,0.4135684573342089,0.6374303151611581,0.0,25,46.034200000000006,0.0889631118
2,GA_WaitingTime_Dominance,202,0.41615691936433935,0.6339827657258257,0.0,22,46.034200000000006,0.0889631118
2,GA_WaitingTime_Dominance,203,0.41152662260482686,0.6400133724859629,0.0,11,46.034200000000006,0.0889631118
2,GA_WaitingTime_Dominance,204,0.41720694784905654,0.6342625564969454,0.0,9,46.034200000000006,0.0889631118
2,GA_WaitingTime_Dominance,205,0.4182773813202481,0.6312715879203847,0.0,34,46.034200000000006,0.0889631118
2,GA_WaitingTime_Dominance,206,0.4149871449736657,0.6358918227353005,0.0,25,46.034200000000006,0.0889631118
2,GA_WaitingTime_Dominance,207,0.4316910021555632,0.6182683820062705,4.191616766467066,7,46.034200000000006,0.0889631118
2,GA_WaitingTime_Dominance,208,0.42051833315225884,0.6301409591709096,2.9940119760479043,22,46.034200000000006,0.0889631118
2,GA_WaitingTime_Dominance,209,0.40897064027416496,0.6425293009588624,0.0,19,46.034200000000006,0.0889631118
2,GA_WaitingTime_Dominance_PC50,202,0.18016589638162006,0.8350486634222165,0.0,17,46.034200000000006,0.0889631118
2,GA_WaitingTime_Dominance_PC50,206,0.1580807661172485,0.8532035210724178,0.0,5,46.034200000000006,0.0889631118
2,GA_WaitingTime_Dominance_PC60,200,0.23655446297509974,0.8072942372235623,0.0,16,46.034200000000006,0.0889631118
2,GA_WaitingTime_Dominance_PC60,201,0.2613132899618872,0.7796695490682412,0.0,11,46.034200000000006,0.0889631118
2,GA_WaitingTime_Dominance_PC60,202,0.25232555674496154,0.7899354582969025,0.0,14,46.034200000000006,0.0889631118
2,GA_WaitingTime_Dominance_PC60,203,0.2608570138758094,0.7864676417524906,0.0,12,46.034200000000006,0.0889631118
2,GA_WaitingTime_Dominance_PC60,204,0.2339695216832833,0.8125598795543789,0.0,9,46.034200000000006,0.0889631118
2,GA_WaitingTime_Dominance_PC60,205,0.22043654983201572,0.8270491498328346,0.0,7,46.034200000000006,0.0889631118
2,GA_WaitingTime_Dominance_PC60,206,0.265850261264194,0.7740947143855278,0.0,16,46.034200000000006,0.0889631118
2,GA_WaitingTime_Dominance_PC60,207,0.19642466437138106,0.8498231004889896,0.0,18,46.034200000000006,0.0889631118
2,GA_WaitingTime_Dominance_PC60,208,0.2664781095598781,0.7646193175617167,0.0,25,46.034200000000006,0.0889631118
2,GA_WaitingTime_Dominance_PC60,209,0.2810540536097763,0.7557367574661698,0.0,11,46.034200000000006,0.0889631118
2,GA_WaitingTime_Dominance_PC70,200,0.2520399816227202,0.8085991821412705,0.0,19,46.034200000000006,0.0889631118
2,GA_WaitingTime_Dominance_PC70,201,0.26410487976080155,0.7981274142717939,0.0,8,46.034200000000006,0.0889631118
2,GA_WaitingTime_Dominance_PC70,202,0.2619184999502277,0.7914397916046407,0.0,22,46.034200000000006,0.0889631118
2,GA_WaitingTime_Dominance_PC70,203,0.2856335589694972,0.769500075121515,0.0,14,46.034200000000006,0.0889631118
2,GA_WaitingTime_Dominance_PC70,204,0.29417356524043964,0.7599917085639197,0.0,12,46.034200000000006,0.0889631118
2,GA_WaitingTime_Dominance_PC70,205,0.2743053970510632,0.784861449570247,0.0,23,46.034200000000006,0.0889631118
2,GA_WaitingTime_Dominance_PC70,206,0.2656572395567234,0.7944835688457045,0.0,15,46.034200000000006,0.0889631118
2,GA_WaitingTime_Dominance_PC70,207,0.23505907937064238,0.8284124221583637,0.0,7,46.034200000000006,0.0889631118
2,GA_WaitingTime_Dominance_PC70,208,0.22417250100536312,0.840807424498596,0.0,8,46.034200000000006,0.0889631118
2,GA_WaitingTime_Dominance_PC70,209,0.261955820945357,0.7999814265742146,0.0,14,46.034200000000006,0.0889631118
2,GA_WaitingTime_Dominance_PC80,200,0.2375833758871595,0.8308377671202598,0.0,11,46.034200000000006,0.0889631118
2,GA_WaitingTime_Dominance_PC80,201,0.29384806188191986,0.7709254808847383,0.0,13,46.034200000000006,0.0889631118
2,GA_WaitingTime_Dominance_PC80,202,0.25737594776002287,0.8082891334326517,0.0,8,46.034200000000006,0.0889631118
2,GA_WaitingTime_Dominance_PC80,203,0.2689938885643518,0.8000385645976997,0.0,9,46.034200000000006,0.0889631118
2,GA_WaitingTime_Dominance_PC80,204,0.298179625307633,0.7654380421630085,0.0,8,46.034200000000006,0.0889631118
2,GA_WaitingTime_Dominance_PC80,205,0.2752256566296286,0.7869355931255112,0.0,14,46.034200000000006,0.0889631118
2,GA_WaitingTime_Dominance_PC80,206,0.24964688955665826,0.8192864188769947,0.0,6,46.034200000000006,0.0889631118
2,GA_WaitingTime_Dominance_PC80,207,0.2446142265150828,0.8232971180075742,0.0,18,46.034200000000006,0.0889631118
2,GA_WaitingTime_Dominance_PC80,208,0.26026139230328965,0.8072881000003903,0.0,12,46.034200000000006,0.0889631118
2,GA_WaitingTime_Dominance_PC80,209,0.2961475842956919,0.7688661808459832,0.0,5,46.034200000000006,0.0889631118
2,GA_WaitingTime_Dominance_PC90,200,0.26485012700632554,0.8026752869437289,0.0,7,46.034200000000006,0.0889631118
2,GA_WaitingTime_Dominance_PC90,201,0.2648976973402547,0.8042874260476505,0.0,10,46.034200000000006,0.0889631118
2,GA_WaitingTime_Dominance_PC90,202,0.28889867038253864,0.7697494652290154,0.0,14,46.034200000000006,0.0889631118
2,GA_WaitingTime_Dominance_PC90,203,0.2967189753034028,0.7683647839854446,0.0,10,46.034200000000006,0.0889631118
2,GA_WaitingTime_Dominance_PC90,204,0.2569376016656729,0.8090553348216816,0.0,17,46.034200000000006,0.0889631118
2,GA_WaitingTime_Dominance_PC90,205,0.2789526869387392,0.7853179828536452,0.0,14,46.034200000000006,0.0889631118
2,GA_WaitingTime_Dominance_PC90,206,0.3003748979628392,0.7614566970378334,0.0,18,46.034200000000006,0.0889631118
2,GA_WaitingTime_Dominance_PC90,207,0.30835048727360076,0.7450322984452658,0.0,19,46.034200000000006,0.0889631118
2,GA_WaitingTime_Dominance_PC90,208,0.2675396813471896,0.7981865028855892,0.0,16,46.034200000000006,0.0889631118
2,GA_WaitingTime_Dominance_PC90,209,0.3007757649376304,0.7611846610525828,0.0,8,46.034200000000006,0.0889631118
2,NSGA-II,200,0.608220822973389,0.39448871650110906,0.0,46,46.034200000000006,0.0889631118
2,NSGA-II,201,0.6553486047358268,0.3330485947233773,0.0,48,46.034200000000006,0.0889631118
2,NSGA-II,202,0.6281865304522067,0.3632240841003194,0.0,48,46.034200000000006,0.0889631118
2,NSGA-II,203,0.6182898790416499,0.3822328245527745,0.0,44,46.034200000000006,0.0889631118
2,NSGA-II,204,0.6558287872741565,0.33278773895088115,1.7964071856287425,52,46.034200000000006,0.0889631118
2,NSGA-II,205,0.6744194831264139,0.31270427081272717,17.964071856287426,50,46.034200000000006,0.0889631118
2,NSGA-II,206,0.6443179436296972,0.35178996157717696,0.0,59,46.034200000000006,0.0889631118
2,NSGA-II,207,0.6393879699325974,0.3528975162705399,0.0,51,46.034200000000006,0.0889631118
2,NSGA-II,208,0.5858059436771773,0.4239405844482387,0.0,38,46.034200000000006,0.0889631118
2,NSGA-II,209,0.6398387285615957,0.35285641114789945,0.0,42,46.034200000000006,0.0889631118
2,NSGA-II_PC50,204,0.26638362618989314,0.694933384486375,0.0,12,46.034200000000006,0.0889631118
2,NSGA-II_PC50,205,0.25174977984387625,0.6886024819691716,0.0,8,46.034200000000006,0.0889631118
2,NSGA-II_PC50,206,0.1610174940982805,0.8395873540470805,0.0,4,46.034200000000006,0.0889631118
2,NSGA-II_PC50,209,0.2144677028394558,0.7425406334128127,0.0,1,46.034200000000006,0.0889631118
2,NSGA-II_PC60,200,0.398820379975627,0.5605211558646306,0.0,19,46.034200000000006,0.0889631118
2,NSGA-II_PC60,201,0.10775444373618291,0.9348554693458074,0.0,4,46.034200000000006,0.0889631118
2,NSGA-II_PC60,202,0.37329287007756073,0.5890985408728119,0.0,20,46.034200000000006,0.0889631118
2,NSGA-II_PC60,203,0.28353118055733845,0.7166765671018769,0.0,10,46.034200000000006,0.0889631118
2,NSGA-II_PC60,204,0.46732548313505023,0.4904895401259741,0.0,29,46.034200000000006,0.0889631118
2,NSGA-II_PC60,205,0.4300868833809672,0.5326253356561533,0.0,26,46.034200000000006,0.0889631118
2,NSGA-II_PC60,206,0.38070107769172473,0.6087237630141245,0.0,24,46.034200000000006,0.0889631118
2,NSGA-II_PC60,207,0.37326113577366454,0.6188297714127006,0.0,14,46.034200000000006,0.0889631118
2,NSGA-II_PC60,208,0.35776212491493675,0.6265925499439132,0.0,21,46.034200000000006,0.0889631118
2,NSGA-II_PC60,209,0.4139994144654777,0.5552392903314756,0.0,25,46.034200000000006,0.0889631118
2,NSGA-II_PC70,200,0.595254489350442,0.3760673891843476,0.0,37,46.034200000000006,0.0889631118
2,NSGA-II_PC70,201,0.37265438772306936,0.6399554732565034,0.0,25,46.034200000000006,0.0889631118
2,NSGA-II_PC70,202,0.48264822265460233,0.5069804490905917,0.0,28,46.034200000000006,0.0889631118
2,NSGA-II_PC70,203,0.3809868493376979,0.6280446930670026,0.0,32,46.034200000000006,0.0889631118
2,NSGA-II_PC70,204,0.5379851886874201,0.444369925551201,0.0,33,46.034200000000006,0.0889631118
2,NSGA-II_PC70,205,0.5348434844192068,0.4438801846571515,0.0,38,46.034200000000006,0.0889631118
2,NSGA-II_PC70,206,0.4739234787887082,0.5238121404550623,0.0,25,46.034200000000006,0.0889631118
2,NSGA-II_PC70,207,0.48572151400495966,0.4944288761964135,0.0,23,46.034200000000006,0.0889631118
2,NSGA-II_PC70,208,0.44054922811640806,0.5570107593610022,0.0,32,46.034200000000006,0.0889631118
2,NSGA-II_PC70,209,0.5959489559165602,0.3849016127004933,0.0,44,46.034200000000006,0.0889631118
2,NSGA-II_PC80,200,0.6380716349302739,0.3298770776046633,0.0,48,46.034200000000006,0.0889631118
2,NSGA-II_PC80,201,0.5691792531480702,0.4325188524553505,0.0,36,46.034200000000006,0.0889631118
2,NSGA-II_PC80,202,0.4659560562657642,0.5316503735285296,0.0,34,46.034200000000006,0.0889631118
2,NSGA-II_PC80,203,0.4650477118753245,0.5407387446895178,0.0,42,46.034200000000006,0.0889631118
2,NSGA-II_PC80,204,0.5544765972387,0.43405629822299313,0.0,45,46.034200000000006,0.0889631118
2,NSGA-II_PC80,205,0.6461013478259368,0.31574019811717574,0.0,37,46.034200000000006,0.0889631118
2,NSGA-II_PC80,206,0.584028357276433,0.4078310872523786,0.0,36,46.034200000000006,0.0889631118
2,NSGA-II_PC80,207,0.5499165172244708,0.45354987930603535,0.0,18,46.034200000000006,0.0889631118
2,NSGA-II_PC80,208,0.5641740808143014,0.4190151060374196,0.0,43,46.034200000000006,0.0889631118
2,NSGA-II_PC80,209,0.6460461991606563,0.3205317994271732,0.0,41,46.034200000000006,0.0889631118
2,NSGA-II_PC90,200,0.6406852011149742,0.34358549327907445,0.0,57,46.034200000000006,0.0889631118
2,NSGA-II_PC90,201,0.6281724064430815,0.3534408270350675,0.0,49,46.034200000000006,0.0889631118
2,NSGA-II_PC90,202,0.5799337120911559,0.423385237114234,0.0,37,46.034200000000006,0.0889631118
2,NSGA-II_PC90,203,0.5461683782284892,0.4691114985015187,0.0,25,46.034200000000006,0.0889631118
2,NSGA-II_PC90,204,0.651364037291683,0.32194516862092015,0.0,50,46.034200000000006,0.0889631118
2,NSGA-II_PC90,205,0.6278620443588885,0.36318806954263627,0.0,34,46.034200000000006,0.0889631118
2,NSGA-II_PC90,206,0.6595513879168625,0.31332536731280664,0.0,44,46.034200000000006,0.0889631118
2,NSGA-II_PC90,207,0.5358479701500583,0.4808325956771684,0.0,36,46.034200000000006,0.0889631118
2,NSGA-II_PC90,208,0.5994184120692825,0.392850173064936,0.0,39,46.034200000000006,0.0889631118
2,NSGA-II_PC90,209,0.5606183808083115,0.4487818278058834,0.0,37,46.034200000000006,0.0889631118
2,SA_Energy_Dominance,200,0.672395589327593,0.20427842478699776,0.5988023952095808,54,46.034200000000006,0.0889631118
2,SA_Energy_Dominance,201,0.6663155699974044,0.22800699115512954,0.0,35,46.034200000000006,0.0889631118
2,SA_Energy_Dominance,202,0.6756230385634227,0.1774682270247343,0.0,80,46.034200000000006,0.0889631118
2,SA_Energy_Dominance,203,0.66709839785442,0.2342566601345268,0.0,37,46.034200000000006,0.0889631118
2,SA_Energy_Dominance,204,0.6475475391259575,0.20727258091357834,0.0,44,46.034200000000006,0.0889631118
2,SA_Energy_Dominance,205,0.6472886866584121,0.22625920237275562,0.0,37,46.034200000000006,0.0889631118
2,SA_Energy_Dominance,206,0.6468051717667117,0.21666995412497045,0.0,43,46.034200000000006,0.0889631118
2,SA_Energy_Dominance,207,0.6414001131263999,0.22826821168643355,0.0,51,46.034200000000006,0.0889631118
2,SA_Energy_Dominance,208,0.6672588285259767,0.1850007944494465,0.0,67,46.034200000000006,0.0889631118
2,SA_Energy_Dominance,209,0.6812809445018642,0.18192892325618348,1.1976047904191616,45,46.034200000000006,0.0889631118
2,SA_Energy_Dominance_PC50,200,0.43785774390071186,0.40259498922846,0.0,44,46.034200000000006,0.0889631118
2,SA_Energy_Dominance_PC50,201,0.4045069046941677,0.42190561940575183,0.0,56,46.034200000000006,0.0889631118
2,SA_Energy_Dominance_PC50,202,0.3867208670640806,0.37630422117472584,0.0,59,46.034200000000006,0.0889631118
2,SA_Energy_Dominance_PC50,203,0.4453890629159774,0.3747153222816588,0.0,68,46.034200000000006,0.0889631118
2,SA_Energy_Dominance_PC50,204,0.43587961146227366,0.41364334516180284,0.0,48,46.034200000000006,0.0889631118
2,SA_Energy_Dominance_PC50,205,0.4013968374688038,0.3862613209046131,0.0,56,46.034200000000006,0.0889631118
2,SA_Energy_Dominance_PC50,206,0.42569114463627805,0.42344155500238334,0.0,55,46.034200000000006,0.0889631118
2,SA_Energy_Dominance_PC50,207,0.4778890248030612,0.3894391186907473,0.0,40,46.034200000000006,0.0889631118
2,SA_Energy_Dominance_PC50,208,0.40258144493418985,0.3921240301403319,0.0,69,46.034200000000006,0.0889631118
2,SA_Energy_Dominance_PC50,209,0.4241656938369172,0.37588051480324136,0.0,47,46.034200000000006,0.0889631118
2,SA_Energy_Dominance_PC60,200,0.5409481881442516,0.30220856946136326,0.0,75,46.034200000000006,0.0889631118
2,SA_Energy_Dominance_PC60,201,0.47505403724146567,0.37206715745988034,0.0,22,46.034200000000006,0.0889631118
2,SA_Energy_Dominance_PC60,202,0.48992064950191305,0.37353476175537575,0.0,30,46.034200000000006,0.0889631118
2,SA_Energy_Dominance_PC60,203,0.5538652375885631,0.31163603622689473,0.0,46,46.034200000000006,0.0889631118
2,SA_Energy_Dominance_PC60,204,0.48804976962123914,0.362004131137122,0.0,21,46.034200000000006,0.0889631118
2,SA_Energy_Dominance_PC60,205,0.5394523763764062,0.33356284095122074,0.0,37,46.034200000000006,0.0889631118
2,SA_Energy_Dominance_PC60,206,0.47160981453244705,0.3956887876701447,0.0,20,46.034200000000006,0.0889631118
2,SA_Energy_Dominance_PC60,207,0.535122090413466,0.3169323658704517,0.0,46,46.034200000000006,0.0889631118
2,SA_Energy_Dominance_PC60,208,0.45638150354357154,0.36234779329718186,0.0,45,46.034200000000006,0.0889631118
2,SA_Energy_Dominance_PC60,209,0.51284351757447,0.32937874053281074,0.0,54,46.034200000000006,0.0889631118
2,SA_Energy_Dominance_PC70,200,0.58086430852543,0.2769980403580319,0.0,54,46.034200000000006,0.0889631118
2,SA_Energy_Dominance_PC70,201,0.5503775008298402,0.316667549388274,0.0,42,46.034200000000006,0.0889631118
2,SA_Energy_Dominance_PC70,202,0.5470461692395729,0.3421958582702187,0.0,25,46.034200000000006,0.0889631118
2,SA_Energy_Dominance_PC70,203,0.5622040449432859,0.2576664371590488,0.0,42,46.034200000000006,0.0889631118
2,SA_Energy_Dominance_PC70,204,0.5910746264212086,0.3123775223769928,0.0,26,46.034200000000006,0.0889631118
2,SA_Energy_Dominance_PC70,205,0.591218051094517,0.2843599385625761,0.0,29,46.034200000000006,0.0889631118
2,SA_Energy_Dominance_PC70,206,0.48567096185821396,0.36740638737355014,0.0,43,46.034200000000006,0.0889631118
2,SA_Energy_Dominance_PC70,207,0.5679410270656077,0.2805995445156507,0.0,40,46.034200000000006,0.0889631118
2,SA_Energy_Dominance_PC70,208,0.5926939604068445,0.3120067793019437,0.0,32,46.034200000000006,0.0889631118
2,SA_Energy_Dominance_PC70,209,0.5456518338015193,0.31137121974471693,0.0,44,46.034200000000006,0.0889631118
2,SA_Energy_Dominance_PC80,200,0.6316157584748353,0.2147661670462369,0.0,44,46.034200000000006,0.0889631118
2,SA_Energy_Dominance_PC80,201,0.6405076990614414,0.2579316948945633,0.0,51,46.034200000000006,0.0889631118
2,SA_Energy_Dominance_PC80,202,0.6282278405673494,0.22324029447592822,0.0,49,46.034200000000006,0.0889631118
2,SA_Energy_Dominance_PC80,203,0.6207418361189743,0.2501456490651979,0.0,26,46.034200000000006,0.0889631118
2,SA_Energy_Dominance_PC80,204,0.6433705554353647,0.224374928577471,0.0,35,46.034200000000006,0.0889631118
2,SA_Energy_Dominance_PC80,205,0.6167878459374462,0.26296276680260583,0.0,35,46.034200000000006,0.0889631118
2,SA_Energy_Dominance_PC80,206,0.5968102848296268,0.24219575953084616,0.0,47,46.034200000000006,0.0889631118
2,SA_Energy_Dominance_PC80,207,0.6083668972912591,0.25666013452677294,0.0,54,46.034200000000006,0.0889631118
2,SA_Energy_Dominance_PC80,208,0.6340259521419477,0.23231640021127292,0.0,46,46.034200000000006,0.0889631118
2,SA_Energy_Dominance_PC80,209,0.627461241035238,0.21115730045532474,0.0,57,46.034200000000006,0.0889631118
2,SA_Energy_Dominance_PC90,200,0.6549476205210889,0.21990845736946832,0.0,57,46.034200000000006,0.0889631118
2,SA_Energy_Dominance_PC90,201,0.6685663212922982,0.19262169709159355,0.0,40,46.034200000000006,0.0889631118
2,SA_Energy_Dominance_PC90,202,0.6760825220712356,0.18719853269936304,1.1976047904191616,41,46.034200000000006,0.0889631118
2,SA_Energy_Dominance_PC90,203,0.6437413517956836,0.21868545098246914,0.0,45,46.034200000000006,0.0889631118
2,SA_Energy_Dominance_PC90,204,0.7008385971714338,0.1891596847427393,2.9940119760479043,61,46.034200000000006,0.0889631118
2,SA_Energy_Dominance_PC90,205,0.652765116680906,0.23761915133336167,0.0,63,46.034200000000006,0.0889631118
2,SA_Energy_Dominance_PC90,206,0.6462957288917583,0.24314579216279458,0.0,42,46.034200000000006,0.0889631118
2,SA_Energy_Dominance_PC90,207,0.6479337517228596,0.24919230972935758,0.0,34,46.034200000000006,0.0889631118
2,SA_Energy_Dominance_PC90,208,0.6343676072624979,0.258207299032821,0.0,62,46.034200000000006,0.0889631118
2,SA_Energy_Dominance_PC90,209,0.6730874571682703,0.22504104655473753,0.0,37,46.034200000000006,0.0889631118
2,SA_WaitingTime_Dominance,200,0.40258828489381976,0.641409186366915,0.0,16,46.034200000000006,0.0889631118
2,SA_WaitingTime_Dominance,201,0.4057932482914611,0.6399676049767266,0.0,21,46.034200000000006,0.0889631118
2,SA_WaitingTime_Dominance,202,0.40542475483351526,0.6404075820301726,0.0,14,46.034200000000006,0.0889631118
2,SA_WaitingTime_Dominance,203,0.4030501196721421,0.641409186366915,0.0,10,46.034200000000006,0.0889631118
2,SA_WaitingTime_Dominance,204,0.4078506870107671,0.6403790843814902,5.9880239520958085,12,46.034200000000006,0.0889631118
2,SA_WaitingTime_Dominance,205,0.4011565902812391,0.640759877670394,0.0,29,46.034200000000006,0.0889631118
2,SA_WaitingTime_Dominance,206,0.4057674274758235,0.640167516695864,0.0,8,46.034200000000006,0.0889631118
2,SA_WaitingTime_Dominance,207,0.4056635057643705,0.6373558121263728,0.0,15,46.034200000000006,0.0889631118
2,SA_WaitingTime_Dominance,208,0.4043594201342262,0.6410347681780507,0.0,13,46.034200000000006,0.0889631118
2,SA_WaitingTime_Dominance,209,0.40954000321618894,0.6356795414190728,0.0,14,46.034200000000006,0.0889631118
2,SA_WaitingTime_Dominance_PC50,200,0.26208224123347285,0.7879405753137669,0.0,3,46.034200000000006,0.0889631118
2,SA_WaitingTime_Dominance_PC50,201,0.25328436353682293,0.7956754746761521,0.0,9,46.034200000000006,0.0889631118
2,SA_WaitingTime_Dominance_PC50,202,0.24471819363303057,0.807197183461773,0.0,8,46.034200000000006,0.0889631118
2,SA_WaitingTime_Dominance_PC50,203,0.20659616527729213,0.85128109538301,0.0,11,46.034200000000006,0.0889631118
2,SA_WaitingTime_Dominance_PC50,204,0.26785204761630843,0.7759754164724404,0.0,13,46.034200000000006,0.0889631118
2,SA_WaitingTime_Dominance_PC50,205,0.2738416007992194,0.771520648806301,0.0,15,46.034200000000006,0.0889631118
2,SA_WaitingTime_Dominance_PC50,206,0.24026113877454702,0.8031934779110875,0.0,16,46.034200000000006,0.0889631118
2,SA_WaitingTime_Dominance_PC50,207,0.26899081132553215,0.7742457186207824,0.0,9,46.034200000000006,0.0889631118
2,SA_WaitingTime_Dominance_PC50,208,0.2585504911633075,0.787646274053752,0.0,11,46.034200000000006,0.0889631118
2,SA_WaitingTime_Dominance_PC50,209,0.24147241290727303,0.8088111780052578,0.0,10,46.034200000000006,0.0889631118
2,SA_WaitingTime_Dominance_PC60,200,0.2892502737998178,0.7634717995546757,0.0,20,46.034200000000006,0.0889631118
2,SA_WaitingTime_Dominance_PC60,201,0.25823455304142034,0.79786437003212,0.0,23,46.034200000000006,0.0889631118
2,SA_WaitingTime_Dominance_PC60,202,0.27684204478050156,0.7786681350329925,0.0,15,46.034200000000006,0.0889631118
2,SA_WaitingTime_Dominance_PC60,203,0.2907246975312574,0.7651507344828875,0.0,18,46.034200000000006,0.0889631118
2,SA_WaitingTime_Dominance_PC60,204,0.28616608950605965,0.7712470428337261,0.0,13,46.034200000000006,0.0889631118
2,SA_WaitingTime_Dominance_PC60,205,0.2660832364293776,0.7926499663784836,0.0,8,46.034200000000006,0.0889631118
2,SA_WaitingTime_Dominance_PC60,206,0.28751179208113464,0.768038179046873,0.0,11,46.034200000000006,0.0889631118
2,SA_WaitingTime_Dominance_PC60,207,0.25219519245428396,0.8093501118354305,0.0,11,46.034200000000006,0.0889631118
2,SA_WaitingTime_Dominance_PC60,208,0.28186162442164653,0.7697288650923215,0.0,10,46.034200000000006,0.0889631118
2,SA_WaitingTime_Dominance_PC60,209,0.2698786813818504,0.7896339731555007,0.0,8,46.034200000000006,0.0889631118
2,SA_WaitingTime_Dominance_PC70,200,0.32526322176270284,0.7362713410041962,0.0,11,46.034200000000006,0.0889631118
2,SA_WaitingTime_Dominance_PC70,201,0.29196536720157046,0.7722591613279961,0.0,12,46.034200000000006,0.0889631118
2,SA_WaitingTime_Dominance_PC70,202,0.2807689185079018,0.7847056402222762,0.0,6,46.034200000000006,0.0889631118
2,SA_WaitingTime_Dominance_PC70,203,0.2676114329065421,0.8007702738409951,0.0,16,46.034200000000006,0.0889631118
2,SA_WaitingTime_Dominance_PC70,204,0.29211400815098854,0.7685673123501198,0.0,23,46.034200000000006,0.0889631118
2,SA_WaitingTime_Dominance_PC70,205,0.27954644680020757,0.7853516186426577,0.0,12,46.034200000000006,0.0889631118
2,SA_WaitingTime_Dominance_PC70,206,0.2790599460318152,0.7861298090257904,0.0,18,46.034200000000006,0.0889631118
2,SA_WaitingTime_Dominance_PC70,207,0.2766852465364702,0.7868907771237434,0.0,23,46.034200000000006,0.0889631118
2,SA_WaitingTime_Dominance_PC70,208,0.2691217477490782,0.7981272239703003,0.0,8,46.034200000000006,0.0889631118
2,SA_WaitingTime_Dominance_PC70,209,0.26360575783777757,0.8041290952048881,0.0,15,46.034200000000006,0.0889631118
2,SA_WaitingTime_Dominance_PC80,200,0.3263766035860837,0.7286564743089657,0.0,14,46.034200000000006,0.0889631118
2,SA_WaitingTime_Dominance_PC80,201,0.2993416501933516,0.7613252462810572,0.0,21,46.034200000000006,0.0889631118
2,SA_WaitingTime_Dominance_PC80,202,0.2654654279826767,0.8059620791922542,0.0,22,46.034200000000006,0.0889631118
2,SA_WaitingTime_Dominance_PC80,203,0.2566419754182609,0.814846685028858,0.0,10,46.034200000000006,0.0889631118
2,SA_WaitingTime_Dominance_PC80,204,0.2857653579804584,0.7826541901201363,0.0,11,46.034200000000006,0.0889631118
2,SA_WaitingTime_Dominance_PC80,205,0.2836346380848682,0.7862216770718771,0.0,13,46.034200000000006,0.0889631118
2,SA_WaitingTime_Dominance_PC80,206,0.2630247137456262,0.8034698432553203,0.0,17,46.034200000000006,0.0889631118
2,SA_WaitingTime_Dominance_PC80,207,0.28443554118691533,0.7803014451780887,0.0,15,46.034200000000006,0.0889631118
2,SA_WaitingTime_Dominance_PC80,208,0.2598339821380029,0.8122869396370322,0.0,14,46.034200000000006,0.0889631118
2,SA_WaitingTime_Dominance_PC80,209,0.2988626271625321,0.7695633503681716,7.18562874251497,16,46.034200000000006,0.0889631118
2,SA_WaitingTime_Dominance_PC90,200,0.4035293238980841,0.6415853103993393,0.0,24,46.034200000000006,0.0889631118
2,SA_WaitingTime_Dominance_PC90,201,0.4021956006683083,0.643412347465027,0.0,19,46.034200000000006,0.0889631118
2,SA_WaitingTime_Dominance_PC90,202,0.34153238988364065,0.7131752099191994,0.0,11,46.034200000000006,0.0889631118
2,SA_WaitingTime_Dominance_PC90,203,0.40284105008604515,0.6424424759023597,0.0,18,46.034200000000006,0.0889631118
2,SA_WaitingTime_Dominance_PC90,204,0.40405816756264257,0.6410347681780507,0.0,14,46.034200000000006,0.0889631118
2,SA_WaitingTime_Dominance_PC90,205,0.4021178997007437,0.643412347465027,0.0,11,46.034200000000006,0.0889631118
2,SA_WaitingTime_Dominance_PC90,206,0.40446872713069965,0.6402852657450935,0.0,6,46.034200000000006,0.0889631118
2,SA_WaitingTime_Dominance_PC90,207,0.4038960167005698,0.6417995423058778,0.0,17,46.034200000000006,0.0889631118
2,SA_WaitingTime_Dominance_PC90,208,0.4039306505766445,0.6410347681780507,0.0,14,46.034200000000006,0.0889631118
2,SA_WaitingTime_Dominance_PC90,209,0.40440444198879244,0.640439742982609,0.0,14,46.034200000000006,0.0889631118
2,SPEA-II,200,0.609078932080259,0.39555811574498445,0.0,40,46.034200000000006,0.0889631118
2,SPEA-II,201,0.5725801424283797,0.44023909860272076,0.0,37,46.034200000000006,0.0889631118
2,SPEA-II,202,0.557079642411137,0.4666788269321142,18.562874251497007,31,46.034200000000006,0.0889631118
2,SPEA-II,203,0.5698499740974896,0.4388845325705287,0.0,34,46.034200000000006,0.0889631118
2,SPEA-II,204,0.5644021460731522,0.44862649421164724,0.0,30,46.034200000000006,0.0889631118
2,SPEA-II,205,0.6174760430824898,0.3881179458209743,0.0,47,46.034200000000006,0.0889631118
2,SPEA-II,206,0.6405211531612475,0.35806529605821874,0.0,41,46.034200000000006,0.0889631118
2,SPEA-II,207,0.5421774237836798,0.47959021237551513,0.0,34,46.034200000000006,0.0889631118
2,SPEA-II,208,0.6145032979935594,0.3863364383876554,0.0,45,46.034200000000006,0.0889631118
2,SPEA-II,209,0.5987704541122807,0.4096113577259884,7.7844311377245505,36,46.034200000000006,0.0889631118
2,SPEA-II_PC50,202,0.16811780869138548,0.809991808472204,0.0,5,46.034200000000006,0.0889631118
2,SPEA-II_PC50,205,0.3062482292040109,0.6145256749542014,0.0,16,46.034200000000006,0.0889631118
2,SPEA-II_PC50,208,0.2574090417452557,0.7271316835906544,0.0,7,46.034200000000006,0.0889631118
2,SPEA-II_PC60,200,0.3869837188814026,0.5848079082449932,0.0,21,46.034200000000006,0.0889631118
2,SPEA-II_PC60,201,0.27009546975404236,0.7377633998655904,0.0,10,46.034200000000006,0.0889631118
2,SPEA-II_PC60,202,0.36683042178727554,0.6148747830444036,0.0,17,46.034200000000006,0.0889631118
2,SPEA-II_PC60,203,0.22171377893488659,0.7801184702918913,0.0,14,46.034200000000006,0.0889631118
2,SPEA-II_PC60,204,0.43663982619485553,0.5243407980045744,0.0,21,46.034200000000006,0.0889631118
2,SPEA-II_PC60,205,0.5041737942179846,0.4661872781738742,0.0,39,46.034200000000006,0.0889631118
2,SPEA-II_PC60,206,0.3196057744868111,0.6592917225796245,0.0,16,46.034200000000006,0.0889631118
2,SPEA-II_PC60,207,0.3418527395097516,0.6365884213530074,0.0,22,46.034200000000006,0.0889631118
2,SPEA-II_PC60,208,0.48223247963567917,0.4985625100919264,0.0,22,46.034200000000006,0.0889631118
2,SPEA-II_PC60,209,0.23586508491863548,0.7511886944927417,0.0,12,46.034200000000006,0.0889631118
2,SPEA-II_PC70,200,0.48532183445503485,0.5125122280603546,0.0,23,46.034200000000006,0.0889631118
2,SPEA-II_PC70,201,0.43493847764007704,0.5643244263670713,0.0,22,46.034200000000006,0.0889631118
2,SPEA-II_PC70,202,0.4599018555911007,0.535899948609082,0.0,26,46.034200000000006,0.0889631118
2,SPEA-II_PC70,203,0.39202809405934924,0.5987355036647785,0.0,30,46.034200000000006,0.0889631118
2,SPEA-II_PC70,204,0.5492239571218054,0.4446212662490122,0.0,18,46.034200000000006,0.0889631118
2,SPEA-II_PC70,205,0.5385521965239195,0.4494848490990033,0.0,33,46.034200000000006,0.0889631118
2,SPEA-II_PC70,206,0.4218703027790113,0.5730956125134272,0.0,22,46.034200000000006,0.0889631118
2,SPEA-II_PC70,207,0.4691289820130143,0.52894533294626,0.0,34,46.034200000000006,0.0889631118
2,SPEA-II_PC70,208,0.543881099488309,0.45087757058068295,0.0,21,46.034200000000006,0.0889631118
2,SPEA-II_PC70,209,0.38268129083881286,0.6280009712988238,0.0,12,46.034200000000006,0.0889631118
2,SPEA-II_PC80,200,0.5880109070710307,0.4120271876131996,0.0,38,46.034200000000006,0.0889631118
2,SPEA-II_PC80,201,0.4809103491486719,0.52286358265969,0.0,30,46.034200000000006,0.0889631118
2,SPEA-II_PC80,202,0.543042434092566,0.4596339607859033,0.0,30,46.034200000000006,0.0889631118
2,SPEA-II_PC80,203,0.47425488441864866,0.5316464247725353,0.0,32,46.034200000000006,0.0889631118
2,SPEA-II_PC80,204,0.5945283573008011,0.3885929383492621,0.0,40,46.034200000000006,0.0889631118
2,SPEA-II_PC80,205,0.5552560380192366,0.4506205684134343,0.0,37,46.034200000000006,0.0889631118
2,SPEA-II_PC80,206,0.5208586475452331,0.4775153076142766,0.0,39,46.034200000000006,0.0889631118
2,SPEA-II_PC80,207,0.47750105502219314,0.5277513337993814,0.0,31,46.034200000000006,0.0889631118
2,SPEA-II_PC80,208,0.5840997481933301,0.4190100630478364,0.0,34,46.034200000000006,0.0889631118
2,SPEA-II_PC80,209,0.4736225511651544,0.5337969743775214,0.0,33,46.034200000000006,0.0889631118
2,SPEA-II_PC90,200,0.5772440980178816,0.43169798696225437,0.0,32,46.034200000000006,0.0889631118
2,SPEA-II_PC90,201,0.5778799389480218,0.4215558212798743,0.0,47,46.034200000000006,0.0889631118
2,SPEA-II_PC90,202,0.5513312205707951,0.4623497058271935,0.0,37,46.034200000000006,0.0889631118
2,SPEA-II_PC90,203,0.5685800776519389,0.4396368895258914,0.0,45,46.034200000000006,0.0889631118
2,SPEA-II_PC90,204,0.5715400222413605,0.43503435274989005,0.0,42,46.034200000000006,0.0889631118
2,SPEA-II_PC90,205,0.6209261318695519,0.3675457834469863,0.0,45,46.034200000000006,0.0889631118
2,SPEA-II_PC90,206,0.5206059777494406,0.5013804946107092,0.0,39,46.034200000000006,0.0889631118
2,SPEA-II_PC90,207,0.5323403179584878,0.48785586260384395,0.0,30,46.034200000000006,0.0889631118
2,SPEA-II_PC90,208,0.603610381191083,0.3944981840004212,0.0,53,46.034200000000006,0.0889631118
2,SPEA-II_PC90,209,0.6038189669227658,0.3969717228155984,0.0,43,46.034200000000006,0.0889631118
3,AMOSA,200,0.30023729833088475,0.7588064158897745,0.0,25,32.8498,0.0495011067
3,AMOSA,201,0.30013285468288203,0.7588064158897745,0.0,26,32.8498,0.0495011067
3,AMOSA,202,0.3011930824283578,0.7570500819833258,0.0,25,32.8498,0.0495011067
3,AMOSA,203,0.30043533054393273,0.7588064158897745,0.0,23,32.8498,0.0495011067
3,AMOSA,204,0.3002209118129529,0.7588064158897745,0.0,26,32.8498,0.0495011067
3,AMOSA,205,0.29920065676682356,0.7588064158897745,0.0,28,32.8498,0.0495011067
3,AMOSA,206,0.30826281813708856,0.7504913599820315,0.0,20,32.8498,0.0495011067
3,AMOSA,207,0.3059887930026259,0.752683196207644,0.0,24,32.8498,0.0495011067
3,AMOSA,208,0.3004691760691767,0.7588064158897745,0.0,26,32.8498,0.0495011067
3,AMOSA,209,0.3007684578365756,0.7588064158897745,0.0,26,32.8498,0.0495011067
3,AMOSA_PC50,200,0.15568108030834973,0.8939314880934629,0.0,1,32.8498,0.0495011067
3,AMOSA_PC50,201,0.2716442401819703,0.7525306612825458,0.0,6,32.8498,0.0495011067
3,AMOSA_PC50,202,0.26075728814724924,0.7631979780785043,0.0,3,32.8498,0.0495011067
3,AMOSA_PC50,203,0.246838223973884,0.770294657075357,0.0,2,32.8498,0.0495011067
3,AMOSA_PC50,204,0.18405535387031685,0.8568065800634616,0.0,9,32.8498,0.0495011067
3,AMOSA_PC50,205,0.24941807580632794,0.7843554003322756,0.0,5,32.8498,0.0495011067
3,AMOSA_PC50,206,0.23719878311503018,0.795500186136254,0.0,4,32.8498,0.0495011067
3,AMOSA_PC50,207,0.2503463532147745,0.7713968142359068,0.0,11,32.8498,0.0495011067
3,AMOSA_PC50,208,0.25090371298442454,0.7755937069439258,0.0,5,32.8498,0.0495011067
3,AMOSA_PC50,209,0.25383548598394823,0.7807831398212006,0.0,8,32.8498,0.0495011067
3,AMOSA_PC60,200,0.2919656224499926,0.7415098730552429,0.0,7,32.8498,0.0495011067
3,AMOSA_PC60,201,0.30115455324039475,0.730936897375834,0.0,16,32.8498,0.0495011067
3,AMOSA_PC60,202,0.3208739586448639,0.7154094463211639,0.0,18,32.8498,0.0495011067
3,AMOSA_PC60,203,0.33810832556129766,0.690611553698029,0.0,11,32.8498,0.0495011067
3,AMOSA_PC60,204,0.28540099977481204,0.7575420994434827,0.0,8,32.8498,0.0495011067
3,AMOSA_PC60,205,0.3217902929782283,0.7114451609805812,0.0,13,32.8498,0.0495011067
3,AMOSA_PC60,206,0.3287476613686393,0.7050811644155828,0.0,10,32.8498,0.0495011067
3,AMOSA_PC60,207,0.31202805741956396,0.7208230932281042,0.0,15,32.8498,0.0495011067
3,AMOSA_PC60,208,0.2636743261692509,0.7823378097987967,0.0,12,32.8498,0.0495011067
3,AMOSA_PC60,209,0.2836349344987196,0.7628500462500889,0.0,11,32.8498,0.0495011067
3,AMOSA_PC70,200,0.3456589112900439,0.6910625557142768,0.0,20,32.8498,0.0495011067
3,AMOSA_PC70,201,0.40712406539604046,0.6199009843538671,0.0,21,32.8498,0.0495011067
3,AMOSA_PC70,202,0.4151707943271685,0.612537285304715,0.0,29,32.8498,0.0495011067
3,AMOSA_PC70,203,0.34996696157902996,0.6800052284898757,0.0,19,32.8498,0.0495011067
3,AMOSA_PC70,204,0.31516472622577474,0.7276106176170453,0.0,24,32.8498,0.0495011067
3,AMOSA_PC70,205,0.41160216146511536,0.620427190676546,0.0,31,32.8498,0.0495011067
3,AMOSA_PC70,206,0.4055312128317375,0.6235358032091313,0.0,22,32.8498,0.0495011067
3,AMOSA_PC70,207,0.3867357938804067,0.6462101254205272,0.0,28,32.8498,0.0495011067
3,AMOSA_PC70,208,0.4530652118732263,0.5701382276415333,0.0,35,32.8498,0.0495011067
3,AMOSA_PC70,209,0.32345940531294315,0.722256731275037,0.0,21,32.8498,0.0495011067
3,AMOSA_PC80,200,0.40193641388408413,0.6388878335043804,0.0,26,32.8498,0.0495011067
3,AMOSA_PC80,201,0.3470234966744789,0.7003749639715976,0.0,23,32.8498,0.0495011067
3,AMOSA_PC80,202,0.38144355959440795,0.6595751728873702,0.0,30,32.8498,0.0495011067
3,AMOSA_PC80,203,0.4052164783554634,0.6316706261771309,0.0,23,32.8498,0.0495011067
3,AMOSA_PC80,204,0.42107890611922494,0.6127038091260985,0.0,41,32.8498,0.0495011067
3,AMOSA_PC80,205,0.4032814843470895,0.6343828493445669,0.0,28,32.8498,0.0495011067
3,AMOSA_PC80,206,0.3829296294193927,0.6564815004960182,0.0,23,32.8498,0.0495011067
3,AMOSA_PC80,207,0.4044852988624287,0.6316049343201733,0.0,32,32.8498,0.0495011067
3,AMOSA_PC80,208,0.3912900346499702,0.6454043649944771,0.0,27,32.8498,0.0495011067
3,AMOSA_PC80,209,0.4038314316908699,0.6336477048669665,0.0,23,32.8498,0.0495011067
3,AMOSA_PC90,200,0.3987281335239635,0.6443196659764918,0.0,39,32.8498,0.0495011067
3,AMOSA_PC90,201,0.31999721302439416,0.7370880948505362,0.0,30,32.8498,0.0495011067
3,AMOSA_PC90,202,0.3291853473218422,0.7255269435375131,0.0,35,32.8498,0.0495011067
3,AMOSA_PC90,203,0.33371000545970614,0.7221052595060566,0.0,25,32.8498,0.0495011067
3,AMOSA_PC90,204,0.3085939544554947,0.7494295467983698,0.0,19,32.8498,0.0495011067
3,AMOSA_PC90,205,0.3364540874642141,0.7185839745330465,0.0,27,32.8498,0.0495011067
3,AMOSA_PC90,206,0.30149076726672536,0.7573907395856723,0.0,26,32.8498,0.0495011067
3,AMOSA_PC90,207,0.3013484952545389,0.7571389394525317,0.0,22,32.8498,0.0495011067
3,AMOSA_PC90,208,0.3049564975122008,0.7544395860696782,0.0,19,32.8498,0.0495011067
3,AMOSA_PC90,209,0.29993976570354036,0.7581774191571893,0.0,23,32.8498,0.0495011067
3,GA_Energy_Dominance,200,0.7574507756388242,0.1174297860478082,0.43478260869565216,100,32.8498,0.0495011067
3,GA_Energy_Dominance,201,0.7453775283802672,0.1321736389097683,2.1739130434782608,88,32.8498,0.0495011067
3,GA_Energy_Dominance,202,0.7469262369536505,0.10982721642730653,3.9130434782608696,88,32.8498,0.0495011067
3,GA_Energy_Dominance,203,0.7494128427020552,0.13631611959021533,0.0,89,32.8498,0.0495011067
3,GA_Energy_Dominance,204,0.7660808555844835,0.12986278515455812,6.086956521739131,93,32.8498,0.0495011067
3,GA_Energy_Dominance,205,0.7381984342554095,0.12923177402090763,0.0,85,32.8498,0.0495011067
3,GA_Energy_Dominance,206,0.7143716458471471,0.14753641368736498,0.0,91,32.8498,0.0495011067
3,GA_Energy_Dominance,207,0.7747858004521851,0.11422012155007943,3.9130434782608696,97,32.8498,0.0495011067
3,GA_Energy_Dominance,208,0.7522778704835332,0.11882361140149139,0.0,92,32.8498,0.0495011067
3,GA_Energy_Dominance,209,0.7496499596738975,0.1196599066137013,9.130434782608695,76,32.8498,0.0495011067
3,GA_Energy_Dominance_PC50,200,0.5556970025091255,0.30809480912906423,0.0,70,32.8498,0.0495011067
3,GA_Energy_Dominance_PC50,201,0.5174637990560916,0.3697583675562356,0.0,83,32.8498,0.0495011067
3,GA_Energy_Dominance_PC50,202,0.6359916881260973,0.1975050526169071,0.0,90,32.8498,0.0495011067
3,GA_Energy_Dominance_PC50,203,0.48117277371706085,0.41729532300277594,0.0,70,32.8498,0.0495011067
3,GA_Energy_Dominance_PC50,204,0.6012282537788419,0.22527645836062346,0.0,88,32.8498,0.0495011067
3,GA_Energy_Dominance_PC50,205,0.5854047875070238,0.31231962367406935,0.0,87,32.8498,0.0495011067
3,GA_Energy_Dominance_PC50,206,0.5652052820704813,0.22823382294656858,0.0,85,32.8498,0.0495011067
3,GA_Energy_Dominance_PC50,207,0.5442107968997149,0.34163408326314165,0.0,61,32.8498,0.0495011067
3,GA_Energy_Dominance_PC50,208,0.5496116604997241,0.346308500934766,0.0,65,32.8498,0.0495011067
3,GA_Energy_Dominance_PC50,209,0.5629482590337431,0.3461723609961144,0.0,100,32.8498,0.0495011067
3,GA_Energy_Dominance_PC60,200,0.6067188870135383,0.2515814587139829,0.0,86,32.8498,0.0495011067
3,GA_Energy_Dominance_PC60,201,0.5875808059814158,0.332826394383805,0.0,97,32.8498,0.0495011067
3,GA_Energy_Dominance_PC60,202,0.6494372337344703,0.18724243993881365,0.0,96,32.8498,0.0495011067
3,GA_Energy_Dominance_PC60,203,0.5601108404563874,0.32090220323437824,0.0,94,32.8498,0.0495011067
3,GA_Energy_Dominance_PC60,204,0.6511412106429616,0.2065543350834188,0.0,98,32.8498,0.0495011067
3,GA_Energy_Dominance_PC60,205,0.618763481435749,0.2413638010002283,0.0,95,32.8498,0.0495011067
3,GA_Energy_Dominance_PC60,206,0.6278491264736232,0.1823956231093655,0.0,98,32.8498,0.0495011067
3,GA_Energy_Dominance_PC60,207,0.6154721851643594,0.2772086690645126,0.0,103,32.8498,0.0495011067
3,GA_Energy_Dominance_PC60,208,0.6080927481452886,0.3077334479602147,0.0,97,32.8498,0.0495011067
3,GA_Energy_Dominance_PC60,209,0.6038908037270836,0.31076204400604623,0.0,82,32.8498,0.0495011067
3,GA_Energy_Dominance_PC70,200,0.6828520438345109,0.17260037410785128,0.0,91,32.8498,0.0495011067
3,GA_Energy_Dominance_PC70,201,0.6610559165186648,0.21607512193981004,0.0,111,32.8498,0.0495011067
3,GA_Energy_Dominance_PC70,202,0.7140847061051723,0.12570981758087568,0.0,107,32.8498,0.0495011067
3,GA_Energy_Dominance_PC70,203,0.5589263061478341,0.3209389100982317,0.0,96,32.8498,0.0495011067
3,GA_Energy_Dominance_PC70,204,0.6889401419069512,0.16664530095907326,0.0,101,32.8498,0.0495011067
3,GA_Energy_Dominance_PC70,205,0.6400924139470985,0.22468433635864665,0.0,98,32.8498,0.0495011067
3,GA_Energy_Dominance_PC70,206,0.6484276043652886,0.1681934800887927,0.0,108,32.8498,0.0495011067
3,GA_Energy_Dominance_PC70,207,0.6313393978303404,0.2615361251775681,0.0,116,32.8498,0.0495011067
3,GA_Energy_Dominance_PC70,208,0.6656311300403658,0.23813947231756885,0.0,101,32.8498,0.0495011067
3,GA_Energy_Dominance_PC70,209,0.6272765728809138,0.295358534572466,0.0,89,32.8498,0.0495011067
3,GA_Energy_Dominance_PC80,200,0.6901190139993447,0.21951152229015897,2.608695652173913,74,32.8498,0.0495011067
3,GA_Energy_Dominance_PC80,201,0.529871620459776,0.45832380456348015,0.0,70,32.8498,0.0495011067
3,GA_Energy_Dominance_PC80,202,0.7187353680426061,0.16614041371433333,1.7391304347826086,110,32.8498,0.0495011067
3,GA_Energy_Dominance_PC80,203,0.6920944416867566,0.21660345457472432,0.0,94,32.8498,0.0495011067
3,GA_Energy_Dominance_PC80,204,0.7002062847794608,0.15539526269944193,0.0,78,32.8498,0.0495011067
3,GA_Energy_Dominance_PC80,205,0.5036749886345959,0.49499530448707263,0.0,56,32.8498,0.0495011067
3,GA_Energy_Dominance_PC80,206,0.6782343690179728,0.22878806301740376,0.0,86,32.8498,0.0495011067
3,GA_Energy_Dominance_PC80,207,0.5274042545194274,0.46279750955119886,0.0,61,32.8498,0.0495011067
3,GA_Energy_Dominance_PC80,208,0.7270894412903003,0.15822622361855015,3.0434782608695654,95,32.8498,0.0495011067
3,GA_Energy_Dominance_PC80,209,0.7113519986707608,0.1643234799091751,0.0,100,32.8498,0.0495011067
3,GA_Energy_Dominance_PC90,200,0.7383132643760011,0.1314741381399035,0.0,104,32.8498,0.0495011067
3,GA_Energy_Dominance_PC90,201,0.7438119492335272,0.12273863196540025,0.0,100,32.8498,0.0495011067
3,GA_Energy_Dominance_PC90,202,0.7225137665471957,0.14275237801444612,0.43478260869565216,83,32.8498,0.0495011067
3,GA_Energy_Dominance_PC90,203,0.7265263999936581,0.1333402009488166,0.0,86,32.8498,0.0495011067
3,GA_Energy_Dominance_PC90,204,0.7208709771045272,0.13306909613880152,0.0,83,32.8498,0.0495011067
3,GA_Energy_Dominance_PC90,205,0.7525288574227295,0.10223708969266151,7.391304347826087,105,32.8498,0.0495011067
3,GA_Energy_Dominance_PC90,206,0.7075772617209328,0.1623699025650992,0.0,95,32.8498,0.0495011067
3,GA_Energy_Dominance_PC90,207,0.744339378675944,0.12920761028643113,0.0,107,32.8498,0.0495011067
3,GA_Energy_Dominance_PC90,208,0.7364150521181525,0.11770855111854485,0.0,103,32.8498,0.0495011067
3,GA_Energy_Dominance_PC90,209,0.7347953520010663,0.1285803888772737,0.0,94,32.8498,0.0495011067
3,GA_WaitingTime_Dominance,200,0.24527793684634283,0.8246334615406354,0.0,22,32.8498,0.0495011067
3,GA_WaitingTime_Dominance,201,0.2311508855284786,0.8430382606944973,0.0,13,32.8498,0.0495011067
3,GA_WaitingTime_Dominance,202,0.2624183152873105,0.8069423199196794,0.8695652173913043,9,32.8498,0.0495011067
3,GA_WaitingTime_Dominance,203,0.24138641698827046,0.8324053565834011,1.3043478260869565,6,32.8498,0.0495011067
3,GA_WaitingTime_Dominance,204,0.2297353277427202,0.8438092727021741,0.0,18,32.8498,0.0495011067
3,GA_WaitingTime_Dominance,205,0.23585302683660908,0.8380827781187028,0.0,11,32.8498,0.0495011067
3,GA_WaitingTime_Dominance,206,0.2507403078289082,0.8187634968368588,0.0,21,32.8498,0.0495011067
3,GA_WaitingTime_Dominance,207,0.25368740788814526,0.8146774521430067,0.0,9,32.8498,0.0495011067
3,GA_WaitingTime_Dominance,208,0.23787592115668338,0.8338374838295354,0.0,25,32.8498,0.0495011067
3,GA_WaitingTime_Dominance,209,0.24042146411702925,0.830718127824603,0.0,9,32.8498,0.0495011067
3,GA_WaitingTime_Dominance_PC50,200,0.2944989895017739,0.7558205139554071,0.0,13,32.8498,0.0495011067
3,GA_WaitingTime_Dominance_PC50,201,0.29222808382393084,0.7477159629589695,0.0,19,32.8498,0.0495011067
3,GA_WaitingTime_Dominance_PC50,202,0.2812025167109018,0.7712835601315785,0.0,10,32.8498,0.0495011067
3,GA_WaitingTime_Dominance_PC50,203,0.19255698415587005,0.8693630133694121,0.0,18,32.8498,0.0495011067
3,GA_WaitingTime_Dominance_PC50,204,0.3096174742321404,0.7325287218619646,0.0,16,32.8498,0.0495011067
3,GA_WaitingTime_Dominance_PC50,205,0.24830146445872864,0.8087483423857347,0.0,9,32.8498,0.0495011067
3,GA_WaitingTime_Dominance_PC50,206,0.2705781899664348,0.784962798208996,0.0,6,32.8498,0.0495011067
3,GA_WaitingTime_Dominance_PC50,207,0.22301975005960925,0.8353046392719687,0.0,23,32.8498,0.0495011067
3,GA_WaitingTime_Dominance_PC50,208,0.22006733939644307,0.842525707534593,0.0,3,32.8498,0.0495011067
3,GA_WaitingTime_Dominance_PC50,209,0.23572602588887792,0.8235280030005624,0.0,13,32.8498,0.0495011067
3,GA_WaitingTime_Dominance_PC60,200,0.2966102557250277,0.7548518668210074,0.0,21,32.8498,0.0495011067
3,GA_WaitingTime_Dominance_PC60,201,0.2796482891780913,0.7775588670941262,0.0,10,32.8498,0.0495011067
3,GA_WaitingTime_Dominance_PC60,202,0.2990637270595412,0.7593631180063563,0.0,14,32.8498,0.0495011067
3,GA_WaitingTime_Dominance_PC60,203,0.19758402240411438,0.8742513492430358,0.0,6,32.8498,0.0495011067
3,GA_WaitingTime_Dominance_PC60,204,0.2876657157093803,0.7684978672808502,0.0,11,32.8498,0.0495011067
3,GA_WaitingTime_Dominance_PC60,205,0.2723346365491523,0.7886260984570974,0.0,13,32.8498,0.0495011067
3,GA_WaitingTime_Dominance_PC60,206,0.2658156598282908,0.7951206953578185,0.0,15,32.8498,0.0495011067
3,GA_WaitingTime_Dominance_PC60,207,0.2293314501804294,0.8387433897568939,0.0,10,32.8498,0.0495011067
3,GA_WaitingTime_Dominance_PC60,208,0.26170834438163254,0.8008857433394528,0.0,13,32.8498,0.0495011067
3,GA_WaitingTime_Dominance_PC60,209,0.2477207224175998,0.8185767730492387,0.0,11,32.8498,0.0495011067
3,GA_WaitingTime_Dominance_PC70,200,0.3089410727399028,0.7435418441741031,0.0,12,32.8498,0.0495011067
3,GA_WaitingTime_Dominance_PC70,201,0.27368307808390385,0.7859331799665353,0.0,26,32.8498,0.0495011067
3,GA_WaitingTime_Dominance_PC70,202,0.29624777808467645,0.7639127547231132,0.0,13,32.8498,0.0495011067
3,GA_WaitingTime_Dominance_PC70,203,0.20071191819984932,0.8742366888797285,0.0,12,32.8498,0.0495011067
3,GA_WaitingTime_Dominance_PC70,204,0.3101456265865982,0.7461155772683121,0.0,31,32.8498,0.0495011067
3,GA_WaitingTime_Dominance_PC70,205,0.2294484465375213,0.8411628533028653,0.0,9,32.8498,0.0495011067
3,GA_WaitingTime_Dominance_PC70,206,0.33182938753324587,0.7095181065838628,0.0,16,32.8498,0.0495011067
3,GA_WaitingTime_Dominance_PC70,207,0.25378694707622296,0.8133777158113195,0.0,12,32.8498,0.0495011067
3,GA_WaitingTime_Dominance_PC70,208,0.2502367163870381,0.8125692695171823,0.0,12,32.8498,0.0495011067
3,GA_WaitingTime_Dominance_PC70,209,0.26139971563640974,0.8032228962196797,0.0,13,32.8498,0.0495011067
3,GA_WaitingTime_Dominance_PC80,200,0.2720451799768586,0.7957193641632566,0.0,13,32.8498,0.0495011067
3,GA_WaitingTime_Dominance_PC80,201,0.2640423122158963,0.8002839969768316,0.0,12,32.8498,0.0495011067
3,GA_WaitingTime_Dominance_PC80,202,0.29869630405197445,0.7586490687843542,0.0,15,32.8498,0.0495011067
3,GA_WaitingTime_Dominance_PC80,203,0.23023919940549317,0.8417122811933782,0.0,8,32.8498,0.0495011067
3,GA_WaitingTime_Dominance_PC80,204,0.27841159363718493,0.7841026489541872,0.0,14,32.8498,0.0495011067
3,GA_WaitingTime_Dominance_PC80,205,0.23903072580255721,0.831913227212074,0.0,13,32.8498,0.0495011067
3,GA_WaitingTime_Dominance_PC80,206,0.2566441288042384,0.8080198006671807,0.0,15,32.8498,0.0495011067
3,GA_WaitingTime_Dominance_PC80,207,0.21930122265948865,0.8559675260642513,0.0,9,32.8498,0.0495011067
3,GA_WaitingTime_Dominance_PC80,208,0.24530853498630328,0.8231645714750625,0.0,8,32.8498,0.0495011067
3,GA_WaitingTime_Dominance_PC80,209,0.2895089576560792,0.7742008605185617,0.0,14,32.8498,0.0495011067
3,GA_WaitingTime_Dominance_PC90,200,0.237294721868215,0.8305885346894131,0.0,20,32.8498,0.0495011067
3,GA_WaitingTime_Dominance_PC90,201,0.2440528433017631,0.8242679596584852,0.0,16,32.8498,0.0495011067
3,GA_WaitingTime_Dominance_PC90,202,0.2604809107875916,0.8069423199196794,0.0,16,32.8498,0.0495011067
3,GA_WaitingTime_Dominance_PC90,203,0.27993042415623276,0.7844209243224773,0.0,14,32.8498,0.0495011067
3,GA_WaitingTime_Dominance_PC90,204,0.21833076367434742,0.8569005294909156,0.0,11,32.8498,0.0495011067
3,GA_WaitingTime_Dominance_PC90,205,0.2503312953645451,0.8181491045119954,0.0,17,32.8498,0.0495011067
3,GA_WaitingTime_Dominance_PC90,206,0.25163597280442307,0.8187634968368588,0.0,13,32.8498,0.0495011067
3,GA_WaitingTime_Dominance_PC90,207,0.25133045145569405,0.8146774521430067,0.0,22,32.8498,0.0495011067
3,GA_WaitingTime_Dominance_PC90,208,0.23041891537128692,0.8403188752121625,0.0,29,32.8498,0.0495011067
3,GA_WaitingTime_Dominance_PC90,209,0.23952647258967,0.830718127824603,0.0,12,32.8498,0.0495011067
3,NSGA-II,200,0.609504887240481,0.41297538396302874,1.7391304347826086,45,32.8498,0.0495011067
3,NSGA-II,201,0.6188618654741963,0.40044927858422535,0.8695652173913043,51,32.8498,0.0495011067
3,NSGA-II,202,0.6231444982268566,0.3931366669843077,0.0,59,32.8498,0.0495011067
3,NSGA-II,203,0.6072837137247175,0.4125575076531852,0.0,56,32.8498,0.0495011067
3,NSGA-II,204,0.609017900097186,0.41057074864711995,0.0,58,32.8498,0.0495011067
3,NSGA-II,205,0.5664269607039002,0.4623427585107465,0.0,55,32.8498,0.0495011067
3,NSGA-II,206,0.5918324783346458,0.4328738615066814,0.0,48,32.8498,0.0495011067
3,NSGA-II,207,0.5938206124298249,0.4281025847171757,0.0,55,32.8498,0.0495011067
3,NSGA-II,208,0.6052008901256433,0.41688315416261706,0.0,54,32.8498,0.0495011067
3,NSGA-II,209,0.58223716453819,0.44353882816806406,0.0,50,32.8498,0.0495011067
3,NSGA-II_PC50,200,0.5124967182082327,0.4731020103330941,0.0,29,32.8498,0.0495011067
3,NSGA-II_PC50,201,0.5539598281338255,0.43045092871443097,0.0,36,32.8498,0.0495011067
3,NSGA-II_PC50,202,0.49804417855581334,0.49551781774113246,0.0,33,32.8498,0.0495011067
3,NSGA-II_PC50,203,0.4982219425938032,0.4932167002577369,0.0,29,32.8498,0.0495011067
3,NSGA-II_PC50,204,0.5421652219759987,0.44339519018100343,0.0,36,32.8498,0.0495011067
3,NSGA-II_PC50,205,0.5308017131325455,0.45532570431155145,0.0,34,32.8498,0.0495011067
3,NSGA-II_PC50,206,0.43731918110014145,0.564058149715547,0.0,17,32.8498,0.0495011067
3,NSGA-II_PC50,207,0.4527526196392144,0.5490466651114745,0.0,25,32.8498,0.0495011067
3,NSGA-II_PC50,208,0.4804872785180126,0.5186281458719578,0.0,18,32.8498,0.0495011067
3,NSGA-II_PC50,209,0.44598472316155224,0.5598718326131197,0.0,23,32.8498,0.0495011067
3,NSGA-II_PC60,200,0.5481641602836687,0.44483884427767684,0.0,43,32.8498,0.0495011067
3,NSGA-II_PC60,201,0.6074609238828912,0.38514861551613666,0.0,45,32.8498,0.0495011067
3,NSGA-II_PC60,202,0.5933679606138148,0.39023704856222946,0.0,46,32.8498,0.0495011067
3,NSGA-II_PC60,203,0.5615707593423946,0.4418589855465043,0.0,38,32.8498,0.0495011067
3,NSGA-II_PC60,204,0.5532869710683311,0.44749589523816286,0.0,31,32.8498,0.0495011067
3,NSGA-II_PC60,205,0.5427957186032856,0.45930895859549675,0.0,43,32.8498,0.0495011067
3,NSGA-II_PC60,206,0.5311885214112458,0.47491200564569486,0.0,29,32.8498,0.0495011067
3,NSGA-II_PC60,207,0.5382784545534285,0.46494922562226404,0.0,45,32.8498,0.0495011067
3,NSGA-II_PC60,208,0.536722888585829,0.4713600010564413,0.0,36,32.8498,0.0495011067
3,NSGA-II_PC60,209,0.5439987080505119,0.4597240930816682,0.0,34,32.8498,0.0495011067
3,NSGA-II_PC70,200,0.5828093483377584,0.42196610356136605,0.0,42,32.8498,0.0495011067
3,NSGA-II_PC70,201,0.59634448968761,0.40621001798580364,0.0,40,32.8498,0.0495011067
3,NSGA-II_PC70,202,0.5946204932316307,0.40806807914604165,0.0,50,32.8498,0.0495011067
3,NSGA-II_PC70,203,0.5995081057104673,0.40346741093563493,0.0,41,32.8498,0.0495011067
3,NSGA-II_PC70,204,0.5975434988828563,0.404497833036032,0.0,47,32.8498,0.0495011067
3,NSGA-II_PC70,205,0.5818074851833708,0.42731568132331826,0.0,42,32.8498,0.0495011067
3,NSGA-II_PC70,206,0.6011222873689526,0.40532289813895656,0.0,36,32.8498,0.0495011067
3,NSGA-II_PC70,207,0.5973036678191206,0.4082095908208668,0.0,47,32.8498,0.0495011067
3,NSGA-II_PC70,208,0.5610537092862236,0.4527215873346099,0.0,28,32.8498,0.0495011067
3,NSGA-II_PC70,209,0.5753350850694525,0.43292987304740893,0.0,46,32.8498,0.0495011067
3,NSGA-II_PC80,200,0.6234485917293765,0.382698768087433,0.0,41,32.8498,0.0495011067
3,NSGA-II_PC80,201,0.6039048996294674,0.40948448287275074,0.0,45,32.8498,0.0495011067
3,NSGA-II_PC80,202,0.6222281907634557,0.38537999186070054,0.0,43,32.8498,0.0495011067
3,NSGA-II_PC80,203,0.5950214135203838,0.41976704906527046,0.0,46,32.8498,0.0495011067
3,NSGA-II_PC80,204,0.6354073136277855,0.37138365348228114,0.0,51,32.8498,0.0495011067
3,NSGA-II_PC80,205,0.5728772063493545,0.44391994165846854,0.0,48,32.8498,0.0495011067
3,NSGA-II_PC80,206,0.6170927484539601,0.3895332392123086,0.0,51,32.8498,0.0495011067
3,NSGA-II_PC80,207,0.6397367405008604,0.3640328801732967,0.0,56,32.8498,0.0495011067
3,NSGA-II_PC80,208,0.6373551819256041,0.3632282948145343,0.0,60,32.8498,0.0495011067
3,NSGA-II_PC80,209,0.6167497387469248,0.3917581451887403,0.0,49,32.8498,0.0495011067
3,NSGA-II_PC90,200,0.6343788302388794,0.3678244306225445,0.0,49,32.8498,0.0495011067
3,NSGA-II_PC90,201,0.642163904730325,0.36295030746754686,0.0,47,32.8498,0.0495011067
3,NSGA-II_PC90,202,0.6339840915515845,0.37582093138407185,0.0,62,32.8498,0.0495011067
3,NSGA-II_PC90,203,0.6667466075830909,0.3316149559654726,4.3478260869565215,48,32.8498,0.0495011067
3,NSGA-II_PC90,204,0.6538584701263511,0.347138546084768,0.0,63,32.8498,0.0495011067
3,NSGA-II_PC90,205,0.6372896719701191,0.3684578478463564,0.0,47,32.8498,0.0495011067
3,NSGA-II_PC90,206,0.6343592284688194,0.37629067852134224,0.0,52,32.8498,0.0495011067
3,NSGA-II_PC90,207,0.6423479873313646,0.36093389200135617,0.43478260869565216,52,32.8498,0.0495011067
3,NSGA-II_PC90,208,0.6527561535096471,0.3522377226032083,5.217391304347826,50,32.8498,0.0495011067
3,NSGA-II_PC90,209,0.6267545478040121,0.387430372367073,4.782608695652174,49,32.8498,0.0495011067
3,SA_Energy_Dominance,200,0.5696637218393332,0.3895265804976767,0.0,113,32.8498,0.0495011067
3,SA_Energy_Dominance,201,0.6217594730497894,0.29623155361185727,0.0,119,32.8498,0.0495011067
3,SA_Energy_Dominance,202,0.5553334762608334,0.4292811772070294,0.0,109,32.8498,0.0495011067
3,SA_Energy_Dominance,203,0.6000436484318606,0.33734307326091295,0.0,117,32.8498,0.0495011067
3,SA_Energy_Dominance,204,0.6283002850426814,0.2683231459662431,0.0,129,32.8498,0.0495011067
3,SA_Energy_Dominance,205,0.6017792340479851,0.3672956503429489,0.0,127,32.8498,0.0495011067
3,SA_Energy_Dominance,206,0.6052688101899237,0.33560951327761684,0.0,109,32.8498,0.0495011067
3,SA_Energy_Dominance,207,0.6259136123071183,0.29428732085050036,0.0,84,32.8498,0.0495011067
3,SA_Energy_Dominance,208,0.6117510836878839,0.23881608725311082,0.0,129,32.8498,0.0495011067
3,SA_Energy_Dominance,209,0.5907946081228674,0.37823983537419226,0.0,127,32.8498,0.0495011067
3,SA_Energy_Dominance_PC50,200,0.5581455367803485,0.27156241479013554,0.0,110,32.8498,0.0495011067
3,SA_Energy_Dominance_PC50,201,0.5856325961040141,0.2649117018068674,0.0,110,32.8498,0.0495011067
3,SA_Energy_Dominance_PC50,202,0.5928973012328456,0.2140196494751896,0.0,119,32.8498,0.0495011067
3,SA_Energy_Dominance_PC50,203,0.5903677895025716,0.19233926632267756,0.0,75,32.8498,0.0495011067
3,SA_Energy_Dominance_PC50,204,0.5541177953313772,0.29767783762103256,0.0,108,32.8498,0.0495011067
3,SA_Energy_Dominance_PC50,205,0.5477271213011977,0.2876127148323762,0.0,103,32.8498,0.0495011067
3,SA_Energy_Dominance_PC50,206,0.5724049376305187,0.22510279461983412,0.0,95,32.8498,0.0495011067
3,SA_Energy_Dominance_PC50,207,0.5560194751838724,0.2588513762024364,0.0,116,32.8498,0.0495011067
3,SA_Energy_Dominance_PC50,208,0.5634390480641427,0.25190421052908396,0.0,116,32.8498,0.0495011067
3,SA_Energy_Dominance_PC50,209,0.6000618550902463,0.2143006481287895,0.0,100,32.8498,0.0495011067
3,SA_Energy_Dominance_PC60,200,0.5669026544032846,0.2915947940490341,0.0,88,32.8498,0.0495011067
3,SA_Energy_Dominance_PC60,201,0.6093011149833244,0.29339029686508283,0.0,93,32.8498,0.0495011067
3,SA_Energy_Dominance_PC60,202,0.61347473501563,0.20788652565448865,0.0,96,32.8498,0.0495011067
3,SA_Energy_Dominance_PC60,203,0.5579583763145081,0.31367296545632317,0.0,92,32.8498,0.0495011067
3,SA_Energy_Dominance_PC60,204,0.6155421943732836,0.23165836071286733,0.0,102,32.8498,0.0495011067
3,SA_Energy_Dominance_PC60,205,0.57455932354586,0.2847646874597992,0.0,80,32.8498,0.0495011067
3,SA_Energy_Dominance_PC60,206,0.5465813133483987,0.3323265990973135,0.0,95,32.8498,0.0495011067
3,SA_Energy_Dominance_PC60,207,0.5854539293481847,0.23583191994188224,0.0,93,32.8498,0.0495011067
3,SA_Energy_Dominance_PC60,208,0.5752978625879098,0.2822071814852815,0.0,101,32.8498,0.0495011067
3,SA_Energy_Dominance_PC60,209,0.5802639454203459,0.26141330266818036,0.0,118,32.8498,0.0495011067
3,SA_Energy_Dominance_PC70,200,0.580796616219831,0.33891967782788457,0.0,109,32.8498,0.0495011067
3,SA_Energy_Dominance_PC70,201,0.6006729695296751,0.29773586356282533,0.0,95,32.8498,0.0495011067
3,SA_Energy_Dominance_PC70,202,0.6008574438052111,0.2756786754999645,0.0,89,32.8498,0.0495011067
3,SA_Energy_Dominance_PC70,203,0.6150280012232447,0.2704919844463618,0.0,101,32.8498,0.0495011067
3,SA_Energy_Dominance_PC70,204,0.6020613713069185,0.24799291512763158,0.0,120,32.8498,0.0495011067
3,SA_Energy_Dominance_PC70,205,0.6083000055334379,0.2889084783175185,0.0,99,32.8498,0.0495011067
3,SA_Energy_Dominance_PC70,206,0.6018818417027906,0.2796216977181926,0.0,104,32.8498,0.0495011067
3,SA_Energy_Dominance_PC70,207,0.598627569973931,0.31914066545851094,0.0,87,32.8498,0.0495011067
3,SA_Energy_Dominance_PC70,208,0.6377547949323404,0.24068640268649477,0.0,138,32.8498,0.0495011067
3,SA_Energy_Dominance_PC70,209,0.5799300857540989,0.2668632647498784,0.0,97,32.8498,0.0495011067
3,SA_Energy_Dominance_PC80,200,0.5941052748881036,0.32366126122657873,0.0,94,32.8498,0.0495011067
3,SA_Energy_Dominance_PC80,201,0.6460791804607828,0.21652992893584713,0.0,127,32.8498,0.0495011067
3,SA_Energy_Dominance_PC80,202,0.6125727506571792,0.2668730010216931,0.0,105,32.8498,0.0495011067
3,SA_Energy_Dominance_PC80,203,0.6420204824704218,0.26081323497311365,0.0,138,32.8498,0.0495011067
3,SA_Energy_Dominance_PC80,204,0.5766186589566709,0.32916415729182114,0.0,105,32.8498,0.0495011067
3,SA_Energy_Dominance_PC80,205,0.5961288464792457,0.3495366345972151,0.0,96,32.8498,0.0495011067
3,SA_Energy_Dominance_PC80,206,0.5798843039600521,0.35072071073441297,0.0,87,32.8498,0.0495011067
3,SA_Energy_Dominance_PC80,207,0.6092224499612326,0.28546071898338543,0.0,134,32.8498,0.0495011067
3,SA_Energy_Dominance_PC80,208,0.5941838956166843,0.3296751996509266,0.0,88,32.8498,0.0495011067
3,SA_Energy_Dominance_PC80,209,0.593127996488102,0.34969588419253034,0.0,109,32.8498,0.0495011067
3,SA_Energy_Dominance_PC90,200,0.5958353323143138,0.3384949749366542,0.0,107,32.8498,0.0495011067
3,SA_Energy_Dominance_PC90,201,0.6095271888253299,0.3177746217584299,0.0,109,32.8498,0.0495011067
3,SA_Energy_Dominance_PC90,202,0.6132288853704847,0.32170331934686175,0.0,132,32.8498,0.0495011067
3,SA_Energy_Dominance_PC90,203,0.6442109823757712,0.2694954714305611,0.0,120,32.8498,0.0495011067
3,SA_Energy_Dominance_PC90,204,0.6006197807959699,0.3331738785675392,0.0,101,32.8498,0.0495011067
3,SA_Energy_Dominance_PC90,205,0.5977747220171612,0.34396301067235263,0.0,135,32.8498,0.0495011067
3,SA_Energy_Dominance_PC90,206,0.5938418242857694,0.3520089202155611,0.0,111,32.8498,0.0495011067
3,SA_Energy_Dominance_PC90,207,0.607581744227595,0.3130378695649571,0.0,104,32.8498,0.0495011067
3,SA_Energy_Dominance_PC90,208,0.6027436422147872,0.29909301032486874,0.0,116,32.8498,0.0495011067
3,SA_Energy_Dominance_PC90,209,0.5905635939602651,0.3751327336424057,0.0,135,32.8498,0.0495011067
3,SA_WaitingTime_Dominance,200,0.1971970242179988,0.8826252704263486,0.0,26,32.8498,0.0495011067
3,SA_WaitingTime_Dominance,201,0.22831144338157752,0.8471847933758883,0.0,24,32.8498,0.0495011067
3,SA_WaitingTime_Dominance,202,0.19743673184665225,0.8819416610426641,0.0,15,32.8498,0.0495011067
3,SA_WaitingTime_Dominance,203,0.24013392885507806,0.8348056273636687,3.9130434782608696,15,32.8498,0.0495011067
3,SA_WaitingTime_Dominance,204,0.20191380014011331,0.8770969705254514,0.0,28,32.8498,0.0495011067
3,SA_WaitingTime_Dominance,205,0.21252532473609176,0.8653345469726715,1.7391304347826086,16,32.8498,0.0495011067
3,SA_WaitingTime_Dominance,206,0.19549189036959955,0.8844284951131469,0.0,32,32.8498,0.0495011067
3,SA_WaitingTime_Dominance,207,0.21083281862151987,0.8670656449102211,1.7391304347826086,25,32.8498,0.0495011067
3,SA_WaitingTime_Dominance,208,0.19565057024479562,0.8839865019461073,0.0,21,32.8498,0.0495011067
3,SA_WaitingTime_Dominance,209,0.20424422112858234,0.8746702887089969,0.8695652173913043,25,32.8498,0.0495011067
3,SA_WaitingTime_Dominance_PC50,200,0.24874575721394493,0.8080783302092399,0.0,8,32.8498,0.0495011067
3,SA_WaitingTime_Dominance_PC50,201,0.2868200906890641,0.7657986817647517,0.0,21,32.8498,0.0495011067
3,SA_WaitingTime_Dominance_PC50,202,0.29365146321771823,0.7579396079203339,0.0,6,32.8498,0.0495011067
3,SA_WaitingTime_Dominance_PC50,203,0.2814111971506665,0.7743999504904984,0.0,20,32.8498,0.0495011067
3,SA_WaitingTime_Dominance_PC50,204,0.2517071018224693,0.807886570418957,0.0,11,32.8498,0.0495011067
3,SA_WaitingTime_Dominance_PC50,205,0.33541243524724834,0.7085439758021189,0.0,19,32.8498,0.0495011067
3,SA_WaitingTime_Dominance_PC50,206,0.31549510741261333,0.7341317374651235,0.0,27,32.8498,0.0495011067
3,SA_WaitingTime_Dominance_PC50,207,0.30065253884982934,0.7473171675036596,0.0,18,32.8498,0.0495011067
3,SA_WaitingTime_Dominance_PC50,208,0.2957979024392183,0.7569460605505457,0.0,12,32.8498,0.0495011067
3,SA_WaitingTime_Dominance_PC50,209,0.30766223907691165,0.7412248912601125,0.0,17,32.8498,0.0495011067
3,SA_WaitingTime_Dominance_PC60,200,0.26301488917535254,0.8004571795128473,0.0,20,32.8498,0.0495011067
3,SA_WaitingTime_Dominance_PC60,201,0.257216126603742,0.8066232052176121,0.0,9,32.8498,0.0495011067
3,SA_WaitingTime_Dominance_PC60,202,0.26971551128516197,0.7918041518708444,0.0,10,32.8498,0.0495011067
3,SA_WaitingTime_Dominance_PC60,203,0.2713554185044911,0.7905178448795912,0.0,21,32.8498,0.0495011067
3,SA_WaitingTime_Dominance_PC60,204,0.2621018267587553,0.8008911150756264,0.0,21,32.8498,0.0495011067
3,SA_WaitingTime_Dominance_PC60,205,0.2665203739489257,0.7955172525897223,0.0,16,32.8498,0.0495011067
3,SA_WaitingTime_Dominance_PC60,206,0.283646944347469,0.7778596843198519,0.0,16,32.8498,0.0495011067
3,SA_WaitingTime_Dominance_PC60,207,0.2663869460281843,0.797096878758292,0.0,17,32.8498,0.0495011067
3,SA_WaitingTime_Dominance_PC60,208,0.31385969860298885,0.7443585718948412,0.0,19,32.8498,0.0495011067
3,SA_WaitingTime_Dominance_PC60,209,0.2830803255808031,0.7770008779990867,0.0,16,32.8498,0.0495011067
3,SA_WaitingTime_Dominance_PC70,200,0.2961542084176199,0.7673130637210451,0.0,21,32.8498,0.0495011067
3,SA_WaitingTime_Dominance_PC70,201,0.23445005323628418,0.8362559401749741,0.0,14,32.8498,0.0495011067
3,SA_WaitingTime_Dominance_PC70,202,0.2871481418636012,0.7775491867778968,0.0,16,32.8498,0.0495011067
3,SA_WaitingTime_Dominance_PC70,203,0.23925082696614208,0.831372528392843,0.0,26,32.8498,0.0495011067
3,SA_WaitingTime_Dominance_PC70,204,0.25010791568804175,0.8187130248990605,0.0,11,32.8498,0.0495011067
3,SA_WaitingTime_Dominance_PC70,205,0.288148176127249,0.776239042707373,0.0,10,32.8498,0.0495011067
3,SA_WaitingTime_Dominance_PC70,206,0.286735890789701,0.7785873307490432,0.0,13,32.8498,0.0495011067
3,SA_WaitingTime_Dominance_PC70,207,0.24446716745195732,0.8259250283568915,0.0,16,32.8498,0.0495011067
3,SA_WaitingTime_Dominance_PC70,208,0.2728064920466643,0.794300274568461,0.0,11,32.8498,0.0495011067
3,SA_WaitingTime_Dominance_PC70,209,0.2404426149185277,0.8307701105632004,0.0,15,32.8498,0.0495011067
3,SA_WaitingTime_Dominance_PC80,200,0.2532069720385747,0.8177628990633425,0.0,10,32.8498,0.0495011067
3,SA_WaitingTime_Dominance_PC80,201,0.23354083958565028,0.8397974251142206,0.0,15,32.8498,0.0495011067
3,SA_WaitingTime_Dominance_PC80,202,0.2322118238654658,0.8412465628582382,0.0,9,32.8498,0.0495011067
3,SA_WaitingTime_Dominance_PC80,203,0.23950124555891544,0.8328604993129493,0.0,25,32.8498,0.0495011067
3,SA_WaitingTime_Dominance_PC80,204,0.2309880357455899,0.843136071057326,0.0,7,32.8498,0.0495011067
3,SA_WaitingTime_Dominance_PC80,205,0.24330337648469724,0.8288684600021365,0.0,18,32.8498,0.0495011067
3,SA_WaitingTime_Dominance_PC80,206,0.2446019145185704,0.8276233922771333,0.0,20,32.8498,0.0495011067
3,SA_WaitingTime_Dominance_PC80,207,0.24898382551668757,0.8231462739987209,0.0,14,32.8498,0.0495011067
3,SA_WaitingTime_Dominance_PC80,208,0.22455254399369412,0.8488269219330618,0.0,18,32.8498,0.0495011067
3,SA_WaitingTime_Dominance_PC80,209,0.2256309758421797,0.8490002723358329,0.0,23,32.8498,0.0495011067
3,SA_WaitingTime_Dominance_PC90,200,0.22628404058337767,0.8489574103576139,0.0,29,32.8498,0.0495011067
3,SA_WaitingTime_Dominance_PC90,201,0.21643085986699934,0.8602621731795144,0.0,28,32.8498,0.0495011067
3,SA_WaitingTime_Dominance_PC90,202,0.2134715516973961,0.8635259505496994,0.0,14,32.8498,0.0495011067
3,SA_WaitingTime_Dominance_PC90,203,0.24438023421819205,0.829682949499469,3.4782608695652173,20,32.8498,0.0495011067
3,SA_WaitingTime_Dominance_PC90,204,0.24090094638359139,0.8320125483757017,0.0,23,32.8498,0.0495011067
3,SA_WaitingTime_Dominance_PC90,205,0.19936198943902256,0.8792985989784637,0.0,22,32.8498,0.0495011067
3,SA_WaitingTime_Dominance_PC90,206,0.20373136223397614,0.874648410075206,0.0,11,32.8498,0.0495011067
3,SA_WaitingTime_Dominance_PC90,207,0.21856793481990833,0.8567373070490553,0.0,32,32.8498,0.0495011067
3,SA_WaitingTime_Dominance_PC90,208,0.21987733415034094,0.8572733615547194,0.43478260869565216,6,32.8498,0.0495011067
3,SA_WaitingTime_Dominance_PC90,209,0.22837300561496768,0.8464598887703686,0.0,33,32.8498,0.0495011067
3,SPEA-II,200,0.5907209358531561,0.4331474843180277,0.0,57,32.8498,0.0495011067
3,SPEA-II,201,0.5427208075197849,0.4890193039494515,0.43478260869565216,49,32.8498,0.0495011067
3,SPEA-II,202,0.5821097950848357,0.44352125811432924,0.0,55,32.8498,0.0495011067
3,SPEA-II,203,0.5713022797207408,0.45538406598685494,0.8695652173913043,46,32.8498,0.0495011067
3,SPEA-II,204,0.5642578150423541,0.4654108032441032,2.1739130434782608,49,32.8498,0.0495011067
3,SPEA-II,205,0.5619057617868218,0.4669727474477679,0.43478260869565216,42,32.8498,0.0495011067
3,SPEA-II,206,0.5491389965155221,0.48233087690179743,0.0,47,32.8498,0.0495011067
3,SPEA-II,207,0.5284824916829854,0.5074501784059899,3.0434782608695654,36,32.8498,0.0495011067
3,SPEA-II,208,0.5690978222136825,0.45937839947665876,3.0434782608695654,53,32.8498,0.0495011067
3,SPEA-II,209,0.5935510180552058,0.4286311971300155,0.43478260869565216,52,32.8498,0.0495011067
3,SPEA-II_PC50,200,0.5183474357802165,0.477797858993828,0.0,24,32.8498,0.0495011067
3,SPEA-II_PC50,201,0.47267956467344596,0.5237243567443856,0.0,26,32.8498,0.0495011067
3,SPEA-II_PC50,202,0.45238358760768405,0.5549595477490552,0.0,27,32.8498,0.0495011067
3,SPEA-II_PC50,203,0.454977970667566,0.5535691074138522,0.0,19,32.8498,0.0495011067
3,SPEA-II_PC50,204,0.5197937981222608,0.4669790704288888,0.0,33,32.8498,0.0495011067
3,SPEA-II_PC50,205,0.49576105312644564,0.4998116255226183,0.0,30,32.8498,0.0495011067
3,SPEA-II_PC50,206,0.4937873827067259,0.5072458845646352,0.0,29,32.8498,0.0495011067
3,SPEA-II_PC50,207,0.514210555270433,0.4841082501082599,0.0,26,32.8498,0.0495011067
3,SPEA-II_PC50,208,0.5163648643775259,0.4755981889862958,0.0,27,32.8498,0.0495011067
3,SPEA-II_PC50,209,0.48051883737631124,0.5199640854672322,0.0,19,32.8498,0.0495011067
3,SPEA-II_PC60,200,0.5808633904365148,0.41864396451587754,0.0,38,32.8498,0.0495011067
3,SPEA-II_PC60,201,0.5131139755375375,0.502517245931008,0.0,27,32.8498,0.0495011067
3,SPEA-II_PC60,202,0.5300334615748453,0.4825417735021991,0.0,26,32.8498,0.0495011067
3,SPEA-II_PC60,203,0.5297956366616191,0.4794555991592561,0.0,45,32.8498,0.0495011067
3,SPEA-II_PC60,204,0.5123654290742432,0.49577554916629807,0.0,31,32.8498,0.0495011067
3,SPEA-II_PC60,205,0.5101113941495903,0.5014598532385721,0.0,33,32.8498,0.0495011067
3,SPEA-II_PC60,206,0.5407675099575664,0.465326590088464,0.0,43,32.8498,0.0495011067
3,SPEA-II_PC60,207,0.5765370079592259,0.4232722188297593,0.0,34,32.8498,0.0495011067
3,SPEA-II_PC60,208,0.5504712116718314,0.4545985614826261,0.0,42,32.8498,0.0495011067
3,SPEA-II_PC60,209,0.4986466650714178,0.5195806218422513,0.0,24,32.8498,0.0495011067
3,SPEA-II_PC70,200,0.6020345823308745,0.41006832344812655,0.0,44,32.8498,0.0495011067
3,SPEA-II_PC70,201,0.5954780259288325,0.41516738805539616,0.0,49,32.8498,0.0495011067
3,SPEA-II_PC70,202,0.572023898791939,0.4432664923351761,0.0,41,32.8498,0.0495011067
3,SPEA-II_PC70,203,0.5894056590629265,0.4218075254330725,0.0,46,32.8498,0.0495011067
3,SPEA-II_PC70,204,0.5896115702592745,0.4177012807729838,0.0,49,32.8498,0.0495011067
3,SPEA-II_PC70,205,0.5947032324532445,0.4124676989390316,0.0,50,32.8498,0.0495011067
3,SPEA-II_PC70,206,0.525888250474685,0.49389532959434373,0.0,47,32.8498,0.0495011067
3,SPEA-II_PC70,207,0.5513954393571288,0.46560418574635565,0.0,48,32.8498,0.0495011067
3,SPEA-II_PC70,208,0.6135719871993331,0.3948370453056144,0.0,54,32.8498,0.0495011067
3,SPEA-II_PC70,209,0.5688107112821255,0.44945568365218974,0.0,49,32.8498,0.0495011067
3,SPEA-II_PC80,200,0.5653615420842976,0.4575863659068886,0.0,41,32.8498,0.0495011067
3,SPEA-II_PC80,201,0.5409611115162487,0.4866730862644313,0.0,46,32.8498,0.0495011067
3,SPEA-II_PC80,202,0.6021844032161598,0.4112473076270764,0.0,54,32.8498,0.0495011067
3,SPEA-II_PC80,203,0.5461870955140753,0.47739469900287695,0.0,48,32.8498,0.0495011067
3,SPEA-II_PC80,204,0.41766478050686884,0.6269899414799703,0.0,34,32.8498,0.0495011067
3,SPEA-II_PC80,205,0.4617694604523051,0.5741250630829278,0.0,44,32.8498,0.0495011067
3,SPEA-II_PC80,206,0.6164860806969615,0.3962117061658075,0.0,52,32.8498,0.0495011067
3,SPEA-II_PC80,207,0.5684888730803263,0.4518961864981746,0.0,37,32.8498,0.0495011067
3,SPEA-II_PC80,208,0.5415232580322181,0.48083154699790714,0.0,38,32.8498,0.0495011067
3,SPEA-II_PC80,209,0.618633644978851,0.39137171591774694,0.0,45,32.8498,0.0495011067
3,SPEA-II_PC90,200,0.5912411145229535,0.4258543452617398,0.0,47,32.8498,0.0495011067
3,SPEA-II_PC90,201,0.5689575511023502,0.4530784161010629,0.0,42,32.8498,0.0495011067
3,SPEA-II_PC90,202,0.6276275213868407,0.3829670751181908,0.0,52,32.8498,0.0495011067
3,SPEA-II_PC90,203,0.6525386872006659,0.3531686556732221,2.608695652173913,49,32.8498,0.0495011067
3,SPEA-II_PC90,204,0.6160359616977605,0.39350401540076746,0.0,49,32.8498,0.0495011067
3,SPEA-II_PC90,205,0.6236054561919999,0.3942612623344995,14.347826086956522,56,32.8498,0.0495011067
3,SPEA-II_PC90,206,0.5964071429664276,0.4207223787704063,0.0,47,32.8498,0.0495011067
3,SPEA-II_PC90,207,0.6041314891234527,0.41228696239902174,0.0,61,32.8498,0.0495011067
3,SPEA-II_PC90,208,0.6005882140440114,0.4150661084462886,0.0,55,32.8498,0.0495011067
3,SPEA-II_PC90,209,0.6179162984541968,0.39662997416474677,0.0,49,32.8498,0.0495011067
