Algorithm,Seed,WaitingTime,Energy,PeakPowerWatts,IsUniversalPareto
GA_WaitingTime_Dominance,200,7.270000,0.079061269,15677.700,false
GA_WaitingTime_Dominance,200,7.214000,0.079239130,17657.809,false
GA_WaitingTime_Dominance,200,6.834000,0.079319027,17188.282,false
GA_WaitingTime_Dominance,200,6.800000,0.079456339,16985.010,false
GA_WaitingTime_Dominance,200,6.858000,0.079287166,17161.784,false
GA_WaitingTime_Dominance,200,6.824000,0.079384606,17439.096,false
GA_WaitingTime_Dominance,200,6.796000,0.079477012,17045.664,false
GA_WaitingTime_Dominance,200,6.782000,0.079526226,17453.004,false
GA_WaitingTime_Dominance,200,6.634000,0.079594203,17365.387,false
GA_WaitingTime_Dominance,200,6.616000,0.079722498,17413.333,false
GA_WaitingTime_Dominance,200,6.578000,0.079765263,18136.571,false
GA_WaitingTime_Dominance,200,6.470000,0.079845820,17334.651,false
GA_WaitingTime_Dominance,200,6.452000,0.079900724,17440.957,false
GA_WaitingTime_Dominance,200,6.538000,0.079831081,17903.046,false
GA_WaitingTime_Dominance,200,6.462000,0.079862061,17523.344,false
GA_WaitingTime_Dominance,200,6.340000,0.079942352,17383.156,false
GA_WaitingTime_Dominance,200,6.312000,0.079984783,17509.142,false
GA_WaitingTime_Dominance,200,6.282000,0.080036158,17260.753,false
GA_WaitingTime_Dominance,200,5.134000,0.080290291,18260.308,false
GA_WaitingTime_Dominance,200,5.228000,0.080054503,18341.134,false
GA_WaitingTime_Dominance,200,5.030000,0.080601645,18117.300,true
GA_WaitingTime_Dominance,200,5.024000,0.080626537,18117.300,true
GA_WaitingTime_Dominance,200,5.120000,0.080364038,17979.049,false
GA_WaitingTime_Dominance,200,5.036000,0.080402297,18060.099,true
GA_WaitingTime_Dominance,200,5.034000,0.080460838,18107.572,true
GA_WaitingTime_Dominance,201,6.878000,0.079240231,17185.736,false
GA_WaitingTime_Dominance,201,6.796000,0.079313941,17783.370,false
GA_WaitingTime_Dominance,201,6.732000,0.079317423,16032.138,false
GA_WaitingTime_Dominance,201,6.650000,0.079361721,16671.560,false
GA_WaitingTime_Dominance,201,6.626000,0.079401361,16888.534,false
GA_WaitingTime_Dominance,201,6.522000,0.079581286,17390.217,false
GA_WaitingTime_Dominance,201,6.540000,0.079544817,16963.439,false
GA_WaitingTime_Dominance,201,6.528000,0.079561933,17002.042,false
GA_WaitingTime_Dominance,201,6.510000,0.079583763,17211.471,false
GA_WaitingTime_Dominance,201,6.440000,0.079703003,17578.648,false
GA_WaitingTime_Dominance,201,6.444000,0.079601162,16990.008,false
GA_WaitingTime_Dominance,201,6.350000,0.079747345,17565.571,false
GA_WaitingTime_Dominance,201,6.328000,0.079938924,17350.718,false
GA_WaitingTime_Dominance,201,6.338000,0.079842709,17126.110,false
GA_WaitingTime_Dominance,201,6.210000,0.079980221,17495.585,false
GA_WaitingTime_Dominance,201,6.242000,0.079947256,18087.714,false
GA_WaitingTime_Dominance,201,6.158000,0.080023274,18378.436,false
GA_WaitingTime_Dominance,201,6.084000,0.080100674,17514.112,false
GA_WaitingTime_Dominance,201,6.028000,0.080153384,17728.743,false
GA_WaitingTime_Dominance,201,5.134000,0.080273683,18408.602,false
GA_WaitingTime_Dominance,201,5.088000,0.080413857,17900.853,false
GA_WaitingTime_Dominance,201,5.036000,0.080949783,18046.451,false
GA_WaitingTime_Dominance,201,5.034000,0.081075318,18154.160,false
GA_WaitingTime_Dominance,201,5.040000,0.080846165,18182.374,false
GA_WaitingTime_Dominance,201,5.050000,0.080618751,18002.671,false
GA_WaitingTime_Dominance,202,7.240000,0.079167766,15130.659,false
GA_WaitingTime_Dominance,202,6.556000,0.079343128,17856.226,false
GA_WaitingTime_Dominance,202,6.694000,0.079226127,16511.395,false
GA_WaitingTime_Dominance,202,6.750000,0.079203654,17164.115,false
GA_WaitingTime_Dominance,202,6.648000,0.079324939,17581.114,false
GA_WaitingTime_Dominance,202,6.484000,0.079444573,16768.405,false
GA_WaitingTime_Dominance,202,6.462000,0.079469139,16880.475,false
GA_WaitingTime_Dominance,202,6.548000,0.079419663,17372.985,false
GA_WaitingTime_Dominance,202,5.942000,0.079471607,17641.800,false
GA_WaitingTime_Dominance,202,5.858000,0.079495926,17541.928,false
GA_WaitingTime_Dominance,202,5.806000,0.079687684,17431.070,false
GA_WaitingTime_Dominance,202,5.822000,0.079575874,17902.546,false
GA_WaitingTime_Dominance,202,5.718000,0.079763142,17471.446,false
GA_WaitingTime_Dominance,202,5.758000,0.079695932,17074.173,false
GA_WaitingTime_Dominance,202,5.706000,0.079972674,17670.024,false
GA_WaitingTime_Dominance,202,5.708000,0.079953136,17777.988,false
GA_WaitingTime_Dominance,202,5.438000,0.080099605,17067.716,false
GA_WaitingTime_Dominance,202,5.284000,0.080101998,16878.815,false
GA_WaitingTime_Dominance,202,5.150000,0.080247713,17199.088,false
GA_WaitingTime_Dominance,202,5.156000,0.080139221,17058.340,false
GA_WaitingTime_Dominance,202,5.142000,0.080263143,17082.240,false
GA_WaitingTime_Dominance,202,5.152000,0.080156823,16934.764,false
GA_WaitingTime_Dominance,203,7.144000,0.079358869,16375.143,false
GA_WaitingTime_Dominance,203,7.152000,0.079294525,16157.179,false
GA_WaitingTime_Dominance,203,6.828000,0.079379100,17309.862,false
GA_WaitingTime_Dominance,203,6.506000,0.079543419,16515.100,false
GA_WaitingTime_Dominance,203,6.586000,0.079441722,16850.817,false
GA_WaitingTime_Dominance,203,5.304000,0.079641611,16992.831,false
GA_WaitingTime_Dominance,203,5.334000,0.079578088,17312.693,false
GA_WaitingTime_Dominance,203,5.130000,0.079655333,17151.974,false
GA_WaitingTime_Dominance,203,5.120000,0.079702204,17300.965,false
GA_WaitingTime_Dominance,203,5.108000,0.079821992,17149.761,false
GA_WaitingTime_Dominance,203,5.104000,0.080007718,17258.210,false
GA_WaitingTime_Dominance,204,5.152000,0.079219221,17497.838,false
GA_WaitingTime_Dominance,204,5.134000,0.079420941,17688.715,false
GA_WaitingTime_Dominance,204,5.326000,0.079173647,17384.698,false
GA_WaitingTime_Dominance,204,5.130000,0.079689800,17673.246,false
GA_WaitingTime_Dominance,204,5.116000,0.079746616,17646.618,false
GA_WaitingTime_Dominance,204,5.120000,0.079699899,17763.833,false
GA_WaitingTime_Dominance,204,5.100000,0.079884814,17763.833,false
GA_WaitingTime_Dominance,204,5.112000,0.079787336,17797.064,false
GA_WaitingTime_Dominance,204,5.106000,0.079856766,17763.833,false
GA_WaitingTime_Dominance,205,7.038000,0.079118738,16050.386,false
GA_WaitingTime_Dominance,205,7.018000,0.079160164,16310.379,false
GA_WaitingTime_Dominance,205,7.022000,0.079143400,16174.536,false
GA_WaitingTime_Dominance,205,7.062000,0.079110779,16714.588,false
GA_WaitingTime_Dominance,205,6.888000,0.079160361,16714.218,false
GA_WaitingTime_Dominance,205,6.792000,0.079204655,17449.328,false
GA_WaitingTime_Dominance,205,6.700000,0.079215840,17083.519,false
GA_WaitingTime_Dominance,205,6.516000,0.079297061,17542.472,false
GA_WaitingTime_Dominance,205,6.590000,0.079253444,17441.760,false
GA_WaitingTime_Dominance,205,6.478000,0.079299133,17278.990,false
GA_WaitingTime_Dominance,205,6.474000,0.079316907,17359.806,false
GA_WaitingTime_Dominance,205,6.454000,0.079349023,17793.506,false
GA_WaitingTime_Dominance,205,6.384000,0.079445072,17345.904,false
GA_WaitingTime_Dominance,205,6.400000,0.079399708,17770.209,false
GA_WaitingTime_Dominance,205,6.428000,0.079349065,17740.647,false
GA_WaitingTime_Dominance,205,6.350000,0.079500547,18021.496,false
GA_WaitingTime_Dominance,205,6.322000,0.079532391,17043.883,false
GA_WaitingTime_Dominance,205,6.198000,0.079553410,18007.225,false
GA_WaitingTime_Dominance,205,6.154000,0.079660917,17489.166,false
GA_WaitingTime_Dominance,205,6.070000,0.079975723,17241.149,false
GA_WaitingTime_Dominance,205,6.098000,0.079761653,17453.190,false
GA_WaitingTime_Dominance,205,6.032000,0.080049507,17572.616,false
GA_WaitingTime_Dominance,205,5.358000,0.080178768,17463.530,false
GA_WaitingTime_Dominance,205,5.306000,0.080250124,17078.705,false
GA_WaitingTime_Dominance,205,5.930000,0.080071923,16981.379,false
GA_WaitingTime_Dominance,205,5.236000,0.080317017,17028.676,false
GA_WaitingTime_Dominance,205,5.210000,0.080383225,16876.097,false
GA_WaitingTime_Dominance,205,5.154000,0.080683315,17055.119,false
GA_WaitingTime_Dominance,205,5.152000,0.080791678,17135.719,false
GA_WaitingTime_Dominance,205,5.144000,0.080837587,16921.232,false
GA_WaitingTime_Dominance,205,5.168000,0.080562303,17382.648,false
GA_WaitingTime_Dominance,205,5.128000,0.081014524,17070.635,false
GA_WaitingTime_Dominance,205,5.132000,0.080873092,17424.797,false
GA_WaitingTime_Dominance,205,5.156000,0.080629610,17508.044,false
GA_WaitingTime_Dominance,206,7.008000,0.079229808,17456.644,false
GA_WaitingTime_Dominance,206,7.024000,0.079207893,17041.914,false
GA_WaitingTime_Dominance,206,6.982000,0.079306637,17289.259,false
GA_WaitingTime_Dominance,206,6.700000,0.079419996,17993.296,false
GA_WaitingTime_Dominance,206,6.716000,0.079312401,17149.882,false
GA_WaitingTime_Dominance,206,6.644000,0.079457450,17617.098,false
GA_WaitingTime_Dominance,206,6.630000,0.079457717,18307.998,false
GA_WaitingTime_Dominance,206,6.494000,0.079472063,17946.748,false
GA_WaitingTime_Dominance,206,6.330000,0.079552625,18348.936,false
GA_WaitingTime_Dominance,206,6.164000,0.079656366,17468.585,false
GA_WaitingTime_Dominance,206,6.160000,0.079751735,17601.291,false
GA_WaitingTime_Dominance,206,5.980000,0.079966943,17660.831,false
GA_WaitingTime_Dominance,206,5.942000,0.080145268,18000.773,false
GA_WaitingTime_Dominance,206,5.820000,0.080147806,17359.384,false
GA_WaitingTime_Dominance,206,5.766000,0.080211748,17663.301,false
GA_WaitingTime_Dominance,206,5.458000,0.080213420,17422.778,false
GA_WaitingTime_Dominance,206,5.444000,0.080299775,17503.012,false
GA_WaitingTime_Dominance,206,5.434000,0.080314716,17155.494,false
GA_WaitingTime_Dominance,206,5.416000,0.080329835,17221.375,false
GA_WaitingTime_Dominance,206,5.086000,0.080383525,18048.951,false
GA_WaitingTime_Dominance,206,5.084000,0.080472685,18186.243,false
GA_WaitingTime_Dominance,206,5.040000,0.080887387,18031.524,false
GA_WaitingTime_Dominance,206,5.068000,0.080788680,18103.248,false
GA_WaitingTime_Dominance,206,5.060000,0.080823221,18196.582,false
GA_WaitingTime_Dominance,206,5.036000,0.080935328,18200.479,false
GA_WaitingTime_Dominance,207,5.138000,0.078858614,17496.519,true
GA_WaitingTime_Dominance,207,5.766000,0.078837461,17557.134,true
GA_WaitingTime_Dominance,207,5.100000,0.079019814,17537.293,true
GA_WaitingTime_Dominance,207,5.094000,0.079187705,17819.436,true
GA_WaitingTime_Dominance,207,5.086000,0.079263488,17585.319,true
GA_WaitingTime_Dominance,207,5.090000,0.079234901,17489.267,true
GA_WaitingTime_Dominance,207,5.114000,0.079011394,17527.565,true
GA_WaitingTime_Dominance,208,7.214000,0.079087014,15567.443,false
GA_WaitingTime_Dominance,208,7.180000,0.079231558,15692.866,false
GA_WaitingTime_Dominance,208,7.140000,0.079235113,15750.426,false
GA_WaitingTime_Dominance,208,6.934000,0.079276705,16149.922,false
GA_WaitingTime_Dominance,208,6.808000,0.079299362,17160.407,false
GA_WaitingTime_Dominance,208,6.598000,0.079300615,16697.498,false
GA_WaitingTime_Dominance,208,6.430000,0.079376671,17133.537,false
GA_WaitingTime_Dominance,208,6.484000,0.079362326,16912.485,false
GA_WaitingTime_Dominance,208,6.346000,0.079484785,17448.168,false
GA_WaitingTime_Dominance,208,6.424000,0.079395009,17556.780,false
GA_WaitingTime_Dominance,208,6.386000,0.079452036,17734.528,false
GA_WaitingTime_Dominance,208,6.288000,0.079524520,17031.057,false
GA_WaitingTime_Dominance,208,6.294000,0.079486065,17613.927,false
GA_WaitingTime_Dominance,208,5.856000,0.079545212,17193.255,false
GA_WaitingTime_Dominance,208,5.738000,0.079618564,17220.899,false
GA_WaitingTime_Dominance,208,5.116000,0.079716016,17981.451,false
GA_WaitingTime_Dominance,208,5.074000,0.079852312,18300.491,true
GA_WaitingTime_Dominance,208,5.056000,0.079874682,18195.023,true
GA_WaitingTime_Dominance,208,5.098000,0.079795652,18195.023,false
GA_WaitingTime_Dominance,208,5.046000,0.080367786,18286.523,true
GA_WaitingTime_Dominance,208,5.050000,0.080145655,18276.795,true
GA_WaitingTime_Dominance,208,5.054000,0.080068442,18199.332,true
GA_WaitingTime_Dominance,209,7.238000,0.079347408,15694.717,false
GA_WaitingTime_Dominance,209,7.190000,0.079381096,17207.316,false
GA_WaitingTime_Dominance,209,6.870000,0.079501906,17295.582,false
GA_WaitingTime_Dominance,209,6.900000,0.079434461,17318.139,false
GA_WaitingTime_Dominance,209,6.802000,0.079676249,17176.600,false
GA_WaitingTime_Dominance,209,6.842000,0.079643734,17702.208,false
GA_WaitingTime_Dominance,209,6.706000,0.079694110,17123.374,false
GA_WaitingTime_Dominance,209,6.540000,0.079904069,17108.869,false
GA_WaitingTime_Dominance,209,6.488000,0.080005006,16939.824,false
GA_WaitingTime_Dominance,209,5.166000,0.080105141,18396.580,false
GA_WaitingTime_Dominance,209,5.160000,0.080199456,18587.982,false
GA_WaitingTime_Dominance,209,5.096000,0.080212726,18115.652,false
GA_WaitingTime_Dominance,209,5.188000,0.080054355,18142.898,false
GA_WaitingTime_Dominance,209,5.082000,0.080340859,18310.295,false
GA_WaitingTime_Dominance,209,5.066000,0.080491346,18252.933,false
GA_WaitingTime_Dominance,209,5.068000,0.080456771,17963.134,false
GA_WaitingTime_Dominance,209,5.056000,0.080718615,18351.076,false
GA_WaitingTime_Dominance,209,5.064000,0.080521970,18235.491,false
GA_WaitingTime_Dominance,209,5.060000,0.080551353,18306.146,false
GA_Energy_Dominance,200,8.708000,0.079351105,14806.986,false
GA_Energy_Dominance,200,9.854000,0.078850598,13563.622,false
GA_Energy_Dominance,200,9.472000,0.079085021,14227.097,false
GA_Energy_Dominance,200,9.468000,0.079205543,14435.967,false
GA_Energy_Dominance,200,10.350000,0.078767079,14125.521,false
GA_Energy_Dominance,200,11.258000,0.078122893,14798.312,false
GA_Energy_Dominance,200,11.908000,0.078071158,13605.910,false
GA_Energy_Dominance,200,12.144000,0.077719102,14261.315,false
GA_Energy_Dominance,200,13.688000,0.076741968,13464.752,false
GA_Energy_Dominance,200,12.626000,0.077503436,14089.262,false
GA_Energy_Dominance,200,13.372000,0.076870762,13910.683,false
GA_Energy_Dominance,200,12.756000,0.076984793,14003.308,false
GA_Energy_Dominance,200,15.552000,0.076008327,13138.936,false
GA_Energy_Dominance,200,13.978000,0.076046906,13807.127,false
GA_Energy_Dominance,200,16.038000,0.075968822,14015.463,false
GA_Energy_Dominance,200,16.112000,0.075347146,13321.422,false
GA_Energy_Dominance,200,16.492000,0.074426672,14179.627,false
GA_Energy_Dominance,200,17.696000,0.074215969,14090.091,false
GA_Energy_Dominance,200,17.914000,0.073888346,13635.072,false
GA_Energy_Dominance,200,18.090000,0.073363065,14016.253,false
GA_Energy_Dominance,200,18.394000,0.072563630,13482.609,false
GA_Energy_Dominance,200,18.302000,0.072794813,13046.752,false
GA_Energy_Dominance,200,19.406000,0.070768609,12793.592,false
GA_Energy_Dominance,200,18.476000,0.071594127,13063.383,false
GA_Energy_Dominance,200,19.678000,0.070543426,12930.731,false
GA_Energy_Dominance,200,18.766000,0.070943191,12839.988,false
GA_Energy_Dominance,200,19.918000,0.070380714,12637.251,false
GA_Energy_Dominance,200,20.280000,0.070328908,12437.559,false
GA_Energy_Dominance,200,19.500000,0.070604840,12637.509,false
GA_Energy_Dominance,200,20.122000,0.070334063,12566.452,false
GA_Energy_Dominance,200,20.440000,0.070060465,12389.376,false
GA_Energy_Dominance,200,20.290000,0.070099893,11999.683,false
GA_Energy_Dominance,200,20.596000,0.069409755,11314.794,false
GA_Energy_Dominance,200,20.588000,0.069895626,11312.695,false
GA_Energy_Dominance,200,20.792000,0.069125058,11281.480,false
GA_Energy_Dominance,200,21.148000,0.068860156,11098.511,false
GA_Energy_Dominance,200,20.850000,0.069012520,10997.798,false
GA_Energy_Dominance,200,20.662000,0.069246688,11045.407,false
GA_Energy_Dominance,200,21.144000,0.069006895,11050.283,false
GA_Energy_Dominance,200,21.206000,0.068480467,10864.534,false
GA_Energy_Dominance,200,21.580000,0.068468262,10960.920,false
GA_Energy_Dominance,200,23.904000,0.068202838,11230.700,false
GA_Energy_Dominance,200,23.176000,0.068244365,10847.943,false
GA_Energy_Dominance,200,22.104000,0.068280782,10897.040,false
GA_Energy_Dominance,200,23.334000,0.068231907,10852.770,false
GA_Energy_Dominance,200,22.830000,0.068247753,11015.995,false
GA_Energy_Dominance,201,9.558000,0.079127126,14051.468,false
GA_Energy_Dominance,201,9.566000,0.079126151,13917.471,false
GA_Energy_Dominance,201,9.554000,0.079133503,14021.743,false
GA_Energy_Dominance,201,9.356000,0.080096762,13617.657,false
GA_Energy_Dominance,201,11.302000,0.079088482,13207.049,false
GA_Energy_Dominance,201,9.518000,0.080049665,13942.703,false
GA_Energy_Dominance,201,12.164000,0.079031459,14267.466,false
GA_Energy_Dominance,201,13.514000,0.078316148,14772.750,false
GA_Energy_Dominance,201,12.682000,0.078575756,15042.918,false
GA_Energy_Dominance,201,12.794000,0.078355954,14190.662,false
GA_Energy_Dominance,201,13.620000,0.077297054,14409.467,false
GA_Energy_Dominance,201,13.830000,0.077239039,14691.307,false
GA_Energy_Dominance,201,14.934000,0.075964914,13417.612,false
GA_Energy_Dominance,201,14.700000,0.076037645,14071.838,false
GA_Energy_Dominance,201,13.910000,0.077114798,14055.889,false
GA_Energy_Dominance,201,14.534000,0.076622809,13752.923,false
GA_Energy_Dominance,201,15.348000,0.075533411,14139.542,false
GA_Energy_Dominance,201,15.784000,0.075293143,13888.098,false
GA_Energy_Dominance,201,15.032000,0.075538921,14981.009,false
GA_Energy_Dominance,201,16.004000,0.075101210,13719.462,false
GA_Energy_Dominance,201,17.854000,0.073540624,13207.625,false
GA_Energy_Dominance,201,16.834000,0.074072738,13265.720,false
GA_Energy_Dominance,201,17.222000,0.073947415,12970.046,false
GA_Energy_Dominance,201,16.362000,0.074594913,13470.381,false
GA_Energy_Dominance,201,16.680000,0.074345451,13679.014,false
GA_Energy_Dominance,201,17.588000,0.073874389,13637.200,false
GA_Energy_Dominance,201,17.638000,0.073574343,14064.246,false
GA_Energy_Dominance,201,19.066000,0.072586173,13907.336,false
GA_Energy_Dominance,201,18.288000,0.072740627,13798.770,false
GA_Energy_Dominance,201,19.286000,0.072353802,14237.968,false
GA_Energy_Dominance,201,19.944000,0.071951649,12389.860,false
GA_Energy_Dominance,201,20.652000,0.071852544,13096.784,false
GA_Energy_Dominance,201,19.882000,0.072314624,12754.221,false
GA_Energy_Dominance,201,21.810000,0.071670958,13217.859,false
GA_Energy_Dominance,201,22.520000,0.071532181,12976.272,false
GA_Energy_Dominance,201,23.162000,0.071258306,12142.857,false
GA_Energy_Dominance,201,22.180000,0.071538364,13716.602,false
GA_Energy_Dominance,201,23.882000,0.071182262,12334.782,false
GA_Energy_Dominance,201,24.332000,0.071010917,13014.747,false
GA_Energy_Dominance,201,24.516000,0.070605826,13457.082,false
GA_Energy_Dominance,201,25.062000,0.070593907,13340.179,false
GA_Energy_Dominance,201,25.624000,0.070143511,13485.310,false
GA_Energy_Dominance,201,26.720000,0.070093460,13082.849,false
GA_Energy_Dominance,201,25.190000,0.070297392,13306.741,false
GA_Energy_Dominance,201,25.376000,0.070283294,13000.790,false
GA_Energy_Dominance,201,26.174000,0.070114514,12892.812,false
GA_Energy_Dominance,201,26.878000,0.069696219,12500.557,false
GA_Energy_Dominance,201,26.984000,0.069452213,11907.756,false
GA_Energy_Dominance,201,27.702000,0.069150003,11887.952,false
GA_Energy_Dominance,201,27.294000,0.069274355,12196.618,false
GA_Energy_Dominance,201,28.102000,0.068785977,11936.534,false
GA_Energy_Dominance,201,27.708000,0.068844999,11815.063,false
GA_Energy_Dominance,201,28.124000,0.068545041,11573.328,false
GA_Energy_Dominance,201,28.478000,0.068403895,11367.661,false
GA_Energy_Dominance,201,28.880000,0.068354739,10802.801,false
GA_Energy_Dominance,201,29.838000,0.067124703,11068.927,false
GA_Energy_Dominance,201,29.332000,0.067470392,11041.637,false
GA_Energy_Dominance,201,30.258000,0.067049162,11118.744,false
GA_Energy_Dominance,201,29.578000,0.067380935,11028.046,false
GA_Energy_Dominance,201,28.960000,0.067628308,11037.328,false
GA_Energy_Dominance,201,31.342000,0.067019870,10851.292,false
GA_Energy_Dominance,201,30.736000,0.067028416,10918.526,false
GA_Energy_Dominance,202,9.558000,0.079127126,14051.468,false
GA_Energy_Dominance,202,9.202000,0.080513144,13837.114,false
GA_Energy_Dominance,202,9.186000,0.080526485,13892.001,false
GA_Energy_Dominance,202,13.716000,0.077863356,13947.627,false
GA_Energy_Dominance,202,13.630000,0.078286580,13504.638,false
GA_Energy_Dominance,202,11.952000,0.078781141,13705.796,false
GA_Energy_Dominance,202,15.588000,0.075738429,14942.642,false
GA_Energy_Dominance,202,16.670000,0.075582775,15006.822,false
GA_Energy_Dominance,202,13.892000,0.075932441,14457.637,false
GA_Energy_Dominance,202,17.178000,0.074721637,14034.824,false
GA_Energy_Dominance,202,16.918000,0.074983492,14373.081,false
GA_Energy_Dominance,202,16.940000,0.074750052,13368.867,false
GA_Energy_Dominance,202,18.380000,0.074071098,13971.667,false
GA_Energy_Dominance,202,17.574000,0.074481970,13696.223,false
GA_Energy_Dominance,202,17.508000,0.074572500,14027.248,false
GA_Energy_Dominance,202,17.942000,0.074101343,13882.727,false
GA_Energy_Dominance,202,18.530000,0.073940946,14120.740,false
GA_Energy_Dominance,202,18.614000,0.073857954,14317.680,false
GA_Energy_Dominance,202,18.724000,0.073724444,13665.583,false
GA_Energy_Dominance,202,19.298000,0.073034135,14228.346,false
GA_Energy_Dominance,202,19.028000,0.073558774,13770.869,false
GA_Energy_Dominance,202,19.342000,0.072904059,13854.845,false
GA_Energy_Dominance,202,19.270000,0.073459923,13988.879,false
GA_Energy_Dominance,202,20.330000,0.071922525,14269.297,false
GA_Energy_Dominance,202,19.658000,0.072266828,13610.176,false
GA_Energy_Dominance,202,20.574000,0.071609228,13193.400,false
GA_Energy_Dominance,202,20.908000,0.071050046,12796.139,false
GA_Energy_Dominance,202,21.036000,0.070911633,12988.307,false
GA_Energy_Dominance,202,21.390000,0.070899792,12910.850,false
GA_Energy_Dominance,202,21.420000,0.070717499,12910.273,false
GA_Energy_Dominance,202,21.612000,0.070633746,12433.327,false
GA_Energy_Dominance,202,21.632000,0.069511694,12187.222,false
GA_Energy_Dominance,202,21.858000,0.069224813,12102.626,false
GA_Energy_Dominance,202,22.104000,0.069112635,12457.909,false
GA_Energy_Dominance,202,22.138000,0.068849109,12025.185,false
GA_Energy_Dominance,202,22.600000,0.068447464,11355.914,false
GA_Energy_Dominance,202,22.952000,0.067939587,11446.243,false
GA_Energy_Dominance,202,22.838000,0.068206829,11206.529,false
GA_Energy_Dominance,202,23.648000,0.066833647,9951.460,true
GA_Energy_Dominance,202,23.100000,0.067047305,9951.460,true
GA_Energy_Dominance,202,22.984000,0.067444952,9949.518,true
GA_Energy_Dominance,202,23.452000,0.067007139,9928.681,true
GA_Energy_Dominance,202,24.350000,0.066796921,10197.783,true
GA_Energy_Dominance,202,24.578000,0.066752823,9927.214,true
GA_Energy_Dominance,202,25.882000,0.066660547,10096.059,true
GA_Energy_Dominance,202,25.330000,0.066680162,10153.907,true
GA_Energy_Dominance,202,24.822000,0.066698630,9881.219,true
GA_Energy_Dominance,203,9.558000,0.079127126,14051.468,false
GA_Energy_Dominance,203,12.870000,0.078793038,15251.287,false
GA_Energy_Dominance,203,13.652000,0.078593157,15307.599,false
GA_Energy_Dominance,203,13.890000,0.078326969,14987.736,false
GA_Energy_Dominance,203,14.206000,0.077282755,14477.250,false
GA_Energy_Dominance,203,14.190000,0.077952056,15183.183,false
GA_Energy_Dominance,203,17.176000,0.076265327,15164.695,false
GA_Energy_Dominance,203,14.814000,0.076983604,14875.338,false
GA_Energy_Dominance,203,16.566000,0.076670352,14424.592,false
GA_Energy_Dominance,203,17.092000,0.076483595,13955.316,false
GA_Energy_Dominance,203,17.732000,0.076065444,13811.316,false
GA_Energy_Dominance,203,17.128000,0.076401032,15334.708,false
GA_Energy_Dominance,203,17.618000,0.076246312,14294.474,false
GA_Energy_Dominance,203,19.494000,0.075087802,13908.195,false
GA_Energy_Dominance,203,17.828000,0.075278785,13514.652,false
GA_Energy_Dominance,203,21.252000,0.074488090,15014.891,false
GA_Energy_Dominance,203,19.866000,0.074625969,14714.717,false
GA_Energy_Dominance,203,19.806000,0.074740691,13489.326,false
GA_Energy_Dominance,203,22.882000,0.073482588,13955.988,false
GA_Energy_Dominance,203,22.446000,0.073539771,14469.425,false
GA_Energy_Dominance,203,21.430000,0.073732816,14427.649,false
GA_Energy_Dominance,203,24.192000,0.072883673,14349.238,false
GA_Energy_Dominance,203,24.194000,0.072794502,13582.976,false
GA_Energy_Dominance,203,23.686000,0.073157395,13107.428,false
GA_Energy_Dominance,203,24.300000,0.072270597,13250.804,false
GA_Energy_Dominance,203,25.516000,0.072141635,12965.993,false
GA_Energy_Dominance,203,26.000000,0.071954567,13360.345,false
GA_Energy_Dominance,203,26.138000,0.071476261,12984.338,false
GA_Energy_Dominance,203,26.122000,0.071655303,12984.338,false
GA_Energy_Dominance,203,27.670000,0.070783677,13781.752,false
GA_Energy_Dominance,203,26.512000,0.071317962,14016.473,false
GA_Energy_Dominance,203,27.252000,0.070847525,13117.610,false
GA_Energy_Dominance,203,27.714000,0.070695100,14142.464,false
GA_Energy_Dominance,203,27.994000,0.070670384,12955.737,false
GA_Energy_Dominance,203,28.230000,0.070383522,12756.241,false
GA_Energy_Dominance,203,28.144000,0.070507250,12725.216,false
GA_Energy_Dominance,203,28.724000,0.070242563,12565.290,false
GA_Energy_Dominance,203,29.414000,0.069220163,11852.887,false
GA_Energy_Dominance,203,28.818000,0.069402156,11730.756,false
GA_Energy_Dominance,203,29.886000,0.068881505,11277.804,false
GA_Energy_Dominance,203,29.684000,0.069124042,11500.949,false
GA_Energy_Dominance,203,30.308000,0.068069488,11427.581,false
GA_Energy_Dominance,203,31.036000,0.067772292,11180.741,false
GA_Energy_Dominance,203,30.048000,0.068258181,11060.195,false
GA_Energy_Dominance,203,30.440000,0.067854474,11232.324,false
GA_Energy_Dominance,203,31.426000,0.067388691,11380.333,false
GA_Energy_Dominance,203,32.302000,0.067106222,10681.614,false
GA_Energy_Dominance,203,31.272000,0.067645757,10308.933,false
GA_Energy_Dominance,203,32.518000,0.066884904,10342.814,false
GA_Energy_Dominance,203,32.690000,0.066433986,10148.356,false
GA_Energy_Dominance,203,33.586000,0.066427410,10108.955,false
GA_Energy_Dominance,204,9.558000,0.079127126,14051.468,false
GA_Energy_Dominance,204,11.482000,0.078900352,13483.881,false
GA_Energy_Dominance,204,9.216000,0.080252676,15099.421,false
GA_Energy_Dominance,204,11.424000,0.078982845,14000.580,false
GA_Energy_Dominance,204,12.416000,0.078014494,14238.828,false
GA_Energy_Dominance,204,12.758000,0.077835255,13848.036,false
GA_Energy_Dominance,204,13.650000,0.076597278,14236.546,false
GA_Energy_Dominance,204,13.104000,0.076955559,13836.598,false
GA_Energy_Dominance,204,13.288000,0.076903383,13765.075,false
GA_Energy_Dominance,204,13.990000,0.076423351,13875.800,false
GA_Energy_Dominance,204,12.922000,0.076962990,13757.945,false
GA_Energy_Dominance,204,13.740000,0.076462122,13935.784,false
GA_Energy_Dominance,204,14.472000,0.076401382,14175.784,false
GA_Energy_Dominance,204,14.496000,0.075827105,13971.374,false
GA_Energy_Dominance,204,14.914000,0.075247822,14296.789,false
GA_Energy_Dominance,204,15.980000,0.074203097,13937.327,false
GA_Energy_Dominance,204,15.518000,0.074395168,13724.872,false
GA_Energy_Dominance,204,16.722000,0.074055561,13683.046,false
GA_Energy_Dominance,204,17.004000,0.074037485,12894.617,false
GA_Energy_Dominance,204,17.248000,0.074002735,14298.122,false
GA_Energy_Dominance,204,17.626000,0.073471045,13639.646,false
GA_Energy_Dominance,204,17.404000,0.073749490,14010.836,false
GA_Energy_Dominance,204,18.104000,0.073370538,13634.110,false
GA_Energy_Dominance,204,18.862000,0.073288501,13810.497,false
GA_Energy_Dominance,204,19.646000,0.072485866,13911.663,false
GA_Energy_Dominance,204,20.906000,0.072347018,13625.040,false
GA_Energy_Dominance,204,19.006000,0.072882483,14233.316,false
GA_Energy_Dominance,204,21.490000,0.072258177,13395.012,false
GA_Energy_Dominance,204,20.708000,0.072380340,13450.253,false
GA_Energy_Dominance,204,19.326000,0.072750646,13856.776,false
GA_Energy_Dominance,204,20.088000,0.072384668,13629.200,false
GA_Energy_Dominance,204,21.200000,0.072308104,13644.337,false
GA_Energy_Dominance,204,21.990000,0.072217699,13183.912,false
GA_Energy_Dominance,204,22.816000,0.072121471,13446.151,false
GA_Energy_Dominance,204,22.252000,0.072157530,13452.562,false
GA_Energy_Dominance,204,23.312000,0.071540143,13379.803,false
GA_Energy_Dominance,204,22.874000,0.071831540,13305.728,false
GA_Energy_Dominance,204,23.166000,0.071699948,13294.325,false
GA_Energy_Dominance,204,23.318000,0.070975805,13274.201,false
GA_Energy_Dominance,204,23.578000,0.070912034,12726.117,false
GA_Energy_Dominance,204,23.886000,0.070699851,12895.047,false
GA_Energy_Dominance,204,23.984000,0.070468372,12349.569,false
GA_Energy_Dominance,204,23.814000,0.070864095,12514.076,false
GA_Energy_Dominance,204,24.878000,0.070455855,13486.936,false
GA_Energy_Dominance,204,24.920000,0.070317123,12234.317,false
GA_Energy_Dominance,204,25.096000,0.069594873,12607.315,false
GA_Energy_Dominance,204,25.922000,0.069335702,12500.487,false
GA_Energy_Dominance,204,26.408000,0.067128021,11191.846,false
GA_Energy_Dominance,204,26.110000,0.067479082,11239.146,false
GA_Energy_Dominance,204,26.450000,0.066960479,11078.152,false
GA_Energy_Dominance,204,26.726000,0.066916272,11295.114,false
GA_Energy_Dominance,204,26.160000,0.067309014,11093.921,false
GA_Energy_Dominance,204,27.388000,0.066834084,11322.019,false
GA_Energy_Dominance,204,27.178000,0.066834084,11194.581,false
GA_Energy_Dominance,205,8.732000,0.079788267,14519.736,false
GA_Energy_Dominance,205,9.146000,0.079308773,14074.212,false
GA_Energy_Dominance,205,8.926000,0.079488040,14151.647,false
GA_Energy_Dominance,205,9.264000,0.079113644,13679.607,false
GA_Energy_Dominance,205,9.290000,0.078906877,13907.282,false
GA_Energy_Dominance,205,9.338000,0.078471420,14258.942,false
GA_Energy_Dominance,205,9.520000,0.078130786,13776.137,false
GA_Energy_Dominance,205,9.390000,0.078297478,13968.000,false
GA_Energy_Dominance,205,9.426000,0.078221390,13628.760,false
GA_Energy_Dominance,205,9.464000,0.078209740,13482.234,false
GA_Energy_Dominance,205,9.498000,0.078189584,13788.815,false
GA_Energy_Dominance,205,9.524000,0.077580835,13904.813,false
GA_Energy_Dominance,205,9.620000,0.077198294,14017.592,false
GA_Energy_Dominance,205,9.554000,0.077365587,13482.544,false
GA_Energy_Dominance,205,9.670000,0.077038263,13816.974,false
GA_Energy_Dominance,205,9.564000,0.077282410,14341.286,false
GA_Energy_Dominance,205,9.632000,0.077102154,14045.808,false
GA_Energy_Dominance,205,9.702000,0.076996630,13782.256,false
GA_Energy_Dominance,205,9.764000,0.076705059,13578.710,false
GA_Energy_Dominance,205,9.890000,0.076573927,13846.504,false
GA_Energy_Dominance,205,9.722000,0.076786629,13410.554,false
GA_Energy_Dominance,205,9.902000,0.076494800,13322.536,false
GA_Energy_Dominance,205,9.768000,0.076579682,13730.427,false
GA_Energy_Dominance,205,10.074000,0.076275369,13280.343,false
GA_Energy_Dominance,205,10.152000,0.076258308,13444.807,false
GA_Energy_Dominance,205,10.008000,0.076324317,13289.108,false
GA_Energy_Dominance,205,10.050000,0.076297593,13528.762,false
GA_Energy_Dominance,205,9.918000,0.076407988,13510.649,false
GA_Energy_Dominance,205,10.314000,0.076246231,13352.056,false
GA_Energy_Dominance,205,10.228000,0.076251274,13511.208,false
GA_Energy_Dominance,205,10.346000,0.076088502,13249.421,false
GA_Energy_Dominance,205,10.706000,0.075985076,13358.291,false
GA_Energy_Dominance,205,10.750000,0.075737252,13483.940,false
GA_Energy_Dominance,205,10.618000,0.075989375,13101.080,false
GA_Energy_Dominance,205,10.712000,0.075805625,13587.618,false
GA_Energy_Dominance,205,10.836000,0.075646821,13471.689,false
GA_Energy_Dominance,205,10.800000,0.075695070,13471.689,false
GA_Energy_Dominance,205,10.926000,0.075601035,12961.529,false
GA_Energy_Dominance,205,10.934000,0.075468725,12578.119,false
GA_Energy_Dominance,205,10.948000,0.075385287,12940.422,false
GA_Energy_Dominance,205,10.972000,0.074837935,12855.800,false
GA_Energy_Dominance,205,11.260000,0.074646765,12404.923,false
GA_Energy_Dominance,205,11.126000,0.074756949,12370.450,false
GA_Energy_Dominance,205,11.190000,0.074661015,12216.856,false
GA_Energy_Dominance,205,11.292000,0.074643411,12504.588,false
GA_Energy_Dominance,205,11.352000,0.074602897,12236.347,false
GA_Energy_Dominance,205,11.432000,0.074208091,12721.144,false
GA_Energy_Dominance,205,11.360000,0.074331685,12612.160,false
GA_Energy_Dominance,205,11.516000,0.074120717,12657.555,false
GA_Energy_Dominance,205,11.578000,0.073895357,12431.849,false
GA_Energy_Dominance,205,11.710000,0.073759155,12356.368,false
GA_Energy_Dominance,205,11.570000,0.074110950,12442.455,false
GA_Energy_Dominance,205,11.592000,0.073793855,12438.898,false
GA_Energy_Dominance,205,11.716000,0.073172134,12259.982,false
GA_Energy_Dominance,205,11.862000,0.072905960,12252.875,false
GA_Energy_Dominance,205,11.900000,0.072890599,12013.776,false
GA_Energy_Dominance,205,11.784000,0.072931229,12266.655,false
GA_Energy_Dominance,205,11.958000,0.072858023,12231.671,false
GA_Energy_Dominance,205,12.032000,0.072848494,11968.306,false
GA_Energy_Dominance,205,12.110000,0.072784404,12069.361,false
GA_Energy_Dominance,205,12.304000,0.072765190,11950.687,false
GA_Energy_Dominance,205,12.162000,0.072770385,11909.405,false
GA_Energy_Dominance,206,9.504000,0.079143020,14051.468,false
GA_Energy_Dominance,206,12.566000,0.079077413,14228.301,false
GA_Energy_Dominance,206,9.132000,0.080086796,14787.229,false
GA_Energy_Dominance,206,9.486000,0.079392235,14184.892,false
GA_Energy_Dominance,206,9.326000,0.079760923,13864.867,false
GA_Energy_Dominance,206,9.008000,0.080369396,12841.225,false
GA_Energy_Dominance,206,9.528000,0.079106073,14051.468,false
GA_Energy_Dominance,206,13.004000,0.079073906,14010.895,false
GA_Energy_Dominance,206,13.448000,0.078791616,14098.848,false
GA_Energy_Dominance,206,13.762000,0.078572624,13226.873,false
GA_Energy_Dominance,206,14.894000,0.077778884,14434.401,false
GA_Energy_Dominance,206,14.736000,0.078045174,13397.908,false
GA_Energy_Dominance,206,15.452000,0.077141077,14923.898,false
GA_Energy_Dominance,206,16.276000,0.076716184,15119.240,false
GA_Energy_Dominance,206,15.996000,0.077132010,13856.829,false
GA_Energy_Dominance,206,16.660000,0.076638071,14034.113,false
GA_Energy_Dominance,206,17.410000,0.075077571,13859.474,false
GA_Energy_Dominance,206,16.786000,0.075182867,13948.417,false
GA_Energy_Dominance,206,17.934000,0.074190405,13803.367,false
GA_Energy_Dominance,206,18.064000,0.073988850,13781.515,false
GA_Energy_Dominance,206,18.260000,0.073983979,14105.903,false
GA_Energy_Dominance,206,18.486000,0.073569302,14008.550,false
GA_Energy_Dominance,206,18.504000,0.073390134,14121.761,false
GA_Energy_Dominance,206,20.324000,0.072902188,13758.129,false
GA_Energy_Dominance,206,19.474000,0.073091457,13859.935,false
GA_Energy_Dominance,206,19.148000,0.073251544,13758.273,false
GA_Energy_Dominance,206,21.104000,0.072847333,13935.733,false
GA_Energy_Dominance,206,18.936000,0.073299634,13629.607,false
GA_Energy_Dominance,206,19.890000,0.073057104,13804.688,false
GA_Energy_Dominance,206,19.288000,0.073227410,13921.467,false
GA_Energy_Dominance,206,21.642000,0.072102370,13761.188,false
GA_Energy_Dominance,206,21.120000,0.072120744,13723.767,false
GA_Energy_Dominance,206,21.792000,0.071783974,13985.255,false
GA_Energy_Dominance,206,22.290000,0.071385569,13331.308,false
GA_Energy_Dominance,206,22.082000,0.071622783,13527.518,false
GA_Energy_Dominance,206,22.450000,0.071258735,13743.339,false
GA_Energy_Dominance,206,22.960000,0.071029099,13013.749,false
GA_Energy_Dominance,206,22.912000,0.071135655,12694.970,false
GA_Energy_Dominance,206,23.348000,0.070589404,12975.754,false
GA_Energy_Dominance,206,23.180000,0.070980835,12992.059,false
GA_Energy_Dominance,206,23.188000,0.070698081,13040.854,false
GA_Energy_Dominance,206,23.618000,0.070494717,12532.399,false
GA_Energy_Dominance,206,24.348000,0.070287737,12926.107,false
GA_Energy_Dominance,206,23.990000,0.070485641,12964.736,false
GA_Energy_Dominance,206,24.400000,0.070046452,12430.176,false
GA_Energy_Dominance,206,23.992000,0.070323422,12823.634,false
GA_Energy_Dominance,206,24.528000,0.069795518,12901.191,false
GA_Energy_Dominance,206,24.968000,0.069407265,12224.243,false
GA_Energy_Dominance,206,24.622000,0.069580861,12291.115,false
GA_Energy_Dominance,206,25.262000,0.069300687,11395.777,false
GA_Energy_Dominance,206,26.052000,0.069011093,11295.000,false
GA_Energy_Dominance,206,25.734000,0.069115754,11520.911,false
GA_Energy_Dominance,206,26.140000,0.068883607,11343.632,false
GA_Energy_Dominance,206,26.520000,0.068705839,11823.418,false
GA_Energy_Dominance,206,26.558000,0.068467050,11410.565,false
GA_Energy_Dominance,206,26.824000,0.068424160,11682.174,false
GA_Energy_Dominance,206,27.036000,0.067876442,11359.279,false
GA_Energy_Dominance,206,26.874000,0.068179081,11672.957,false
GA_Energy_Dominance,206,27.396000,0.067801163,11410.952,false
GA_Energy_Dominance,206,27.868000,0.067698151,11243.565,false
GA_Energy_Dominance,206,28.240000,0.067561572,10671.180,false
GA_Energy_Dominance,206,28.244000,0.067351178,10824.668,false
GA_Energy_Dominance,206,28.818000,0.067272019,10658.607,false
GA_Energy_Dominance,206,29.280000,0.067158316,10567.635,false
GA_Energy_Dominance,206,29.844000,0.066960326,10471.350,false
GA_Energy_Dominance,206,29.530000,0.067072638,10486.682,false
GA_Energy_Dominance,206,30.624000,0.066863732,10503.248,false
GA_Energy_Dominance,206,31.008000,0.066756827,10498.227,false
GA_Energy_Dominance,206,30.118000,0.066895872,10167.556,false
GA_Energy_Dominance,206,31.270000,0.066692882,10203.345,false
GA_Energy_Dominance,206,31.548000,0.066651226,10268.113,true
GA_Energy_Dominance,206,31.838000,0.066421235,10020.964,true
GA_Energy_Dominance,206,32.622000,0.065954865,9969.677,true
GA_Energy_Dominance,206,32.114000,0.066039076,10014.422,true
GA_Energy_Dominance,206,33.066000,0.065933812,9947.868,true
GA_Energy_Dominance,206,33.320000,0.065916120,10306.249,true
GA_Energy_Dominance,206,33.578000,0.065858593,10429.307,true
GA_Energy_Dominance,206,34.128000,0.065846885,10369.515,true
GA_Energy_Dominance,206,34.794000,0.065841906,10342.003,true
GA_Energy_Dominance,207,8.658000,0.080140601,14248.830,false
GA_Energy_Dominance,207,8.784000,0.079992912,13940.119,false
GA_Energy_Dominance,207,9.408000,0.079127126,13975.945,false
GA_Energy_Dominance,207,10.600000,0.078652000,13814.917,false
GA_Energy_Dominance,207,8.802000,0.079650473,13678.482,false
GA_Energy_Dominance,207,9.294000,0.079154475,14085.260,false
GA_Energy_Dominance,207,9.450000,0.079114020,13787.041,false
GA_Energy_Dominance,207,9.504000,0.079080847,13929.386,false
GA_Energy_Dominance,207,9.004000,0.079416759,13194.578,false
GA_Energy_Dominance,207,9.368000,0.079144005,13993.633,false
GA_Energy_Dominance,207,9.536000,0.078987077,13873.545,false
GA_Energy_Dominance,207,10.634000,0.078544248,13131.636,false
GA_Energy_Dominance,207,10.716000,0.078493029,14132.047,false
GA_Energy_Dominance,207,11.100000,0.078478422,13932.269,false
GA_Energy_Dominance,207,10.540000,0.078782760,14282.840,false
GA_Energy_Dominance,207,11.634000,0.077955292,13635.973,false
GA_Energy_Dominance,207,12.220000,0.077592100,13947.930,false
GA_Energy_Dominance,207,13.322000,0.076756694,13612.141,false
GA_Energy_Dominance,207,12.834000,0.077087737,13588.106,false
GA_Energy_Dominance,207,13.310000,0.076960927,13859.276,false
GA_Energy_Dominance,207,13.206000,0.077012683,13185.429,false
GA_Energy_Dominance,207,13.362000,0.076316142,13929.382,false
GA_Energy_Dominance,207,13.884000,0.075950846,13299.500,false
GA_Energy_Dominance,207,13.394000,0.075961865,13186.695,false
GA_Energy_Dominance,207,14.452000,0.075669807,13520.443,false
GA_Energy_Dominance,207,14.634000,0.075652707,14223.490,false
GA_Energy_Dominance,207,14.782000,0.074968291,13328.468,false
GA_Energy_Dominance,207,15.720000,0.073622271,13789.246,false
GA_Energy_Dominance,207,15.342000,0.073647513,12990.358,false
GA_Energy_Dominance,207,15.328000,0.074182157,12888.579,false
GA_Energy_Dominance,207,15.802000,0.073017914,12554.611,false
GA_Energy_Dominance,207,16.492000,0.072817336,12778.422,false
GA_Energy_Dominance,207,16.262000,0.072893017,12775.451,false
GA_Energy_Dominance,207,17.220000,0.072590577,12942.818,false
GA_Energy_Dominance,207,17.096000,0.072765983,12907.629,false
GA_Energy_Dominance,207,17.104000,0.072604627,12983.483,false
GA_Energy_Dominance,207,17.362000,0.072476958,13043.257,false
GA_Energy_Dominance,207,17.496000,0.072445753,13433.217,false
GA_Energy_Dominance,207,17.604000,0.072404925,12583.300,false
GA_Energy_Dominance,207,18.194000,0.071789111,12385.969,false
GA_Energy_Dominance,207,18.302000,0.071621578,12079.027,false
GA_Energy_Dominance,207,17.902000,0.071837873,12152.220,false
GA_Energy_Dominance,207,17.646000,0.072006169,12297.167,false
GA_Energy_Dominance,207,18.558000,0.071453410,12521.598,false
GA_Energy_Dominance,207,18.664000,0.071247287,11924.326,false
GA_Energy_Dominance,207,19.052000,0.070969398,12449.588,false
GA_Energy_Dominance,207,18.912000,0.071054915,12464.907,false
GA_Energy_Dominance,207,18.746000,0.071054973,12459.485,false
GA_Energy_Dominance,207,19.194000,0.070839525,12340.866,false
GA_Energy_Dominance,207,19.300000,0.070689187,12096.986,false
GA_Energy_Dominance,207,19.424000,0.070534979,12306.782,false
GA_Energy_Dominance,207,19.434000,0.069723449,11762.163,false
GA_Energy_Dominance,207,19.854000,0.069519017,11901.506,false
GA_Energy_Dominance,207,19.982000,0.069479670,11876.485,false
GA_Energy_Dominance,207,19.648000,0.069542729,11928.659,false
GA_Energy_Dominance,207,20.192000,0.069369142,11624.283,false
GA_Energy_Dominance,207,20.482000,0.069356334,11540.734,false
GA_Energy_Dominance,207,20.954000,0.068362474,10703.928,false
GA_Energy_Dominance,207,20.604000,0.068627171,10730.653,false
GA_Energy_Dominance,207,21.952000,0.068309299,10723.809,false
GA_Energy_Dominance,207,21.194000,0.068326451,10672.560,false
GA_Energy_Dominance,207,21.590000,0.068322302,10697.313,false
GA_Energy_Dominance,208,8.662000,0.079582798,14148.422,false
GA_Energy_Dominance,208,9.394000,0.079133033,14164.016,false
GA_Energy_Dominance,208,8.762000,0.079520722,13650.460,false
GA_Energy_Dominance,208,9.512000,0.079104706,14003.877,false
GA_Energy_Dominance,208,9.472000,0.079127126,14051.468,false
GA_Energy_Dominance,208,9.888000,0.079038820,13894.441,false
GA_Energy_Dominance,208,9.930000,0.078944714,14215.296,false
GA_Energy_Dominance,208,10.910000,0.078720180,14063.652,false
GA_Energy_Dominance,208,9.340000,0.079258040,13991.006,false
GA_Energy_Dominance,208,9.370000,0.079205724,14409.575,false
GA_Energy_Dominance,208,9.526000,0.079039067,14083.304,false
GA_Energy_Dominance,208,11.676000,0.078512033,14057.290,false
GA_Energy_Dominance,208,10.936000,0.078669599,13936.215,false
GA_Energy_Dominance,208,10.554000,0.078765908,13801.368,false
GA_Energy_Dominance,208,11.508000,0.078627855,14450.899,false
GA_Energy_Dominance,208,12.780000,0.078014129,13837.894,false
GA_Energy_Dominance,208,11.940000,0.078339800,13993.332,false
GA_Energy_Dominance,208,12.978000,0.077725076,14069.990,false
GA_Energy_Dominance,208,13.992000,0.077418165,14162.688,false
GA_Energy_Dominance,208,13.504000,0.077601685,13560.941,false
GA_Energy_Dominance,208,13.878000,0.077580851,13768.959,false
GA_Energy_Dominance,208,14.734000,0.076853080,13976.751,false
GA_Energy_Dominance,208,14.862000,0.076849291,13869.292,false
GA_Energy_Dominance,208,15.644000,0.073243171,13135.073,false
GA_Energy_Dominance,208,15.532000,0.073522882,13433.259,false
GA_Energy_Dominance,208,14.948000,0.073616173,13135.435,false
GA_Energy_Dominance,208,15.846000,0.072401961,12645.112,false
GA_Energy_Dominance,208,15.652000,0.072548523,12755.227,false
GA_Energy_Dominance,208,16.144000,0.071733502,12802.085,false
GA_Energy_Dominance,208,16.236000,0.071551855,12911.632,false
GA_Energy_Dominance,208,16.426000,0.071472273,12255.253,false
GA_Energy_Dominance,208,16.548000,0.071379801,12324.952,false
GA_Energy_Dominance,208,15.904000,0.071791209,12485.902,false
GA_Energy_Dominance,208,16.646000,0.071256667,12194.920,false
GA_Energy_Dominance,208,16.648000,0.070677784,11954.979,false
GA_Energy_Dominance,208,16.896000,0.070609782,12027.861,false
GA_Energy_Dominance,208,17.206000,0.070505407,11700.952,false
GA_Energy_Dominance,208,17.360000,0.070438573,11735.293,false
GA_Energy_Dominance,208,17.914000,0.070238305,11341.434,false
GA_Energy_Dominance,208,17.592000,0.070321352,11464.567,false
GA_Energy_Dominance,208,18.066000,0.070199621,11625.141,false
GA_Energy_Dominance,208,17.738000,0.070301509,11416.518,false
GA_Energy_Dominance,208,19.148000,0.069997164,11592.185,false
GA_Energy_Dominance,208,19.308000,0.069971146,11339.715,false
GA_Energy_Dominance,208,19.908000,0.069960580,11077.048,false
GA_Energy_Dominance,208,18.248000,0.070003308,11585.079,false
GA_Energy_Dominance,208,19.692000,0.069961174,11551.672,false
GA_Energy_Dominance,209,9.514000,0.081260951,14881.361,false
GA_Energy_Dominance,209,9.544000,0.079127126,14078.193,false
GA_Energy_Dominance,209,13.068000,0.077758806,15576.792,false
GA_Energy_Dominance,209,12.026000,0.078594081,14439.771,false
GA_Energy_Dominance,209,13.326000,0.077383517,15097.509,false
GA_Energy_Dominance,209,12.680000,0.077782862,15468.856,false
GA_Energy_Dominance,209,13.276000,0.077469654,15407.171,false
GA_Energy_Dominance,209,13.942000,0.076860666,15004.313,false
GA_Energy_Dominance,209,13.352000,0.077171805,14916.739,false
GA_Energy_Dominance,209,14.554000,0.076690247,14910.617,false
GA_Energy_Dominance,209,14.460000,0.076701474,15050.722,false
GA_Energy_Dominance,209,15.020000,0.076162667,14499.115,false
GA_Energy_Dominance,209,15.078000,0.076098412,15171.808,false
GA_Energy_Dominance,209,14.636000,0.076599838,15573.888,false
GA_Energy_Dominance,209,15.220000,0.076014201,15356.828,false
GA_Energy_Dominance,209,14.734000,0.076299415,15395.036,false
GA_Energy_Dominance,209,15.572000,0.075955374,14816.645,false
GA_Energy_Dominance,209,15.830000,0.075667127,14829.024,false
GA_Energy_Dominance,209,15.736000,0.075902274,14845.085,false
GA_Energy_Dominance,209,16.516000,0.075051782,14716.452,false
GA_Energy_Dominance,209,15.962000,0.075333923,14440.652,false
GA_Energy_Dominance,209,16.538000,0.074923356,14613.777,false
GA_Energy_Dominance,209,16.032000,0.075241443,15200.589,false
GA_Energy_Dominance,209,16.584000,0.074762263,15170.496,false
GA_Energy_Dominance,209,16.714000,0.074656502,15250.334,false
GA_Energy_Dominance,209,16.844000,0.073015525,13905.497,false
GA_Energy_Dominance,209,17.380000,0.072138279,13345.675,false
GA_Energy_Dominance,209,17.228000,0.072322419,12963.953,false
GA_Energy_Dominance,209,17.714000,0.071910810,13501.977,false
GA_Energy_Dominance,209,17.878000,0.071603417,12704.077,false
GA_Energy_Dominance,209,17.800000,0.071715235,12934.377,false
GA_Energy_Dominance,209,18.026000,0.071526677,12524.072,false
GA_Energy_Dominance,209,18.338000,0.071230410,12813.083,false
GA_Energy_Dominance,209,18.198000,0.071350402,12886.833,false
GA_Energy_Dominance,209,18.546000,0.071186572,12545.716,false
GA_Energy_Dominance,209,18.710000,0.071072957,12780.669,false
GA_Energy_Dominance,209,18.822000,0.071034276,12765.794,false
GA_Energy_Dominance,209,18.932000,0.070908565,12746.138,false
GA_Energy_Dominance,209,19.084000,0.070875800,12732.067,false
GA_Energy_Dominance,209,19.220000,0.070680715,12436.661,false
GA_Energy_Dominance,209,19.386000,0.069943078,11502.385,false
GA_Energy_Dominance,209,19.854000,0.069614007,11419.400,false
GA_Energy_Dominance,209,19.410000,0.069733547,11397.834,false
GA_Energy_Dominance,209,20.292000,0.069252177,11424.871,false
GA_Energy_Dominance,209,20.126000,0.069350692,11128.125,false
GA_Energy_Dominance,209,20.454000,0.069225434,11314.268,false
GA_Energy_Dominance,209,20.582000,0.069210424,11010.622,false
GA_Energy_Dominance,209,19.970000,0.069384776,11431.977,false
SA_WaitingTime_Dominance,200,7.284000,0.079344916,15297.407,false
SA_WaitingTime_Dominance,200,7.312000,0.079327566,15054.430,false
SA_WaitingTime_Dominance,200,7.314000,0.079323864,15192.681,false
SA_WaitingTime_Dominance,200,7.252000,0.079365969,15253.744,false
SA_WaitingTime_Dominance,200,6.564000,0.083977940,16804.140,false
SA_WaitingTime_Dominance,200,6.520000,0.083979724,17059.510,false
SA_WaitingTime_Dominance,200,6.580000,0.083960910,17059.510,false
SA_WaitingTime_Dominance,200,6.516000,0.084033034,17124.119,false
SA_WaitingTime_Dominance,200,6.478000,0.084275396,16851.185,false
SA_WaitingTime_Dominance,200,6.488000,0.084273424,16838.680,false
SA_WaitingTime_Dominance,200,6.498000,0.084254939,16838.680,false
SA_WaitingTime_Dominance,200,4.756000,0.084276837,16614.009,false
SA_WaitingTime_Dominance,200,4.572000,0.084428415,18112.781,false
SA_WaitingTime_Dominance,200,4.578000,0.084350393,18027.409,false
SA_WaitingTime_Dominance,200,4.614000,0.084329340,18027.409,false
SA_WaitingTime_Dominance,200,4.562000,0.084757120,18159.799,false
SA_WaitingTime_Dominance,201,7.290000,0.079293563,15192.681,false
SA_WaitingTime_Dominance,201,7.250000,0.079354561,15376.892,false
SA_WaitingTime_Dominance,201,7.246000,0.080164598,15965.800,false
SA_WaitingTime_Dominance,201,7.196000,0.080199061,16468.814,false
SA_WaitingTime_Dominance,201,7.180000,0.080214255,16791.798,false
SA_WaitingTime_Dominance,201,7.168000,0.080248071,16736.911,false
SA_WaitingTime_Dominance,201,7.158000,0.082904855,16569.302,false
SA_WaitingTime_Dominance,201,7.080000,0.082916305,16569.302,false
SA_WaitingTime_Dominance,201,7.042000,0.083046288,16569.302,false
SA_WaitingTime_Dominance,201,7.030000,0.083331041,16694.621,false
SA_WaitingTime_Dominance,201,6.938000,0.083626692,16549.617,false
SA_WaitingTime_Dominance,201,7.024000,0.083535828,16333.211,false
SA_WaitingTime_Dominance,201,6.900000,0.083655687,15105.286,false
SA_WaitingTime_Dominance,201,6.960000,0.083566703,15105.286,false
SA_WaitingTime_Dominance,201,4.558000,0.083792461,16592.141,false
SA_WaitingTime_Dominance,201,4.586000,0.083743023,16592.141,false
SA_WaitingTime_Dominance,201,4.554000,0.083960883,16592.141,false
SA_WaitingTime_Dominance,201,4.536000,0.084054543,16407.681,false
SA_WaitingTime_Dominance,201,4.532000,0.084114253,16254.048,false
SA_WaitingTime_Dominance,201,4.512000,0.084164856,16667.053,false
SA_WaitingTime_Dominance,201,4.508000,0.084331838,16803.453,false
SA_WaitingTime_Dominance,202,7.266000,0.079302811,15233.571,false
SA_WaitingTime_Dominance,202,7.250000,0.079365969,15561.912,false
SA_WaitingTime_Dominance,202,7.248000,0.080583224,16400.332,false
SA_WaitingTime_Dominance,202,7.218000,0.080589474,16240.145,false
SA_WaitingTime_Dominance,202,7.202000,0.080603668,16474.262,false
SA_WaitingTime_Dominance,202,7.120000,0.080653597,16752.114,false
SA_WaitingTime_Dominance,202,7.188000,0.080651579,16768.671,false
SA_WaitingTime_Dominance,202,4.682000,0.083674861,16116.958,false
SA_WaitingTime_Dominance,202,4.618000,0.083711533,16220.657,false
SA_WaitingTime_Dominance,202,4.648000,0.083694258,16307.633,false
SA_WaitingTime_Dominance,202,4.574000,0.083743199,17318.356,false
SA_WaitingTime_Dominance,202,4.568000,0.083981691,16913.672,false
SA_WaitingTime_Dominance,202,4.540000,0.084120379,16909.542,false
SA_WaitingTime_Dominance,202,4.546000,0.084049763,16740.051,false
SA_WaitingTime_Dominance,203,7.278000,0.079323864,15249.896,false
SA_WaitingTime_Dominance,203,7.254000,0.079603536,15253.744,false
SA_WaitingTime_Dominance,203,4.752000,0.083994807,16667.928,false
SA_WaitingTime_Dominance,203,4.784000,0.083974402,16667.928,false
SA_WaitingTime_Dominance,203,4.652000,0.084120530,16743.457,false
SA_WaitingTime_Dominance,203,4.590000,0.084623321,16714.341,false
SA_WaitingTime_Dominance,203,4.598000,0.084185294,16627.467,false
SA_WaitingTime_Dominance,203,4.596000,0.084437221,17374.279,false
SA_WaitingTime_Dominance,203,4.586000,0.085040748,17055.490,false
SA_WaitingTime_Dominance,203,4.582000,0.085138355,17378.611,false
SA_WaitingTime_Dominance,204,7.266000,0.079302811,15249.896,false
SA_WaitingTime_Dominance,204,7.272000,0.079302212,15357.321,false
SA_WaitingTime_Dominance,204,4.608000,0.082972878,16077.045,true
SA_WaitingTime_Dominance,204,4.626000,0.082884984,16362.485,true
SA_WaitingTime_Dominance,204,4.628000,0.082736216,16254.776,true
SA_WaitingTime_Dominance,204,4.600000,0.083025642,16247.858,true
SA_WaitingTime_Dominance,204,4.574000,0.083153775,16397.284,true
SA_WaitingTime_Dominance,204,4.592000,0.083096430,16329.737,true
SA_WaitingTime_Dominance,204,4.572000,0.083247892,16467.988,true
SA_WaitingTime_Dominance,204,4.510000,0.083486598,17026.022,true
SA_WaitingTime_Dominance,204,4.500000,0.083713053,16630.942,true
SA_WaitingTime_Dominance,204,4.496000,0.083834982,16611.851,true
SA_WaitingTime_Dominance,205,7.258000,0.079365969,15253.744,false
SA_WaitingTime_Dominance,205,7.324000,0.079327513,15192.681,false
SA_WaitingTime_Dominance,205,7.312000,0.079344916,15192.681,false
SA_WaitingTime_Dominance,205,7.326000,0.079310216,15192.681,false
SA_WaitingTime_Dominance,205,7.278000,0.079365969,15438.765,false
SA_WaitingTime_Dominance,205,7.280000,0.079346983,15663.843,false
SA_WaitingTime_Dominance,205,7.216000,0.079391456,16076.814,false
SA_WaitingTime_Dominance,205,7.156000,0.080124254,16076.814,false
SA_WaitingTime_Dominance,205,7.154000,0.080126619,16076.814,false
SA_WaitingTime_Dominance,205,6.994000,0.083782253,16175.355,false
SA_WaitingTime_Dominance,205,7.038000,0.083744601,16126.258,false
SA_WaitingTime_Dominance,205,6.866000,0.083820606,16397.300,false
SA_WaitingTime_Dominance,205,6.858000,0.083890948,16446.397,false
SA_WaitingTime_Dominance,205,6.828000,0.084297128,16675.682,false
SA_WaitingTime_Dominance,205,6.766000,0.084472454,16682.526,false
SA_WaitingTime_Dominance,205,6.802000,0.084347779,16682.526,false
SA_WaitingTime_Dominance,205,7.084000,0.083677499,16155.993,false
SA_WaitingTime_Dominance,205,7.094000,0.083639666,16155.993,false
SA_WaitingTime_Dominance,205,6.006000,0.084720733,16783.648,false
SA_WaitingTime_Dominance,205,5.992000,0.084903871,16803.655,false
SA_WaitingTime_Dominance,205,6.022000,0.084708246,16823.662,false
SA_WaitingTime_Dominance,205,5.942000,0.084904205,16728.263,false
SA_WaitingTime_Dominance,205,5.906000,0.084994313,16755.993,false
SA_WaitingTime_Dominance,205,4.746000,0.085233091,16294.905,false
SA_WaitingTime_Dominance,205,4.764000,0.085167971,16288.660,false
SA_WaitingTime_Dominance,205,4.798000,0.085164387,16509.435,false
SA_WaitingTime_Dominance,205,4.744000,0.086154738,16300.955,false
SA_WaitingTime_Dominance,205,4.738000,0.086568275,16459.764,false
SA_WaitingTime_Dominance,205,4.736000,0.086810515,15500.501,false
SA_WaitingTime_Dominance,206,7.288000,0.079297765,15489.288,false
SA_WaitingTime_Dominance,206,7.252000,0.079365969,15327.795,false
SA_WaitingTime_Dominance,206,7.270000,0.079302811,15434.916,false
SA_WaitingTime_Dominance,206,6.368000,0.083448936,16458.257,false
SA_WaitingTime_Dominance,206,4.602000,0.083510777,16267.072,false
SA_WaitingTime_Dominance,206,4.564000,0.083546640,16452.092,false
SA_WaitingTime_Dominance,206,4.550000,0.083589790,16452.092,false
SA_WaitingTime_Dominance,206,4.606000,0.083466554,17022.394,false
SA_WaitingTime_Dominance,207,7.262000,0.079238665,15249.896,false
SA_WaitingTime_Dominance,207,7.254000,0.079281758,15192.681,false
SA_WaitingTime_Dominance,207,7.248000,0.079304212,15345.578,false
SA_WaitingTime_Dominance,207,5.118000,0.084178451,16266.714,false
SA_WaitingTime_Dominance,207,5.188000,0.084172680,16266.714,false
SA_WaitingTime_Dominance,207,4.742000,0.084271353,17209.735,false
SA_WaitingTime_Dominance,207,4.766000,0.084211529,17240.722,false
SA_WaitingTime_Dominance,207,4.736000,0.084395637,17272.612,false
SA_WaitingTime_Dominance,207,4.730000,0.084622359,16785.384,false
SA_WaitingTime_Dominance,207,4.642000,0.085095985,16950.732,false
SA_WaitingTime_Dominance,207,4.656000,0.085010277,16849.899,false
SA_WaitingTime_Dominance,207,4.640000,0.085268924,16718.380,false
SA_WaitingTime_Dominance,207,4.636000,0.085371026,16784.222,false
SA_WaitingTime_Dominance,207,4.690000,0.084666941,15482.663,false
SA_WaitingTime_Dominance,207,4.662000,0.084758500,15805.012,false
SA_WaitingTime_Dominance,208,7.304000,0.079331842,15192.681,false
SA_WaitingTime_Dominance,208,7.314000,0.079315994,15077.109,false
SA_WaitingTime_Dominance,208,7.256000,0.079365969,15192.681,false
SA_WaitingTime_Dominance,208,7.254000,0.079471233,15192.681,false
SA_WaitingTime_Dominance,208,7.292000,0.079361091,15339.416,false
SA_WaitingTime_Dominance,208,7.208000,0.081019027,15823.797,false
SA_WaitingTime_Dominance,208,7.198000,0.081030065,15823.797,false
SA_WaitingTime_Dominance,208,7.186000,0.081068890,15990.396,false
SA_WaitingTime_Dominance,208,4.532000,0.084129211,17413.448,false
SA_WaitingTime_Dominance,208,4.538000,0.084066053,17413.448,false
SA_WaitingTime_Dominance,208,4.546000,0.083901510,17604.294,false
SA_WaitingTime_Dominance,208,4.564000,0.083806182,17523.545,false
SA_WaitingTime_Dominance,208,4.528000,0.084573838,17960.466,false
SA_WaitingTime_Dominance,209,7.242000,0.079226367,15945.407,false
SA_WaitingTime_Dominance,209,7.262000,0.079203431,15711.290,false
SA_WaitingTime_Dominance,209,7.184000,0.080528335,17123.874,false
SA_WaitingTime_Dominance,209,7.210000,0.080475853,17179.503,false
SA_WaitingTime_Dominance,209,7.144000,0.080889824,17795.347,false
SA_WaitingTime_Dominance,209,7.116000,0.080947578,18161.026,false
SA_WaitingTime_Dominance,209,7.038000,0.081462510,18142.938,false
SA_WaitingTime_Dominance,209,7.086000,0.081239333,18223.680,false
SA_WaitingTime_Dominance,209,4.826000,0.083686478,16407.561,false
SA_WaitingTime_Dominance,209,4.546000,0.084538825,16070.853,false
SA_WaitingTime_Dominance,209,4.554000,0.084419889,16188.854,false
SA_WaitingTime_Dominance,209,4.566000,0.083960241,15634.745,false
SA_WaitingTime_Dominance,209,4.590000,0.083819627,15226.617,false
SA_WaitingTime_Dominance,209,4.632000,0.083804886,16081.719,false
SA_Energy_Dominance,200,9.570000,0.079049913,13985.625,false
SA_Energy_Dominance,200,9.530000,0.079066777,14236.488,false
SA_Energy_Dominance,200,9.156000,0.080043366,13837.449,false
SA_Energy_Dominance,200,9.182000,0.080011679,13547.696,false
SA_Energy_Dominance,200,9.394000,0.079288628,13949.112,false
SA_Energy_Dominance,200,9.278000,0.079446836,14284.675,false
SA_Energy_Dominance,200,9.246000,0.079634566,14259.000,false
SA_Energy_Dominance,200,9.244000,0.079970093,13909.954,false
SA_Energy_Dominance,200,9.476000,0.079100578,14107.147,false
SA_Energy_Dominance,200,9.426000,0.079155272,14107.147,false
SA_Energy_Dominance,200,9.292000,0.079340125,14216.426,false
SA_Energy_Dominance,200,9.268000,0.079479181,14293.359,false
SA_Energy_Dominance,200,9.098000,0.080126960,14408.472,false
SA_Energy_Dominance,200,9.072000,0.080134365,14408.472,false
SA_Energy_Dominance,200,9.116000,0.080063983,14408.472,false
SA_Energy_Dominance,200,9.054000,0.080304860,14432.818,false
SA_Energy_Dominance,200,8.748000,0.080652252,14503.364,false
SA_Energy_Dominance,200,8.806000,0.080415016,14506.705,false
SA_Energy_Dominance,200,8.796000,0.080568992,14506.705,false
SA_Energy_Dominance,200,13.486000,0.078975595,16458.041,false
SA_Energy_Dominance,200,13.536000,0.078947210,16458.041,false
SA_Energy_Dominance,200,13.636000,0.078857460,16494.716,false
SA_Energy_Dominance,200,13.686000,0.078839741,16367.279,false
SA_Energy_Dominance,200,13.594000,0.078941617,16367.279,false
SA_Energy_Dominance,200,13.688000,0.078802602,16159.094,false
SA_Energy_Dominance,200,13.858000,0.078748274,16185.819,false
SA_Energy_Dominance,200,14.390000,0.078703249,16259.970,false
SA_Energy_Dominance,200,14.552000,0.078594124,16212.058,false
SA_Energy_Dominance,200,14.530000,0.078640762,16144.462,false
SA_Energy_Dominance,200,14.610000,0.078486472,16076.866,false
SA_Energy_Dominance,200,14.600000,0.078536968,15987.776,false
SA_Energy_Dominance,200,15.120000,0.078482173,15988.262,false
SA_Energy_Dominance,200,15.146000,0.078444297,15676.790,false
SA_Energy_Dominance,200,15.240000,0.078420345,15755.444,false
SA_Energy_Dominance,200,15.330000,0.078405603,15704.155,false
SA_Energy_Dominance,200,15.444000,0.078387885,15708.003,false
SA_Energy_Dominance,200,15.476000,0.077675347,15489.968,false
SA_Energy_Dominance,200,15.472000,0.077792504,15590.680,false
SA_Energy_Dominance,200,15.566000,0.077654850,15590.680,false
SA_Energy_Dominance,200,15.844000,0.077635398,15590.680,false
SA_Energy_Dominance,200,15.922000,0.077613863,15210.927,false
SA_Energy_Dominance,200,15.946000,0.077569486,15426.082,false
SA_Energy_Dominance,200,15.980000,0.077518116,15652.143,false
SA_Energy_Dominance,200,16.130000,0.077471282,15807.030,false
SA_Energy_Dominance,200,16.222000,0.077437961,15807.030,false
SA_Energy_Dominance,200,16.428000,0.077393646,16068.824,false
SA_Energy_Dominance,200,16.630000,0.077388956,16000.687,false
SA_Energy_Dominance,200,16.802000,0.075417680,14035.570,false
SA_Energy_Dominance,200,16.890000,0.075306482,14089.147,false
SA_Energy_Dominance,200,17.194000,0.075272617,14040.860,false
SA_Energy_Dominance,200,17.526000,0.069593007,11129.703,true
SA_Energy_Dominance,200,17.662000,0.069539894,11085.433,false
SA_Energy_Dominance,200,17.858000,0.069535745,11120.873,false
SA_Energy_Dominance,200,18.030000,0.069533727,11543.287,false
SA_Energy_Dominance,201,9.468000,0.079127126,13950.755,false
SA_Energy_Dominance,201,9.454000,0.079307336,13884.638,false
SA_Energy_Dominance,201,9.562000,0.079077968,13972.814,false
SA_Energy_Dominance,201,9.418000,0.080026022,14007.885,false
SA_Energy_Dominance,201,9.386000,0.080473923,14221.177,false
SA_Energy_Dominance,201,9.416000,0.080254339,14022.322,false
SA_Energy_Dominance,201,9.390000,0.080453087,14072.530,false
SA_Energy_Dominance,201,9.336000,0.080679310,14562.923,false
SA_Energy_Dominance,201,9.084000,0.080868045,14561.215,false
SA_Energy_Dominance,201,9.178000,0.080719456,14353.929,false
SA_Energy_Dominance,201,9.112000,0.080752311,14665.722,false
SA_Energy_Dominance,201,16.242000,0.077368773,16022.741,false
SA_Energy_Dominance,201,16.584000,0.077276048,16022.741,false
SA_Energy_Dominance,201,16.588000,0.077231685,16189.571,false
SA_Energy_Dominance,201,16.826000,0.077058409,15879.884,false
SA_Energy_Dominance,201,16.874000,0.076933586,15629.669,false
SA_Energy_Dominance,201,16.900000,0.076870428,15444.649,false
SA_Energy_Dominance,201,16.964000,0.076027435,16271.194,false
SA_Energy_Dominance,201,17.244000,0.076001851,16271.194,false
SA_Energy_Dominance,201,17.440000,0.075779420,15550.271,false
SA_Energy_Dominance,201,17.526000,0.075737314,15751.695,false
SA_Energy_Dominance,201,17.660000,0.075720115,15795.965,false
SA_Energy_Dominance,201,17.830000,0.075619108,15739.298,false
SA_Energy_Dominance,201,17.932000,0.075441160,15424.033,false
SA_Energy_Dominance,201,18.120000,0.075395312,15524.746,false
SA_Energy_Dominance,201,18.864000,0.075221208,15267.600,false
SA_Energy_Dominance,201,18.724000,0.075251525,15267.600,false
SA_Energy_Dominance,201,19.050000,0.075200155,15267.600,false
SA_Energy_Dominance,201,19.218000,0.075124645,15133.908,false
SA_Energy_Dominance,201,19.352000,0.075075328,15133.908,false
SA_Energy_Dominance,201,19.490000,0.074888237,14579.563,false
SA_Energy_Dominance,201,19.424000,0.074959181,14524.809,false
SA_Energy_Dominance,201,19.918000,0.069098635,10242.341,false
SA_Energy_Dominance,201,20.084000,0.069021479,9887.305,false
SA_Energy_Dominance,201,19.828000,0.069235137,10128.001,false
SA_Energy_Dominance,202,9.508000,0.079127126,14078.193,false
SA_Energy_Dominance,202,9.562000,0.079085021,14051.468,false
SA_Energy_Dominance,202,9.556000,0.079097527,14051.468,false
SA_Energy_Dominance,202,9.492000,0.079211337,14236.488,false
SA_Energy_Dominance,202,9.498000,0.079155174,14078.193,false
SA_Energy_Dominance,202,9.524000,0.079106073,14236.488,false
SA_Energy_Dominance,202,9.446000,0.079515244,13993.707,false
SA_Energy_Dominance,202,9.482000,0.079514544,14123.775,false
SA_Energy_Dominance,202,9.354000,0.079685056,14284.786,false
SA_Energy_Dominance,202,9.440000,0.079684207,14330.035,false
SA_Energy_Dominance,202,9.344000,0.079917035,14738.677,false
SA_Energy_Dominance,202,9.224000,0.080188643,14689.580,false
SA_Energy_Dominance,202,9.302000,0.080188643,14689.580,false
SA_Energy_Dominance,202,9.304000,0.080160265,14689.580,false
SA_Energy_Dominance,202,9.072000,0.080192557,14825.418,false
SA_Energy_Dominance,202,12.558000,0.079010561,16035.271,false
SA_Energy_Dominance,202,12.616000,0.078760500,15800.378,false
SA_Energy_Dominance,202,12.758000,0.078605477,15535.665,false
SA_Energy_Dominance,202,12.644000,0.078628788,15535.665,false
SA_Energy_Dominance,202,12.634000,0.078691946,15535.665,false
SA_Energy_Dominance,202,12.814000,0.078590552,15720.334,false
SA_Energy_Dominance,202,12.862000,0.078571770,15794.475,false
SA_Energy_Dominance,202,12.872000,0.078519074,16144.480,false
SA_Energy_Dominance,202,13.056000,0.078387687,15840.824,false
SA_Energy_Dominance,202,13.080000,0.078209241,15917.866,false
SA_Energy_Dominance,202,12.956000,0.078446736,15932.820,false
SA_Energy_Dominance,202,13.260000,0.078041654,15622.542,false
SA_Energy_Dominance,202,13.208000,0.078108093,15622.542,false
SA_Energy_Dominance,202,13.468000,0.078023169,15612.710,false
SA_Energy_Dominance,202,13.892000,0.077995973,15602.778,false
SA_Energy_Dominance,202,13.992000,0.077980539,15673.773,false
SA_Energy_Dominance,202,14.146000,0.077875173,15644.154,false
SA_Energy_Dominance,202,14.122000,0.077901192,15670.879,false
SA_Energy_Dominance,202,14.180000,0.077780883,16015.930,false
SA_Energy_Dominance,202,14.288000,0.077751666,15778.105,false
SA_Energy_Dominance,202,14.322000,0.077724347,15781.446,false
SA_Energy_Dominance,202,14.384000,0.077696053,15680.612,false
SA_Energy_Dominance,202,14.402000,0.077665919,15763.779,false
SA_Energy_Dominance,202,14.478000,0.077645948,15742.414,false
SA_Energy_Dominance,202,14.534000,0.077545879,15600.659,false
SA_Energy_Dominance,202,14.508000,0.077579153,15600.659,false
SA_Energy_Dominance,202,14.646000,0.077507634,15707.482,false
SA_Energy_Dominance,202,14.740000,0.077487229,15707.482,false
SA_Energy_Dominance,202,14.802000,0.077453236,15520.579,false
SA_Energy_Dominance,202,14.830000,0.077413940,15564.849,false
SA_Energy_Dominance,202,14.908000,0.077053031,15392.891,false
SA_Energy_Dominance,202,15.086000,0.076723086,14853.431,false
SA_Energy_Dominance,202,15.188000,0.076705041,15166.255,false
SA_Energy_Dominance,202,15.230000,0.076650432,14936.516,false
SA_Energy_Dominance,202,15.406000,0.076453989,14971.368,false
SA_Energy_Dominance,202,15.300000,0.076489744,15138.198,false
SA_Energy_Dominance,202,15.570000,0.076439418,15173.611,false
SA_Energy_Dominance,202,15.838000,0.076419570,15063.630,false
SA_Energy_Dominance,202,15.856000,0.076355645,14796.414,false
SA_Energy_Dominance,202,16.026000,0.076295444,14895.693,false
SA_Energy_Dominance,202,16.152000,0.076212782,14863.560,false
SA_Energy_Dominance,202,16.046000,0.076224611,14863.560,false
SA_Energy_Dominance,202,16.290000,0.076107057,14956.627,false
SA_Energy_Dominance,202,16.200000,0.076159095,14956.627,false
SA_Energy_Dominance,202,16.478000,0.076072753,14893.834,false
SA_Energy_Dominance,202,16.702000,0.075936720,15204.552,false
SA_Energy_Dominance,202,16.832000,0.075838322,14765.155,false
SA_Energy_Dominance,202,16.738000,0.075876589,14765.155,false
SA_Energy_Dominance,202,16.886000,0.075793396,14670.314,false
SA_Energy_Dominance,202,17.444000,0.075749103,14511.776,false
SA_Energy_Dominance,202,17.616000,0.075425766,14425.024,false
SA_Energy_Dominance,202,17.670000,0.075366314,14100.327,false
SA_Energy_Dominance,202,18.052000,0.074853310,13883.972,false
SA_Energy_Dominance,202,17.848000,0.075039809,13821.062,false
SA_Energy_Dominance,202,18.236000,0.074809856,13794.337,false
SA_Energy_Dominance,202,18.352000,0.074807972,13794.337,false
SA_Energy_Dominance,202,18.554000,0.073911621,13987.911,false
SA_Energy_Dominance,202,18.644000,0.073821175,13753.794,false
SA_Energy_Dominance,202,18.362000,0.073940437,13753.794,false
SA_Energy_Dominance,202,18.752000,0.073702007,13592.814,false
SA_Energy_Dominance,202,18.974000,0.069243144,10689.772,false
SA_Energy_Dominance,202,18.852000,0.069255444,10691.121,false
SA_Energy_Dominance,202,18.800000,0.069375858,10645.277,false
SA_Energy_Dominance,202,19.182000,0.069222367,10746.016,false
SA_Energy_Dominance,202,19.302000,0.069222367,10790.232,false
SA_Energy_Dominance,203,9.558000,0.079085021,14051.468,false
SA_Energy_Dominance,203,9.548000,0.079106073,14051.468,false
SA_Energy_Dominance,203,9.482000,0.079316601,14051.468,false
SA_Energy_Dominance,203,9.514000,0.079127126,14024.743,false
SA_Energy_Dominance,203,9.494000,0.079169232,14007.198,false
SA_Energy_Dominance,203,9.450000,0.079364288,14003.654,false
SA_Energy_Dominance,203,9.432000,0.079440148,14197.216,false
SA_Energy_Dominance,203,9.424000,0.079676681,14102.008,false
SA_Energy_Dominance,203,9.428000,0.079667152,14071.302,false
SA_Energy_Dominance,203,9.356000,0.079957166,14018.973,false
SA_Energy_Dominance,203,9.394000,0.079930250,14018.973,false
SA_Energy_Dominance,203,9.298000,0.080465013,14212.880,false
SA_Energy_Dominance,203,16.478000,0.078148106,15826.901,false
SA_Energy_Dominance,203,16.810000,0.077942402,15649.921,false
SA_Energy_Dominance,203,16.562000,0.077996626,15284.487,false
SA_Energy_Dominance,203,17.122000,0.077448130,15144.839,false
SA_Energy_Dominance,203,16.934000,0.077488682,15311.669,false
SA_Energy_Dominance,203,17.238000,0.077343881,15311.669,false
SA_Energy_Dominance,203,16.886000,0.077665473,15311.669,false
SA_Energy_Dominance,203,17.266000,0.077293300,15233.016,false
SA_Energy_Dominance,203,17.572000,0.077287564,15223.287,false
SA_Energy_Dominance,203,17.788000,0.077195049,15223.287,false
SA_Energy_Dominance,203,17.896000,0.077164725,15196.563,false
SA_Energy_Dominance,203,18.060000,0.077152014,15223.287,false
SA_Energy_Dominance,203,18.064000,0.077035491,15223.287,false
SA_Energy_Dominance,203,18.490000,0.076826782,15174.191,false
SA_Energy_Dominance,203,18.278000,0.076859167,15174.191,false
SA_Energy_Dominance,203,18.492000,0.076789234,15301.628,false
SA_Energy_Dominance,203,18.664000,0.076522256,15377.311,false
SA_Energy_Dominance,203,18.820000,0.076486501,15254.163,false
SA_Energy_Dominance,203,19.000000,0.076460728,15131.240,false
SA_Energy_Dominance,203,19.252000,0.075839071,15387.229,false
SA_Energy_Dominance,203,19.162000,0.076266727,15360.175,false
SA_Energy_Dominance,203,19.576000,0.068920455,11074.489,false
SA_Energy_Dominance,203,19.424000,0.068980538,10990.623,false
SA_Energy_Dominance,203,19.264000,0.069263099,10956.239,false
SA_Energy_Dominance,203,20.206000,0.068900050,10928.462,false
SA_Energy_Dominance,204,9.588000,0.079042915,14051.468,false
SA_Energy_Dominance,204,9.546000,0.079092822,13979.675,false
SA_Energy_Dominance,204,9.460000,0.079127126,14064.057,false
SA_Energy_Dominance,204,9.454000,0.079211337,14262.568,false
SA_Energy_Dominance,204,9.554000,0.079064644,13985.625,false
SA_Energy_Dominance,204,9.416000,0.080115710,14023.753,false
SA_Energy_Dominance,204,9.376000,0.080268296,14294.650,false
SA_Energy_Dominance,204,13.956000,0.078898011,14923.410,false
SA_Energy_Dominance,204,14.058000,0.078860463,14923.410,false
SA_Energy_Dominance,204,14.050000,0.078890455,15071.754,false
SA_Energy_Dominance,204,14.376000,0.078682337,14610.665,false
SA_Energy_Dominance,204,14.300000,0.078727583,14812.332,false
SA_Energy_Dominance,204,14.192000,0.078733403,14858.278,false
SA_Energy_Dominance,204,14.172000,0.078775508,14858.278,false
SA_Energy_Dominance,204,14.462000,0.078671736,14370.842,false
SA_Energy_Dominance,204,14.486000,0.078503118,14319.325,false
SA_Energy_Dominance,204,14.772000,0.078215538,14319.325,false
SA_Energy_Dominance,204,14.590000,0.078238778,14319.325,false
SA_Energy_Dominance,204,14.670000,0.078223247,14319.325,false
SA_Energy_Dominance,204,14.512000,0.078265352,14275.055,false
SA_Energy_Dominance,204,15.416000,0.078206837,14212.448,false
SA_Energy_Dominance,204,15.478000,0.078135886,14151.412,false
SA_Energy_Dominance,204,15.554000,0.078108517,14581.526,false
SA_Energy_Dominance,204,15.574000,0.078029282,14877.041,false
SA_Energy_Dominance,204,15.628000,0.077897444,14877.041,false
SA_Energy_Dominance,204,15.792000,0.077811695,14589.037,false
SA_Energy_Dominance,204,15.872000,0.077800211,14780.049,false
SA_Energy_Dominance,204,16.062000,0.077559575,14802.383,false
SA_Energy_Dominance,204,15.928000,0.077623015,14802.383,false
SA_Energy_Dominance,204,16.000000,0.077588213,14873.037,false
SA_Energy_Dominance,204,16.166000,0.077553247,15005.484,false
SA_Energy_Dominance,204,16.196000,0.077513928,15263.209,false
SA_Energy_Dominance,204,16.274000,0.077465207,15250.930,false
SA_Energy_Dominance,204,16.402000,0.077393163,15230.923,false
SA_Energy_Dominance,204,16.482000,0.077377632,15270.237,false
SA_Energy_Dominance,204,16.890000,0.077349309,15536.640,false
SA_Energy_Dominance,204,17.154000,0.076823145,14736.759,false
SA_Energy_Dominance,204,17.022000,0.076858890,14921.779,false
SA_Energy_Dominance,204,17.254000,0.070210327,9858.088,false
SA_Energy_Dominance,204,17.236000,0.070497866,9846.467,false
SA_Energy_Dominance,204,17.242000,0.070339774,10290.426,false
SA_Energy_Dominance,204,17.404000,0.070200240,10275.566,false
SA_Energy_Dominance,204,17.720000,0.070198626,10103.344,false
SA_Energy_Dominance,204,17.566000,0.070198626,10149.041,false
SA_Energy_Dominance,205,9.474000,0.079127126,14152.180,false
SA_Energy_Dominance,205,9.566000,0.079064644,13985.625,false
SA_Energy_Dominance,205,9.470000,0.079331781,14092.482,false
SA_Energy_Dominance,205,9.416000,0.079488983,14233.720,false
SA_Energy_Dominance,205,9.412000,0.079525501,14208.774,false
SA_Energy_Dominance,205,9.384000,0.079545208,14209.036,false
SA_Energy_Dominance,205,9.252000,0.079843667,14754.019,false
SA_Energy_Dominance,205,9.280000,0.079805016,14896.547,false
SA_Energy_Dominance,205,9.204000,0.080123457,14956.486,false
SA_Energy_Dominance,205,9.182000,0.080354015,15017.204,false
SA_Energy_Dominance,205,9.170000,0.080396121,15117.916,false
SA_Energy_Dominance,205,9.140000,0.080655362,14869.595,false
SA_Energy_Dominance,205,9.120000,0.080680232,14867.942,false
SA_Energy_Dominance,205,9.092000,0.080703796,14999.258,false
SA_Energy_Dominance,205,8.966000,0.081346912,15418.386,false
SA_Energy_Dominance,205,8.940000,0.081675830,15418.386,false
SA_Energy_Dominance,205,8.958000,0.081400464,15418.386,false
SA_Energy_Dominance,205,8.992000,0.080894041,15566.730,false
SA_Energy_Dominance,205,8.974000,0.080912426,15566.730,false
SA_Energy_Dominance,205,16.176000,0.077814663,15100.819,false
SA_Energy_Dominance,205,16.364000,0.076904509,14307.316,false
SA_Energy_Dominance,205,16.328000,0.077057300,14296.005,false
SA_Energy_Dominance,205,16.380000,0.076821221,14296.005,false
SA_Energy_Dominance,205,16.578000,0.076582030,14098.923,false
SA_Energy_Dominance,205,16.544000,0.076723218,14110.544,false
SA_Energy_Dominance,205,16.746000,0.076479356,14266.185,false
SA_Energy_Dominance,205,16.960000,0.076438125,14518.186,false
SA_Energy_Dominance,205,17.182000,0.076341085,14486.364,false
SA_Energy_Dominance,205,17.364000,0.076314886,14978.365,false
SA_Energy_Dominance,205,17.492000,0.076269430,15212.483,false
SA_Energy_Dominance,205,17.692000,0.076264192,14763.329,false
SA_Energy_Dominance,205,17.788000,0.076263930,14673.617,false
SA_Energy_Dominance,205,17.880000,0.076247334,14570.706,false
SA_Energy_Dominance,205,17.992000,0.076227530,14615.954,false
SA_Energy_Dominance,205,18.160000,0.070392963,10617.980,false
SA_Energy_Dominance,205,18.174000,0.070178449,11506.602,false
SA_Energy_Dominance,205,18.372000,0.070090305,11307.002,false
SA_Energy_Dominance,206,9.552000,0.079087808,14047.710,false
SA_Energy_Dominance,206,9.558000,0.079073793,14051.468,false
SA_Energy_Dominance,206,9.498000,0.079127126,14054.808,false
SA_Energy_Dominance,206,9.432000,0.079273543,13960.268,false
SA_Energy_Dominance,206,9.320000,0.079525582,13962.929,false
SA_Energy_Dominance,206,9.282000,0.079691861,13920.008,false
SA_Energy_Dominance,206,9.156000,0.079739126,14154.125,false
SA_Energy_Dominance,206,9.174000,0.079706183,14147.760,false
SA_Energy_Dominance,206,8.914000,0.080026849,14263.974,false
SA_Energy_Dominance,206,8.918000,0.079972742,14263.974,false
SA_Energy_Dominance,206,8.946000,0.079894920,14047.966,false
SA_Energy_Dominance,206,8.984000,0.079872783,13856.872,false
SA_Energy_Dominance,206,9.016000,0.079851730,14037.816,false
SA_Energy_Dominance,206,9.020000,0.079831326,14184.148,false
SA_Energy_Dominance,206,14.266000,0.079030879,15325.242,false
SA_Energy_Dominance,206,14.238000,0.079072985,15325.242,false
SA_Energy_Dominance,206,14.734000,0.078752966,15215.525,false
SA_Energy_Dominance,206,14.498000,0.078776156,15215.525,false
SA_Energy_Dominance,206,14.756000,0.078710137,15462.243,false
SA_Energy_Dominance,206,14.774000,0.078640204,15462.243,false
SA_Energy_Dominance,206,14.826000,0.078624214,15462.243,false
SA_Energy_Dominance,206,14.828000,0.078366567,15825.236,false
SA_Energy_Dominance,206,14.970000,0.078203000,15825.236,false
SA_Energy_Dominance,206,14.914000,0.078290550,15825.236,false
SA_Energy_Dominance,206,15.124000,0.078153366,15784.317,false
SA_Energy_Dominance,206,15.302000,0.078073052,15784.317,false
SA_Energy_Dominance,206,15.300000,0.078094104,15784.317,false
SA_Energy_Dominance,206,15.932000,0.078056588,15720.492,false
SA_Energy_Dominance,206,16.010000,0.078031481,15320.120,false
SA_Energy_Dominance,206,16.042000,0.077490097,14482.866,false
SA_Energy_Dominance,206,16.044000,0.077101980,14789.154,false
SA_Energy_Dominance,206,16.404000,0.077019621,14826.630,false
SA_Energy_Dominance,206,16.272000,0.077075649,14902.313,false
SA_Energy_Dominance,206,16.418000,0.076960936,14802.087,false
SA_Energy_Dominance,206,16.278000,0.077036618,14802.087,false
SA_Energy_Dominance,206,16.560000,0.076865950,14559.077,false
SA_Energy_Dominance,206,16.518000,0.076905191,14569.455,false
SA_Energy_Dominance,206,16.758000,0.076808760,14791.835,false
SA_Energy_Dominance,206,16.868000,0.076790471,14870.489,false
SA_Energy_Dominance,206,16.742000,0.076844320,14826.582,false
SA_Energy_Dominance,206,17.122000,0.070411485,10639.038,false
SA_Energy_Dominance,206,17.226000,0.070397766,10627.417,false
SA_Energy_Dominance,206,18.000000,0.070396152,11148.065,false
SA_Energy_Dominance,207,9.482000,0.079127126,14051.468,false
SA_Energy_Dominance,207,9.556000,0.079105793,14051.468,false
SA_Energy_Dominance,207,9.324000,0.079432246,14081.373,false
SA_Energy_Dominance,207,9.310000,0.079495307,14026.619,false
SA_Energy_Dominance,207,9.372000,0.079399824,13934.440,false
SA_Energy_Dominance,207,9.278000,0.080168917,14555.631,false
SA_Energy_Dominance,207,9.222000,0.080259846,14437.922,false
SA_Energy_Dominance,207,9.268000,0.080247322,14437.922,false
SA_Energy_Dominance,207,9.154000,0.080854008,14545.109,false
SA_Energy_Dominance,207,9.168000,0.080826648,14637.205,false
SA_Energy_Dominance,207,9.174000,0.080735218,14663.781,false
SA_Energy_Dominance,207,9.212000,0.080565776,14605.925,false
SA_Energy_Dominance,207,13.878000,0.078480152,14917.918,false
SA_Energy_Dominance,207,13.880000,0.078323006,14865.507,false
SA_Energy_Dominance,207,13.360000,0.078555832,14865.507,false
SA_Energy_Dominance,207,13.640000,0.078526617,14997.834,false
SA_Energy_Dominance,207,14.024000,0.078259300,14655.130,false
SA_Energy_Dominance,207,14.096000,0.078181155,14305.954,false
SA_Energy_Dominance,207,14.118000,0.077734204,14480.293,false
SA_Energy_Dominance,207,14.354000,0.077473325,14503.303,false
SA_Energy_Dominance,207,14.364000,0.077104070,14503.303,false
SA_Energy_Dominance,207,14.460000,0.076920504,14683.499,false
SA_Energy_Dominance,207,14.450000,0.076962610,14683.499,false
SA_Energy_Dominance,207,14.532000,0.076913509,14696.088,false
SA_Energy_Dominance,207,14.712000,0.076897435,14723.329,false
SA_Energy_Dominance,207,14.810000,0.076881904,14489.212,false
SA_Energy_Dominance,207,14.888000,0.076866917,14499.380,false
SA_Energy_Dominance,207,14.980000,0.076820493,14499.380,false
SA_Energy_Dominance,207,15.044000,0.076797182,14496.039,false
SA_Energy_Dominance,207,15.358000,0.076761918,14491.212,false
SA_Energy_Dominance,207,15.492000,0.076722380,14727.245,false
SA_Energy_Dominance,207,15.568000,0.076695192,14706.338,false
SA_Energy_Dominance,207,15.662000,0.076684515,14659.358,false
SA_Energy_Dominance,207,15.840000,0.076609864,15358.326,false
SA_Energy_Dominance,207,15.920000,0.076602459,15358.326,false
SA_Energy_Dominance,207,15.964000,0.076479759,15008.193,false
SA_Energy_Dominance,207,16.148000,0.076428241,15008.193,false
SA_Energy_Dominance,207,16.244000,0.076375026,14983.183,false
SA_Energy_Dominance,207,16.378000,0.076189681,15235.572,false
SA_Energy_Dominance,207,16.262000,0.076234044,15235.572,false
SA_Energy_Dominance,207,16.460000,0.076078860,14791.173,false
SA_Energy_Dominance,207,16.576000,0.076041303,14958.003,false
SA_Energy_Dominance,207,16.828000,0.076021261,14866.093,false
SA_Energy_Dominance,207,17.076000,0.075701383,14441.835,false
SA_Energy_Dominance,207,17.026000,0.075761973,14441.835,false
SA_Energy_Dominance,207,16.898000,0.075766151,14441.835,false
SA_Energy_Dominance,207,17.088000,0.074518848,12971.854,false
SA_Energy_Dominance,207,17.132000,0.070788230,11314.413,false
SA_Energy_Dominance,207,17.164000,0.070680028,11224.826,false
SA_Energy_Dominance,207,17.126000,0.071131759,11869.089,false
SA_Energy_Dominance,207,17.258000,0.070639939,11023.836,false
SA_Energy_Dominance,208,9.504000,0.079172999,14078.193,false
SA_Energy_Dominance,208,9.558000,0.079106073,14051.468,false
SA_Energy_Dominance,208,9.568000,0.079077151,13998.805,false
SA_Energy_Dominance,208,9.518000,0.079127126,14051.468,false
SA_Energy_Dominance,208,9.588000,0.079067302,14051.468,false
SA_Energy_Dominance,208,9.464000,0.079343097,14140.969,false
SA_Energy_Dominance,208,9.440000,0.079385203,14140.969,false
SA_Energy_Dominance,208,9.402000,0.079511519,14140.969,false
SA_Energy_Dominance,208,9.372000,0.079572390,14013.532,false
SA_Energy_Dominance,208,9.350000,0.079701377,14013.718,false
SA_Energy_Dominance,208,9.260000,0.079791576,13996.335,false
SA_Energy_Dominance,208,9.116000,0.080271189,13956.332,false
SA_Energy_Dominance,208,9.134000,0.080250136,13956.332,false
SA_Energy_Dominance,208,9.206000,0.080219601,14058.745,false
SA_Energy_Dominance,208,9.058000,0.080584336,14117.378,false
SA_Energy_Dominance,208,9.040000,0.080748226,14114.037,false
SA_Energy_Dominance,208,11.930000,0.078939948,15946.436,false
SA_Energy_Dominance,208,12.062000,0.078834215,15871.477,false
SA_Energy_Dominance,208,12.054000,0.078855267,15819.862,false
SA_Energy_Dominance,208,12.588000,0.078768138,15745.197,false
SA_Energy_Dominance,208,12.644000,0.078718700,15756.818,false
SA_Energy_Dominance,208,12.640000,0.078739753,15756.818,false
SA_Energy_Dominance,208,13.654000,0.078510104,15318.599,false
SA_Energy_Dominance,208,14.006000,0.078166176,15463.095,false
SA_Energy_Dominance,208,13.934000,0.078170449,15463.095,false
SA_Energy_Dominance,208,13.816000,0.078246751,15340.534,false
SA_Energy_Dominance,208,13.790000,0.078411033,15328.913,false
SA_Energy_Dominance,208,13.812000,0.078299003,15429.626,false
SA_Energy_Dominance,208,14.352000,0.077935380,15157.409,false
SA_Energy_Dominance,208,14.458000,0.077841401,15210.859,false
SA_Energy_Dominance,208,14.178000,0.078056508,15210.859,false
SA_Energy_Dominance,208,14.736000,0.077805758,14922.034,false
SA_Energy_Dominance,208,14.868000,0.077805379,15318.991,false
SA_Energy_Dominance,208,14.882000,0.077695212,15399.696,false
SA_Energy_Dominance,208,14.942000,0.077656745,15399.696,false
SA_Energy_Dominance,208,15.026000,0.077650670,15687.696,false
SA_Energy_Dominance,208,15.158000,0.077311224,15559.685,false
SA_Energy_Dominance,208,15.184000,0.077274640,15559.685,false
SA_Energy_Dominance,208,15.142000,0.077347809,15559.685,false
SA_Energy_Dominance,208,15.270000,0.077268831,15419.144,false
SA_Energy_Dominance,208,15.450000,0.076109137,14436.276,false
SA_Energy_Dominance,208,15.610000,0.076073854,14436.276,false
SA_Energy_Dominance,208,15.532000,0.076106383,14436.276,false
SA_Energy_Dominance,208,15.344000,0.076284382,14436.276,false
SA_Energy_Dominance,208,15.362000,0.076179779,14454.349,false
SA_Energy_Dominance,208,15.758000,0.076036307,14454.087,false
SA_Energy_Dominance,208,15.828000,0.076016184,14459.249,false
SA_Energy_Dominance,208,15.908000,0.075986485,14649.459,false
SA_Energy_Dominance,208,16.038000,0.075952909,14649.459,false
SA_Energy_Dominance,208,16.212000,0.075905616,14475.861,false
SA_Energy_Dominance,208,16.404000,0.075876154,14410.019,false
SA_Energy_Dominance,208,16.456000,0.075649526,14458.158,false
SA_Energy_Dominance,208,16.730000,0.075438999,14435.786,false
SA_Energy_Dominance,208,16.894000,0.075434033,14439.019,false
SA_Energy_Dominance,208,17.082000,0.074684333,13767.314,false
SA_Energy_Dominance,208,17.048000,0.074902542,13441.127,false
SA_Energy_Dominance,208,17.398000,0.073726624,12641.221,false
SA_Energy_Dominance,208,17.520000,0.073722797,12631.493,false
SA_Energy_Dominance,208,17.836000,0.073706989,12643.475,false
SA_Energy_Dominance,208,17.350000,0.073888999,12931.515,false
SA_Energy_Dominance,208,18.244000,0.073465246,12249.522,false
SA_Energy_Dominance,208,18.136000,0.073476461,12209.454,false
SA_Energy_Dominance,208,18.118000,0.073654898,12209.454,false
SA_Energy_Dominance,208,18.446000,0.073371224,12219.295,false
SA_Energy_Dominance,208,18.540000,0.072974035,12347.278,false
SA_Energy_Dominance,208,18.736000,0.069707339,10427.080,false
SA_Energy_Dominance,208,18.906000,0.069606332,10369.964,false
SA_Energy_Dominance,209,9.446000,0.079169232,13884.638,false
SA_Energy_Dominance,209,9.510000,0.079127126,14051.468,false
SA_Energy_Dominance,209,9.572000,0.079083524,13950.634,false
SA_Energy_Dominance,209,9.204000,0.080022646,14711.755,false
SA_Energy_Dominance,209,9.136000,0.080064752,14708.414,false
SA_Energy_Dominance,209,9.126000,0.080085805,14589.000,false
SA_Energy_Dominance,209,9.064000,0.080336312,14386.483,false
SA_Energy_Dominance,209,9.190000,0.080049139,14449.776,false
SA_Energy_Dominance,209,9.444000,0.079336305,13916.773,false
SA_Energy_Dominance,209,9.508000,0.079155923,13898.274,false
SA_Energy_Dominance,209,9.406000,0.079613557,14092.729,false
SA_Energy_Dominance,209,9.428000,0.079607943,14076.800,false
SA_Energy_Dominance,209,9.404000,0.079673193,14218.283,false
SA_Energy_Dominance,209,9.312000,0.079770241,14221.624,false
SA_Energy_Dominance,209,9.260000,0.079875505,14234.596,false
SA_Energy_Dominance,209,9.236000,0.079886172,14234.596,false
SA_Energy_Dominance,209,9.232000,0.079919131,14234.596,false
SA_Energy_Dominance,209,9.196000,0.080027616,14190.732,false
SA_Energy_Dominance,209,13.310000,0.078859645,14805.095,false
SA_Energy_Dominance,209,13.358000,0.078655797,15191.561,false
SA_Energy_Dominance,209,13.320000,0.078676850,15064.124,false
SA_Energy_Dominance,209,13.442000,0.078605259,14994.608,false
SA_Energy_Dominance,209,13.498000,0.078599180,14990.735,false
SA_Energy_Dominance,209,13.590000,0.078571983,14990.735,false
SA_Energy_Dominance,209,13.678000,0.078562945,15031.654,false
SA_Energy_Dominance,209,13.964000,0.078546450,15027.781,false
SA_Energy_Dominance,209,14.114000,0.078199464,15685.256,false
SA_Energy_Dominance,209,14.272000,0.077508709,15256.328,false
SA_Energy_Dominance,209,14.310000,0.077431553,15256.328,false
SA_Energy_Dominance,209,14.312000,0.077286425,15256.328,false
SA_Energy_Dominance,209,14.538000,0.076260913,15416.169,false
SA_Energy_Dominance,209,14.512000,0.076310072,15416.431,false
SA_Energy_Dominance,209,14.470000,0.076369058,15428.758,false
SA_Energy_Dominance,209,14.666000,0.075981886,15476.273,false
SA_Energy_Dominance,209,14.622000,0.076031216,15476.273,false
SA_Energy_Dominance,209,14.898000,0.075978577,15525.370,false
SA_Energy_Dominance,209,14.746000,0.075981857,15193.678,false
SA_Energy_Dominance,209,15.056000,0.075936505,15186.817,false
SA_Energy_Dominance,209,15.164000,0.075817051,14786.823,false
SA_Energy_Dominance,209,15.414000,0.075771178,14786.823,false
SA_Energy_Dominance,209,15.508000,0.075676304,14760.098,false
SA_Energy_Dominance,209,16.124000,0.069897288,11782.314,false
SA_Energy_Dominance,209,16.082000,0.070095294,11137.171,false
SA_Energy_Dominance,209,16.142000,0.069644235,10907.319,true
SA_Energy_Dominance,209,16.310000,0.069623489,11014.466,true
NSGA-II,200,6.442000,0.078102439,15604.780,false
NSGA-II,200,6.550000,0.077612133,15940.299,false
NSGA-II,200,8.652000,0.074251167,14326.725,false
NSGA-II,200,6.902000,0.076367662,15232.093,false
NSGA-II,200,7.660000,0.075178119,14682.773,false
NSGA-II,200,6.996000,0.076238172,15255.854,false
NSGA-II,200,8.604000,0.074258876,14249.998,false
NSGA-II,200,8.294000,0.074523687,14254.564,false
NSGA-II,200,6.830000,0.076499033,15425.903,false
NSGA-II,200,7.846000,0.075023837,14196.588,false
NSGA-II,200,6.978000,0.076329210,14551.589,false
NSGA-II,200,8.968000,0.074133774,14493.584,false
NSGA-II,200,8.450000,0.074318120,14527.158,false
NSGA-II,200,6.534000,0.077885137,15570.897,false
NSGA-II,200,8.758000,0.074193666,14678.991,false
NSGA-II,200,7.610000,0.075225661,15129.577,false
NSGA-II,200,8.372000,0.074405618,14478.063,false
NSGA-II,200,8.712000,0.074219022,14151.052,false
NSGA-II,200,7.000000,0.075926579,16186.817,false
NSGA-II,200,8.296000,0.074463717,14204.916,false
NSGA-II,200,8.522000,0.074316578,14604.103,false
NSGA-II,200,7.282000,0.075560204,15501.238,false
NSGA-II,200,7.956000,0.074703447,14270.464,false
NSGA-II,200,7.116000,0.075696281,15801.076,false
NSGA-II,200,8.364000,0.074452718,15044.900,false
NSGA-II,200,8.334000,0.074453292,13776.918,false
NSGA-II,200,6.692000,0.076640747,16465.444,false
NSGA-II,200,8.098000,0.074604084,13960.937,false
NSGA-II,200,7.710000,0.075146786,14056.003,false
NSGA-II,200,8.562000,0.074302405,14663.574,false
NSGA-II,200,7.716000,0.075072875,14934.991,false
NSGA-II,200,7.152000,0.075597991,15664.162,false
NSGA-II,200,6.590000,0.076892860,16093.433,false
NSGA-II,200,8.164000,0.074557539,14884.242,false
NSGA-II,200,6.564000,0.077317471,15407.643,false
NSGA-II,200,7.018000,0.075772713,16240.503,false
NSGA-II,200,6.540000,0.077753344,15505.277,false
NSGA-II,200,6.480000,0.077894824,15292.645,false
NSGA-II,200,8.070000,0.074622928,14418.444,false
NSGA-II,200,8.234000,0.074531010,14413.501,false
NSGA-II,200,8.784000,0.074163934,14162.682,false
NSGA-II,200,7.550000,0.075307785,14422.082,false
NSGA-II,200,7.850000,0.074935066,14124.148,false
NSGA-II,200,8.410000,0.074355430,14640.999,false
NSGA-II,200,7.914000,0.074805844,14630.556,false
NSGA-II,200,7.286000,0.075383888,15571.069,false
NSGA-II,201,6.674000,0.078759866,16553.695,false
NSGA-II,201,6.706000,0.078661423,17251.446,false
NSGA-II,201,7.152000,0.075395221,16033.273,false
NSGA-II,201,7.804000,0.074884302,15505.372,false
NSGA-II,201,9.968000,0.073425435,15290.687,false
NSGA-II,201,8.488000,0.074199927,14594.731,false
NSGA-II,201,7.968000,0.074766385,14505.817,false
NSGA-II,201,6.878000,0.077138555,15395.144,false
NSGA-II,201,7.012000,0.075724100,16270.543,false
NSGA-II,201,8.942000,0.073914896,14894.561,false
NSGA-II,201,6.826000,0.077268800,15929.660,false
NSGA-II,201,10.068000,0.073204838,14688.634,false
NSGA-II,201,6.906000,0.076047592,16189.164,false
NSGA-II,201,6.588000,0.078970382,17531.838,false
NSGA-II,201,9.062000,0.073770663,15039.621,false
NSGA-II,201,11.088000,0.072943808,14663.707,false
NSGA-II,201,10.622000,0.072952724,14170.764,false
NSGA-II,201,7.014000,0.075458120,15773.841,false
NSGA-II,201,6.612000,0.078802935,17555.605,false
NSGA-II,201,9.152000,0.073712643,14929.037,false
NSGA-II,201,7.550000,0.074937591,13946.067,false
NSGA-II,201,8.526000,0.074033783,14560.464,false
NSGA-II,201,8.140000,0.074514422,14786.679,false
NSGA-II,201,10.116000,0.073131713,14293.045,false
NSGA-II,201,6.956000,0.075799269,16289.170,false
NSGA-II,201,8.060000,0.074657215,14602.955,false
NSGA-II,201,7.996000,0.074694920,15139.278,false
NSGA-II,201,6.766000,0.078601125,17071.331,false
NSGA-II,201,7.244000,0.075143975,15259.647,false
NSGA-II,201,9.476000,0.073551369,14623.707,false
NSGA-II,201,8.284000,0.074416812,14790.769,false
NSGA-II,201,7.822000,0.074783913,13981.340,false
NSGA-II,201,9.054000,0.073845872,14539.638,false
NSGA-II,201,10.012000,0.073296702,14451.861,false
NSGA-II,201,9.386000,0.073572278,14988.495,false
NSGA-II,201,10.278000,0.073064300,15094.881,false
NSGA-II,201,10.358000,0.073041443,14720.564,false
NSGA-II,201,8.386000,0.074281590,14562.479,false
NSGA-II,201,6.914000,0.075975168,15088.052,false
NSGA-II,201,11.552000,0.072842347,14807.101,false
NSGA-II,201,11.320000,0.072867670,14655.448,false
NSGA-II,201,6.566000,0.079052531,17259.907,false
NSGA-II,201,8.648000,0.074027412,14673.870,false
NSGA-II,201,10.464000,0.073010056,14105.005,false
NSGA-II,201,9.296000,0.073616682,14270.175,false
NSGA-II,201,7.424000,0.075113989,15470.725,false
NSGA-II,201,11.222000,0.072894674,14863.886,false
NSGA-II,201,6.824000,0.077499030,15712.318,false
NSGA-II,202,7.474000,0.076204255,15386.132,false
NSGA-II,202,8.402000,0.074907382,14898.681,false
NSGA-II,202,6.792000,0.078032459,16534.780,false
NSGA-II,202,7.834000,0.075398345,14835.696,false
NSGA-II,202,7.310000,0.076558253,15632.245,false
NSGA-II,202,7.362000,0.076350123,13965.208,false
NSGA-II,202,10.204000,0.073812219,14458.499,false
NSGA-II,202,7.318000,0.076413282,13965.208,false
NSGA-II,202,10.578000,0.073647758,14014.820,false
NSGA-II,202,8.174000,0.074914185,14904.686,false
NSGA-II,202,10.870000,0.073597348,13486.239,false
NSGA-II,202,8.410000,0.074802736,14854.125,false
NSGA-II,202,7.088000,0.076742272,14843.632,false
NSGA-II,202,7.684000,0.075456964,14446.233,false
NSGA-II,202,7.940000,0.075202077,14476.210,false
NSGA-II,202,7.602000,0.075814773,15293.973,false
NSGA-II,202,7.786000,0.075409695,14701.065,false
NSGA-II,202,9.144000,0.074409415,15177.911,false
NSGA-II,202,9.846000,0.074025468,15307.404,false
NSGA-II,202,6.716000,0.078291359,16452.379,false
NSGA-II,202,7.080000,0.077442739,15552.761,false
NSGA-II,202,8.110000,0.075112937,15289.466,false
NSGA-II,202,7.248000,0.076620313,14898.680,false
NSGA-II,202,10.058000,0.073904011,14115.193,false
NSGA-II,202,8.464000,0.074738448,14800.363,false
NSGA-II,202,6.802000,0.077934947,16534.358,false
NSGA-II,202,7.430000,0.076269407,15221.458,false
NSGA-II,202,8.062000,0.075123075,14058.563,false
NSGA-II,202,10.900000,0.073476614,13923.135,false
NSGA-II,202,6.656000,0.078343355,17062.819,false
NSGA-II,202,6.846000,0.077932135,16589.688,false
NSGA-II,202,8.664000,0.074445956,14519.207,false
NSGA-II,202,10.022000,0.074016673,13857.274,false
NSGA-II,202,8.542000,0.074715984,14614.783,false
NSGA-II,202,8.622000,0.074669892,14996.114,false
NSGA-II,202,7.608000,0.075765465,15049.472,false
NSGA-II,202,7.502000,0.076114817,14713.914,false
NSGA-II,202,7.514000,0.076045667,13776.207,false
NSGA-II,202,7.886000,0.075310078,14626.603,false
NSGA-II,202,9.058000,0.074429312,14948.417,false
NSGA-II,202,10.310000,0.073743835,13929.999,false
NSGA-II,202,9.306000,0.074155556,15406.838,false
NSGA-II,202,7.544000,0.075943138,13943.601,false
NSGA-II,202,9.774000,0.074042947,15425.585,false
NSGA-II,202,6.732000,0.078096194,16909.896,false
NSGA-II,202,9.304000,0.074327382,15334.200,false
NSGA-II,202,9.434000,0.074116619,15414.949,false
NSGA-II,202,8.004000,0.075166797,14351.614,false
NSGA-II,203,6.696000,0.077879365,16732.605,false
NSGA-II,203,6.540000,0.078217505,16992.989,false
NSGA-II,203,6.498000,0.078344412,16127.533,false
NSGA-II,203,8.404000,0.074008573,14959.935,false
NSGA-II,203,6.726000,0.077865605,16566.126,false
NSGA-II,203,8.862000,0.073882356,14498.287,false
NSGA-II,203,8.186000,0.074369633,14978.179,false
NSGA-II,203,7.482000,0.075191915,14963.028,false
NSGA-II,203,6.468000,0.078348110,16327.737,false
NSGA-II,203,6.972000,0.076405041,14768.150,false
NSGA-II,203,6.502000,0.078243357,16403.363,false
NSGA-II,203,8.004000,0.074393082,14682.852,false
NSGA-II,203,6.454000,0.078623184,16925.374,false
NSGA-II,203,7.614000,0.074826673,14767.224,false
NSGA-II,203,8.208000,0.074187241,14619.218,false
NSGA-II,203,6.614000,0.077975830,16388.408,false
NSGA-II,203,6.594000,0.078183303,16318.639,false
NSGA-II,203,9.080000,0.073876164,14682.034,false
NSGA-II,203,8.194000,0.074306327,15207.478,false
NSGA-II,203,8.432000,0.073910930,14798.666,false
NSGA-II,203,6.458000,0.078463596,16327.737,false
NSGA-II,203,7.084000,0.076088911,14799.293,false
NSGA-II,203,8.590000,0.073902573,14908.705,false
NSGA-II,203,6.732000,0.077711563,16437.255,false
NSGA-II,203,6.872000,0.076849160,15605.163,false
NSGA-II,203,7.602000,0.074909392,15061.119,false
NSGA-II,203,8.298000,0.074042299,14881.259,false
NSGA-II,203,6.954000,0.076793046,15923.478,false
NSGA-II,203,8.260000,0.074072861,14785.585,false
NSGA-II,203,7.224000,0.075538507,15073.397,false
NSGA-II,203,7.416000,0.075239736,14547.499,false
NSGA-II,203,6.900000,0.076840873,15600.311,false
NSGA-II,203,8.832000,0.073891060,14738.362,false
NSGA-II,203,6.978000,0.076145428,14755.798,false
NSGA-II,203,7.308000,0.075447035,14285.683,false
NSGA-II,203,7.176000,0.075770742,14681.184,false
NSGA-II,203,7.204000,0.075754712,14759.273,false
NSGA-II,203,7.496000,0.075032898,15761.544,false
NSGA-II,203,7.810000,0.074437987,14430.176,false
NSGA-II,203,7.628000,0.074714004,14910.246,false
NSGA-II,203,7.124000,0.076086660,15287.564,false
NSGA-II,203,6.966000,0.076507428,15436.551,false
NSGA-II,203,7.140000,0.075915771,15359.881,false
NSGA-II,203,6.432000,0.079056339,16944.098,false
NSGA-II,204,6.750000,0.078906872,16289.932,false
NSGA-II,204,9.134000,0.073479497,13958.280,false
NSGA-II,204,6.678000,0.079451116,17666.748,false
NSGA-II,204,7.086000,0.076300020,16098.946,false
NSGA-II,204,6.714000,0.079059261,17765.308,false
NSGA-II,204,7.026000,0.076341797,16231.361,false
NSGA-II,204,8.166000,0.073801600,13921.776,false
NSGA-II,204,7.236000,0.075160679,16237.879,false
NSGA-II,204,7.882000,0.074002616,14865.182,false
NSGA-II,204,8.944000,0.073496417,13678.651,false
NSGA-II,204,6.990000,0.076451645,16150.209,false
NSGA-II,204,7.260000,0.074933443,15471.144,false
NSGA-II,204,10.710000,0.072894827,13985.196,false
NSGA-II,204,6.912000,0.076655013,16637.341,false
NSGA-II,204,7.482000,0.074690302,15232.152,false
NSGA-II,204,10.446000,0.072978703,14226.541,false
NSGA-II,204,6.728000,0.078984373,16982.117,false
NSGA-II,204,8.394000,0.073716158,14178.684,false
NSGA-II,204,7.542000,0.074644255,15014.061,false
NSGA-II,204,7.772000,0.074350724,15337.442,false
NSGA-II,204,7.586000,0.074443807,15495.691,true
NSGA-II,204,7.378000,0.074732940,15365.007,false
NSGA-II,204,8.624000,0.073660934,13888.128,false
NSGA-II,204,8.814000,0.073541832,14032.173,false
NSGA-II,204,6.880000,0.076879098,16519.321,false
NSGA-II,204,6.932000,0.076455348,16129.861,false
NSGA-II,204,9.180000,0.073398873,13642.605,false
NSGA-II,204,7.120000,0.075793990,16083.047,false
NSGA-II,204,7.970000,0.073910174,14770.164,true
NSGA-II,204,7.696000,0.074393026,14335.285,false
NSGA-II,204,6.770000,0.077262784,16554.617,false
NSGA-II,204,10.180000,0.072999130,14437.353,false
NSGA-II,204,8.736000,0.073595544,13802.442,false
NSGA-II,204,6.670000,0.079534561,17113.525,false
NSGA-II,204,7.812000,0.074190095,14407.048,false
NSGA-II,204,8.078000,0.073896873,15432.284,true
NSGA-II,204,6.786000,0.076981462,16362.946,false
NSGA-II,204,8.676000,0.073650744,13573.940,false
NSGA-II,204,6.682000,0.079157549,17285.168,false
NSGA-II,204,10.890000,0.072836864,13985.196,false
NSGA-II,204,6.664000,0.079842296,17512.442,false
NSGA-II,204,7.308000,0.074822335,16217.625,false
NSGA-II,204,10.572000,0.072908181,14008.858,false
NSGA-II,204,7.782000,0.074264214,14516.363,false
NSGA-II,204,6.836000,0.076978286,16216.796,false
NSGA-II,204,8.302000,0.073717709,14870.556,false
NSGA-II,204,7.188000,0.075174354,15735.156,false
NSGA-II,204,9.958000,0.073130279,13973.607,false
NSGA-II,204,8.480000,0.073711085,14158.282,false
NSGA-II,204,7.864000,0.074089906,15117.550,false
NSGA-II,204,9.726000,0.073151292,14395.564,false
NSGA-II,204,9.292000,0.073244792,14181.161,false
NSGA-II,205,6.586000,0.078690277,17813.410,false
NSGA-II,205,6.600000,0.078623931,17958.999,false
NSGA-II,205,6.576000,0.078789859,17564.164,false
NSGA-II,205,7.288000,0.074887069,15429.208,false
NSGA-II,205,7.234000,0.075027343,15688.444,false
NSGA-II,205,6.878000,0.077392240,16185.379,false
NSGA-II,205,10.906000,0.072428898,14648.450,true
NSGA-II,205,6.480000,0.079098422,17930.881,false
NSGA-II,205,10.680000,0.072467918,14747.569,true
NSGA-II,205,8.340000,0.073651803,14566.115,true
NSGA-II,205,6.644000,0.078539214,17390.484,false
NSGA-II,205,8.484000,0.073342714,15196.753,true
NSGA-II,205,10.974000,0.072414724,14749.568,true
NSGA-II,205,7.326000,0.074617695,15169.515,true
NSGA-II,205,6.764000,0.078198493,16612.990,false
NSGA-II,205,9.794000,0.072778031,14359.868,true
NSGA-II,205,9.462000,0.072971956,14960.573,true
NSGA-II,205,10.318000,0.072499800,15140.805,true
NSGA-II,205,7.210000,0.075361786,15638.138,false
NSGA-II,205,7.496000,0.074461620,15943.434,true
NSGA-II,205,7.768000,0.074137003,14676.109,true
NSGA-II,205,8.156000,0.073757250,14208.040,true
NSGA-II,205,7.804000,0.073996627,15144.452,true
NSGA-II,205,6.872000,0.077547693,16156.490,false
NSGA-II,205,9.376000,0.072993301,14613.206,true
NSGA-II,205,8.420000,0.073554629,15114.816,true
NSGA-II,205,8.776000,0.073099861,14592.157,true
NSGA-II,205,6.688000,0.078253980,16226.215,false
NSGA-II,205,7.430000,0.074488059,14634.048,true
NSGA-II,205,7.632000,0.074158784,14712.278,true
NSGA-II,205,9.202000,0.073034268,14829.868,true
NSGA-II,205,8.692000,0.073265084,14601.973,true
NSGA-II,205,7.164000,0.075397236,15705.029,false
NSGA-II,205,8.276000,0.073679915,14492.393,true
NSGA-II,205,10.444000,0.072470600,14352.299,true
NSGA-II,205,6.864000,0.077615211,16156.490,false
NSGA-II,205,6.788000,0.078060192,16705.079,false
NSGA-II,205,8.190000,0.073683686,14324.443,true
NSGA-II,205,7.226000,0.075245515,15260.350,false
NSGA-II,205,9.510000,0.072834476,14520.477,true
NSGA-II,205,7.104000,0.075691474,16773.706,false
NSGA-II,205,8.106000,0.073875493,14414.148,true
NSGA-II,205,8.434000,0.073463687,14392.775,true
NSGA-II,205,6.524000,0.078934395,17615.127,false
NSGA-II,205,9.918000,0.072684933,13932.708,true
NSGA-II,205,7.556000,0.074458990,15011.544,true
NSGA-II,205,7.108000,0.075511979,14802.052,false
NSGA-II,205,10.068000,0.072568431,14179.245,true
NSGA-II,205,6.954000,0.075809728,15629.410,false
NSGA-II,205,7.962000,0.073936196,14595.676,true
NSGA-II,206,6.496000,0.077587593,16046.075,false
NSGA-II,206,6.636000,0.077370226,15842.988,false
NSGA-II,206,6.380000,0.077764904,16534.516,false
NSGA-II,206,9.264000,0.074010921,14783.435,false
NSGA-II,206,6.452000,0.077656957,16322.588,false
NSGA-II,206,6.728000,0.077134963,16096.434,false
NSGA-II,206,6.812000,0.077093985,16439.995,false
NSGA-II,206,6.918000,0.076833023,16282.477,false
NSGA-II,206,7.604000,0.075391600,15069.096,false
NSGA-II,206,6.638000,0.077307496,15990.839,false
NSGA-II,206,8.494000,0.074280667,14649.547,false
NSGA-II,206,7.090000,0.076315450,15430.980,false
NSGA-II,206,7.984000,0.075077639,15079.785,false
NSGA-II,206,7.520000,0.075617090,14799.541,false
NSGA-II,206,11.214000,0.073277451,14675.264,false
NSGA-II,206,6.336000,0.078068435,16757.033,false
NSGA-II,206,6.172000,0.078911200,16544.345,false
NSGA-II,206,6.706000,0.077228773,16540.937,false
NSGA-II,206,8.032000,0.074870600,15381.711,false
NSGA-II,206,7.020000,0.076682189,15635.794,false
NSGA-II,206,9.404000,0.074009082,14851.031,false
NSGA-II,206,9.500000,0.073904293,14856.341,false
NSGA-II,206,8.140000,0.074645665,15107.810,false
NSGA-II,206,10.336000,0.073724827,15003.395,false
NSGA-II,206,7.354000,0.075708399,15564.201,false
NSGA-II,206,9.744000,0.073766400,15091.573,false
NSGA-II,206,7.738000,0.075263019,14986.362,false
NSGA-II,206,11.082000,0.073394781,14699.658,false
NSGA-II,206,6.882000,0.076983164,16391.946,false
NSGA-II,206,8.746000,0.074182409,15314.636,false
NSGA-II,206,9.410000,0.073931465,15162.349,false
NSGA-II,206,10.610000,0.073554704,14718.901,false
NSGA-II,206,7.508000,0.075676106,14847.558,false
NSGA-II,206,10.924000,0.073403675,14947.721,false
NSGA-II,206,9.616000,0.073870451,14966.112,false
NSGA-II,206,6.820000,0.077007331,16721.371,false
NSGA-II,206,6.220000,0.078261705,16875.666,false
NSGA-II,206,6.548000,0.077424598,16112.553,false
NSGA-II,206,9.674000,0.073802368,15007.464,false
NSGA-II,206,8.006000,0.074976560,16077.917,false
NSGA-II,206,10.700000,0.073465259,14666.256,false
NSGA-II,206,10.430000,0.073667570,14750.639,false
NSGA-II,206,6.372000,0.077886010,16095.919,false
NSGA-II,206,7.302000,0.075829004,14875.007,false
NSGA-II,206,10.606000,0.073651610,15077.689,false
NSGA-II,206,7.598000,0.075537651,14709.602,false
NSGA-II,206,9.954000,0.073745528,14659.767,false
NSGA-II,206,8.440000,0.074427855,15002.624,false
NSGA-II,206,11.342000,0.073236779,14891.873,false
NSGA-II,206,7.186000,0.076092561,15016.928,false
NSGA-II,206,8.764000,0.074081853,15333.999,false
NSGA-II,206,11.828000,0.073236277,15262.402,false
NSGA-II,206,6.180000,0.078357378,16421.126,false
NSGA-II,206,8.336000,0.074511786,15066.648,false
NSGA-II,206,6.148000,0.079114858,16537.138,false
NSGA-II,206,8.724000,0.074262418,14924.482,false
NSGA-II,206,9.212000,0.074072784,14783.435,false
NSGA-II,206,7.830000,0.075149777,15684.381,false
NSGA-II,206,7.254000,0.075940085,14738.334,false
NSGA-II,207,7.348000,0.076762344,14638.451,false
NSGA-II,207,6.730000,0.077798103,16763.048,false
NSGA-II,207,6.722000,0.077866018,16783.055,false
NSGA-II,207,6.852000,0.077610786,15153.868,false
NSGA-II,207,6.522000,0.078362173,16287.498,false
NSGA-II,207,6.812000,0.077690370,16066.783,false
NSGA-II,207,6.912000,0.077425652,15250.052,false
NSGA-II,207,10.852000,0.073259557,14350.808,false
NSGA-II,207,8.838000,0.073833551,13973.805,false
NSGA-II,207,7.940000,0.074929199,13820.511,false
NSGA-II,207,7.128000,0.077092825,15087.384,false
NSGA-II,207,7.216000,0.076997196,14569.457,false
NSGA-II,207,6.552000,0.078167883,17008.968,false
NSGA-II,207,7.780000,0.075289141,14263.034,false
NSGA-II,207,10.230000,0.073356427,13882.683,false
NSGA-II,207,7.740000,0.075352575,13631.002,false
NSGA-II,207,10.832000,0.073322147,13903.603,false
NSGA-II,207,8.438000,0.074303423,13758.531,false
NSGA-II,207,7.564000,0.075660422,14142.638,false
NSGA-II,207,7.242000,0.076774956,14727.594,false
NSGA-II,207,7.438000,0.075777683,14364.223,false
NSGA-II,207,9.252000,0.073669597,13260.635,false
NSGA-II,207,7.418000,0.076426725,13842.623,false
NSGA-II,207,8.372000,0.074361944,13968.751,false
NSGA-II,207,8.916000,0.073774161,13406.745,false
NSGA-II,207,7.990000,0.074853396,13852.502,false
NSGA-II,207,6.870000,0.077532461,16594.001,false
NSGA-II,207,9.822000,0.073365689,14357.230,false
NSGA-II,207,7.528000,0.075776667,14500.164,false
NSGA-II,207,9.350000,0.073632497,13960.314,false
NSGA-II,207,7.880000,0.075129140,13740.973,false
NSGA-II,207,7.658000,0.075475241,14233.234,false
NSGA-II,207,9.120000,0.073757872,13675.198,false
NSGA-II,207,8.534000,0.074227624,14055.649,false
NSGA-II,207,8.640000,0.073967148,13582.871,false
NSGA-II,207,7.646000,0.075551475,13671.003,false
NSGA-II,207,7.932000,0.075013410,13820.511,false
NSGA-II,207,8.612000,0.074067332,13378.320,false
NSGA-II,207,9.408000,0.073610892,14013.200,false
NSGA-II,207,7.786000,0.075207160,13917.156,false
NSGA-II,207,7.730000,0.075404156,14688.906,false
NSGA-II,207,9.444000,0.073454829,13937.815,false
NSGA-II,207,7.716000,0.075466504,13802.657,false
NSGA-II,207,8.158000,0.074527447,13628.171,false
NSGA-II,207,8.746000,0.073911757,13895.931,false
NSGA-II,207,7.832000,0.075196673,14243.697,false
NSGA-II,207,9.198000,0.073756319,13767.061,false
NSGA-II,207,8.744000,0.073966124,13584.481,false
NSGA-II,207,8.340000,0.074480392,14319.376,false
NSGA-II,207,6.622000,0.077866662,16590.926,false
NSGA-II,207,7.352000,0.076495674,15328.401,false
NSGA-II,208,6.556000,0.076558813,14823.490,false
NSGA-II,208,6.428000,0.077276241,15004.193,false
NSGA-II,208,6.744000,0.076242685,14853.962,false
NSGA-II,208,6.388000,0.077355590,14544.186,false
NSGA-II,208,7.004000,0.075766400,14373.782,false
NSGA-II,208,6.878000,0.075899798,14297.628,false
NSGA-II,208,6.370000,0.077482990,15474.062,false
NSGA-II,208,7.848000,0.074873250,14533.788,false
NSGA-II,208,6.676000,0.076278257,14700.404,false
NSGA-II,208,7.300000,0.075437161,14264.907,false
NSGA-II,208,7.786000,0.074910419,14071.705,false
NSGA-II,208,7.464000,0.075117869,14848.290,false
NSGA-II,208,6.332000,0.077616808,14996.657,false
NSGA-II,208,6.584000,0.076553631,15096.929,false
NSGA-II,208,6.518000,0.076752508,14572.543,false
NSGA-II,208,6.326000,0.077767285,15743.004,false
NSGA-II,208,7.900000,0.074828799,13925.382,false
NSGA-II,208,6.706000,0.076265933,15238.325,false
NSGA-II,208,6.638000,0.076335525,14258.708,false
NSGA-II,208,7.208000,0.075595880,13970.801,false
NSGA-II,208,7.744000,0.074946514,14091.263,false
NSGA-II,208,7.340000,0.075230029,14513.571,false
NSGA-II,208,6.750000,0.075938174,14500.056,false
NSGA-II,208,7.472000,0.075070055,14469.439,false
NSGA-II,208,6.588000,0.076418800,14857.481,false
NSGA-II,208,6.432000,0.077008037,14753.555,false
NSGA-II,208,6.492000,0.076926560,15356.468,false
NSGA-II,208,6.990000,0.075827061,14373.782,false
NSGA-II,208,8.256000,0.074752831,14367.334,false
NSGA-II,208,7.376000,0.075154042,14340.481,false
NSGA-II,208,6.554000,0.076687623,14960.217,false
NSGA-II,208,6.544000,0.076729825,14348.242,false
NSGA-II,208,6.502000,0.076880326,14967.676,false
NSGA-II,208,6.368000,0.077556357,15681.533,false
NSGA-II,208,7.530000,0.075033417,14222.906,false
NSGA-II,208,7.854000,0.074837572,14008.049,false
NSGA-II,208,7.572000,0.074967768,14198.500,false
NSGA-II,208,7.330000,0.075391114,14598.541,false
NSGA-II,209,6.524000,0.078503090,16439.241,false
NSGA-II,209,7.130000,0.076351257,14026.023,false
NSGA-II,209,7.196000,0.076245551,13811.003,false
NSGA-II,209,6.576000,0.078265363,16004.596,false
NSGA-II,209,10.158000,0.073450004,13510.203,false
NSGA-II,209,7.240000,0.075806515,14000.536,false
NSGA-II,209,7.752000,0.074914393,13470.443,false
NSGA-II,209,7.450000,0.075517535,13638.529,false
NSGA-II,209,8.556000,0.074047163,13947.982,false
NSGA-II,209,10.936000,0.073333236,13889.536,false
NSGA-II,209,7.366000,0.075574576,13894.448,false
NSGA-II,209,9.578000,0.073642929,14094.666,false
NSGA-II,209,6.600000,0.078198172,15772.366,false
NSGA-II,209,7.682000,0.075055347,14195.785,false
NSGA-II,209,8.372000,0.074366178,13761.890,false
NSGA-II,209,8.486000,0.074112000,13468.960,false
NSGA-II,209,8.030000,0.074693354,14570.137,false
NSGA-II,209,8.246000,0.074623511,13608.679,false
NSGA-II,209,7.952000,0.074720454,14750.903,false
NSGA-II,209,10.072000,0.073518151,13192.117,false
NSGA-II,209,7.470000,0.075429699,13747.622,false
NSGA-II,209,6.572000,0.078418311,16522.618,false
NSGA-II,209,8.268000,0.074373785,14149.657,false
NSGA-II,209,8.158000,0.074690305,14544.423,false
NSGA-II,209,6.946000,0.076972136,14790.756,false
NSGA-II,209,9.410000,0.073832882,13635.363,false
NSGA-II,209,7.922000,0.074820971,13939.517,false
NSGA-II,209,8.256000,0.074561241,14443.525,false
NSGA-II,209,10.964000,0.073258693,13683.568,false
NSGA-II,209,6.650000,0.077814847,15927.492,false
NSGA-II,209,9.508000,0.073702761,13935.747,false
NSGA-II,209,6.806000,0.077797351,15247.225,false
NSGA-II,209,6.834000,0.077106463,14825.169,false
NSGA-II,209,10.200000,0.073337370,13850.168,false
NSGA-II,209,8.764000,0.073905211,13641.285,false
NSGA-II,209,9.832000,0.073545182,13595.908,false
NSGA-II,209,7.106000,0.076520983,13760.330,false
NSGA-II,209,7.634000,0.075098362,13914.264,false
NSGA-II,209,6.952000,0.076916498,14773.983,false
NSGA-II,209,7.478000,0.075128665,14195.381,false
NSGA-II,209,7.792000,0.074841528,13474.092,false
NSGA-II,209,7.030000,0.076707155,13923.782,false
SPEA-II,200,8.078000,0.075025197,14599.552,false
SPEA-II,200,8.142000,0.074726680,14781.397,false
SPEA-II,200,8.122000,0.074820410,14781.397,false
SPEA-II,200,8.522000,0.074232919,14932.796,false
SPEA-II,200,6.688000,0.076807430,15623.072,false
SPEA-II,200,6.312000,0.077168262,14535.385,false
SPEA-II,200,7.824000,0.075856944,14744.061,false
SPEA-II,200,7.056000,0.076540965,15829.376,false
SPEA-II,200,7.016000,0.076564807,14894.633,false
SPEA-II,200,7.864000,0.075285793,15104.660,false
SPEA-II,200,8.320000,0.074493401,15114.078,false
SPEA-II,200,6.444000,0.076999210,14918.887,false
SPEA-II,200,6.360000,0.077126303,15038.274,false
SPEA-II,200,7.616000,0.076122144,15133.937,false
SPEA-II,200,7.010000,0.076625156,14863.938,false
SPEA-II,200,6.424000,0.077041235,15311.919,false
SPEA-II,200,7.450000,0.076289475,15061.376,false
SPEA-II,200,6.926000,0.076697477,15165.741,false
SPEA-II,200,7.794000,0.075944239,14815.852,false
SPEA-II,200,7.158000,0.076351865,15915.183,false
SPEA-II,200,8.520000,0.074338425,15102.595,false
SPEA-II,200,8.800000,0.074156252,14491.479,false
SPEA-II,200,8.048000,0.075069652,14608.625,false
SPEA-II,200,7.116000,0.076478074,14820.036,false
SPEA-II,200,8.276000,0.074665509,14562.685,false
SPEA-II,200,6.536000,0.076852737,14809.922,false
SPEA-II,200,6.582000,0.076825829,15234.133,false
SPEA-II,200,6.904000,0.076763025,15369.315,false
SPEA-II,200,6.230000,0.077282475,14887.411,false
SPEA-II,200,8.326000,0.074358139,14811.093,false
SPEA-II,200,8.310000,0.074649305,14531.027,false
SPEA-II,200,6.298000,0.077221704,14752.568,false
SPEA-II,200,6.470000,0.076998440,15784.145,false
SPEA-II,200,6.856000,0.076767274,15753.214,false
SPEA-II,200,6.998000,0.076667261,14863.938,false
SPEA-II,200,6.476000,0.076930744,15051.856,false
SPEA-II,200,8.086000,0.074841463,14570.297,false
SPEA-II,200,8.318000,0.074566763,15348.195,false
SPEA-II,200,7.990000,0.075185074,15191.277,false
SPEA-II,200,6.356000,0.077159236,14720.779,false
SPEA-II,201,6.970000,0.076529416,15223.188,false
SPEA-II,201,7.556000,0.076034419,15141.268,false
SPEA-II,201,7.822000,0.075735700,14014.719,false
SPEA-II,201,6.282000,0.077196857,14851.916,false
SPEA-II,201,6.600000,0.076664220,15446.661,false
SPEA-II,201,7.934000,0.075491716,14111.013,false
SPEA-II,201,7.448000,0.076350448,14947.529,false
SPEA-II,201,7.912000,0.075618288,13615.906,false
SPEA-II,201,8.150000,0.075434151,14028.071,false
SPEA-II,201,7.574000,0.075869831,14618.004,false
SPEA-II,201,6.442000,0.076883959,14597.878,false
SPEA-II,201,7.552000,0.076088497,15141.268,false
SPEA-II,201,8.712000,0.075095414,14465.657,false
SPEA-II,201,8.284000,0.075342996,13852.534,false
SPEA-II,201,6.316000,0.077181399,14566.594,false
SPEA-II,201,6.190000,0.077763618,14749.878,false
SPEA-II,201,6.752000,0.076610770,15560.167,false
SPEA-II,201,6.492000,0.076806082,15304.369,false
SPEA-II,201,8.250000,0.075376664,14037.193,false
SPEA-II,201,8.510000,0.075164466,14124.403,false
SPEA-II,201,6.496000,0.076770099,15578.234,false
SPEA-II,201,6.212000,0.077561763,14909.654,false
SPEA-II,201,6.342000,0.077068190,14006.721,false
SPEA-II,201,8.306000,0.075306545,14620.735,false
SPEA-II,201,6.244000,0.077368166,15015.894,false
SPEA-II,201,7.910000,0.075665553,13800.926,false
SPEA-II,201,6.480000,0.076877057,14684.654,false
SPEA-II,201,8.406000,0.075243755,13891.697,false
SPEA-II,201,6.216000,0.077410884,14731.234,false
SPEA-II,201,7.752000,0.075799642,14235.821,false
SPEA-II,201,6.266000,0.077236268,14612.911,false
SPEA-II,201,6.318000,0.077105773,14051.292,false
SPEA-II,201,8.462000,0.075199428,14230.104,false
SPEA-II,201,8.240000,0.075408594,14155.759,false
SPEA-II,201,6.800000,0.076551343,15637.113,false
SPEA-II,201,6.372000,0.077033367,14842.909,false
SPEA-II,201,6.376000,0.076923742,14427.438,false
SPEA-II,202,6.130000,0.076278028,15150.505,true
SPEA-II,202,6.480000,0.075743605,14777.965,true
SPEA-II,202,5.868000,0.076738439,15092.603,true
SPEA-II,202,6.234000,0.075961617,14317.518,true
SPEA-II,202,5.832000,0.076824643,14979.322,true
SPEA-II,202,6.288000,0.075903651,14358.955,true
SPEA-II,202,6.434000,0.075788861,14852.141,true
SPEA-II,202,5.898000,0.076658944,14852.095,true
SPEA-II,202,6.452000,0.075761307,14756.695,true
SPEA-II,202,5.956000,0.076468785,14665.654,true
SPEA-II,202,6.160000,0.076104294,14416.876,true
SPEA-II,202,5.882000,0.076679996,14852.095,true
SPEA-II,202,5.992000,0.076405527,14878.043,true
SPEA-II,202,5.910000,0.076588449,14821.770,true
SPEA-II,202,6.376000,0.075797043,14370.975,true
SPEA-II,202,6.032000,0.076313252,15136.384,true
SPEA-II,202,6.226000,0.075981805,14631.864,true
SPEA-II,202,5.814000,0.077406589,15138.857,true
SPEA-II,202,5.894000,0.076677809,14805.406,true
SPEA-II,202,6.318000,0.075876060,14890.155,true
SPEA-II,202,6.572000,0.075651158,14583.612,true
SPEA-II,202,5.940000,0.076561105,15007.480,true
SPEA-II,202,6.238000,0.075923519,14612.148,true
SPEA-II,202,6.484000,0.075713906,14729.182,true
SPEA-II,202,6.520000,0.075659648,14468.440,true
SPEA-II,202,5.900000,0.076609501,14821.770,true
SPEA-II,202,6.212000,0.076080902,14566.418,true
SPEA-II,202,6.496000,0.075678416,14664.513,true
SPEA-II,202,6.332000,0.075841021,14382.476,true
SPEA-II,202,5.824000,0.077091191,15261.736,true
SPEA-II,202,5.852000,0.076811274,14929.757,true
SPEA-II,203,7.252000,0.076785657,13927.812,false
SPEA-II,203,7.574000,0.076200993,14062.854,false
SPEA-II,203,7.400000,0.076293906,13874.298,false
SPEA-II,203,8.294000,0.075692189,14106.870,false
SPEA-II,203,8.958000,0.075110912,13259.772,false
SPEA-II,203,8.442000,0.075535198,13176.601,false
SPEA-II,203,7.578000,0.076129999,14053.116,false
SPEA-II,203,8.618000,0.075383670,13466.792,false
SPEA-II,203,6.376000,0.078245346,17087.285,false
SPEA-II,203,7.628000,0.076108946,14053.116,false
SPEA-II,203,8.998000,0.075068806,13259.772,false
SPEA-II,203,7.378000,0.076441934,13562.083,false
SPEA-II,203,6.556000,0.078073529,16596.807,false
SPEA-II,203,7.390000,0.076397532,13491.377,false
SPEA-II,203,7.176000,0.076847394,14001.572,false
SPEA-II,203,6.452000,0.078174069,16497.706,false
SPEA-II,203,8.164000,0.075747505,13571.286,false
SPEA-II,203,8.454000,0.075453032,12823.559,false
SPEA-II,203,6.472000,0.078084344,17424.283,false
SPEA-II,203,8.070000,0.075833575,13324.921,false
SPEA-II,203,8.002000,0.075987703,12974.665,false
SPEA-II,203,7.286000,0.076621244,13835.793,false
SPEA-II,203,6.436000,0.078237201,17109.758,false
SPEA-II,203,7.408000,0.076245042,13362.998,false
SPEA-II,203,9.258000,0.075066942,13541.022,false
SPEA-II,203,8.740000,0.075111901,13647.767,false
SPEA-II,203,8.564000,0.075402729,13007.225,false
SPEA-II,203,8.666000,0.075372287,12740.362,false
SPEA-II,203,7.374000,0.076474191,13825.801,false
SPEA-II,203,7.326000,0.076510403,13737.678,false
SPEA-II,203,7.648000,0.075999315,14053.116,false
SPEA-II,203,8.028000,0.075913429,12930.758,false
SPEA-II,203,8.350000,0.075566752,14057.795,false
SPEA-II,203,8.684000,0.075243433,13491.690,false
SPEA-II,204,6.930000,0.076844575,15331.228,false
SPEA-II,204,7.168000,0.076506614,15066.933,false
SPEA-II,204,7.050000,0.076588580,15703.863,false
SPEA-II,204,7.532000,0.076165336,14864.051,false
SPEA-II,204,7.306000,0.076410351,14693.384,false
SPEA-II,204,7.054000,0.076531782,15408.359,false
SPEA-II,204,6.464000,0.077787058,15785.777,false
SPEA-II,204,7.668000,0.075722191,14914.258,false
SPEA-II,204,6.500000,0.077735876,15534.256,false
SPEA-II,204,6.304000,0.078013947,16210.824,false
SPEA-II,204,7.380000,0.076390547,14693.384,false
SPEA-II,204,6.926000,0.076908882,15504.269,false
SPEA-II,204,6.972000,0.076621492,15675.641,false
SPEA-II,204,7.538000,0.076102412,14645.596,false
SPEA-II,204,6.536000,0.077674885,15559.241,false
SPEA-II,204,6.280000,0.078224683,16395.629,false
SPEA-II,204,7.174000,0.076435240,15214.090,false
SPEA-II,204,7.418000,0.076305991,14636.794,false
SPEA-II,204,6.258000,0.078316794,16093.844,false
SPEA-II,204,7.574000,0.075863830,14766.604,false
SPEA-II,204,7.592000,0.075780416,14803.922,false
SPEA-II,204,8.130000,0.075271711,14678.736,false
SPEA-II,204,6.906000,0.076909918,15420.415,false
SPEA-II,204,6.416000,0.077877958,15392.086,false
SPEA-II,204,8.036000,0.075332604,14726.662,false
SPEA-II,204,7.688000,0.075565082,14942.815,false
SPEA-II,204,7.728000,0.075362192,14755.334,false
SPEA-II,204,6.328000,0.077965405,16257.619,false
SPEA-II,204,6.372000,0.077944524,15789.321,false
SPEA-II,204,6.796000,0.077630089,15670.525,false
SPEA-II,205,6.730000,0.076553862,15546.382,false
SPEA-II,205,7.932000,0.075134313,16299.994,false
SPEA-II,205,7.016000,0.076317651,16526.407,false
SPEA-II,205,9.080000,0.074181621,15683.934,false
SPEA-II,205,6.354000,0.076978204,15783.596,false
SPEA-II,205,8.284000,0.074719532,15790.843,false
SPEA-II,205,7.602000,0.075344713,15842.431,false
SPEA-II,205,7.320000,0.075780214,15810.501,false
SPEA-II,205,6.144000,0.077852790,15914.932,false
SPEA-II,205,8.820000,0.074190144,15536.989,false
SPEA-II,205,6.760000,0.076434620,15546.382,false
SPEA-II,205,8.346000,0.074581980,15726.777,false
SPEA-II,205,8.348000,0.074520755,15619.058,false
SPEA-II,205,8.464000,0.074475610,15518.272,false
SPEA-II,205,9.432000,0.074169474,15826.620,false
SPEA-II,205,6.398000,0.076870544,15531.742,false
SPEA-II,205,6.882000,0.076377157,15409.972,false
SPEA-II,205,8.306000,0.074676784,15616.460,false
SPEA-II,205,7.750000,0.075168900,15791.859,false
SPEA-II,205,6.416000,0.076656890,15570.807,false
SPEA-II,205,6.116000,0.077895404,16250.366,false
SPEA-II,205,6.626000,0.076589417,15751.941,false
SPEA-II,205,8.090000,0.074877207,15439.522,false
SPEA-II,205,8.218000,0.074819790,15805.733,false
SPEA-II,205,6.460000,0.076606425,15664.792,false
SPEA-II,205,6.146000,0.077589163,16095.790,false
SPEA-II,205,6.252000,0.077208477,15729.173,false
SPEA-II,205,6.076000,0.077990924,16236.686,false
SPEA-II,205,8.130000,0.074820757,15805.733,false
SPEA-II,205,7.836000,0.075135908,15449.862,false
SPEA-II,205,8.620000,0.074284541,15552.844,false
SPEA-II,205,8.650000,0.074204533,15542.987,false
SPEA-II,205,7.268000,0.076161152,15843.700,false
SPEA-II,205,8.470000,0.074404129,15630.954,false
SPEA-II,205,8.394000,0.074504169,15515.113,false
SPEA-II,205,6.188000,0.077433682,16330.590,false
SPEA-II,205,6.412000,0.076695665,15112.768,false
SPEA-II,205,9.706000,0.074133510,15617.976,false
SPEA-II,205,8.550000,0.074380840,15622.781,false
SPEA-II,205,7.308000,0.075975312,16058.571,false
SPEA-II,205,7.616000,0.075260062,15318.178,false
SPEA-II,205,6.114000,0.077951798,15584.886,false
SPEA-II,205,8.022000,0.074965205,15339.547,false
SPEA-II,205,7.394000,0.075364470,15388.958,false
SPEA-II,205,7.962000,0.075015585,15401.436,false
SPEA-II,205,6.380000,0.076923291,16376.537,false
SPEA-II,205,9.768000,0.073999865,15473.480,false
SPEA-II,206,7.832000,0.074372002,14031.800,false
SPEA-II,206,7.518000,0.074944907,14791.660,false
SPEA-II,206,7.038000,0.076047332,14824.464,false
SPEA-II,206,7.096000,0.075791410,15121.827,false
SPEA-II,206,8.258000,0.074049731,13874.244,false
SPEA-II,206,6.928000,0.076112026,14778.661,false
SPEA-II,206,8.186000,0.074149384,13788.410,false
SPEA-II,206,6.916000,0.077058442,17232.958,false
SPEA-II,206,7.300000,0.075446448,14636.901,false
SPEA-II,206,7.750000,0.074425232,13974.941,false
SPEA-II,206,7.414000,0.075235156,15264.666,false
SPEA-II,206,8.764000,0.073649898,14514.184,false
SPEA-II,206,7.440000,0.075074736,14910.474,false
SPEA-II,206,6.922000,0.076209876,14723.775,false
SPEA-II,206,6.774000,0.077532187,17368.677,false
SPEA-II,206,8.042000,0.074189598,13687.644,false
SPEA-II,206,7.076000,0.075999705,14824.464,false
SPEA-II,206,8.590000,0.073717739,14270.528,false
SPEA-II,206,9.032000,0.073568265,14553.666,false
SPEA-II,206,7.370000,0.075305173,15264.666,false
SPEA-II,206,8.426000,0.073804583,14068.588,false
SPEA-II,206,6.470000,0.077753537,16841.012,false
SPEA-II,206,8.380000,0.073975563,13930.787,false
SPEA-II,206,6.388000,0.077810402,17444.146,false
SPEA-II,206,6.298000,0.078021689,17111.968,false
SPEA-II,206,6.834000,0.077282389,17480.095,false
SPEA-II,206,6.428000,0.077799144,17016.805,false
SPEA-II,206,7.136000,0.075448031,14544.112,false
SPEA-II,206,6.382000,0.077875197,17480.822,false
SPEA-II,206,6.326000,0.077949520,16651.068,false
SPEA-II,206,7.406000,0.075296142,15261.325,false
SPEA-II,206,6.848000,0.077128896,17528.744,false
SPEA-II,206,9.048000,0.073464453,14930.168,false
SPEA-II,206,6.370000,0.077925194,17402.068,false
SPEA-II,206,6.240000,0.078276330,17206.144,false
SPEA-II,206,7.362000,0.075374726,14991.510,false
SPEA-II,206,7.910000,0.074219911,14018.068,false
SPEA-II,206,7.614000,0.074651653,14476.405,false
SPEA-II,206,6.820000,0.077408607,17189.352,false
SPEA-II,206,9.302000,0.073368180,14877.532,false
SPEA-II,206,6.290000,0.078186971,17174.931,false
SPEA-II,207,6.458000,0.076483930,14416.097,false
SPEA-II,207,6.206000,0.076790458,15214.465,false
SPEA-II,207,6.146000,0.076940218,15598.760,false
SPEA-II,207,6.294000,0.076757369,15139.263,false
SPEA-II,207,6.218000,0.076781037,15303.905,false
SPEA-II,207,6.086000,0.077195567,15358.272,false
SPEA-II,207,7.124000,0.075927190,14711.582,false
SPEA-II,207,6.386000,0.076658644,14615.350,false
SPEA-II,207,7.146000,0.075922602,14695.284,false
SPEA-II,207,6.328000,0.076735924,14906.574,false
SPEA-II,207,6.272000,0.076760713,15456.633,false
SPEA-II,207,6.980000,0.075955501,14950.444,false
SPEA-II,207,6.848000,0.076034882,15288.440,false
SPEA-II,207,7.040000,0.075942099,14669.891,false
SPEA-II,207,6.178000,0.076904280,15353.886,false
SPEA-II,207,6.692000,0.076234908,15467.377,false
SPEA-II,207,6.356000,0.076667960,14933.523,false
SPEA-II,207,6.064000,0.077204656,15518.508,false
SPEA-II,207,7.068000,0.075928769,14693.426,false
SPEA-II,207,6.164000,0.076917671,15589.032,false
SPEA-II,207,6.662000,0.076314074,14583.335,false
SPEA-II,207,7.174000,0.075922546,14665.732,false
SPEA-II,207,6.746000,0.076210926,14367.100,false
SPEA-II,207,6.402000,0.076521338,14937.037,false
SPEA-II,207,6.190000,0.076880299,15331.470,false
SPEA-II,207,6.600000,0.076323257,14950.146,false
SPEA-II,207,6.824000,0.076177177,14726.011,false
SPEA-II,207,6.140000,0.077083801,15451.783,false
SPEA-II,207,6.482000,0.076381621,14768.840,false
SPEA-II,207,6.570000,0.076349019,14798.083,false
SPEA-II,207,6.118000,0.077137980,15553.664,false
SPEA-II,207,6.968000,0.075973996,14791.532,false
SPEA-II,207,6.128000,0.077093613,15547.126,false
SPEA-II,207,6.498000,0.076358159,14709.004,false
SPEA-II,208,6.968000,0.076922832,16205.579,false
SPEA-II,208,6.998000,0.076824202,17097.189,false
SPEA-II,208,7.718000,0.075819956,15579.774,false
SPEA-II,208,7.106000,0.076224540,15839.275,false
SPEA-II,208,8.856000,0.074528306,14645.669,false
SPEA-II,208,8.078000,0.075124108,14330.965,false
SPEA-II,208,7.586000,0.075936555,15630.842,false
SPEA-II,208,6.558000,0.077165189,16429.681,false
SPEA-II,208,7.972000,0.075244283,13960.219,false
SPEA-II,208,7.036000,0.076266811,15374.361,false
SPEA-II,208,8.788000,0.074548358,14316.125,false
SPEA-II,208,8.206000,0.074934709,14232.881,false
SPEA-II,208,6.492000,0.077414594,16896.184,false
SPEA-II,208,10.210000,0.074047432,14810.837,false
SPEA-II,208,7.216000,0.075989418,15644.980,false
SPEA-II,208,6.606000,0.077035853,16803.441,false
SPEA-II,208,8.480000,0.074636599,14520.908,false
SPEA-II,208,6.674000,0.076961485,16605.100,false
SPEA-II,208,9.914000,0.074084368,14544.663,false
SPEA-II,208,6.400000,0.077570109,16367.595,false
SPEA-II,208,9.826000,0.074122337,14554.235,false
SPEA-II,208,7.902000,0.075385035,14311.002,false
SPEA-II,208,7.482000,0.075966550,15614.421,false
SPEA-II,208,8.860000,0.074408193,13504.380,false
SPEA-II,208,8.410000,0.074699359,14593.167,false
SPEA-II,208,9.672000,0.074152726,13812.169,false
SPEA-II,208,9.000000,0.074330524,14252.535,false
SPEA-II,208,9.284000,0.074239184,13995.197,false
SPEA-II,208,6.432000,0.077505554,16757.970,false
SPEA-II,208,6.382000,0.078056043,16735.531,false
SPEA-II,208,8.210000,0.074818726,14500.327,false
SPEA-II,208,6.532000,0.077363702,16208.176,false
SPEA-II,208,10.332000,0.073962419,14676.781,false
SPEA-II,208,8.262000,0.074703232,14599.915,false
SPEA-II,208,7.590000,0.075875653,16191.993,false
SPEA-II,208,9.336000,0.074206326,13751.118,false
SPEA-II,208,7.928000,0.075336166,14311.002,false
SPEA-II,208,7.026000,0.076530551,15839.065,false
SPEA-II,208,8.642000,0.074574512,14540.361,false
SPEA-II,208,8.070000,0.075187258,14098.226,false
SPEA-II,208,7.780000,0.075794798,15731.630,false
SPEA-II,208,7.180000,0.076049198,16036.957,false
SPEA-II,208,6.380000,0.078100043,16191.387,false
SPEA-II,208,8.094000,0.074976144,14256.359,false
SPEA-II,208,6.350000,0.078174999,16251.436,false
SPEA-II,209,7.058000,0.075107221,15625.775,true
SPEA-II,209,7.244000,0.074720372,15456.406,true
SPEA-II,209,6.508000,0.077294369,16782.757,false
SPEA-II,209,7.072000,0.074984716,15152.092,true
SPEA-II,209,6.982000,0.075312740,16327.122,true
SPEA-II,209,6.808000,0.075965100,16274.332,false
SPEA-II,209,7.788000,0.074490744,15197.095,false
SPEA-II,209,7.432000,0.074611510,15109.376,false
SPEA-II,209,7.192000,0.074764793,15637.902,true
SPEA-II,209,6.290000,0.077909550,17094.561,false
SPEA-II,209,7.322000,0.074692173,15312.067,true
SPEA-II,209,7.552000,0.074521147,14956.449,false
SPEA-II,209,7.032000,0.075120810,15824.476,true
SPEA-II,209,7.848000,0.074451641,15126.097,false
SPEA-II,209,6.856000,0.075559762,16068.688,true
SPEA-II,209,7.536000,0.074562610,15185.982,false
SPEA-II,209,7.008000,0.075232934,15430.301,true
SPEA-II,209,7.354000,0.074674991,15220.371,false
SPEA-II,209,6.272000,0.077917957,16995.971,false
SPEA-II,209,6.354000,0.077499539,16805.622,false
SPEA-II,209,6.518000,0.077235174,16775.658,false
SPEA-II,209,6.934000,0.075322087,16301.858,true
SPEA-II,209,6.448000,0.077333172,16710.510,false
SPEA-II,209,6.270000,0.078309343,17476.400,false
SPEA-II,209,7.164000,0.074834133,15553.532,true
SPEA-II,209,6.876000,0.075502144,16128.602,true
SPEA-II,209,6.330000,0.077611118,16307.756,false
SPEA-II,209,6.378000,0.077425557,16595.251,false
SPEA-II,209,6.306000,0.077661408,16505.913,false
SPEA-II,209,7.476000,0.074585320,15179.798,false
SPEA-II,209,6.342000,0.077569086,16848.294,false
SPEA-II,209,6.416000,0.077343169,16837.335,false
SPEA-II,209,7.376000,0.074631476,15234.276,false
SPEA-II,209,6.296000,0.077755299,16791.850,false
SPEA-II,209,6.816000,0.075785320,15929.285,false
SPEA-II,209,6.894000,0.075330950,16212.871,true
AMOSA,200,7.140000,0.079240043,16049.146,false
AMOSA,200,7.242000,0.078963809,15517.563,false
AMOSA,200,7.152000,0.079216623,15715.963,false
AMOSA,200,6.936000,0.079956247,17327.987,false
AMOSA,200,7.004000,0.079941629,16724.667,false
AMOSA,200,7.012000,0.079739834,16283.714,false
AMOSA,200,8.158000,0.078736113,16417.871,false
AMOSA,200,8.096000,0.078859233,16757.251,false
AMOSA,200,8.180000,0.078715283,16604.961,false
AMOSA,200,8.520000,0.078563161,16173.118,false
AMOSA,200,8.344000,0.078634805,16042.369,false
AMOSA,200,7.180000,0.078983051,16807.546,false
AMOSA,200,7.158000,0.079162162,15886.851,false
AMOSA,200,7.030000,0.079465800,16467.025,false
AMOSA,200,7.080000,0.079249548,16229.495,false
AMOSA,201,7.004000,0.079377631,16800.557,false
AMOSA,201,7.014000,0.079272523,16380.673,false
AMOSA,201,7.270000,0.078997687,16963.019,false
AMOSA,201,7.140000,0.079206502,17364.996,false
AMOSA,201,7.068000,0.079213148,16378.725,false
AMOSA,201,7.196000,0.079061970,17046.519,false
AMOSA,201,9.354000,0.078840027,14430.659,false
AMOSA,201,9.352000,0.078864540,14042.472,false
AMOSA,201,9.362000,0.078824535,13855.248,false
AMOSA,201,9.200000,0.078937605,14223.188,false
AMOSA,201,9.462000,0.078683846,14285.631,false
AMOSA,201,9.334000,0.078885071,14075.948,false
AMOSA,201,9.416000,0.078778471,14039.772,false
AMOSA,201,6.978000,0.079591061,16566.440,false
AMOSA,202,9.460000,0.079074197,13729.062,false
AMOSA,202,7.148000,0.079421114,15796.215,false
AMOSA,202,7.222000,0.079124467,16913.274,false
AMOSA,202,6.994000,0.079781483,16964.014,false
AMOSA,202,7.042000,0.079486243,16299.532,false
AMOSA,202,7.342000,0.079090085,17151.634,false
AMOSA,202,7.158000,0.079187752,17148.187,false
AMOSA,202,9.468000,0.078986079,13504.776,false
AMOSA,202,9.466000,0.079040639,13451.309,false
AMOSA,203,7.862000,0.078649127,16221.307,false
AMOSA,203,7.662000,0.078977655,16022.832,false
AMOSA,203,7.700000,0.078953196,16098.631,false
AMOSA,203,7.182000,0.079047104,16665.988,false
AMOSA,203,7.840000,0.078687432,17582.957,false
AMOSA,203,7.648000,0.078995230,17245.425,false
AMOSA,203,7.670000,0.078953214,17605.058,false
AMOSA,203,7.724000,0.078719672,17701.810,false
AMOSA,203,7.142000,0.079062374,16889.488,false
AMOSA,203,7.120000,0.079146990,17158.374,false
AMOSA,203,7.102000,0.079200856,16847.666,false
AMOSA,203,6.994000,0.079436914,17384.081,false
AMOSA,203,7.024000,0.079264988,17496.391,false
AMOSA,203,7.110000,0.079168190,16833.144,false
AMOSA,203,7.210000,0.079026991,17301.801,false
AMOSA,203,7.006000,0.079411893,17102.975,false
AMOSA,203,7.038000,0.079226474,17065.751,false
AMOSA,203,7.718000,0.078890290,16495.515,false
AMOSA,203,8.010000,0.078478830,16181.954,false
AMOSA,203,8.104000,0.078457287,16938.546,false
AMOSA,203,7.866000,0.078522790,16073.102,false
AMOSA,203,8.332000,0.078299903,16516.086,false
AMOSA,203,7.800000,0.078701320,16022.215,false
AMOSA,204,6.990000,0.079129522,15904.512,false
AMOSA,204,7.538000,0.078688651,16405.061,false
AMOSA,204,7.306000,0.078732179,16358.270,false
AMOSA,204,6.970000,0.079155924,16640.653,false
AMOSA,204,7.024000,0.078871222,15906.427,false
AMOSA,204,7.096000,0.078862857,16152.909,false
AMOSA,204,7.010000,0.079049257,15896.700,false
AMOSA,204,6.996000,0.079113842,16236.198,false
AMOSA,205,7.322000,0.078775626,17142.606,false
AMOSA,205,7.046000,0.079330177,17110.360,false
AMOSA,205,6.996000,0.079525107,16721.620,false
AMOSA,205,6.982000,0.079997126,16032.369,false
AMOSA,205,7.090000,0.079273875,16391.295,false
AMOSA,205,7.020000,0.079419589,16343.955,false
AMOSA,205,6.992000,0.079893565,16579.290,false
AMOSA,205,7.156000,0.078994045,16405.704,false
AMOSA,205,7.082000,0.079325126,16061.636,false
AMOSA,205,7.150000,0.079011895,16450.741,false
AMOSA,205,7.094000,0.079141091,16316.852,false
AMOSA,205,7.348000,0.078326484,17551.614,false
AMOSA,205,7.280000,0.078890168,17355.871,false
AMOSA,206,8.654000,0.078616421,17327.862,false
AMOSA,206,10.316000,0.078245967,16469.079,false
AMOSA,206,7.306000,0.078806706,16315.810,false
AMOSA,206,7.352000,0.078685811,16395.250,false
AMOSA,206,7.404000,0.078625726,16078.023,false
AMOSA,206,7.280000,0.078852360,16383.154,false
AMOSA,206,7.238000,0.079147059,16094.816,false
AMOSA,206,7.252000,0.078970178,15835.332,false
AMOSA,206,7.038000,0.079360072,17298.052,false
AMOSA,206,7.172000,0.079155095,17282.411,false
AMOSA,206,7.010000,0.079653305,17201.763,false
AMOSA,206,7.034000,0.079569715,16733.276,false
AMOSA,206,7.090000,0.079243157,16472.466,false
AMOSA,206,7.074000,0.079347156,16703.990,false
AMOSA,206,9.228000,0.078461396,17256.252,false
AMOSA,206,9.470000,0.078445224,16309.850,false
AMOSA,206,8.794000,0.078492296,16818.321,false
AMOSA,206,8.666000,0.078581845,17288.050,false
AMOSA,207,7.198000,0.078983383,15375.274,false
AMOSA,207,9.228000,0.078461795,14075.058,false
AMOSA,207,8.824000,0.078775895,14137.110,false
AMOSA,207,9.022000,0.078577818,13785.554,false
AMOSA,207,8.892000,0.078614866,14156.790,false
AMOSA,207,8.868000,0.078764382,13330.448,false
AMOSA,207,8.694000,0.078783643,13893.263,false
AMOSA,207,6.960000,0.080248490,16318.368,false
AMOSA,207,7.104000,0.079418456,17229.094,false
AMOSA,207,7.138000,0.079248093,17397.098,false
AMOSA,207,7.038000,0.079457028,16854.515,false
AMOSA,207,7.022000,0.079862430,17139.722,false
AMOSA,207,7.132000,0.079372857,17570.449,false
AMOSA,207,7.336000,0.078811232,15807.867,false
AMOSA,207,7.188000,0.079219088,16201.246,false
AMOSA,207,7.212000,0.078845223,15884.021,false
AMOSA,207,7.200000,0.078960357,15959.911,false
AMOSA,208,7.610000,0.078762384,16113.120,false
AMOSA,208,7.358000,0.078797630,15476.362,false
AMOSA,208,7.020000,0.080896708,17583.105,false
AMOSA,208,7.052000,0.080016163,17629.872,false
AMOSA,208,7.030000,0.080029201,18076.530,false
AMOSA,208,7.082000,0.079420667,16538.925,false
AMOSA,208,7.166000,0.079029320,16427.284,false
AMOSA,208,7.142000,0.079099808,16064.641,false
AMOSA,208,7.190000,0.078985927,15796.756,false
AMOSA,208,7.108000,0.079143001,15864.242,false
AMOSA,208,7.230000,0.078861335,16370.969,false
AMOSA,208,7.830000,0.078545596,15713.465,false
AMOSA,208,7.914000,0.078542809,15947.582,false
AMOSA,208,7.806000,0.078569085,15992.639,false
AMOSA,208,7.658000,0.078660402,15565.972,false
AMOSA,208,7.646000,0.078707625,16411.983,false
AMOSA,208,7.714000,0.078634612,16000.177,false
AMOSA,209,7.372000,0.078891729,18205.074,false
AMOSA,209,7.320000,0.078976375,18256.351,false
AMOSA,209,7.124000,0.079776136,17249.708,false
AMOSA,209,7.076000,0.079842111,17223.700,false
AMOSA,209,6.998000,0.080725228,16926.669,false
AMOSA,209,7.010000,0.080034675,17029.856,false
AMOSA,209,7.126000,0.079672836,16416.815,false
AMOSA,209,7.136000,0.079595794,16116.266,false
AMOSA,209,7.228000,0.079188730,16333.594,false
AMOSA,209,7.206000,0.079195735,15901.262,false
AMOSA,209,7.142000,0.079240359,16296.939,false
AMOSA,209,7.340000,0.078956423,17472.409,false
AMOSA,209,7.300000,0.079015279,17763.974,false
AMOSA,209,7.538000,0.078659631,17861.466,false
AMOSA,209,8.186000,0.078277395,18696.494,false
AMOSA,209,7.412000,0.078753640,18230.249,false
AMOSA,209,7.348000,0.078895707,18730.146,false
AMOSA,209,7.396000,0.078854561,18035.348,false
AMOSA,209,7.434000,0.078725200,18300.884,false
GA_WaitingTime_Dominance_PC90,200,14.204000,0.082713561,14485.154,false
GA_WaitingTime_Dominance_PC90,200,9.166000,0.082725260,14758.022,false
GA_WaitingTime_Dominance_PC90,200,8.614000,0.082780002,14059.461,false
GA_WaitingTime_Dominance_PC90,200,5.106000,0.083644904,14948.672,false
GA_WaitingTime_Dominance_PC90,200,5.162000,0.083093232,15113.863,false
GA_WaitingTime_Dominance_PC90,200,5.108000,0.083276747,14876.723,false
GA_WaitingTime_Dominance_PC90,200,5.102000,0.083656686,14987.024,false
GA_WaitingTime_Dominance_PC90,201,5.282000,0.082931887,14829.973,false
GA_WaitingTime_Dominance_PC90,201,5.212000,0.082967464,14945.719,false
GA_WaitingTime_Dominance_PC90,201,5.210000,0.082985753,15035.461,false
GA_WaitingTime_Dominance_PC90,201,5.410000,0.082807597,14900.693,false
GA_WaitingTime_Dominance_PC90,201,5.178000,0.083002240,14916.924,false
GA_WaitingTime_Dominance_PC90,201,5.692000,0.082747447,15013.007,false
GA_WaitingTime_Dominance_PC90,201,5.118000,0.083171564,15105.652,false
GA_WaitingTime_Dominance_PC90,201,5.142000,0.083038443,15105.652,false
GA_WaitingTime_Dominance_PC90,201,5.124000,0.083079223,14878.000,false
GA_WaitingTime_Dominance_PC90,201,5.088000,0.083180640,15059.739,false
GA_WaitingTime_Dominance_PC90,202,15.352000,0.082021484,15111.202,false
GA_WaitingTime_Dominance_PC90,202,12.286000,0.082560925,15083.392,false
GA_WaitingTime_Dominance_PC90,202,8.856000,0.082592925,14522.390,false
GA_WaitingTime_Dominance_PC90,202,8.662000,0.082908216,14996.845,false
GA_WaitingTime_Dominance_PC90,202,5.284000,0.082932551,14848.013,false
GA_WaitingTime_Dominance_PC90,202,5.258000,0.083033592,14916.400,false
GA_WaitingTime_Dominance_PC90,202,5.090000,0.083369213,14888.560,false
GA_WaitingTime_Dominance_PC90,202,5.146000,0.083051911,14978.393,false
GA_WaitingTime_Dominance_PC90,202,5.100000,0.083322856,14896.678,false
GA_WaitingTime_Dominance_PC90,202,5.038000,0.083603447,14799.319,false
GA_WaitingTime_Dominance_PC90,202,5.064000,0.083558182,14980.737,false
GA_WaitingTime_Dominance_PC90,202,5.030000,0.083862038,15040.676,false
GA_WaitingTime_Dominance_PC90,202,5.072000,0.083523156,14940.086,false
GA_WaitingTime_Dominance_PC90,202,5.036000,0.083840259,14746.885,false
GA_WaitingTime_Dominance_PC90,203,5.826000,0.082084445,14424.309,false
GA_WaitingTime_Dominance_PC90,203,5.844000,0.081992379,14568.805,false
GA_WaitingTime_Dominance_PC90,203,5.634000,0.082087386,14885.475,false
GA_WaitingTime_Dominance_PC90,203,5.632000,0.082134704,14937.713,false
GA_WaitingTime_Dominance_PC90,203,5.144000,0.082339881,14593.243,false
GA_WaitingTime_Dominance_PC90,203,5.192000,0.082294036,15053.554,false
GA_WaitingTime_Dominance_PC90,203,5.132000,0.082683474,15104.034,false
GA_WaitingTime_Dominance_PC90,203,5.256000,0.082213545,14864.174,false
GA_WaitingTime_Dominance_PC90,203,5.198000,0.082274990,15055.509,false
GA_WaitingTime_Dominance_PC90,203,5.134000,0.082578409,15069.322,false
GA_WaitingTime_Dominance_PC90,204,16.538000,0.082847665,14589.696,false
GA_WaitingTime_Dominance_PC90,204,11.282000,0.083125741,14920.484,false
GA_WaitingTime_Dominance_PC90,204,8.088000,0.083260672,14052.868,false
GA_WaitingTime_Dominance_PC90,204,8.096000,0.083224001,14282.193,false
GA_WaitingTime_Dominance_PC90,204,5.302000,0.083367367,14693.172,false
GA_WaitingTime_Dominance_PC90,204,5.288000,0.083703569,14639.497,false
GA_WaitingTime_Dominance_PC90,204,5.012000,0.083967715,14907.908,false
GA_WaitingTime_Dominance_PC90,204,5.018000,0.083883812,14876.362,false
GA_WaitingTime_Dominance_PC90,204,4.998000,0.084068796,14820.300,false
GA_WaitingTime_Dominance_PC90,204,5.008000,0.083986902,14817.388,false
GA_WaitingTime_Dominance_PC90,204,5.000000,0.084046784,14836.351,false
GA_WaitingTime_Dominance_PC90,204,5.024000,0.083846872,15033.610,false
GA_WaitingTime_Dominance_PC90,204,4.954000,0.084191725,15015.717,false
GA_WaitingTime_Dominance_PC90,204,5.052000,0.083780258,14958.655,false
GA_WaitingTime_Dominance_PC90,204,4.978000,0.084083837,14919.208,false
GA_WaitingTime_Dominance_PC90,204,4.962000,0.084152568,15078.626,false
GA_WaitingTime_Dominance_PC90,204,4.972000,0.084117792,14821.490,false
GA_WaitingTime_Dominance_PC90,205,12.208000,0.082348723,14152.080,false
GA_WaitingTime_Dominance_PC90,205,9.774000,0.082598473,14439.880,false
GA_WaitingTime_Dominance_PC90,205,10.310000,0.082516991,13969.849,false
GA_WaitingTime_Dominance_PC90,205,8.692000,0.082649953,14015.050,false
GA_WaitingTime_Dominance_PC90,205,5.364000,0.082850204,14524.465,false
GA_WaitingTime_Dominance_PC90,205,5.198000,0.082924418,14598.107,false
GA_WaitingTime_Dominance_PC90,205,5.192000,0.083089196,15044.520,false
GA_WaitingTime_Dominance_PC90,205,5.194000,0.082970496,15024.513,false
GA_WaitingTime_Dominance_PC90,205,5.178000,0.083110713,15082.399,false
GA_WaitingTime_Dominance_PC90,205,5.150000,0.083189906,14906.971,false
GA_WaitingTime_Dominance_PC90,205,5.146000,0.083305514,14809.652,false
GA_WaitingTime_Dominance_PC90,205,5.154000,0.083172180,14955.738,false
GA_WaitingTime_Dominance_PC90,205,5.148000,0.083250130,15095.022,false
GA_WaitingTime_Dominance_PC90,205,5.138000,0.083393865,15030.733,false
GA_WaitingTime_Dominance_PC90,206,13.150000,0.081847176,14527.372,false
GA_WaitingTime_Dominance_PC90,206,9.180000,0.081854890,14533.251,false
GA_WaitingTime_Dominance_PC90,206,8.758000,0.082218556,14469.490,false
GA_WaitingTime_Dominance_PC90,206,9.074000,0.081997161,14374.551,false
GA_WaitingTime_Dominance_PC90,206,8.310000,0.082409830,14599.648,false
GA_WaitingTime_Dominance_PC90,206,5.502000,0.082419125,14882.399,false
GA_WaitingTime_Dominance_PC90,206,5.472000,0.082527313,14945.677,false
GA_WaitingTime_Dominance_PC90,206,5.398000,0.082542602,14855.566,false
GA_WaitingTime_Dominance_PC90,206,5.294000,0.082560710,14764.438,false
GA_WaitingTime_Dominance_PC90,206,5.212000,0.082706489,14932.652,false
GA_WaitingTime_Dominance_PC90,206,5.196000,0.082744652,14995.005,false
GA_WaitingTime_Dominance_PC90,206,5.186000,0.082940583,14854.310,false
GA_WaitingTime_Dominance_PC90,206,5.188000,0.082877396,14932.964,false
GA_WaitingTime_Dominance_PC90,206,5.178000,0.083022280,15036.586,false
GA_WaitingTime_Dominance_PC90,206,5.250000,0.082648653,15044.101,false
GA_WaitingTime_Dominance_PC90,206,5.174000,0.083047585,15013.931,false
GA_WaitingTime_Dominance_PC90,206,5.192000,0.082833129,14912.199,false
GA_WaitingTime_Dominance_PC90,206,5.182000,0.082956098,15000.560,false
GA_WaitingTime_Dominance_PC90,207,13.350000,0.081512869,13854.363,false
GA_WaitingTime_Dominance_PC90,207,13.398000,0.081501947,13854.204,false
GA_WaitingTime_Dominance_PC90,207,13.226000,0.081870510,14927.242,false
GA_WaitingTime_Dominance_PC90,207,13.262000,0.081849457,14927.242,false
GA_WaitingTime_Dominance_PC90,207,11.416000,0.082346512,14746.588,false
GA_WaitingTime_Dominance_PC90,207,10.404000,0.082542822,14524.160,false
GA_WaitingTime_Dominance_PC90,207,11.474000,0.082117029,14784.821,false
GA_WaitingTime_Dominance_PC90,207,8.914000,0.082826676,14876.347,false
GA_WaitingTime_Dominance_PC90,207,5.370000,0.082889779,14633.822,false
GA_WaitingTime_Dominance_PC90,207,5.262000,0.082901659,14836.276,false
GA_WaitingTime_Dominance_PC90,207,5.216000,0.083086485,15083.867,false
GA_WaitingTime_Dominance_PC90,207,5.134000,0.083334694,14726.243,false
GA_WaitingTime_Dominance_PC90,207,5.098000,0.083393910,14764.395,false
GA_WaitingTime_Dominance_PC90,207,5.074000,0.083692444,14506.687,false
GA_WaitingTime_Dominance_PC90,207,5.070000,0.083738865,14700.762,false
GA_WaitingTime_Dominance_PC90,207,5.068000,0.083803857,14722.074,false
GA_WaitingTime_Dominance_PC90,207,5.060000,0.083846795,14657.416,false
GA_WaitingTime_Dominance_PC90,207,5.046000,0.083907595,14788.892,false
GA_WaitingTime_Dominance_PC90,207,5.084000,0.083558875,14623.464,false
GA_WaitingTime_Dominance_PC90,208,20.446000,0.082619210,15059.289,false
GA_WaitingTime_Dominance_PC90,208,11.344000,0.082708445,14718.677,false
GA_WaitingTime_Dominance_PC90,208,10.796000,0.082936616,14667.877,false
GA_WaitingTime_Dominance_PC90,208,11.216000,0.082774761,14093.924,false
GA_WaitingTime_Dominance_PC90,208,11.050000,0.082872349,14196.711,false
GA_WaitingTime_Dominance_PC90,208,5.048000,0.083211425,14815.495,false
GA_WaitingTime_Dominance_PC90,208,5.132000,0.083032988,15026.100,false
GA_WaitingTime_Dominance_PC90,208,5.076000,0.083043642,15018.354,false
GA_WaitingTime_Dominance_PC90,208,5.050000,0.083155729,14746.673,false
GA_WaitingTime_Dominance_PC90,208,5.008000,0.083530369,14829.077,false
GA_WaitingTime_Dominance_PC90,208,5.018000,0.083458937,15102.037,false
GA_WaitingTime_Dominance_PC90,208,5.010000,0.083503993,14997.915,false
GA_WaitingTime_Dominance_PC90,208,4.998000,0.083631405,15051.113,false
GA_WaitingTime_Dominance_PC90,208,5.004000,0.083585447,15047.658,false
GA_WaitingTime_Dominance_PC90,208,5.028000,0.083442902,14822.875,false
GA_WaitingTime_Dominance_PC90,208,5.016000,0.083475198,14769.781,false
GA_WaitingTime_Dominance_PC90,209,12.710000,0.081841458,14917.501,false
GA_WaitingTime_Dominance_PC90,209,5.158000,0.082331586,14298.834,false
GA_WaitingTime_Dominance_PC90,209,5.210000,0.082162706,14282.616,false
GA_WaitingTime_Dominance_PC90,209,5.194000,0.082278984,14588.840,false
GA_WaitingTime_Dominance_PC90,209,5.128000,0.082751155,14538.798,false
GA_WaitingTime_Dominance_PC90,209,5.134000,0.082353094,14230.918,false
GA_WaitingTime_Dominance_PC90,209,5.132000,0.082452022,14288.630,false
GA_WaitingTime_Dominance_PC90,209,5.130000,0.082558305,14248.727,false
GA_Energy_Dominance_PC90,200,8.534000,0.079950465,14222.785,false
GA_Energy_Dominance_PC90,200,8.782000,0.079543911,14061.518,false
GA_Energy_Dominance_PC90,200,8.648000,0.079842319,13733.467,false
GA_Energy_Dominance_PC90,200,8.944000,0.079165504,14238.558,false
GA_Energy_Dominance_PC90,200,9.122000,0.079072619,14603.754,false
GA_Energy_Dominance_PC90,200,9.484000,0.078907963,13648.695,false
GA_Energy_Dominance_PC90,200,9.814000,0.078823014,13498.694,false
GA_Energy_Dominance_PC90,200,9.342000,0.079013040,13872.293,false
GA_Energy_Dominance_PC90,200,9.446000,0.079012100,14319.051,false
GA_Energy_Dominance_PC90,200,9.308000,0.079064149,13874.104,false
GA_Energy_Dominance_PC90,200,9.498000,0.078839143,13577.128,false
GA_Energy_Dominance_PC90,200,10.320000,0.078652799,13606.313,false
GA_Energy_Dominance_PC90,200,10.408000,0.078413736,13568.783,false
GA_Energy_Dominance_PC90,200,10.538000,0.078169968,13603.187,false
GA_Energy_Dominance_PC90,200,10.608000,0.078098226,13819.960,false
GA_Energy_Dominance_PC90,200,10.624000,0.077878957,13286.549,false
GA_Energy_Dominance_PC90,200,10.672000,0.077703000,13495.260,false
GA_Energy_Dominance_PC90,200,10.752000,0.077489251,13540.801,false
GA_Energy_Dominance_PC90,200,11.250000,0.076599383,13037.089,false
GA_Energy_Dominance_PC90,200,10.776000,0.076849305,13482.348,false
GA_Energy_Dominance_PC90,200,11.100000,0.076744971,13038.797,false
GA_Energy_Dominance_PC90,200,11.490000,0.076596689,12933.937,false
GA_Energy_Dominance_PC90,200,11.506000,0.076268036,13166.620,false
GA_Energy_Dominance_PC90,200,11.804000,0.075956275,12926.484,false
GA_Energy_Dominance_PC90,200,11.834000,0.075724768,12815.578,false
GA_Energy_Dominance_PC90,200,12.298000,0.074762071,12588.916,false
GA_Energy_Dominance_PC90,200,12.170000,0.074774256,12375.912,false
GA_Energy_Dominance_PC90,200,11.902000,0.075122084,12359.575,false
GA_Energy_Dominance_PC90,200,12.584000,0.073784770,12423.034,false
GA_Energy_Dominance_PC90,200,12.566000,0.074029708,12419.693,false
GA_Energy_Dominance_PC90,200,12.316000,0.074042812,12407.104,false
GA_Energy_Dominance_PC90,200,12.916000,0.073483424,12275.523,false
GA_Energy_Dominance_PC90,200,13.066000,0.073467445,12101.840,false
GA_Energy_Dominance_PC90,200,13.160000,0.073442118,12421.527,false
GA_Energy_Dominance_PC90,200,12.890000,0.073574757,12293.439,false
GA_Energy_Dominance_PC90,200,13.334000,0.073396864,12400.024,false
GA_Energy_Dominance_PC90,200,13.230000,0.073433244,12157.008,false
GA_Energy_Dominance_PC90,200,13.516000,0.073066598,12433.306,false
GA_Energy_Dominance_PC90,200,13.594000,0.073053607,12611.829,false
GA_Energy_Dominance_PC90,200,13.906000,0.072891388,12543.838,false
GA_Energy_Dominance_PC90,200,13.664000,0.072908262,12573.645,false
GA_Energy_Dominance_PC90,200,13.412000,0.073194176,12603.892,false
GA_Energy_Dominance_PC90,200,13.828000,0.072897393,12174.606,false
GA_Energy_Dominance_PC90,200,13.986000,0.072853121,12067.259,false
GA_Energy_Dominance_PC90,200,14.066000,0.072560834,11685.514,false
GA_Energy_Dominance_PC90,200,14.096000,0.072180567,11637.382,true
GA_Energy_Dominance_PC90,200,14.114000,0.071827819,11802.285,true
GA_Energy_Dominance_PC90,200,14.306000,0.071440169,11550.479,true
GA_Energy_Dominance_PC90,200,14.418000,0.071153993,11495.025,true
GA_Energy_Dominance_PC90,200,14.486000,0.071047413,11505.302,true
GA_Energy_Dominance_PC90,200,14.774000,0.071020570,11578.144,true
GA_Energy_Dominance_PC90,200,14.866000,0.070980055,11870.946,true
GA_Energy_Dominance_PC90,200,15.068000,0.070922043,11843.396,true
GA_Energy_Dominance_PC90,200,15.244000,0.070791003,11747.692,true
GA_Energy_Dominance_PC90,200,15.316000,0.070770303,11643.639,true
GA_Energy_Dominance_PC90,200,15.196000,0.070888522,11866.646,true
GA_Energy_Dominance_PC90,200,15.562000,0.070721351,11598.796,true
GA_Energy_Dominance_PC90,200,15.410000,0.070731317,11619.710,true
GA_Energy_Dominance_PC90,201,9.558000,0.079127126,14051.468,false
GA_Energy_Dominance_PC90,201,9.556000,0.079152754,14051.468,false
GA_Energy_Dominance_PC90,201,11.888000,0.078975451,13770.033,false
GA_Energy_Dominance_PC90,201,9.324000,0.079503156,14085.478,false
GA_Energy_Dominance_PC90,201,9.350000,0.079341568,14094.291,false
GA_Energy_Dominance_PC90,201,8.982000,0.079899512,14442.209,false
GA_Energy_Dominance_PC90,201,12.816000,0.078455087,14664.670,false
GA_Energy_Dominance_PC90,201,12.848000,0.078172163,13440.958,false
GA_Energy_Dominance_PC90,201,13.702000,0.077936693,12815.939,false
GA_Energy_Dominance_PC90,201,14.408000,0.077482829,14295.947,false
GA_Energy_Dominance_PC90,201,14.472000,0.076774400,14371.867,false
GA_Energy_Dominance_PC90,201,14.798000,0.076366613,14320.384,false
GA_Energy_Dominance_PC90,201,14.352000,0.077684501,14214.962,false
GA_Energy_Dominance_PC90,201,16.288000,0.075002027,13797.864,false
GA_Energy_Dominance_PC90,201,15.972000,0.075491440,13798.956,false
GA_Energy_Dominance_PC90,201,17.738000,0.074553835,12930.802,false
GA_Energy_Dominance_PC90,201,18.128000,0.074510381,13865.830,false
GA_Energy_Dominance_PC90,201,14.950000,0.075615054,13308.849,false
GA_Energy_Dominance_PC90,201,18.170000,0.074412060,13316.886,false
GA_Energy_Dominance_PC90,201,18.250000,0.074252847,13814.983,false
GA_Energy_Dominance_PC90,201,18.566000,0.073665437,13226.773,false
GA_Energy_Dominance_PC90,201,18.374000,0.074168017,13078.634,false
GA_Energy_Dominance_PC90,201,19.978000,0.073531262,13255.224,false
GA_Energy_Dominance_PC90,201,20.628000,0.073172331,13464.262,false
GA_Energy_Dominance_PC90,201,20.592000,0.073373623,13775.328,false
GA_Energy_Dominance_PC90,201,20.790000,0.072842507,13502.147,false
GA_Energy_Dominance_PC90,201,21.378000,0.072213903,13581.726,false
GA_Energy_Dominance_PC90,201,21.048000,0.072531821,13680.363,false
GA_Energy_Dominance_PC90,201,22.318000,0.072190731,12974.409,false
GA_Energy_Dominance_PC90,201,22.490000,0.071957311,13095.156,false
GA_Energy_Dominance_PC90,201,23.418000,0.071631086,13190.822,false
GA_Energy_Dominance_PC90,201,22.760000,0.071696067,13200.068,false
GA_Energy_Dominance_PC90,201,23.990000,0.071359120,13444.095,false
GA_Energy_Dominance_PC90,201,24.556000,0.071344024,12972.655,false
GA_Energy_Dominance_PC90,201,24.892000,0.071217506,13147.583,false
GA_Energy_Dominance_PC90,201,24.906000,0.070559400,12669.482,false
GA_Energy_Dominance_PC90,201,25.064000,0.070077708,12416.497,false
GA_Energy_Dominance_PC90,201,25.312000,0.068368309,10983.228,false
GA_Energy_Dominance_PC90,201,25.444000,0.068216478,10503.812,false
GA_Energy_Dominance_PC90,201,25.854000,0.067895768,10361.175,false
GA_Energy_Dominance_PC90,201,25.758000,0.068098556,10253.312,false
GA_Energy_Dominance_PC90,201,26.318000,0.067165135,10227.882,false
GA_Energy_Dominance_PC90,201,25.888000,0.067649002,10337.418,false
GA_Energy_Dominance_PC90,201,26.440000,0.067029952,10252.909,false
GA_Energy_Dominance_PC90,201,27.232000,0.066941433,10207.043,false
GA_Energy_Dominance_PC90,201,26.260000,0.067541332,10323.456,false
GA_Energy_Dominance_PC90,201,26.628000,0.066991457,10452.799,false
GA_Energy_Dominance_PC90,201,26.888000,0.066975737,10236.706,false
GA_Energy_Dominance_PC90,202,9.270000,0.079877257,14926.306,false
GA_Energy_Dominance_PC90,202,9.080000,0.080338672,13442.282,false
GA_Energy_Dominance_PC90,202,9.336000,0.079648602,13858.990,false
GA_Energy_Dominance_PC90,202,10.656000,0.078410868,13739.793,false
GA_Energy_Dominance_PC90,202,10.112000,0.078902081,15094.702,false
GA_Energy_Dominance_PC90,202,10.460000,0.078766137,14165.506,false
GA_Energy_Dominance_PC90,202,11.118000,0.078366371,14154.485,false
GA_Energy_Dominance_PC90,202,10.224000,0.078872619,15028.859,false
GA_Energy_Dominance_PC90,202,9.538000,0.078933534,14105.180,false
GA_Energy_Dominance_PC90,202,11.902000,0.077746813,13910.238,false
GA_Energy_Dominance_PC90,202,11.406000,0.078167129,14293.258,false
GA_Energy_Dominance_PC90,202,11.558000,0.077938445,14074.307,false
GA_Energy_Dominance_PC90,202,12.064000,0.077670131,13848.903,false
GA_Energy_Dominance_PC90,202,11.970000,0.077728171,13713.372,false
GA_Energy_Dominance_PC90,202,12.392000,0.077592953,13649.451,false
GA_Energy_Dominance_PC90,202,11.774000,0.077852070,14064.747,false
GA_Energy_Dominance_PC90,202,12.332000,0.077594898,12913.017,false
GA_Energy_Dominance_PC90,202,12.154000,0.077622371,13598.418,false
GA_Energy_Dominance_PC90,202,12.592000,0.077170938,13827.668,false
GA_Energy_Dominance_PC90,202,12.770000,0.076970086,12807.663,false
GA_Energy_Dominance_PC90,202,12.468000,0.077369808,13070.601,false
GA_Energy_Dominance_PC90,202,12.838000,0.076554032,12896.499,false
GA_Energy_Dominance_PC90,202,12.882000,0.076173067,13522.273,false
GA_Energy_Dominance_PC90,202,12.896000,0.075623634,12866.321,false
GA_Energy_Dominance_PC90,202,13.318000,0.074968096,13017.441,false
GA_Energy_Dominance_PC90,202,13.188000,0.075085589,12863.057,false
GA_Energy_Dominance_PC90,202,13.010000,0.075118844,12950.892,false
GA_Energy_Dominance_PC90,202,13.486000,0.074891552,12921.626,false
GA_Energy_Dominance_PC90,202,13.590000,0.074506366,13225.712,false
GA_Energy_Dominance_PC90,202,13.492000,0.074665318,13447.000,false
GA_Energy_Dominance_PC90,202,14.104000,0.073954938,13300.688,false
GA_Energy_Dominance_PC90,202,13.714000,0.074043342,12867.586,false
GA_Energy_Dominance_PC90,202,14.220000,0.073285747,12975.554,false
GA_Energy_Dominance_PC90,202,14.706000,0.072872018,12830.620,false
GA_Energy_Dominance_PC90,202,14.556000,0.072921822,12656.436,false
GA_Energy_Dominance_PC90,202,14.786000,0.072852359,12844.141,false
GA_Energy_Dominance_PC90,202,14.788000,0.072713335,12499.416,false
GA_Energy_Dominance_PC90,202,14.896000,0.072709919,12659.651,false
GA_Energy_Dominance_PC90,202,15.062000,0.072621310,12657.224,false
GA_Energy_Dominance_PC90,202,15.224000,0.072566696,12671.245,false
GA_Energy_Dominance_PC90,202,15.262000,0.072260786,13032.262,false
GA_Energy_Dominance_PC90,202,15.454000,0.072089027,12689.618,false
GA_Energy_Dominance_PC90,202,15.694000,0.072050480,12846.716,false
GA_Energy_Dominance_PC90,202,15.332000,0.072110046,12595.830,false
GA_Energy_Dominance_PC90,202,15.824000,0.071964763,12365.618,false
GA_Energy_Dominance_PC90,202,16.074000,0.071281421,12008.154,false
GA_Energy_Dominance_PC90,202,16.224000,0.071162088,11945.956,false
GA_Energy_Dominance_PC90,202,16.368000,0.071042745,11629.414,false
GA_Energy_Dominance_PC90,202,16.876000,0.070152048,11081.502,false
GA_Energy_Dominance_PC90,202,17.070000,0.069977030,10970.599,false
GA_Energy_Dominance_PC90,202,17.264000,0.069947606,10875.629,false
GA_Energy_Dominance_PC90,202,16.968000,0.069993490,10931.285,false
GA_Energy_Dominance_PC90,202,16.776000,0.070165089,11022.527,false
GA_Energy_Dominance_PC90,202,16.530000,0.070505547,10956.436,false
GA_Energy_Dominance_PC90,202,17.402000,0.069760464,10779.612,false
GA_Energy_Dominance_PC90,202,17.554000,0.069445001,10799.903,true
GA_Energy_Dominance_PC90,202,17.544000,0.069563927,10738.164,true
GA_Energy_Dominance_PC90,202,17.882000,0.069099962,10728.882,true
GA_Energy_Dominance_PC90,202,17.804000,0.069360817,10703.391,true
GA_Energy_Dominance_PC90,202,17.844000,0.069231940,10824.718,true
GA_Energy_Dominance_PC90,202,18.288000,0.068989774,10983.006,true
GA_Energy_Dominance_PC90,202,18.008000,0.068999138,10912.921,true
GA_Energy_Dominance_PC90,202,18.650000,0.068958691,10909.109,false
GA_Energy_Dominance_PC90,202,18.530000,0.068958691,11033.601,true
GA_Energy_Dominance_PC90,203,9.558000,0.079127126,14051.468,false
GA_Energy_Dominance_PC90,203,9.430000,0.082043126,14053.189,false
GA_Energy_Dominance_PC90,203,13.282000,0.077871530,13482.917,false
GA_Energy_Dominance_PC90,203,12.676000,0.078099277,14959.965,false
GA_Energy_Dominance_PC90,203,13.364000,0.077444514,14919.043,false
GA_Energy_Dominance_PC90,203,12.274000,0.078608253,14859.408,false
GA_Energy_Dominance_PC90,203,12.682000,0.078035548,13741.676,false
GA_Energy_Dominance_PC90,203,13.794000,0.077336785,14370.581,false
GA_Energy_Dominance_PC90,203,13.952000,0.076872973,14166.118,false
GA_Energy_Dominance_PC90,203,14.258000,0.075766015,14691.700,false
GA_Energy_Dominance_PC90,203,14.866000,0.075713862,13323.961,false
GA_Energy_Dominance_PC90,203,14.992000,0.075353184,14029.432,false
GA_Energy_Dominance_PC90,203,15.378000,0.074916641,13904.259,false
GA_Energy_Dominance_PC90,203,15.364000,0.075047279,14595.323,false
GA_Energy_Dominance_PC90,203,15.712000,0.074720809,14275.244,false
GA_Energy_Dominance_PC90,203,15.024000,0.075099268,13502.308,false
GA_Energy_Dominance_PC90,203,16.068000,0.074461642,13810.526,false
GA_Energy_Dominance_PC90,203,16.992000,0.073863399,13946.548,false
GA_Energy_Dominance_PC90,203,16.842000,0.073920650,13722.600,false
GA_Energy_Dominance_PC90,203,17.370000,0.073812745,14491.841,false
GA_Energy_Dominance_PC90,203,17.438000,0.073568664,14300.976,false
GA_Energy_Dominance_PC90,203,17.574000,0.073089633,14206.089,false
GA_Energy_Dominance_PC90,203,17.534000,0.073254746,14423.315,false
GA_Energy_Dominance_PC90,203,17.764000,0.072959653,14396.442,false
GA_Energy_Dominance_PC90,203,17.958000,0.072897523,14080.577,false
GA_Energy_Dominance_PC90,203,18.080000,0.072482153,13220.221,false
GA_Energy_Dominance_PC90,203,18.220000,0.072287442,13566.447,false
GA_Energy_Dominance_PC90,203,17.968000,0.072733681,13315.245,false
GA_Energy_Dominance_PC90,203,18.338000,0.072260076,13044.852,false
GA_Energy_Dominance_PC90,203,18.476000,0.072200260,13371.553,false
GA_Energy_Dominance_PC90,203,18.556000,0.072033575,13020.640,false
GA_Energy_Dominance_PC90,203,18.732000,0.071646762,12795.545,false
GA_Energy_Dominance_PC90,203,18.966000,0.071501114,12394.623,false
GA_Energy_Dominance_PC90,203,19.078000,0.071419239,12478.885,false
GA_Energy_Dominance_PC90,203,19.148000,0.071295085,12498.416,false
GA_Energy_Dominance_PC90,203,19.262000,0.071099478,12582.863,false
GA_Energy_Dominance_PC90,203,19.298000,0.070739603,12261.803,false
GA_Energy_Dominance_PC90,203,19.694000,0.070667468,12457.352,false
GA_Energy_Dominance_PC90,203,20.128000,0.070471656,11891.822,false
GA_Energy_Dominance_PC90,203,20.656000,0.070213463,11561.655,false
GA_Energy_Dominance_PC90,203,20.836000,0.070201578,11621.098,false
GA_Energy_Dominance_PC90,203,20.248000,0.070326495,11735.525,false
GA_Energy_Dominance_PC90,203,21.240000,0.069945339,11580.802,false
GA_Energy_Dominance_PC90,203,20.974000,0.070070584,11733.757,false
GA_Energy_Dominance_PC90,203,21.470000,0.069822092,11589.518,false
GA_Energy_Dominance_PC90,203,21.796000,0.069752632,11860.776,false
GA_Energy_Dominance_PC90,203,22.736000,0.069513567,11620.821,false
GA_Energy_Dominance_PC90,203,22.496000,0.069582663,11910.762,false
GA_Energy_Dominance_PC90,203,23.082000,0.069460154,11900.280,false
GA_Energy_Dominance_PC90,203,23.304000,0.069088122,11413.268,false
GA_Energy_Dominance_PC90,203,23.692000,0.068971169,11348.557,false
GA_Energy_Dominance_PC90,203,23.858000,0.068839284,11361.645,false
GA_Energy_Dominance_PC90,203,24.026000,0.068681302,11079.191,false
GA_Energy_Dominance_PC90,203,24.350000,0.068263874,10754.914,false
GA_Energy_Dominance_PC90,203,24.644000,0.068067500,10782.966,false
GA_Energy_Dominance_PC90,203,24.914000,0.068049582,10822.280,false
GA_Energy_Dominance_PC90,203,25.148000,0.067944784,10510.506,false
GA_Energy_Dominance_PC90,203,25.582000,0.067758004,10753.661,false
GA_Energy_Dominance_PC90,203,25.776000,0.067690993,10333.217,false
GA_Energy_Dominance_PC90,203,26.124000,0.067648274,10327.381,false
GA_Energy_Dominance_PC90,203,25.948000,0.067659640,10513.540,false
GA_Energy_Dominance_PC90,204,9.558000,0.079127126,14051.468,false
GA_Energy_Dominance_PC90,204,9.436000,0.080907005,14088.584,false
GA_Energy_Dominance_PC90,204,9.478000,0.079651726,14096.312,false
GA_Energy_Dominance_PC90,204,9.434000,0.081123907,13688.683,false
GA_Energy_Dominance_PC90,204,11.574000,0.079118457,14874.390,false
GA_Energy_Dominance_PC90,204,11.664000,0.079057667,13930.664,false
GA_Energy_Dominance_PC90,204,12.796000,0.077701233,14368.848,false
GA_Energy_Dominance_PC90,204,11.772000,0.078185524,14400.275,false
GA_Energy_Dominance_PC90,204,11.828000,0.077875314,14010.933,false
GA_Energy_Dominance_PC90,204,14.870000,0.076771868,13754.106,false
GA_Energy_Dominance_PC90,204,14.312000,0.077220278,14177.646,false
GA_Energy_Dominance_PC90,204,12.962000,0.077635152,13989.185,false
GA_Energy_Dominance_PC90,204,14.370000,0.077033258,13352.067,false
GA_Energy_Dominance_PC90,204,15.458000,0.076274293,13827.403,false
GA_Energy_Dominance_PC90,204,13.800000,0.077463177,13904.614,false
GA_Energy_Dominance_PC90,204,15.194000,0.076519177,14586.496,false
GA_Energy_Dominance_PC90,204,16.608000,0.076029860,14085.245,false
GA_Energy_Dominance_PC90,204,15.524000,0.076129517,14055.648,false
GA_Energy_Dominance_PC90,204,16.088000,0.076096306,13880.457,false
GA_Energy_Dominance_PC90,204,16.650000,0.075862076,13378.630,false
GA_Energy_Dominance_PC90,204,16.862000,0.074956530,14326.229,false
GA_Energy_Dominance_PC90,204,17.146000,0.074811188,14280.786,false
GA_Energy_Dominance_PC90,204,17.536000,0.074795647,14095.766,false
GA_Energy_Dominance_PC90,204,18.946000,0.074529013,13553.069,false
GA_Energy_Dominance_PC90,204,19.730000,0.072835388,12771.946,false
GA_Energy_Dominance_PC90,204,19.434000,0.073150461,12964.947,false
GA_Energy_Dominance_PC90,204,19.822000,0.072178911,12343.852,false
GA_Energy_Dominance_PC90,204,19.900000,0.071791956,11960.646,false
GA_Energy_Dominance_PC90,204,20.540000,0.071190477,12466.985,false
GA_Energy_Dominance_PC90,204,19.832000,0.072077593,12606.292,false
GA_Energy_Dominance_PC90,204,20.104000,0.071689507,12444.633,false
GA_Energy_Dominance_PC90,204,20.698000,0.071159186,12963.794,false
GA_Energy_Dominance_PC90,204,20.306000,0.071320413,12651.222,false
GA_Energy_Dominance_PC90,204,20.770000,0.071037190,12491.762,false
GA_Energy_Dominance_PC90,204,21.570000,0.070817081,12808.923,false
GA_Energy_Dominance_PC90,204,21.434000,0.070911899,12456.541,false
GA_Energy_Dominance_PC90,204,21.626000,0.070510403,12012.276,false
GA_Energy_Dominance_PC90,204,21.670000,0.070014080,11648.770,false
GA_Energy_Dominance_PC90,204,22.476000,0.068367508,10343.752,false
GA_Energy_Dominance_PC90,204,22.588000,0.067988967,10325.810,false
GA_Energy_Dominance_PC90,204,21.904000,0.068392615,10274.012,false
GA_Energy_Dominance_PC90,204,22.962000,0.067930897,10607.214,false
GA_Energy_Dominance_PC90,204,23.104000,0.067917150,10350.264,false
GA_Energy_Dominance_PC90,205,8.980000,0.079573979,14091.703,false
GA_Energy_Dominance_PC90,205,8.860000,0.079653337,13078.288,false
GA_Energy_Dominance_PC90,205,8.788000,0.079948591,14205.326,false
GA_Energy_Dominance_PC90,205,8.748000,0.079966811,13514.232,false
GA_Energy_Dominance_PC90,205,9.284000,0.077772085,13700.662,false
GA_Energy_Dominance_PC90,205,9.168000,0.077837981,13878.906,false
GA_Energy_Dominance_PC90,205,9.056000,0.077871064,13809.542,false
GA_Energy_Dominance_PC90,205,9.234000,0.077779626,13831.831,false
GA_Energy_Dominance_PC90,205,9.402000,0.077483163,13508.373,false
GA_Energy_Dominance_PC90,205,9.342000,0.077613637,13646.569,false
GA_Energy_Dominance_PC90,205,9.472000,0.077336922,13490.981,false
GA_Energy_Dominance_PC90,205,9.474000,0.077015992,13457.479,false
GA_Energy_Dominance_PC90,205,9.552000,0.076787766,13038.199,false
GA_Energy_Dominance_PC90,205,9.576000,0.076705542,13133.714,false
GA_Energy_Dominance_PC90,205,9.502000,0.076798611,13217.377,false
GA_Energy_Dominance_PC90,205,9.640000,0.076518609,13192.307,false
GA_Energy_Dominance_PC90,205,9.680000,0.076463972,12845.022,false
GA_Energy_Dominance_PC90,205,9.692000,0.076423662,13391.476,false
GA_Energy_Dominance_PC90,205,9.830000,0.074378289,12910.925,false
GA_Energy_Dominance_PC90,205,9.844000,0.074317826,12861.726,false
GA_Energy_Dominance_PC90,205,9.782000,0.074455747,12861.464,false
GA_Energy_Dominance_PC90,205,9.718000,0.074485707,12760.752,false
GA_Energy_Dominance_PC90,205,9.814000,0.074436228,12672.359,false
GA_Energy_Dominance_PC90,205,9.884000,0.074279387,12933.142,false
GA_Energy_Dominance_PC90,205,10.042000,0.074156188,12618.522,false
GA_Energy_Dominance_PC90,205,9.960000,0.074158446,12618.522,false
GA_Energy_Dominance_PC90,205,9.916000,0.074179499,12815.323,false
GA_Energy_Dominance_PC90,205,9.902000,0.074200551,12725.008,false
GA_Energy_Dominance_PC90,206,8.638000,0.080021211,14790.757,false
GA_Energy_Dominance_PC90,206,8.736000,0.079997197,14067.602,false
GA_Energy_Dominance_PC90,206,8.924000,0.079302914,14877.508,false
GA_Energy_Dominance_PC90,206,8.852000,0.079332537,15109.893,false
GA_Energy_Dominance_PC90,206,10.540000,0.078945811,13981.324,false
GA_Energy_Dominance_PC90,206,9.528000,0.079127126,14236.488,false
GA_Energy_Dominance_PC90,206,11.318000,0.078196666,13563.722,false
GA_Energy_Dominance_PC90,206,9.590000,0.079086422,13992.601,false
GA_Energy_Dominance_PC90,206,11.142000,0.078828099,14622.416,false
GA_Energy_Dominance_PC90,206,9.500000,0.079176824,14046.591,false
GA_Energy_Dominance_PC90,206,11.240000,0.078676730,13652.988,false
GA_Energy_Dominance_PC90,206,12.878000,0.077472117,14155.432,false
GA_Energy_Dominance_PC90,206,14.142000,0.076341592,13453.654,false
GA_Energy_Dominance_PC90,206,12.314000,0.077522451,13348.615,false
GA_Energy_Dominance_PC90,206,13.112000,0.076950703,13864.259,false
GA_Energy_Dominance_PC90,206,14.974000,0.076331910,13432.929,false
GA_Energy_Dominance_PC90,206,15.174000,0.076165271,12815.842,false
GA_Energy_Dominance_PC90,206,15.506000,0.075024338,13833.687,false
GA_Energy_Dominance_PC90,206,17.484000,0.074530654,13745.285,false
GA_Energy_Dominance_PC90,206,16.584000,0.074721847,12722.485,false
GA_Energy_Dominance_PC90,206,16.474000,0.074986684,12957.092,false
GA_Energy_Dominance_PC90,206,17.114000,0.074710150,12656.571,false
GA_Energy_Dominance_PC90,206,17.254000,0.074663752,14163.713,false
GA_Energy_Dominance_PC90,206,16.056000,0.074992943,13233.746,false
GA_Energy_Dominance_PC90,206,17.668000,0.074485296,14316.399,false
GA_Energy_Dominance_PC90,206,17.826000,0.073544201,13492.379,false
GA_Energy_Dominance_PC90,206,18.560000,0.073280200,13709.717,false
GA_Energy_Dominance_PC90,206,19.140000,0.073071661,13504.875,false
GA_Energy_Dominance_PC90,206,19.832000,0.072710064,12427.638,false
GA_Energy_Dominance_PC90,206,19.932000,0.072619917,13072.970,false
GA_Energy_Dominance_PC90,206,20.552000,0.072462673,13444.366,false
GA_Energy_Dominance_PC90,206,20.698000,0.072260213,13097.161,false
GA_Energy_Dominance_PC90,206,21.036000,0.071907602,13191.846,false
GA_Energy_Dominance_PC90,206,21.412000,0.071770402,13306.100,false
GA_Energy_Dominance_PC90,206,22.074000,0.071766725,13052.314,false
GA_Energy_Dominance_PC90,206,22.998000,0.071750911,12981.348,false
GA_Energy_Dominance_PC90,206,23.010000,0.071410344,12571.406,false
GA_Energy_Dominance_PC90,206,23.950000,0.070970666,12268.910,false
GA_Energy_Dominance_PC90,206,23.572000,0.071055671,12260.278,false
GA_Energy_Dominance_PC90,206,24.188000,0.070836309,11968.220,false
GA_Energy_Dominance_PC90,206,24.620000,0.069559019,11459.364,false
GA_Energy_Dominance_PC90,206,24.386000,0.069708517,11044.907,false
GA_Energy_Dominance_PC90,206,24.714000,0.069420037,11146.735,false
GA_Energy_Dominance_PC90,206,24.804000,0.069232543,11363.635,false
GA_Energy_Dominance_PC90,206,25.216000,0.068292474,11109.799,false
GA_Energy_Dominance_PC90,206,25.518000,0.068054067,11069.970,false
GA_Energy_Dominance_PC90,206,24.850000,0.068302613,11069.970,false
GA_Energy_Dominance_PC90,206,25.742000,0.068001636,10942.406,false
GA_Energy_Dominance_PC90,206,25.968000,0.067928598,10814.383,false
GA_Energy_Dominance_PC90,206,26.092000,0.067559354,10539.864,false
GA_Energy_Dominance_PC90,206,26.906000,0.067380256,10322.826,false
GA_Energy_Dominance_PC90,206,26.444000,0.067454006,10660.515,false
GA_Energy_Dominance_PC90,206,28.196000,0.067262833,10476.989,false
GA_Energy_Dominance_PC90,206,27.112000,0.067282112,10579.316,false
GA_Energy_Dominance_PC90,207,9.104000,0.079841532,14128.610,false
GA_Energy_Dominance_PC90,207,9.178000,0.079687356,14607.943,false
GA_Energy_Dominance_PC90,207,8.670000,0.079975397,13342.707,false
GA_Energy_Dominance_PC90,207,9.254000,0.079224573,13999.128,false
GA_Energy_Dominance_PC90,207,9.314000,0.077976562,13412.195,false
GA_Energy_Dominance_PC90,207,9.346000,0.077617550,13445.238,false
GA_Energy_Dominance_PC90,207,9.328000,0.077707300,13557.367,false
GA_Energy_Dominance_PC90,207,9.474000,0.077242005,13231.319,false
GA_Energy_Dominance_PC90,207,9.442000,0.077268879,13223.223,false
GA_Energy_Dominance_PC90,207,9.400000,0.077415137,13361.989,false
GA_Energy_Dominance_PC90,207,9.504000,0.077216664,13138.435,false
GA_Energy_Dominance_PC90,207,9.412000,0.077271759,13435.525,false
GA_Energy_Dominance_PC90,207,9.514000,0.076914950,13682.293,false
GA_Energy_Dominance_PC90,207,9.522000,0.076584439,13241.576,false
GA_Energy_Dominance_PC90,207,9.636000,0.076381947,13788.411,false
GA_Energy_Dominance_PC90,207,9.616000,0.076498285,13788.411,false
GA_Energy_Dominance_PC90,207,9.808000,0.076178279,13116.244,false
GA_Energy_Dominance_PC90,207,9.974000,0.075982888,13172.305,false
GA_Energy_Dominance_PC90,207,9.904000,0.076010222,13245.523,false
GA_Energy_Dominance_PC90,207,10.042000,0.075834665,12831.811,false
GA_Energy_Dominance_PC90,207,10.032000,0.075887451,12970.071,false
GA_Energy_Dominance_PC90,207,10.106000,0.075725932,13007.613,false
GA_Energy_Dominance_PC90,207,10.064000,0.075741913,13171.692,false
GA_Energy_Dominance_PC90,207,10.122000,0.075681601,12909.956,false
GA_Energy_Dominance_PC90,207,10.184000,0.075555873,12951.914,false
GA_Energy_Dominance_PC90,207,10.150000,0.075592437,12949.604,false
GA_Energy_Dominance_PC90,207,10.300000,0.075450192,13210.087,false
GA_Energy_Dominance_PC90,207,10.374000,0.075442965,12869.733,false
GA_Energy_Dominance_PC90,207,10.268000,0.075486094,13021.438,false
GA_Energy_Dominance_PC90,207,10.214000,0.075501918,12926.856,false
GA_Energy_Dominance_PC90,207,10.428000,0.075330402,12712.701,false
GA_Energy_Dominance_PC90,207,10.578000,0.075167785,13157.863,false
GA_Energy_Dominance_PC90,207,10.494000,0.075239590,13160.942,false
GA_Energy_Dominance_PC90,207,10.716000,0.075136877,12847.982,false
GA_Energy_Dominance_PC90,207,10.688000,0.075140731,13139.502,false
GA_Energy_Dominance_PC90,207,10.768000,0.075100499,12974.962,false
GA_Energy_Dominance_PC90,207,10.830000,0.075054226,12804.004,false
GA_Energy_Dominance_PC90,207,10.842000,0.074922678,12954.713,false
GA_Energy_Dominance_PC90,207,10.922000,0.074752487,12829.479,false
GA_Energy_Dominance_PC90,207,10.884000,0.074832073,12845.671,false
GA_Energy_Dominance_PC90,207,11.058000,0.074524814,12988.586,false
GA_Energy_Dominance_PC90,207,11.002000,0.074570614,12999.781,false
GA_Energy_Dominance_PC90,207,11.102000,0.074504587,12844.334,false
GA_Energy_Dominance_PC90,207,10.946000,0.074643550,12863.703,false
GA_Energy_Dominance_PC90,207,11.146000,0.074480625,12880.835,false
GA_Energy_Dominance_PC90,207,11.154000,0.074401155,12720.604,false
GA_Energy_Dominance_PC90,207,11.198000,0.074332470,12499.573,false
GA_Energy_Dominance_PC90,207,11.262000,0.074289809,12499.573,false
GA_Energy_Dominance_PC90,207,11.380000,0.074268350,12540.604,false
GA_Energy_Dominance_PC90,207,11.548000,0.074266866,12631.405,false
GA_Energy_Dominance_PC90,207,11.626000,0.074135256,12646.463,false
GA_Energy_Dominance_PC90,207,11.680000,0.074109058,12662.393,false
GA_Energy_Dominance_PC90,207,11.596000,0.074217718,12643.681,false
GA_Energy_Dominance_PC90,207,11.888000,0.074064311,12599.108,false
GA_Energy_Dominance_PC90,207,11.972000,0.073944013,12339.094,false
GA_Energy_Dominance_PC90,207,12.126000,0.073852037,12355.372,false
GA_Energy_Dominance_PC90,207,12.240000,0.073734213,11997.480,false
GA_Energy_Dominance_PC90,207,12.310000,0.073702371,12316.155,false
GA_Energy_Dominance_PC90,207,12.406000,0.073655198,12431.003,false
GA_Energy_Dominance_PC90,207,12.422000,0.073486247,12393.592,false
GA_Energy_Dominance_PC90,207,12.594000,0.073425438,12191.579,false
GA_Energy_Dominance_PC90,207,12.734000,0.073371412,12288.787,false
GA_Energy_Dominance_PC90,207,12.764000,0.073231290,12593.491,false
GA_Energy_Dominance_PC90,207,12.852000,0.073115462,12560.497,false
GA_Energy_Dominance_PC90,207,12.982000,0.073068813,12605.570,false
GA_Energy_Dominance_PC90,207,13.072000,0.072990675,12586.831,false
GA_Energy_Dominance_PC90,207,13.214000,0.072950677,12628.932,false
GA_Energy_Dominance_PC90,207,13.122000,0.072958146,12513.722,false
GA_Energy_Dominance_PC90,207,13.236000,0.072804873,12422.949,false
GA_Energy_Dominance_PC90,207,13.298000,0.072715262,12232.521,false
GA_Energy_Dominance_PC90,207,13.562000,0.072652379,12485.153,false
GA_Energy_Dominance_PC90,207,13.358000,0.072673335,12421.398,false
GA_Energy_Dominance_PC90,207,13.644000,0.072633517,12374.444,false
GA_Energy_Dominance_PC90,207,13.458000,0.072662107,12205.070,false
GA_Energy_Dominance_PC90,208,9.558000,0.079127126,14051.468,false
GA_Energy_Dominance_PC90,208,9.554000,0.079233660,14050.909,false
GA_Energy_Dominance_PC90,208,8.602000,0.079300157,13651.421,false
GA_Energy_Dominance_PC90,208,10.830000,0.078875460,13782.999,false
GA_Energy_Dominance_PC90,208,9.060000,0.079238382,13482.095,false
GA_Energy_Dominance_PC90,208,8.530000,0.079722134,13709.531,false
GA_Energy_Dominance_PC90,208,10.534000,0.078908783,14428.110,false
GA_Energy_Dominance_PC90,208,11.090000,0.078604247,14061.774,false
GA_Energy_Dominance_PC90,208,12.052000,0.078233212,13698.480,false
GA_Energy_Dominance_PC90,208,11.466000,0.078509817,13062.087,false
GA_Energy_Dominance_PC90,208,12.680000,0.077315799,14352.832,false
GA_Energy_Dominance_PC90,208,12.126000,0.077510564,14238.603,false
GA_Energy_Dominance_PC90,208,12.552000,0.077329856,14412.113,false
GA_Energy_Dominance_PC90,208,12.872000,0.076669442,13990.595,false
GA_Energy_Dominance_PC90,208,12.718000,0.077003895,13595.353,false
GA_Energy_Dominance_PC90,208,13.050000,0.076432067,13176.729,false
GA_Energy_Dominance_PC90,208,13.076000,0.075987716,13914.599,false
GA_Energy_Dominance_PC90,208,13.586000,0.075911077,13089.033,false
GA_Energy_Dominance_PC90,208,13.564000,0.075962058,13494.360,false
GA_Energy_Dominance_PC90,208,13.678000,0.075846627,13511.908,false
GA_Energy_Dominance_PC90,208,14.110000,0.075809519,13637.355,false
GA_Energy_Dominance_PC90,208,14.210000,0.075599148,13436.224,false
GA_Energy_Dominance_PC90,208,14.252000,0.075516233,13417.523,false
GA_Energy_Dominance_PC90,208,14.134000,0.075638224,13069.786,false
GA_Energy_Dominance_PC90,208,14.270000,0.075184639,13382.453,false
GA_Energy_Dominance_PC90,208,15.382000,0.075176652,13603.214,false
GA_Energy_Dominance_PC90,208,15.880000,0.074805584,13751.369,false
GA_Energy_Dominance_PC90,208,15.436000,0.075086449,13782.938,false
GA_Energy_Dominance_PC90,208,15.444000,0.074870287,13513.096,false
GA_Energy_Dominance_PC90,208,16.052000,0.074621929,13313.364,false
GA_Energy_Dominance_PC90,208,15.996000,0.074709058,14049.465,false
GA_Energy_Dominance_PC90,208,16.268000,0.074361878,13921.974,false
GA_Energy_Dominance_PC90,208,16.642000,0.074130799,13441.901,false
GA_Energy_Dominance_PC90,208,17.166000,0.074010847,13387.988,false
GA_Energy_Dominance_PC90,208,17.256000,0.073835549,13393.032,false
GA_Energy_Dominance_PC90,208,17.686000,0.073208007,13434.902,false
GA_Energy_Dominance_PC90,208,17.470000,0.073412263,12493.790,false
GA_Energy_Dominance_PC90,208,17.796000,0.072723178,13740.719,false
GA_Energy_Dominance_PC90,208,18.266000,0.072541175,13050.214,false
GA_Energy_Dominance_PC90,208,18.720000,0.072488164,12904.665,false
GA_Energy_Dominance_PC90,208,19.162000,0.071439607,13196.501,false
GA_Energy_Dominance_PC90,208,19.382000,0.071414190,12545.026,false
GA_Energy_Dominance_PC90,208,19.924000,0.071193820,11857.566,false
GA_Energy_Dominance_PC90,208,19.604000,0.071289140,11983.566,false
GA_Energy_Dominance_PC90,208,18.762000,0.071745857,12269.580,false
GA_Energy_Dominance_PC90,208,19.764000,0.071278947,12067.337,false
GA_Energy_Dominance_PC90,208,19.522000,0.071387717,12640.052,false
GA_Energy_Dominance_PC90,208,20.060000,0.070994663,11809.249,false
GA_Energy_Dominance_PC90,208,20.280000,0.070766567,12152.922,false
GA_Energy_Dominance_PC90,208,20.288000,0.070393091,12186.465,false
GA_Energy_Dominance_PC90,208,20.898000,0.070009703,11445.490,false
GA_Energy_Dominance_PC90,208,20.480000,0.070086774,11282.697,false
GA_Energy_Dominance_PC90,208,21.334000,0.069407987,10870.449,false
GA_Energy_Dominance_PC90,208,21.070000,0.069523811,10956.766,false
GA_Energy_Dominance_PC90,208,22.042000,0.069320546,11076.399,false
GA_Energy_Dominance_PC90,208,21.682000,0.069346597,11088.036,false
GA_Energy_Dominance_PC90,208,22.362000,0.069108480,11588.220,false
GA_Energy_Dominance_PC90,208,22.666000,0.069058189,11256.883,false
GA_Energy_Dominance_PC90,208,22.302000,0.069278506,11256.883,false
GA_Energy_Dominance_PC90,208,22.940000,0.068954947,11324.056,false
GA_Energy_Dominance_PC90,208,24.260000,0.068603183,10666.371,false
GA_Energy_Dominance_PC90,208,23.236000,0.068673954,11167.159,false
GA_Energy_Dominance_PC90,208,24.020000,0.068625594,11163.591,false
GA_Energy_Dominance_PC90,208,23.434000,0.068627866,11675.134,false
GA_Energy_Dominance_PC90,209,9.558000,0.079127126,14051.468,false
GA_Energy_Dominance_PC90,209,9.540000,0.079148082,14051.468,false
GA_Energy_Dominance_PC90,209,9.032000,0.081277911,14224.651,false
GA_Energy_Dominance_PC90,209,9.096000,0.079877113,13855.078,false
GA_Energy_Dominance_PC90,209,9.960000,0.079086993,14094.253,false
GA_Energy_Dominance_PC90,209,10.826000,0.077831336,14185.999,false
GA_Energy_Dominance_PC90,209,10.738000,0.078709950,14186.842,false
GA_Energy_Dominance_PC90,209,10.854000,0.077818266,14202.396,false
GA_Energy_Dominance_PC90,209,10.768000,0.078385639,14332.018,false
GA_Energy_Dominance_PC90,209,10.070000,0.078823418,14289.611,false
GA_Energy_Dominance_PC90,209,11.264000,0.077516465,13873.781,false
GA_Energy_Dominance_PC90,209,11.560000,0.077379324,13941.010,false
GA_Energy_Dominance_PC90,209,10.774000,0.077971220,14185.999,false
GA_Energy_Dominance_PC90,209,12.494000,0.076923647,13417.309,false
GA_Energy_Dominance_PC90,209,13.030000,0.076877613,13675.285,false
GA_Energy_Dominance_PC90,209,12.084000,0.077241989,13917.040,false
GA_Energy_Dominance_PC90,209,12.940000,0.076893729,13182.746,false
GA_Energy_Dominance_PC90,209,13.110000,0.075989338,14098.966,false
GA_Energy_Dominance_PC90,209,14.226000,0.075660368,14706.332,false
GA_Energy_Dominance_PC90,209,15.978000,0.075086266,14025.642,false
GA_Energy_Dominance_PC90,209,16.512000,0.074903429,13890.397,false
GA_Energy_Dominance_PC90,209,16.706000,0.074803812,14592.724,false
GA_Energy_Dominance_PC90,209,15.564000,0.075447693,13586.968,false
GA_Energy_Dominance_PC90,209,16.876000,0.074103705,13867.368,false
GA_Energy_Dominance_PC90,209,17.284000,0.073419973,12999.624,false
GA_Energy_Dominance_PC90,209,17.022000,0.073818592,12827.070,false
GA_Energy_Dominance_PC90,209,16.944000,0.073997879,14115.991,false
GA_Energy_Dominance_PC90,209,18.110000,0.072836461,13259.624,false
GA_Energy_Dominance_PC90,209,17.804000,0.072947039,13386.808,false
GA_Energy_Dominance_PC90,209,18.300000,0.072593645,13104.190,false
GA_Energy_Dominance_PC90,209,19.332000,0.071581367,13234.828,false
GA_Energy_Dominance_PC90,209,18.666000,0.071645497,12841.087,false
GA_Energy_Dominance_PC90,209,18.488000,0.071748902,12955.945,false
GA_Energy_Dominance_PC90,209,19.548000,0.071398691,12763.459,false
GA_Energy_Dominance_PC90,209,20.138000,0.070811675,12004.012,false
GA_Energy_Dominance_PC90,209,20.024000,0.071056447,12489.285,false
GA_Energy_Dominance_PC90,209,20.186000,0.070650813,13084.380,false
GA_Energy_Dominance_PC90,209,20.676000,0.069827668,11855.058,false
GA_Energy_Dominance_PC90,209,20.212000,0.070274710,12148.602,false
GA_Energy_Dominance_PC90,209,20.592000,0.070119876,11440.512,false
GA_Energy_Dominance_PC90,209,20.854000,0.069329120,11361.757,false
GA_Energy_Dominance_PC90,209,21.156000,0.069076567,11469.253,false
GA_Energy_Dominance_PC90,209,21.320000,0.069036383,11581.118,false
GA_Energy_Dominance_PC90,209,21.548000,0.068906973,11536.377,false
GA_Energy_Dominance_PC90,209,21.990000,0.068314449,10299.764,false
GA_Energy_Dominance_PC90,209,22.206000,0.067828053,10367.567,true
GA_Energy_Dominance_PC90,209,22.660000,0.067793777,10068.123,true
GA_Energy_Dominance_PC90,209,22.886000,0.067776789,10099.098,true
GA_Energy_Dominance_PC90,209,23.308000,0.067727089,9919.228,false
GA_Energy_Dominance_PC90,209,23.070000,0.067738497,10125.731,false
GA_Energy_Dominance_PC90,209,23.694000,0.067719740,9897.654,false
GA_Energy_Dominance_PC90,209,24.134000,0.067715257,9936.407,false
GA_Energy_Dominance_PC90,209,24.596000,0.067714814,9901.522,false
SA_WaitingTime_Dominance_PC90,200,7.312000,0.079327566,15054.430,false
SA_WaitingTime_Dominance_PC90,200,4.908000,0.084120397,15020.165,false
SA_WaitingTime_Dominance_PC90,200,4.794000,0.084384890,15114.215,false
SA_WaitingTime_Dominance_PC90,200,4.778000,0.084507855,15014.761,false
SA_WaitingTime_Dominance_PC90,200,4.768000,0.084570272,15019.784,false
SA_WaitingTime_Dominance_PC90,200,4.766000,0.084665472,15079.435,false
SA_WaitingTime_Dominance_PC90,200,5.518000,0.083395726,15084.492,false
SA_WaitingTime_Dominance_PC90,200,5.558000,0.083344389,15084.492,false
SA_WaitingTime_Dominance_PC90,200,5.490000,0.083431136,15084.492,false
SA_WaitingTime_Dominance_PC90,200,5.480000,0.083502243,15074.398,false
SA_WaitingTime_Dominance_PC90,200,5.450000,0.083559768,15088.413,false
SA_WaitingTime_Dominance_PC90,200,5.408000,0.083580821,15088.413,false
SA_WaitingTime_Dominance_PC90,200,5.340000,0.083638316,15064.039,false
SA_WaitingTime_Dominance_PC90,200,5.378000,0.083588879,15064.039,false
SA_WaitingTime_Dominance_PC90,200,5.270000,0.083770581,14995.399,false
SA_WaitingTime_Dominance_PC90,200,5.260000,0.083863436,15107.725,false
SA_WaitingTime_Dominance_PC90,200,4.838000,0.084323789,15099.169,false
SA_WaitingTime_Dominance_PC90,200,4.922000,0.084017222,14729.543,false
SA_WaitingTime_Dominance_PC90,200,4.924000,0.083883120,14729.543,false
SA_WaitingTime_Dominance_PC90,200,4.866000,0.084133321,15110.851,false
SA_WaitingTime_Dominance_PC90,200,4.666000,0.084737472,14992.673,false
SA_WaitingTime_Dominance_PC90,200,4.644000,0.085017035,14967.012,false
SA_WaitingTime_Dominance_PC90,200,4.634000,0.085130287,15104.918,false
SA_WaitingTime_Dominance_PC90,200,4.656000,0.084869776,15071.824,false
SA_WaitingTime_Dominance_PC90,201,7.284000,0.079609338,15025.851,false
SA_WaitingTime_Dominance_PC90,201,7.316000,0.079384259,15114.027,false
SA_WaitingTime_Dominance_PC90,201,7.324000,0.079365969,15091.969,false
SA_WaitingTime_Dominance_PC90,201,6.758000,0.083388155,14535.199,false
SA_WaitingTime_Dominance_PC90,201,6.650000,0.083497380,14177.446,false
SA_WaitingTime_Dominance_PC90,201,6.640000,0.083497380,14199.818,false
SA_WaitingTime_Dominance_PC90,201,6.628000,0.083501030,14384.838,false
SA_WaitingTime_Dominance_PC90,201,6.694000,0.083462917,14384.838,false
SA_WaitingTime_Dominance_PC90,201,6.618000,0.083559307,14285.129,false
SA_WaitingTime_Dominance_PC90,201,6.850000,0.083236311,14513.774,false
SA_WaitingTime_Dominance_PC90,201,4.734000,0.083948425,15024.621,false
SA_WaitingTime_Dominance_PC90,201,4.928000,0.083745961,14782.261,false
SA_WaitingTime_Dominance_PC90,201,4.958000,0.083738629,14782.261,false
SA_WaitingTime_Dominance_PC90,201,5.012000,0.083721627,14782.261,false
SA_WaitingTime_Dominance_PC90,201,4.920000,0.083824916,14782.261,false
SA_WaitingTime_Dominance_PC90,201,4.704000,0.084049265,15095.682,false
SA_WaitingTime_Dominance_PC90,201,4.600000,0.084088463,15088.634,false
SA_WaitingTime_Dominance_PC90,201,4.574000,0.084229954,14899.442,false
SA_WaitingTime_Dominance_PC90,201,4.570000,0.084485247,14980.390,false
SA_WaitingTime_Dominance_PC90,202,8.488000,0.080937294,14974.658,false
SA_WaitingTime_Dominance_PC90,202,8.586000,0.080864212,15075.370,false
SA_WaitingTime_Dominance_PC90,202,8.594000,0.080832334,15075.370,false
SA_WaitingTime_Dominance_PC90,202,4.818000,0.082975502,14940.077,false
SA_WaitingTime_Dominance_PC90,202,4.806000,0.083095430,14940.077,false
SA_WaitingTime_Dominance_PC90,202,4.774000,0.083207844,14837.741,false
SA_WaitingTime_Dominance_PC90,202,4.788000,0.083139632,14908.396,false
SA_WaitingTime_Dominance_PC90,202,4.732000,0.083211150,14777.451,false
SA_WaitingTime_Dominance_PC90,202,4.716000,0.083524141,14975.720,false
SA_WaitingTime_Dominance_PC90,202,4.728000,0.083469619,14975.720,false
SA_WaitingTime_Dominance_PC90,202,4.682000,0.083556913,14975.720,false
SA_WaitingTime_Dominance_PC90,203,7.312000,0.079345583,15098.709,false
SA_WaitingTime_Dominance_PC90,203,6.940000,0.082428816,14766.594,false
SA_WaitingTime_Dominance_PC90,203,6.922000,0.082486493,14766.594,false
SA_WaitingTime_Dominance_PC90,203,6.974000,0.082335943,14766.594,false
SA_WaitingTime_Dominance_PC90,203,6.866000,0.082554327,14766.594,false
SA_WaitingTime_Dominance_PC90,203,6.884000,0.082533274,14977.694,false
SA_WaitingTime_Dominance_PC90,203,6.860000,0.082554327,14977.694,false
SA_WaitingTime_Dominance_PC90,203,6.824000,0.082592794,14977.694,false
SA_WaitingTime_Dominance_PC90,203,6.630000,0.082959637,14861.614,false
SA_WaitingTime_Dominance_PC90,203,6.640000,0.082666540,14861.614,false
SA_WaitingTime_Dominance_PC90,203,6.218000,0.083385295,15005.501,false
SA_WaitingTime_Dominance_PC90,203,4.872000,0.083888728,15006.272,false
SA_WaitingTime_Dominance_PC90,203,4.786000,0.084086821,14846.615,false
SA_WaitingTime_Dominance_PC90,203,4.776000,0.084182820,14846.615,false
SA_WaitingTime_Dominance_PC90,203,4.814000,0.083947065,14895.712,false
SA_WaitingTime_Dominance_PC90,203,5.162000,0.083471921,14967.149,false
SA_WaitingTime_Dominance_PC90,203,5.118000,0.083726199,14852.301,false
SA_WaitingTime_Dominance_PC90,203,5.128000,0.083536254,14852.301,false
SA_WaitingTime_Dominance_PC90,204,7.302000,0.079365969,14981.581,false
SA_WaitingTime_Dominance_PC90,204,7.314000,0.079315994,15077.109,false
SA_WaitingTime_Dominance_PC90,204,5.122000,0.083589166,14841.872,false
SA_WaitingTime_Dominance_PC90,204,5.040000,0.083621101,14523.741,false
SA_WaitingTime_Dominance_PC90,204,4.968000,0.083748661,15080.650,false
SA_WaitingTime_Dominance_PC90,204,4.962000,0.083869685,15090.743,false
SA_WaitingTime_Dominance_PC90,204,4.944000,0.083921414,15101.020,false
SA_WaitingTime_Dominance_PC90,204,4.698000,0.084106733,15047.000,false
SA_WaitingTime_Dominance_PC90,204,4.664000,0.084123513,15047.000,false
SA_WaitingTime_Dominance_PC90,204,4.728000,0.084057867,15035.944,false
SA_WaitingTime_Dominance_PC90,204,4.796000,0.083954645,15045.362,false
SA_WaitingTime_Dominance_PC90,204,4.766000,0.084033726,14993.806,false
SA_WaitingTime_Dominance_PC90,204,4.608000,0.084495730,14971.038,false
SA_WaitingTime_Dominance_PC90,204,4.580000,0.084556449,15091.757,false
SA_WaitingTime_Dominance_PC90,205,7.300000,0.079365969,15091.969,false
SA_WaitingTime_Dominance_PC90,205,6.974000,0.083406297,14533.896,false
SA_WaitingTime_Dominance_PC90,205,4.948000,0.083666660,14918.525,false
SA_WaitingTime_Dominance_PC90,205,4.814000,0.083734010,15046.960,false
SA_WaitingTime_Dominance_PC90,205,4.834000,0.083682110,15046.960,false
SA_WaitingTime_Dominance_PC90,205,4.810000,0.083792415,15106.858,false
SA_WaitingTime_Dominance_PC90,205,5.086000,0.083451007,14732.938,false
SA_WaitingTime_Dominance_PC90,205,5.190000,0.083448748,14718.266,false
SA_WaitingTime_Dominance_PC90,205,5.084000,0.083646405,14848.381,false
SA_WaitingTime_Dominance_PC90,205,4.658000,0.083882508,14948.463,false
SA_WaitingTime_Dominance_PC90,205,4.684000,0.083812576,14948.463,false
SA_WaitingTime_Dominance_PC90,206,7.312000,0.079300240,15084.972,false
SA_WaitingTime_Dominance_PC90,206,4.746000,0.083766085,14899.612,false
SA_WaitingTime_Dominance_PC90,206,4.714000,0.083963487,14857.632,false
SA_WaitingTime_Dominance_PC90,206,4.762000,0.083717810,15038.559,false
SA_WaitingTime_Dominance_PC90,206,4.724000,0.083908530,15046.422,false
SA_WaitingTime_Dominance_PC90,206,4.808000,0.083450394,15026.035,false
SA_WaitingTime_Dominance_PC90,207,7.314000,0.079332069,15044.337,false
SA_WaitingTime_Dominance_PC90,207,5.238000,0.083158230,15083.694,false
SA_WaitingTime_Dominance_PC90,207,5.270000,0.083137177,15083.694,false
SA_WaitingTime_Dominance_PC90,207,5.172000,0.083185119,15109.692,false
SA_WaitingTime_Dominance_PC90,207,4.998000,0.083349857,15030.383,false
SA_WaitingTime_Dominance_PC90,207,5.016000,0.083212416,15030.383,false
SA_WaitingTime_Dominance_PC90,207,4.792000,0.083533592,14961.290,false
SA_WaitingTime_Dominance_PC90,207,4.788000,0.083589752,15071.402,false
SA_WaitingTime_Dominance_PC90,207,4.802000,0.083430566,15071.402,false
SA_WaitingTime_Dominance_PC90,207,4.782000,0.083696329,15029.167,false
SA_WaitingTime_Dominance_PC90,207,4.758000,0.083743638,14997.874,false
SA_WaitingTime_Dominance_PC90,207,4.746000,0.084062041,14999.945,false
SA_WaitingTime_Dominance_PC90,207,4.742000,0.084325718,15038.314,false
SA_WaitingTime_Dominance_PC90,207,4.736000,0.084585513,15077.490,false
SA_WaitingTime_Dominance_PC90,207,6.290000,0.083131170,15002.945,false
SA_WaitingTime_Dominance_PC90,207,6.312000,0.083071347,15081.599,false
SA_WaitingTime_Dominance_PC90,207,6.462000,0.083034995,14932.786,false
SA_WaitingTime_Dominance_PC90,208,7.294000,0.079365969,15091.969,false
SA_WaitingTime_Dominance_PC90,208,7.314000,0.079315994,15077.109,false
SA_WaitingTime_Dominance_PC90,208,5.436000,0.083538207,14470.194,false
SA_WaitingTime_Dominance_PC90,208,5.470000,0.083509749,14524.948,false
SA_WaitingTime_Dominance_PC90,208,5.246000,0.083701559,15006.987,false
SA_WaitingTime_Dominance_PC90,208,4.942000,0.083846651,14854.982,false
SA_WaitingTime_Dominance_PC90,208,4.904000,0.083957534,14854.296,false
SA_WaitingTime_Dominance_PC90,208,4.774000,0.083978086,14694.584,false
SA_WaitingTime_Dominance_PC90,208,4.668000,0.084216814,14969.953,false
SA_WaitingTime_Dominance_PC90,208,4.670000,0.084120815,14969.953,false
SA_WaitingTime_Dominance_PC90,208,4.672000,0.084025487,14952.115,false
SA_WaitingTime_Dominance_PC90,208,4.708000,0.084021519,14991.213,false
SA_WaitingTime_Dominance_PC90,208,4.638000,0.084440357,15002.437,false
SA_WaitingTime_Dominance_PC90,208,4.632000,0.084533212,15081.090,false
SA_WaitingTime_Dominance_PC90,209,7.314000,0.079303487,15048.185,false
SA_WaitingTime_Dominance_PC90,209,7.304000,0.079455899,15095.655,false
SA_WaitingTime_Dominance_PC90,209,5.092000,0.083706538,14926.926,false
SA_WaitingTime_Dominance_PC90,209,4.854000,0.083743308,14967.971,false
SA_WaitingTime_Dominance_PC90,209,4.828000,0.083828823,14967.971,false
SA_WaitingTime_Dominance_PC90,209,4.694000,0.083942631,14732.590,false
SA_WaitingTime_Dominance_PC90,209,4.700000,0.083881713,14565.760,false
SA_WaitingTime_Dominance_PC90,209,4.654000,0.084086110,14519.005,false
SA_WaitingTime_Dominance_PC90,209,4.652000,0.084162115,14770.976,false
SA_WaitingTime_Dominance_PC90,209,4.616000,0.084341058,14885.485,false
SA_WaitingTime_Dominance_PC90,209,4.606000,0.084475856,14885.485,false
SA_WaitingTime_Dominance_PC90,209,4.574000,0.084625349,15037.208,false
SA_WaitingTime_Dominance_PC90,209,4.564000,0.085103954,14937.927,false
SA_WaitingTime_Dominance_PC90,209,4.568000,0.085023955,14937.927,false
SA_Energy_Dominance_PC90,200,9.482000,0.079169232,14051.468,false
SA_Energy_Dominance_PC90,200,9.570000,0.079049913,13985.625,false
SA_Energy_Dominance_PC90,200,9.508000,0.079127126,14051.468,false
SA_Energy_Dominance_PC90,200,9.530000,0.079066777,14236.488,false
SA_Energy_Dominance_PC90,200,9.452000,0.079252889,13987.813,false
SA_Energy_Dominance_PC90,200,9.432000,0.079273942,14051.468,false
SA_Energy_Dominance_PC90,200,9.380000,0.079348607,13945.730,false
SA_Energy_Dominance_PC90,200,9.362000,0.079554778,13945.730,false
SA_Energy_Dominance_PC90,200,9.340000,0.079653350,13990.000,false
SA_Energy_Dominance_PC90,200,9.358000,0.079569191,13979.705,false
SA_Energy_Dominance_PC90,200,9.328000,0.079664838,14017.817,false
SA_Energy_Dominance_PC90,200,9.288000,0.079685891,14122.422,false
SA_Energy_Dominance_PC90,200,9.144000,0.079917175,15087.752,false
SA_Energy_Dominance_PC90,200,9.082000,0.080115401,15087.752,false
SA_Energy_Dominance_PC90,200,9.076000,0.080208802,15087.752,false
SA_Energy_Dominance_PC90,200,9.132000,0.080099765,14962.143,false
SA_Energy_Dominance_PC90,200,12.178000,0.079004205,14986.965,false
SA_Energy_Dominance_PC90,200,12.360000,0.078979802,14986.965,false
SA_Energy_Dominance_PC90,200,12.528000,0.078923073,14986.965,false
SA_Energy_Dominance_PC90,200,12.592000,0.078912687,14994.871,false
SA_Energy_Dominance_PC90,200,13.314000,0.078807980,14595.889,false
SA_Energy_Dominance_PC90,200,13.362000,0.078767504,14807.332,false
SA_Energy_Dominance_PC90,200,13.374000,0.078606840,14625.450,false
SA_Energy_Dominance_PC90,200,13.070000,0.078856792,14612.861,false
SA_Energy_Dominance_PC90,200,13.416000,0.078296202,14641.478,false
SA_Energy_Dominance_PC90,200,13.478000,0.078169168,14716.581,false
SA_Energy_Dominance_PC90,200,13.542000,0.078143485,14708.193,false
SA_Energy_Dominance_PC90,200,13.386000,0.078502382,14486.317,false
SA_Energy_Dominance_PC90,200,13.702000,0.078111511,14486.317,false
SA_Energy_Dominance_PC90,200,13.916000,0.078083802,14639.985,false
SA_Energy_Dominance_PC90,200,13.982000,0.078025839,14639.985,false
SA_Energy_Dominance_PC90,200,14.032000,0.078019626,14431.065,false
SA_Energy_Dominance_PC90,200,14.118000,0.078004840,14431.065,false
SA_Energy_Dominance_PC90,200,14.374000,0.077755648,14769.199,false
SA_Energy_Dominance_PC90,200,14.238000,0.077800008,14750.717,false
SA_Energy_Dominance_PC90,200,14.578000,0.077691554,14831.728,false
SA_Energy_Dominance_PC90,200,14.480000,0.077739803,15099.270,false
SA_Energy_Dominance_PC90,200,14.718000,0.077686069,15096.299,false
SA_Energy_Dominance_PC90,200,14.826000,0.077683882,15096.299,false
SA_Energy_Dominance_PC90,200,14.918000,0.077335320,14419.971,false
SA_Energy_Dominance_PC90,200,15.234000,0.077289149,14419.971,false
SA_Energy_Dominance_PC90,200,15.276000,0.077197574,14341.317,false
SA_Energy_Dominance_PC90,200,15.286000,0.076923744,14480.156,false
SA_Energy_Dominance_PC90,200,15.304000,0.076881639,14454.076,false
SA_Energy_Dominance_PC90,200,15.456000,0.076848364,14454.076,false
SA_Energy_Dominance_PC90,200,15.524000,0.076785680,14249.926,false
SA_Energy_Dominance_PC90,200,15.548000,0.076563722,14126.779,false
SA_Energy_Dominance_PC90,200,15.608000,0.076490995,13915.679,false
SA_Energy_Dominance_PC90,200,15.884000,0.073854546,12902.974,false
SA_Energy_Dominance_PC90,200,15.672000,0.074335211,13137.091,false
SA_Energy_Dominance_PC90,200,15.972000,0.073822017,13136.829,false
SA_Energy_Dominance_PC90,200,15.718000,0.073866119,13136.829,false
SA_Energy_Dominance_PC90,200,15.988000,0.070639473,11916.510,false
SA_Energy_Dominance_PC90,200,16.064000,0.070518436,11574.010,false
SA_Energy_Dominance_PC90,200,16.164000,0.070501512,11563.743,false
SA_Energy_Dominance_PC90,200,16.380000,0.070480766,11524.813,false
SA_Energy_Dominance_PC90,200,16.482000,0.070464223,11793.351,false
SA_Energy_Dominance_PC90,201,9.468000,0.079127126,13950.755,false
SA_Energy_Dominance_PC90,201,9.454000,0.079307336,13884.638,false
SA_Energy_Dominance_PC90,201,9.562000,0.079077968,13972.814,false
SA_Energy_Dominance_PC90,201,9.418000,0.080026022,14007.885,false
SA_Energy_Dominance_PC90,201,9.386000,0.080473923,14221.177,false
SA_Energy_Dominance_PC90,201,9.416000,0.080254339,14022.322,false
SA_Energy_Dominance_PC90,201,9.390000,0.080453087,14072.530,false
SA_Energy_Dominance_PC90,201,9.336000,0.080679310,14562.923,false
SA_Energy_Dominance_PC90,201,9.084000,0.080868045,14561.215,false
SA_Energy_Dominance_PC90,201,9.178000,0.080719456,14353.929,false
SA_Energy_Dominance_PC90,201,9.112000,0.080752311,14665.722,false
SA_Energy_Dominance_PC90,201,13.816000,0.078685251,14916.122,false
SA_Energy_Dominance_PC90,201,13.938000,0.078649314,15027.514,false
SA_Energy_Dominance_PC90,201,13.918000,0.078674548,15108.262,false
SA_Energy_Dominance_PC90,201,14.078000,0.078633826,14882.033,false
SA_Energy_Dominance_PC90,201,14.130000,0.078594484,14825.871,false
SA_Energy_Dominance_PC90,201,14.210000,0.078141273,14468.580,false
SA_Energy_Dominance_PC90,201,14.166000,0.078230625,14468.580,false
SA_Energy_Dominance_PC90,201,14.312000,0.078121468,14635.410,false
SA_Energy_Dominance_PC90,201,14.378000,0.078109660,14897.913,false
SA_Energy_Dominance_PC90,201,14.458000,0.077838223,14863.089,false
SA_Energy_Dominance_PC90,201,14.508000,0.077065157,13968.719,false
SA_Energy_Dominance_PC90,201,14.464000,0.077207832,13968.719,false
SA_Energy_Dominance_PC90,201,14.570000,0.077002405,13999.725,false
SA_Energy_Dominance_PC90,201,14.754000,0.076722544,14154.150,false
SA_Energy_Dominance_PC90,201,14.778000,0.076652132,14154.150,false
SA_Energy_Dominance_PC90,201,14.862000,0.076561921,14335.438,false
SA_Energy_Dominance_PC90,201,15.072000,0.076350451,14745.329,false
SA_Energy_Dominance_PC90,201,15.216000,0.076296904,14745.329,false
SA_Energy_Dominance_PC90,201,15.412000,0.076266809,14767.387,false
SA_Energy_Dominance_PC90,201,15.540000,0.076234100,14787.394,false
SA_Energy_Dominance_PC90,201,15.668000,0.076202381,14843.597,false
SA_Energy_Dominance_PC90,201,15.784000,0.076145881,14696.083,false
SA_Energy_Dominance_PC90,201,16.114000,0.075722376,14585.465,false
SA_Energy_Dominance_PC90,201,15.892000,0.075856970,14585.465,false
SA_Energy_Dominance_PC90,201,16.198000,0.075342608,14806.337,false
SA_Energy_Dominance_PC90,201,16.450000,0.075288231,14897.322,false
SA_Energy_Dominance_PC90,201,16.528000,0.070069775,11469.205,false
SA_Energy_Dominance_PC90,201,16.562000,0.069901202,11342.210,false
SA_Energy_Dominance_PC90,201,16.686000,0.069890675,11421.573,false
SA_Energy_Dominance_PC90,202,9.508000,0.079127126,14078.193,false
SA_Energy_Dominance_PC90,202,9.562000,0.079085021,14051.468,false
SA_Energy_Dominance_PC90,202,9.556000,0.079097527,14051.468,false
SA_Energy_Dominance_PC90,202,9.492000,0.079211337,14236.488,false
SA_Energy_Dominance_PC90,202,9.498000,0.079155174,14078.193,false
SA_Energy_Dominance_PC90,202,9.524000,0.079106073,14236.488,false
SA_Energy_Dominance_PC90,202,9.446000,0.079515244,13993.707,false
SA_Energy_Dominance_PC90,202,9.482000,0.079514544,14123.775,false
SA_Energy_Dominance_PC90,202,9.354000,0.079685056,14284.786,false
SA_Energy_Dominance_PC90,202,9.440000,0.079684207,14330.035,false
SA_Energy_Dominance_PC90,202,9.344000,0.079917035,14738.677,false
SA_Energy_Dominance_PC90,202,9.224000,0.080188643,14689.580,false
SA_Energy_Dominance_PC90,202,9.302000,0.080188643,14689.580,false
SA_Energy_Dominance_PC90,202,9.304000,0.080160265,14689.580,false
SA_Energy_Dominance_PC90,202,9.072000,0.080192557,14825.418,false
SA_Energy_Dominance_PC90,202,12.958000,0.078517891,14906.836,false
SA_Energy_Dominance_PC90,202,13.070000,0.078296537,14868.111,false
SA_Energy_Dominance_PC90,202,13.098000,0.078273348,14633.994,false
SA_Energy_Dominance_PC90,202,13.164000,0.077964533,14572.703,false
SA_Energy_Dominance_PC90,202,13.738000,0.077952609,14240.512,false
SA_Energy_Dominance_PC90,202,13.890000,0.077875453,14240.512,false
SA_Energy_Dominance_PC90,202,13.976000,0.077804963,14240.512,false
SA_Energy_Dominance_PC90,202,14.066000,0.077776578,14240.512,false
SA_Energy_Dominance_PC90,202,14.224000,0.077749382,14240.512,false
SA_Energy_Dominance_PC90,202,14.410000,0.077737185,14240.512,false
SA_Energy_Dominance_PC90,202,14.462000,0.077704304,14240.512,false
SA_Energy_Dominance_PC90,202,14.674000,0.077702948,14427.877,false
SA_Energy_Dominance_PC90,202,15.008000,0.077532761,14616.720,false
SA_Energy_Dominance_PC90,202,15.062000,0.077392999,14640.620,false
SA_Energy_Dominance_PC90,202,14.798000,0.077563568,14640.620,false
SA_Energy_Dominance_PC90,202,15.132000,0.077326285,14630.451,false
SA_Energy_Dominance_PC90,202,15.218000,0.077323583,14947.043,false
SA_Energy_Dominance_PC90,202,15.296000,0.077200807,14712.930,false
SA_Energy_Dominance_PC90,202,15.410000,0.077161381,14501.185,false
SA_Energy_Dominance_PC90,202,15.676000,0.077156189,14501.185,false
SA_Energy_Dominance_PC90,202,15.796000,0.077011212,14404.180,false
SA_Energy_Dominance_PC90,202,15.872000,0.076969106,14404.180,false
SA_Energy_Dominance_PC90,202,15.738000,0.077078506,14424.284,false
SA_Energy_Dominance_PC90,202,15.982000,0.069793228,10686.181,true
SA_Energy_Dominance_PC90,202,15.896000,0.070829323,10676.790,false
SA_Energy_Dominance_PC90,202,16.090000,0.069776684,10715.776,true
SA_Energy_Dominance_PC90,203,9.558000,0.079085021,14051.468,false
SA_Energy_Dominance_PC90,203,9.548000,0.079106073,14051.468,false
SA_Energy_Dominance_PC90,203,9.482000,0.079316601,14051.468,false
SA_Energy_Dominance_PC90,203,9.514000,0.079127126,14024.743,false
SA_Energy_Dominance_PC90,203,9.494000,0.079169232,14007.198,false
SA_Energy_Dominance_PC90,203,9.450000,0.079364288,14003.654,false
SA_Energy_Dominance_PC90,203,9.432000,0.079440148,14197.216,false
SA_Energy_Dominance_PC90,203,9.424000,0.079676681,14102.008,false
SA_Energy_Dominance_PC90,203,9.428000,0.079667152,14071.302,false
SA_Energy_Dominance_PC90,203,9.356000,0.079957166,14018.973,false
SA_Energy_Dominance_PC90,203,9.394000,0.079930250,14018.973,false
SA_Energy_Dominance_PC90,203,9.298000,0.080465013,14212.880,false
SA_Energy_Dominance_PC90,203,15.172000,0.079075159,14855.478,false
SA_Energy_Dominance_PC90,203,15.180000,0.079033886,14644.378,false
SA_Energy_Dominance_PC90,203,15.194000,0.079017106,14926.106,false
SA_Energy_Dominance_PC90,203,15.250000,0.078959107,14989.015,false
SA_Energy_Dominance_PC90,203,15.376000,0.078700907,14764.703,false
SA_Energy_Dominance_PC90,203,15.448000,0.078686204,14764.703,false
SA_Energy_Dominance_PC90,203,15.264000,0.078732053,14764.703,false
SA_Energy_Dominance_PC90,203,15.760000,0.078611906,15082.381,false
SA_Energy_Dominance_PC90,203,15.766000,0.078580941,15013.559,false
SA_Energy_Dominance_PC90,203,15.642000,0.078652524,15013.559,false
SA_Energy_Dominance_PC90,203,15.796000,0.078494754,15013.559,false
SA_Energy_Dominance_PC90,203,16.030000,0.078361272,14865.917,false
SA_Energy_Dominance_PC90,203,16.500000,0.078108618,15068.767,false
SA_Energy_Dominance_PC90,203,16.516000,0.078084006,15053.139,false
SA_Energy_Dominance_PC90,203,16.256000,0.078205436,14842.039,false
SA_Energy_Dominance_PC90,203,16.434000,0.078140194,14841.036,false
SA_Energy_Dominance_PC90,203,16.610000,0.078080293,14734.883,false
SA_Energy_Dominance_PC90,203,16.692000,0.078055396,14936.081,false
SA_Energy_Dominance_PC90,203,16.708000,0.077878462,14639.881,false
SA_Energy_Dominance_PC90,203,16.840000,0.077831851,14954.623,false
SA_Energy_Dominance_PC90,203,16.854000,0.077745062,14926.875,false
SA_Energy_Dominance_PC90,203,16.884000,0.077706291,14926.875,false
SA_Energy_Dominance_PC90,203,16.988000,0.075793392,13662.371,false
SA_Energy_Dominance_PC90,203,17.094000,0.075783849,13709.221,false
SA_Energy_Dominance_PC90,203,17.470000,0.075601989,13345.259,false
SA_Energy_Dominance_PC90,203,17.150000,0.075606663,13076.889,false
SA_Energy_Dominance_PC90,203,17.126000,0.075668345,13157.376,false
SA_Energy_Dominance_PC90,203,17.826000,0.073779498,13127.023,false
SA_Energy_Dominance_PC90,203,17.810000,0.073880043,13127.023,false
SA_Energy_Dominance_PC90,203,17.648000,0.073962907,13127.023,false
SA_Energy_Dominance_PC90,203,17.970000,0.070190189,10443.134,false
SA_Energy_Dominance_PC90,203,18.076000,0.070169443,10631.259,false
SA_Energy_Dominance_PC90,203,17.948000,0.070308977,10746.832,false
SA_Energy_Dominance_PC90,204,9.588000,0.079042915,14051.468,false
SA_Energy_Dominance_PC90,204,9.546000,0.079092822,13979.675,false
SA_Energy_Dominance_PC90,204,9.460000,0.079127126,14064.057,false
SA_Energy_Dominance_PC90,204,9.454000,0.079211337,14262.568,false
SA_Energy_Dominance_PC90,204,9.554000,0.079064644,13985.625,false
SA_Energy_Dominance_PC90,204,9.416000,0.080115710,14023.753,false
SA_Energy_Dominance_PC90,204,9.376000,0.080268296,14294.650,false
SA_Energy_Dominance_PC90,204,9.978000,0.079013950,14184.797,false
SA_Energy_Dominance_PC90,204,10.000000,0.078995026,14258.969,false
SA_Energy_Dominance_PC90,204,10.408000,0.078984568,14420.796,false
SA_Energy_Dominance_PC90,204,10.464000,0.078963026,14193.043,false
SA_Energy_Dominance_PC90,204,13.346000,0.078279070,14900.210,false
SA_Energy_Dominance_PC90,204,12.592000,0.078774910,15091.441,false
SA_Energy_Dominance_PC90,204,12.546000,0.078887101,15091.441,false
SA_Energy_Dominance_PC90,204,12.642000,0.078727963,14906.420,false
SA_Energy_Dominance_PC90,204,12.702000,0.078531728,14922.612,false
SA_Energy_Dominance_PC90,204,12.766000,0.078526323,14912.884,false
SA_Energy_Dominance_PC90,204,12.868000,0.078339551,14912.884,false
SA_Energy_Dominance_PC90,204,12.924000,0.078309234,14900.295,false
SA_Energy_Dominance_PC90,204,12.980000,0.078289264,15085.315,false
SA_Energy_Dominance_PC90,204,13.398000,0.078213871,15028.873,false
SA_Energy_Dominance_PC90,204,13.550000,0.077918493,14814.140,false
SA_Energy_Dominance_PC90,204,13.526000,0.077960599,14822.781,false
SA_Energy_Dominance_PC90,204,13.602000,0.077894492,14733.934,false
SA_Energy_Dominance_PC90,204,13.640000,0.077792163,14801.660,false
SA_Energy_Dominance_PC90,204,13.680000,0.077738581,14801.660,false
SA_Energy_Dominance_PC90,204,13.734000,0.077690936,14920.464,false
SA_Energy_Dominance_PC90,204,14.000000,0.077627166,15065.087,false
SA_Energy_Dominance_PC90,204,13.868000,0.077675567,14975.509,false
SA_Energy_Dominance_PC90,204,13.990000,0.077663709,14920.463,false
SA_Energy_Dominance_PC90,204,14.164000,0.077453470,14660.347,false
SA_Energy_Dominance_PC90,204,14.420000,0.077429237,14845.368,false
SA_Energy_Dominance_PC90,204,14.514000,0.077384873,14845.368,false
SA_Energy_Dominance_PC90,204,14.702000,0.077201346,14635.150,false
SA_Energy_Dominance_PC90,204,14.616000,0.077240142,14635.150,false
SA_Energy_Dominance_PC90,204,14.910000,0.077195120,14681.097,false
SA_Energy_Dominance_PC90,204,14.988000,0.077169392,14866.117,false
SA_Energy_Dominance_PC90,204,15.302000,0.077142622,14719.458,false
SA_Energy_Dominance_PC90,204,15.786000,0.077128471,14771.073,false
SA_Energy_Dominance_PC90,204,15.952000,0.076954657,14992.713,false
SA_Energy_Dominance_PC90,204,15.794000,0.076955284,14992.713,false
SA_Energy_Dominance_PC90,204,16.226000,0.076947956,14919.350,false
SA_Energy_Dominance_PC90,204,16.640000,0.076799855,14895.450,false
SA_Energy_Dominance_PC90,204,16.642000,0.076741953,14631.162,false
SA_Energy_Dominance_PC90,204,16.796000,0.076704399,14563.566,false
SA_Energy_Dominance_PC90,204,17.060000,0.076554130,14563.566,false
SA_Energy_Dominance_PC90,204,17.118000,0.076512025,14563.566,false
SA_Energy_Dominance_PC90,204,17.212000,0.076475021,14566.907,false
SA_Energy_Dominance_PC90,204,17.564000,0.076375671,14974.816,false
SA_Energy_Dominance_PC90,204,17.510000,0.076430354,14818.006,false
SA_Energy_Dominance_PC90,204,18.052000,0.075744522,14372.293,false
SA_Energy_Dominance_PC90,204,18.414000,0.075729736,14246.308,false
SA_Energy_Dominance_PC90,204,17.648000,0.076160470,14237.519,false
SA_Energy_Dominance_PC90,204,18.958000,0.075269122,14231.038,false
SA_Energy_Dominance_PC90,204,18.678000,0.075313274,14614.166,false
SA_Energy_Dominance_PC90,204,19.074000,0.068295258,11095.795,true
SA_Energy_Dominance_PC90,204,19.252000,0.068155671,11095.795,true
SA_Energy_Dominance_PC90,204,19.374000,0.068114112,10928.965,true
SA_Energy_Dominance_PC90,204,19.524000,0.068114112,11090.364,false
SA_Energy_Dominance_PC90,204,20.078000,0.068081062,10079.830,true
SA_Energy_Dominance_PC90,204,20.198000,0.068061397,10738.386,true
SA_Energy_Dominance_PC90,205,9.474000,0.079127126,14152.180,false
SA_Energy_Dominance_PC90,205,9.566000,0.079064644,13985.625,false
SA_Energy_Dominance_PC90,205,9.470000,0.079331781,14092.482,false
SA_Energy_Dominance_PC90,205,9.416000,0.079488983,14233.720,false
SA_Energy_Dominance_PC90,205,9.384000,0.079545208,14209.036,false
SA_Energy_Dominance_PC90,205,9.252000,0.079843667,14754.019,false
SA_Energy_Dominance_PC90,205,9.280000,0.079805016,14896.547,false
SA_Energy_Dominance_PC90,205,9.204000,0.080123457,14956.486,false
SA_Energy_Dominance_PC90,205,9.120000,0.080680232,14867.942,false
SA_Energy_Dominance_PC90,205,9.092000,0.080703796,14999.258,false
SA_Energy_Dominance_PC90,205,8.784000,0.081536274,15018.042,false
SA_Energy_Dominance_PC90,205,9.424000,0.079448267,14103.583,false
SA_Energy_Dominance_PC90,205,9.398000,0.079497446,14105.036,false
SA_Energy_Dominance_PC90,205,9.374000,0.079744879,14295.857,false
SA_Energy_Dominance_PC90,205,9.148000,0.080146135,14634.652,false
SA_Energy_Dominance_PC90,205,9.142000,0.080178079,14779.148,false
SA_Energy_Dominance_PC90,205,9.126000,0.080435093,14927.818,false
SA_Energy_Dominance_PC90,205,9.060000,0.080786367,14293.707,false
SA_Energy_Dominance_PC90,205,9.124000,0.080655363,14295.454,false
SA_Energy_Dominance_PC90,205,12.256000,0.079046095,14314.328,false
SA_Energy_Dominance_PC90,205,12.338000,0.079024709,14302.707,false
SA_Energy_Dominance_PC90,205,12.298000,0.079042162,14236.098,false
SA_Energy_Dominance_PC90,205,12.470000,0.078903091,14068.274,false
SA_Energy_Dominance_PC90,205,12.526000,0.078824136,13967.562,false
SA_Energy_Dominance_PC90,205,12.552000,0.078777355,14218.822,false
SA_Energy_Dominance_PC90,205,12.720000,0.078506436,14942.703,false
SA_Energy_Dominance_PC90,205,12.620000,0.078554037,14942.703,false
SA_Energy_Dominance_PC90,205,12.764000,0.078282929,14734.335,false
SA_Energy_Dominance_PC90,205,12.892000,0.078248338,14950.262,false
SA_Energy_Dominance_PC90,205,12.848000,0.078278537,14950.262,false
SA_Energy_Dominance_PC90,205,12.968000,0.078215503,14834.690,false
SA_Energy_Dominance_PC90,205,13.082000,0.078198083,14840.294,false
SA_Energy_Dominance_PC90,205,13.200000,0.078160057,14840.294,false
SA_Energy_Dominance_PC90,205,13.138000,0.078166201,14856.224,false
SA_Energy_Dominance_PC90,205,13.218000,0.078102710,14762.252,false
SA_Energy_Dominance_PC90,205,13.268000,0.078087532,14762.252,false
SA_Energy_Dominance_PC90,205,13.500000,0.078069047,14749.924,false
SA_Energy_Dominance_PC90,205,13.568000,0.077909723,15075.296,false
SA_Energy_Dominance_PC90,205,13.516000,0.077973569,14863.551,false
SA_Energy_Dominance_PC90,205,13.614000,0.077867165,14863.551,false
SA_Energy_Dominance_PC90,205,13.616000,0.077798613,14994.329,false
SA_Energy_Dominance_PC90,205,13.896000,0.077265340,15005.142,false
SA_Energy_Dominance_PC90,205,13.624000,0.077408812,14926.488,false
SA_Energy_Dominance_PC90,205,13.948000,0.077244287,15027.200,false
SA_Energy_Dominance_PC90,205,14.006000,0.077051440,14776.360,false
SA_Energy_Dominance_PC90,205,14.040000,0.076717367,14859.689,false
SA_Energy_Dominance_PC90,205,14.292000,0.076455546,14807.786,false
SA_Energy_Dominance_PC90,205,14.256000,0.076509669,14786.438,false
SA_Energy_Dominance_PC90,205,14.370000,0.076414748,14964.303,false
SA_Energy_Dominance_PC90,205,14.532000,0.076162884,14063.913,false
SA_Energy_Dominance_PC90,205,14.556000,0.076006354,14265.573,false
SA_Energy_Dominance_PC90,205,14.670000,0.075957438,14150.001,false
SA_Energy_Dominance_PC90,205,14.858000,0.074494118,13105.153,false
SA_Energy_Dominance_PC90,205,14.688000,0.074669399,13105.153,false
SA_Energy_Dominance_PC90,205,15.078000,0.073133276,12711.006,false
SA_Energy_Dominance_PC90,205,15.168000,0.073087612,12958.390,false
SA_Energy_Dominance_PC90,205,15.340000,0.073071226,12838.741,false
SA_Energy_Dominance_PC90,205,15.030000,0.073218596,12838.741,false
SA_Energy_Dominance_PC90,205,14.896000,0.073573382,12838.741,false
SA_Energy_Dominance_PC90,205,15.370000,0.071152281,11239.268,false
SA_Energy_Dominance_PC90,205,15.484000,0.070906583,11430.171,false
SA_Energy_Dominance_PC90,205,16.204000,0.070836489,11981.598,false
SA_Energy_Dominance_PC90,205,15.614000,0.070836489,11644.751,false
SA_Energy_Dominance_PC90,206,9.552000,0.079087808,14047.710,false
SA_Energy_Dominance_PC90,206,9.558000,0.079073793,14051.468,false
SA_Energy_Dominance_PC90,206,9.498000,0.079127126,14054.808,false
SA_Energy_Dominance_PC90,206,9.432000,0.079273543,13960.268,false
SA_Energy_Dominance_PC90,206,9.320000,0.079525582,13962.929,false
SA_Energy_Dominance_PC90,206,9.282000,0.079691861,13920.008,false
SA_Energy_Dominance_PC90,206,9.156000,0.079739126,14154.125,false
SA_Energy_Dominance_PC90,206,9.174000,0.079706183,14147.760,false
SA_Energy_Dominance_PC90,206,8.914000,0.080026849,14263.974,false
SA_Energy_Dominance_PC90,206,8.918000,0.079972742,14263.974,false
SA_Energy_Dominance_PC90,206,8.946000,0.079894920,14047.966,false
SA_Energy_Dominance_PC90,206,8.984000,0.079872783,13856.872,false
SA_Energy_Dominance_PC90,206,9.016000,0.079851730,14037.816,false
SA_Energy_Dominance_PC90,206,9.020000,0.079831326,14184.148,false
SA_Energy_Dominance_PC90,206,15.498000,0.079033693,14653.773,false
SA_Energy_Dominance_PC90,206,15.858000,0.078975607,14673.780,false
SA_Energy_Dominance_PC90,206,15.918000,0.078959752,14673.780,false
SA_Energy_Dominance_PC90,206,15.854000,0.079010355,14673.780,false
SA_Energy_Dominance_PC90,206,15.852000,0.079031408,14906.894,false
SA_Energy_Dominance_PC90,206,17.066000,0.078683629,15071.486,false
SA_Energy_Dominance_PC90,206,16.866000,0.078690340,15071.486,false
SA_Energy_Dominance_PC90,206,15.944000,0.078938691,14914.449,false
SA_Energy_Dominance_PC90,206,15.960000,0.078892868,14914.449,false
SA_Energy_Dominance_PC90,206,16.010000,0.078843430,14914.449,false
SA_Energy_Dominance_PC90,206,16.300000,0.078843150,14914.449,false
SA_Energy_Dominance_PC90,206,16.440000,0.078836099,14914.449,false
SA_Energy_Dominance_PC90,206,16.476000,0.078807714,14914.449,false
SA_Energy_Dominance_PC90,206,16.496000,0.078765608,14720.536,false
SA_Energy_Dominance_PC90,206,16.582000,0.078735724,14863.903,false
SA_Energy_Dominance_PC90,206,16.700000,0.078727234,14695.033,false
SA_Energy_Dominance_PC90,206,16.802000,0.078719829,14695.033,false
SA_Energy_Dominance_PC90,206,17.140000,0.078497304,14547.079,false
SA_Energy_Dominance_PC90,206,17.394000,0.078453463,14547.079,false
SA_Energy_Dominance_PC90,206,17.344000,0.078471948,14547.079,false
SA_Energy_Dominance_PC90,206,17.716000,0.077620937,14300.389,false
SA_Energy_Dominance_PC90,206,17.960000,0.074125967,13366.489,false
SA_Energy_Dominance_PC90,206,17.766000,0.074254452,13226.463,false
SA_Energy_Dominance_PC90,206,18.062000,0.074064409,13226.463,false
SA_Energy_Dominance_PC90,206,18.324000,0.070067221,11657.796,false
SA_Energy_Dominance_PC90,206,18.102000,0.070402419,11717.069,false
SA_Energy_Dominance_PC90,206,18.148000,0.070156279,11738.535,false
SA_Energy_Dominance_PC90,206,18.420000,0.070067221,11568.883,false
SA_Energy_Dominance_PC90,207,9.482000,0.079127126,14051.468,false
SA_Energy_Dominance_PC90,207,9.556000,0.079105793,14051.468,false
SA_Energy_Dominance_PC90,207,9.438000,0.079159951,14077.931,false
SA_Energy_Dominance_PC90,207,9.402000,0.079269005,14052.479,false
SA_Energy_Dominance_PC90,207,9.284000,0.079283551,14570.515,false
SA_Energy_Dominance_PC90,207,9.264000,0.079346613,14660.257,false
SA_Energy_Dominance_PC90,207,9.208000,0.079581034,14760.969,false
SA_Energy_Dominance_PC90,207,9.260000,0.079525408,14300.028,false
SA_Energy_Dominance_PC90,207,9.210000,0.079555399,14291.387,false
SA_Energy_Dominance_PC90,207,9.152000,0.079633708,14316.510,false
SA_Energy_Dominance_PC90,207,9.154000,0.079591603,14289.785,false
SA_Energy_Dominance_PC90,207,9.148000,0.079778627,14303.746,false
SA_Energy_Dominance_PC90,207,9.122000,0.079952389,14070.915,false
SA_Energy_Dominance_PC90,207,9.568000,0.079103644,14039.189,false
SA_Energy_Dominance_PC90,207,9.014000,0.080278666,14496.062,false
SA_Energy_Dominance_PC90,207,9.010000,0.080306414,14496.324,false
SA_Energy_Dominance_PC90,207,9.004000,0.080315685,14506.738,false
SA_Energy_Dominance_PC90,207,8.948000,0.080580931,14714.498,false
SA_Energy_Dominance_PC90,207,17.318000,0.078977217,14954.384,false
SA_Energy_Dominance_PC90,207,17.374000,0.078936890,14818.460,false
SA_Energy_Dominance_PC90,207,17.122000,0.078992436,14818.460,false
SA_Energy_Dominance_PC90,207,17.646000,0.078272994,14464.076,false
SA_Energy_Dominance_PC90,207,17.680000,0.078232008,14401.591,false
SA_Energy_Dominance_PC90,207,17.740000,0.078030132,14555.522,false
SA_Energy_Dominance_PC90,207,17.730000,0.078093291,14544.399,false
SA_Energy_Dominance_PC90,207,17.810000,0.077978806,14641.760,false
SA_Energy_Dominance_PC90,207,17.822000,0.077667551,14589.376,false
SA_Energy_Dominance_PC90,207,17.990000,0.077626047,14541.302,false
SA_Energy_Dominance_PC90,207,17.600000,0.078557983,14541.302,false
SA_Energy_Dominance_PC90,207,18.212000,0.077621475,14405.667,false
SA_Energy_Dominance_PC90,207,18.674000,0.077602177,14405.667,false
SA_Energy_Dominance_PC90,207,18.896000,0.069853671,10600.192,false
SA_Energy_Dominance_PC90,207,18.940000,0.069723297,10691.680,false
SA_Energy_Dominance_PC90,207,19.052000,0.069702551,10642.773,false
SA_Energy_Dominance_PC90,208,9.504000,0.079172999,14078.193,false
SA_Energy_Dominance_PC90,208,9.558000,0.079106073,14051.468,false
SA_Energy_Dominance_PC90,208,9.568000,0.079077151,13998.805,false
SA_Energy_Dominance_PC90,208,9.518000,0.079127126,14051.468,false
SA_Energy_Dominance_PC90,208,9.588000,0.079067302,14051.468,false
SA_Energy_Dominance_PC90,208,9.464000,0.079343097,14140.969,false
SA_Energy_Dominance_PC90,208,9.440000,0.079385203,14140.969,false
SA_Energy_Dominance_PC90,208,9.402000,0.079511519,14140.969,false
SA_Energy_Dominance_PC90,208,9.372000,0.079572390,14013.532,false
SA_Energy_Dominance_PC90,208,9.350000,0.079701377,14013.718,false
SA_Energy_Dominance_PC90,208,9.260000,0.079791576,13996.335,false
SA_Energy_Dominance_PC90,208,9.116000,0.080271189,13956.332,false
SA_Energy_Dominance_PC90,208,9.134000,0.080250136,13956.332,false
SA_Energy_Dominance_PC90,208,9.206000,0.080219601,14058.745,false
SA_Energy_Dominance_PC90,208,9.058000,0.080584336,14117.378,false
SA_Energy_Dominance_PC90,208,9.040000,0.080748226,14114.037,false
SA_Energy_Dominance_PC90,208,12.282000,0.079042700,14964.219,false
SA_Energy_Dominance_PC90,208,12.368000,0.079020021,14964.219,false
SA_Energy_Dominance_PC90,208,12.494000,0.078977915,14990.943,false
SA_Energy_Dominance_PC90,208,12.576000,0.078927408,14975.014,false
SA_Energy_Dominance_PC90,208,12.686000,0.078737616,14978.354,false
SA_Energy_Dominance_PC90,208,12.694000,0.078705672,14833.858,false
SA_Energy_Dominance_PC90,208,12.670000,0.078795307,14885.147,false
SA_Energy_Dominance_PC90,208,12.634000,0.078816360,14833.858,false
SA_Energy_Dominance_PC90,208,12.954000,0.078459637,14550.779,false
SA_Energy_Dominance_PC90,208,12.920000,0.078486833,14550.779,false
SA_Energy_Dominance_PC90,208,12.838000,0.078571044,14547.439,false
SA_Energy_Dominance_PC90,208,12.996000,0.078459637,14558.802,false
SA_Energy_Dominance_PC90,208,13.124000,0.078412036,14657.959,false
SA_Energy_Dominance_PC90,208,13.204000,0.078397305,14592.117,false
SA_Energy_Dominance_PC90,208,13.310000,0.078345681,14358.000,false
SA_Energy_Dominance_PC90,208,13.388000,0.078337205,14358.000,false
SA_Energy_Dominance_PC90,208,13.446000,0.078313887,14257.304,false
SA_Energy_Dominance_PC90,208,13.516000,0.078275116,14257.304,false
SA_Energy_Dominance_PC90,208,13.524000,0.078236249,14200.741,false
SA_Energy_Dominance_PC90,208,13.568000,0.078179300,14044.170,false
SA_Energy_Dominance_PC90,208,13.628000,0.078152104,14044.170,false
SA_Energy_Dominance_PC90,208,13.686000,0.078109998,14093.267,false
SA_Energy_Dominance_PC90,208,13.958000,0.078060671,13850.382,false
SA_Energy_Dominance_PC90,208,14.090000,0.077989106,13752.528,false
SA_Energy_Dominance_PC90,208,14.116000,0.077955832,13697.641,false
SA_Energy_Dominance_PC90,208,14.286000,0.077903494,13795.114,false
SA_Energy_Dominance_PC90,208,14.398000,0.077871433,13750.844,false
SA_Energy_Dominance_PC90,208,14.548000,0.077642511,13680.225,false
SA_Energy_Dominance_PC90,208,14.624000,0.077621178,13680.225,false
SA_Energy_Dominance_PC90,208,14.006000,0.078009911,13728.910,false
SA_Energy_Dominance_PC90,208,14.708000,0.077619205,13783.850,false
SA_Energy_Dominance_PC90,208,14.840000,0.077514415,13896.334,false
SA_Energy_Dominance_PC90,208,14.876000,0.077472310,13896.334,false
SA_Energy_Dominance_PC90,208,14.770000,0.077549802,14130.904,false
SA_Energy_Dominance_PC90,208,14.880000,0.077405263,14313.099,false
SA_Energy_Dominance_PC90,208,14.990000,0.077394148,14313.099,false
SA_Energy_Dominance_PC90,208,15.008000,0.077357600,14289.200,false
SA_Energy_Dominance_PC90,208,15.214000,0.071470768,10896.859,false
SA_Energy_Dominance_PC90,208,15.302000,0.071470768,10824.370,false
SA_Energy_Dominance_PC90,208,15.098000,0.072502354,11119.553,false
SA_Energy_Dominance_PC90,208,15.128000,0.071554755,10833.457,false
SA_Energy_Dominance_PC90,208,15.474000,0.071355465,10398.271,false
SA_Energy_Dominance_PC90,208,15.350000,0.071369906,10630.720,false
SA_Energy_Dominance_PC90,208,15.594000,0.071271254,10609.371,false
SA_Energy_Dominance_PC90,208,15.666000,0.071269237,10856.786,false
SA_Energy_Dominance_PC90,208,15.828000,0.071269237,10947.783,false
SA_Energy_Dominance_PC90,209,9.446000,0.079169232,13884.638,false
SA_Energy_Dominance_PC90,209,9.510000,0.079127126,14051.468,false
SA_Energy_Dominance_PC90,209,9.572000,0.079083524,13950.634,false
SA_Energy_Dominance_PC90,209,9.312000,0.079740598,14277.890,false
SA_Energy_Dominance_PC90,209,9.368000,0.079731452,14277.890,false
SA_Energy_Dominance_PC90,209,9.200000,0.079747063,14354.028,false
SA_Energy_Dominance_PC90,209,9.138000,0.079966029,14410.261,false
SA_Energy_Dominance_PC90,209,9.110000,0.080052498,14434.161,false
SA_Energy_Dominance_PC90,209,9.018000,0.080143568,14267.331,false
SA_Energy_Dominance_PC90,209,8.996000,0.080408276,14970.367,false
SA_Energy_Dominance_PC90,209,13.614000,0.079081920,14859.855,false
SA_Energy_Dominance_PC90,209,13.636000,0.079039815,14940.604,false
SA_Energy_Dominance_PC90,209,13.640000,0.078997709,14940.604,false
SA_Energy_Dominance_PC90,209,13.980000,0.078979051,14810.372,false
SA_Energy_Dominance_PC90,209,14.084000,0.078969041,14810.372,false
SA_Energy_Dominance_PC90,209,14.312000,0.078918414,14745.531,false
SA_Energy_Dominance_PC90,209,14.324000,0.078897458,14745.531,false
SA_Energy_Dominance_PC90,209,14.262000,0.078951179,14148.053,false
SA_Energy_Dominance_PC90,209,14.970000,0.078832398,14204.658,false
SA_Energy_Dominance_PC90,209,15.020000,0.078739705,14204.658,false
SA_Energy_Dominance_PC90,209,15.178000,0.078440207,14214.006,false
SA_Energy_Dominance_PC90,209,15.158000,0.078529674,14399.026,false
SA_Energy_Dominance_PC90,209,15.162000,0.078466225,14214.006,false
SA_Energy_Dominance_PC90,209,15.420000,0.078386693,14204.277,false
SA_Energy_Dominance_PC90,209,15.716000,0.078373752,14324.160,false
SA_Energy_Dominance_PC90,209,16.844000,0.078350980,14190.346,false
SA_Energy_Dominance_PC90,209,16.918000,0.077820951,14931.730,false
SA_Energy_Dominance_PC90,209,17.148000,0.077524758,14943.351,false
SA_Energy_Dominance_PC90,209,16.994000,0.077578340,14943.351,false
SA_Energy_Dominance_PC90,209,17.822000,0.077495817,14927.422,false
SA_Energy_Dominance_PC90,209,18.068000,0.076706010,14651.133,false
SA_Energy_Dominance_PC90,209,18.216000,0.076534961,14425.572,false
SA_Energy_Dominance_PC90,209,18.494000,0.075650262,14135.711,false
SA_Energy_Dominance_PC90,209,18.492000,0.075884973,14135.711,false
SA_Energy_Dominance_PC90,209,18.596000,0.069104745,10625.180,false
SA_Energy_Dominance_PC90,209,18.704000,0.069089454,10944.938,false
SA_Energy_Dominance_PC90,209,18.814000,0.069015186,10631.063,false
NSGA-II_PC90,200,7.206000,0.077741301,14412.775,false
NSGA-II_PC90,200,7.062000,0.078097104,14196.027,false
NSGA-II_PC90,200,8.778000,0.074756552,12121.143,false
NSGA-II_PC90,200,7.268000,0.077608987,13320.573,false
NSGA-II_PC90,200,6.852000,0.078608306,14472.769,false
NSGA-II_PC90,200,7.768000,0.076303745,12734.155,false
NSGA-II_PC90,200,7.010000,0.078196638,14355.223,false
NSGA-II_PC90,200,9.312000,0.074264805,12074.108,false
NSGA-II_PC90,200,8.662000,0.074930716,12192.607,false
NSGA-II_PC90,200,6.804000,0.078666546,14688.479,false
NSGA-II_PC90,200,7.712000,0.076418394,13134.522,false
NSGA-II_PC90,200,8.424000,0.075195341,12415.800,false
NSGA-II_PC90,200,7.304000,0.077418166,13817.462,false
NSGA-II_PC90,200,7.442000,0.077094387,13087.240,false
NSGA-II_PC90,200,9.130000,0.074381861,12427.952,false
NSGA-II_PC90,200,8.554000,0.075120196,12383.729,false
NSGA-II_PC90,200,9.626000,0.074074801,12567.061,false
NSGA-II_PC90,200,11.260000,0.073315906,12429.790,false
NSGA-II_PC90,200,8.300000,0.075490742,12670.576,false
NSGA-II_PC90,200,8.976000,0.074706222,12615.782,false
NSGA-II_PC90,200,9.074000,0.074455502,12060.697,false
NSGA-II_PC90,200,7.574000,0.076546104,12555.496,false
NSGA-II_PC90,200,6.784000,0.079000115,14788.552,false
NSGA-II_PC90,200,9.802000,0.073742574,12242.913,false
NSGA-II_PC90,200,7.778000,0.076220739,12526.063,false
NSGA-II_PC90,200,7.512000,0.076748696,12588.352,false
NSGA-II_PC90,200,7.430000,0.077171116,13004.829,false
NSGA-II_PC90,200,8.348000,0.075373806,12306.548,false
NSGA-II_PC90,200,8.234000,0.075503692,12734.094,false
NSGA-II_PC90,200,7.280000,0.077544300,13418.216,false
NSGA-II_PC90,200,9.214000,0.074344585,12427.885,false
NSGA-II_PC90,200,8.986000,0.074630186,12164.529,false
NSGA-II_PC90,200,10.724000,0.073333711,12131.037,false
NSGA-II_PC90,200,11.358000,0.073063825,12324.317,false
NSGA-II_PC90,200,9.696000,0.073931537,12534.462,false
NSGA-II_PC90,200,8.024000,0.075617049,12934.515,false
NSGA-II_PC90,200,7.016000,0.078122321,14165.365,false
NSGA-II_PC90,200,8.616000,0.075052198,12068.265,false
NSGA-II_PC90,200,10.890000,0.073317602,12604.120,false
NSGA-II_PC90,200,9.506000,0.074112081,12414.471,false
NSGA-II_PC90,200,8.350000,0.075245101,12727.069,false
NSGA-II_PC90,200,7.786000,0.076078169,12795.783,false
NSGA-II_PC90,200,7.492000,0.076896341,12678.095,false
NSGA-II_PC90,200,9.778000,0.073878798,12490.937,false
NSGA-II_PC90,200,7.376000,0.077326428,13044.222,false
NSGA-II_PC90,200,11.326000,0.073307360,12491.476,false
NSGA-II_PC90,200,7.808000,0.075727793,12180.303,false
NSGA-II_PC90,200,6.938000,0.078255284,14712.912,false
NSGA-II_PC90,200,6.924000,0.078334015,14595.932,false
NSGA-II_PC90,200,7.522000,0.076611773,12487.689,false
NSGA-II_PC90,200,9.962000,0.073541715,12413.405,false
NSGA-II_PC90,200,10.228000,0.073521958,12406.186,false
NSGA-II_PC90,200,9.884000,0.073626955,12491.434,false
NSGA-II_PC90,200,8.734000,0.074900297,12316.723,false
NSGA-II_PC90,200,9.562000,0.074095258,12725.980,false
NSGA-II_PC90,200,6.908000,0.078446053,14611.080,false
NSGA-II_PC90,200,7.080000,0.077813642,14415.965,false
NSGA-II_PC90,201,7.186000,0.078366980,13763.387,false
NSGA-II_PC90,201,7.340000,0.078191220,13936.517,false
NSGA-II_PC90,201,7.310000,0.078246053,13773.069,false
NSGA-II_PC90,201,8.792000,0.075257288,13042.933,false
NSGA-II_PC90,201,7.682000,0.076128100,13085.324,false
NSGA-II_PC90,201,7.670000,0.076348864,13013.149,false
NSGA-II_PC90,201,11.252000,0.073667835,12450.529,false
NSGA-II_PC90,201,11.142000,0.073740697,12614.755,false
NSGA-II_PC90,201,8.914000,0.075028221,12928.399,false
NSGA-II_PC90,201,8.234000,0.075545684,13014.186,false
NSGA-II_PC90,201,7.154000,0.078435456,13668.380,false
NSGA-II_PC90,201,8.232000,0.075602255,13047.075,false
NSGA-II_PC90,201,11.166000,0.073670680,12397.755,false
NSGA-II_PC90,201,7.274000,0.078311367,13726.589,false
NSGA-II_PC90,201,10.994000,0.073817569,12606.074,false
NSGA-II_PC90,201,7.616000,0.076380640,13840.838,false
NSGA-II_PC90,201,8.040000,0.075872901,13248.224,false
NSGA-II_PC90,201,7.490000,0.076562323,13173.306,false
NSGA-II_PC90,201,8.182000,0.075701558,13081.246,false
NSGA-II_PC90,201,9.374000,0.074285695,12795.516,false
NSGA-II_PC90,201,13.364000,0.073330884,12747.643,false
NSGA-II_PC90,201,9.046000,0.074852054,13108.788,false
NSGA-II_PC90,201,7.530000,0.076393893,13773.598,false
NSGA-II_PC90,201,9.704000,0.074192669,12953.628,false
NSGA-II_PC90,201,10.304000,0.073841201,12481.529,false
NSGA-II_PC90,201,9.160000,0.074648042,12928.139,false
NSGA-II_PC90,201,7.402000,0.076775109,12996.293,false
NSGA-II_PC90,201,9.882000,0.074003327,12522.342,false
NSGA-II_PC90,201,8.416000,0.075415813,12970.010,false
NSGA-II_PC90,201,7.818000,0.075930896,13189.232,false
NSGA-II_PC90,201,9.238000,0.074481673,12844.627,false
NSGA-II_PC90,201,8.732000,0.075349380,12530.711,false
NSGA-II_PC90,201,9.730000,0.074034507,13182.070,false
NSGA-II_PC90,201,10.100000,0.073861695,12681.425,false
NSGA-II_PC90,201,11.652000,0.073545958,13052.192,false
NSGA-II_PC90,201,7.354000,0.076829889,13013.607,false
NSGA-II_PC90,201,9.062000,0.074726272,12708.330,false
NSGA-II_PC90,201,7.934000,0.075904304,13366.937,false
NSGA-II_PC90,201,8.980000,0.074888687,12881.124,false
NSGA-II_PC90,201,13.566000,0.073270977,12700.551,false
NSGA-II_PC90,201,9.542000,0.074277659,12722.511,false
NSGA-II_PC90,201,7.736000,0.076018187,13069.707,false
NSGA-II_PC90,201,9.362000,0.074404715,12676.544,false
NSGA-II_PC90,201,9.974000,0.073934998,12665.060,false
NSGA-II_PC90,201,8.402000,0.075503570,12503.987,false
NSGA-II_PC90,201,9.198000,0.074549824,12829.574,false
NSGA-II_PC90,201,12.136000,0.073344530,12917.619,false
NSGA-II_PC90,201,7.100000,0.079307073,13656.707,false
NSGA-II_PC90,201,11.050000,0.073749147,12741.433,false
NSGA-II_PC90,202,7.538000,0.076312852,13435.333,false
NSGA-II_PC90,202,8.726000,0.074748336,13045.659,false
NSGA-II_PC90,202,7.442000,0.076384490,13271.148,false
NSGA-II_PC90,202,8.548000,0.074935991,12881.606,false
NSGA-II_PC90,202,8.208000,0.075069207,12552.765,false
NSGA-II_PC90,202,8.032000,0.075336419,12885.076,false
NSGA-II_PC90,202,7.594000,0.075993744,13031.398,false
NSGA-II_PC90,202,7.222000,0.076887002,13663.041,false
NSGA-II_PC90,202,8.710000,0.074837638,12845.460,false
NSGA-II_PC90,202,8.414000,0.074958680,12970.877,false
NSGA-II_PC90,202,7.812000,0.075553233,13037.722,false
NSGA-II_PC90,202,8.762000,0.074741158,12929.390,false
NSGA-II_PC90,202,8.050000,0.075227516,12868.924,false
NSGA-II_PC90,202,6.930000,0.077390931,13881.307,false
NSGA-II_PC90,202,7.162000,0.076928897,13201.501,false
NSGA-II_PC90,202,8.178000,0.075191273,13126.828,false
NSGA-II_PC90,202,7.052000,0.077273039,13679.408,false
NSGA-II_PC90,202,7.280000,0.076403609,13204.065,false
NSGA-II_PC90,202,7.006000,0.077308347,13845.138,false
NSGA-II_PC90,202,6.784000,0.077902893,13817.963,false
NSGA-II_PC90,202,8.274000,0.075035668,13071.856,false
NSGA-II_PC90,202,7.124000,0.077169759,13985.030,false
NSGA-II_PC90,202,6.682000,0.078176688,13917.333,false
NSGA-II_PC90,202,7.646000,0.075655117,12898.004,false
NSGA-II_PC90,202,6.758000,0.078122232,13862.884,false
NSGA-II_PC90,202,8.374000,0.074968384,12655.056,false
NSGA-II_PC90,202,7.480000,0.076345771,13343.890,false
NSGA-II_PC90,202,6.794000,0.077576921,13808.629,false
NSGA-II_PC90,202,7.092000,0.077253180,13710.495,false
NSGA-II_PC90,202,7.582000,0.076101540,12985.168,false
NSGA-II_PC90,202,6.952000,0.077367803,13741.291,false
NSGA-II_PC90,202,6.716000,0.078153364,13943.856,false
NSGA-II_PC90,202,7.850000,0.075358761,13205.019,false
NSGA-II_PC90,202,7.568000,0.076240274,13224.229,false
NSGA-II_PC90,202,7.278000,0.076532770,13250.582,false
NSGA-II_PC90,202,8.202000,0.075129602,12675.344,false
NSGA-II_PC90,202,8.582000,0.074923698,12592.087,false
NSGA-II_PC90,203,7.578000,0.075796390,13377.027,false
NSGA-II_PC90,203,6.800000,0.076433323,13411.005,false
NSGA-II_PC90,203,6.478000,0.077519743,14418.373,false
NSGA-II_PC90,203,6.660000,0.076752467,14014.198,false
NSGA-II_PC90,203,7.594000,0.075755725,13084.567,false
NSGA-II_PC90,203,7.496000,0.075811648,13166.547,false
NSGA-II_PC90,203,6.418000,0.077769279,14774.372,false
NSGA-II_PC90,203,6.700000,0.076739463,13644.927,false
NSGA-II_PC90,203,6.426000,0.077732102,14688.837,false
NSGA-II_PC90,203,6.942000,0.076258191,13444.217,false
NSGA-II_PC90,203,6.498000,0.077216897,14329.264,false
NSGA-II_PC90,203,6.826000,0.076412367,13511.718,false
NSGA-II_PC90,203,6.490000,0.077367869,14147.378,false
NSGA-II_PC90,203,7.418000,0.075862250,13116.258,false
NSGA-II_PC90,203,6.910000,0.076408049,13489.939,false
NSGA-II_PC90,203,6.520000,0.076847768,13768.406,false
NSGA-II_PC90,203,7.024000,0.076208635,13740.047,false
NSGA-II_PC90,203,6.464000,0.077582002,14990.189,false
NSGA-II_PC90,203,6.452000,0.077656459,14766.792,false
NSGA-II_PC90,203,6.622000,0.076763542,13633.503,false
NSGA-II_PC90,203,7.138000,0.075977850,13837.164,false
NSGA-II_PC90,203,6.760000,0.076563170,13569.981,false
NSGA-II_PC90,203,6.792000,0.076538969,13684.209,false
NSGA-II_PC90,203,7.874000,0.075702291,12922.991,false
NSGA-II_PC90,203,6.704000,0.076617692,13790.341,false
NSGA-II_PC90,204,7.366000,0.079159134,14306.620,false
NSGA-II_PC90,204,8.940000,0.075161352,12826.606,false
NSGA-II_PC90,204,7.528000,0.078205614,15062.281,false
NSGA-II_PC90,204,7.474000,0.078710553,13935.062,false
NSGA-II_PC90,204,7.382000,0.078884822,14293.890,false
NSGA-II_PC90,204,8.672000,0.075229449,12350.207,false
NSGA-II_PC90,204,9.088000,0.075036403,12681.575,false
NSGA-II_PC90,204,10.222000,0.073757798,12067.327,false
NSGA-II_PC90,204,8.390000,0.075559403,12647.135,false
NSGA-II_PC90,204,9.812000,0.074306525,12400.353,false
NSGA-II_PC90,204,10.122000,0.073796029,11947.078,false
NSGA-II_PC90,204,9.884000,0.074147896,12730.392,false
NSGA-II_PC90,204,9.880000,0.074225183,12476.530,false
NSGA-II_PC90,204,7.614000,0.077477559,14419.052,false
NSGA-II_PC90,204,9.376000,0.074731140,12619.343,false
NSGA-II_PC90,204,10.778000,0.073308056,12684.374,false
NSGA-II_PC90,204,8.964000,0.075088179,12826.606,false
NSGA-II_PC90,204,7.444000,0.078837711,13797.708,false
NSGA-II_PC90,204,9.188000,0.074926483,13021.013,false
NSGA-II_PC90,204,10.828000,0.073071435,12881.988,false
NSGA-II_PC90,204,8.866000,0.075208243,12627.775,false
NSGA-II_PC90,204,10.288000,0.073606658,12687.748,false
NSGA-II_PC90,204,9.200000,0.074822309,12752.573,false
NSGA-II_PC90,204,9.710000,0.074478764,12366.747,false
NSGA-II_PC90,204,12.070000,0.072748760,13221.901,false
NSGA-II_PC90,204,10.048000,0.073883517,12157.334,false
NSGA-II_PC90,204,10.442000,0.073554931,12837.797,false
NSGA-II_PC90,204,7.196000,0.079342969,14444.891,false
NSGA-II_PC90,204,7.112000,0.079640815,14698.713,false
NSGA-II_PC90,204,10.712000,0.073318215,12727.762,false
NSGA-II_PC90,204,12.808000,0.072608961,12721.451,false
NSGA-II_PC90,204,8.436000,0.075329042,12550.220,false
NSGA-II_PC90,204,7.372000,0.079088282,14059.303,false
NSGA-II_PC90,204,11.572000,0.072903215,12565.128,false
NSGA-II_PC90,204,7.982000,0.075576461,13062.186,false
NSGA-II_PC90,204,7.816000,0.076185889,13455.038,false
NSGA-II_PC90,204,10.698000,0.073403727,12647.607,false
NSGA-II_PC90,204,9.616000,0.074661763,12569.167,false
NSGA-II_PC90,204,9.796000,0.074425556,12567.542,false
NSGA-II_PC90,204,9.954000,0.073951603,12371.702,false
NSGA-II_PC90,204,12.268000,0.072736973,13166.941,false
NSGA-II_PC90,204,7.156000,0.079417177,13849.296,false
NSGA-II_PC90,204,7.638000,0.077204899,13769.855,false
NSGA-II_PC90,204,7.732000,0.076842251,12953.351,false
NSGA-II_PC90,204,7.978000,0.075693233,13229.016,false
NSGA-II_PC90,204,11.648000,0.072859060,12877.060,false
NSGA-II_PC90,204,11.712000,0.072817511,12647.983,false
NSGA-II_PC90,204,7.580000,0.077726810,13758.616,false
NSGA-II_PC90,204,9.284000,0.074781353,12619.343,false
NSGA-II_PC90,204,11.384000,0.072911413,12573.445,false
NSGA-II_PC90,205,7.766000,0.075492920,12872.994,false
NSGA-II_PC90,205,8.838000,0.074381018,12714.769,false
NSGA-II_PC90,205,9.466000,0.074057157,11982.856,false
NSGA-II_PC90,205,10.608000,0.073475857,11992.723,false
NSGA-II_PC90,205,8.210000,0.074827000,12136.599,false
NSGA-II_PC90,205,6.828000,0.079312033,13922.156,false
NSGA-II_PC90,205,7.104000,0.076946599,14493.386,false
NSGA-II_PC90,205,7.958000,0.075262910,12330.894,false
NSGA-II_PC90,205,9.072000,0.074272187,12173.367,false
NSGA-II_PC90,205,9.336000,0.074094029,12478.878,false
NSGA-II_PC90,205,7.158000,0.076847607,14784.000,false
NSGA-II_PC90,205,6.930000,0.077882274,14410.290,false
NSGA-II_PC90,205,8.392000,0.074542874,12749.257,false
NSGA-II_PC90,205,6.996000,0.077199917,14165.251,false
NSGA-II_PC90,205,9.472000,0.073975169,12610.244,false
NSGA-II_PC90,205,7.314000,0.076252008,13135.324,false
NSGA-II_PC90,205,7.660000,0.075531944,13387.176,false
NSGA-II_PC90,205,8.010000,0.075170933,12651.632,false
NSGA-II_PC90,205,9.216000,0.074142999,12652.480,false
NSGA-II_PC90,205,9.676000,0.073737459,12164.125,false
NSGA-II_PC90,205,8.730000,0.074478197,12314.662,false
NSGA-II_PC90,205,9.994000,0.073714122,12318.283,false
NSGA-II_PC90,205,10.378000,0.073581344,12193.472,false
NSGA-II_PC90,205,8.106000,0.074874727,12194.403,false
NSGA-II_PC90,205,7.148000,0.076920581,14493.386,false
NSGA-II_PC90,205,6.882000,0.078939327,13504.165,false
NSGA-II_PC90,205,7.600000,0.075799519,13376.558,false
NSGA-II_PC90,205,9.170000,0.074161484,12652.480,false
NSGA-II_PC90,205,10.024000,0.073617156,12173.249,false
NSGA-II_PC90,205,7.468000,0.076186670,13655.860,false
NSGA-II_PC90,205,8.914000,0.074288945,12695.243,false
NSGA-II_PC90,205,8.324000,0.074777258,12036.663,false
NSGA-II_PC90,205,6.708000,0.079400665,13849.914,false
NSGA-II_PC90,205,7.182000,0.076646854,14492.936,false
NSGA-II_PC90,206,8.406000,0.074365535,12973.593,false
NSGA-II_PC90,206,11.416000,0.072553522,12393.554,false
NSGA-II_PC90,206,7.506000,0.076105640,12698.008,false
NSGA-II_PC90,206,8.674000,0.074045712,12423.648,false
NSGA-II_PC90,206,8.294000,0.074475782,13039.313,false
NSGA-II_PC90,206,7.892000,0.075254386,12656.714,false
NSGA-II_PC90,206,10.294000,0.073035924,12718.856,false
NSGA-II_PC90,206,7.922000,0.075161359,12646.793,false
NSGA-II_PC90,206,8.640000,0.074219923,13396.684,false
NSGA-II_PC90,206,8.412000,0.074292237,12765.127,false
NSGA-II_PC90,206,8.440000,0.074224335,13167.899,false
NSGA-II_PC90,206,7.906000,0.075212280,12656.714,false
NSGA-II_PC90,206,7.438000,0.076211243,12959.964,false
NSGA-II_PC90,206,7.496000,0.076164224,12698.008,false
NSGA-II_PC90,206,7.638000,0.075852956,12947.746,false
NSGA-II_PC90,206,8.220000,0.074516255,13225.950,false
NSGA-II_PC90,206,9.644000,0.073116664,12898.072,false
NSGA-II_PC90,206,10.870000,0.072653591,12019.346,false
NSGA-II_PC90,206,8.914000,0.073738353,13232.729,false
NSGA-II_PC90,206,11.292000,0.072599137,11916.962,false
NSGA-II_PC90,206,9.260000,0.073370615,12822.905,false
NSGA-II_PC90,206,9.110000,0.073638278,12796.295,false
NSGA-II_PC90,206,7.744000,0.075319929,12666.814,false
NSGA-II_PC90,206,9.338000,0.073127913,13548.829,false
NSGA-II_PC90,206,10.922000,0.072615793,12273.085,false
NSGA-II_PC90,206,8.996000,0.073650268,12475.143,false
NSGA-II_PC90,206,10.592000,0.072864841,12249.529,false
NSGA-II_PC90,206,10.646000,0.072757028,12179.309,false
NSGA-II_PC90,206,9.968000,0.073076733,12168.031,false
NSGA-II_PC90,206,10.754000,0.072723232,11790.007,false
NSGA-II_PC90,206,7.986000,0.075060017,13072.833,false
NSGA-II_PC90,206,9.220000,0.073423027,12798.837,false
NSGA-II_PC90,206,8.662000,0.074142229,12857.482,false
NSGA-II_PC90,206,9.134000,0.073492781,12317.392,false
NSGA-II_PC90,206,7.424000,0.076338901,12465.051,false
NSGA-II_PC90,206,10.868000,0.072711874,12101.470,false
NSGA-II_PC90,206,8.708000,0.073907589,12933.412,false
NSGA-II_PC90,206,7.738000,0.075667407,12258.854,false
NSGA-II_PC90,206,8.742000,0.073863640,12675.460,false
NSGA-II_PC90,206,7.554000,0.076054544,12367.191,false
NSGA-II_PC90,206,8.702000,0.073987636,12428.475,false
NSGA-II_PC90,206,11.728000,0.072427779,12199.942,false
NSGA-II_PC90,206,8.012000,0.074546903,12471.611,false
NSGA-II_PC90,206,7.414000,0.076394463,12443.973,false
NSGA-II_PC90,207,6.612000,0.077947485,14751.830,false
NSGA-II_PC90,207,7.054000,0.076609747,13129.396,false
NSGA-II_PC90,207,6.956000,0.076787271,13103.413,false
NSGA-II_PC90,207,6.762000,0.077551944,13343.407,false
NSGA-II_PC90,207,7.112000,0.076421379,13174.271,false
NSGA-II_PC90,207,7.536000,0.076048289,13343.981,false
NSGA-II_PC90,207,7.092000,0.076549195,12939.344,false
NSGA-II_PC90,207,7.296000,0.076251304,12959.967,false
NSGA-II_PC90,207,7.588000,0.076015790,12823.297,false
NSGA-II_PC90,207,7.026000,0.076671728,13145.107,false
NSGA-II_PC90,207,6.892000,0.076951871,13047.064,false
NSGA-II_PC90,207,6.422000,0.078298584,14614.106,false
NSGA-II_PC90,207,6.920000,0.076838672,12941.721,false
NSGA-II_PC90,207,7.016000,0.076707327,13145.107,false
NSGA-II_PC90,207,7.492000,0.076118345,13395.593,false
NSGA-II_PC90,207,7.182000,0.076409411,13150.617,false
NSGA-II_PC90,207,6.496000,0.078028587,14506.969,false
NSGA-II_PC90,207,7.384000,0.076139747,13217.526,false
NSGA-II_PC90,207,7.344000,0.076228323,12903.041,false
NSGA-II_PC90,207,6.656000,0.077876209,14929.104,false
NSGA-II_PC90,207,7.234000,0.076342316,13401.586,false
NSGA-II_PC90,207,6.688000,0.077819865,13312.971,false
NSGA-II_PC90,207,6.396000,0.078365364,14790.231,false
NSGA-II_PC90,207,6.446000,0.078175488,14712.997,false
NSGA-II_PC90,207,7.056000,0.076559735,13106.090,false
NSGA-II_PC90,207,8.016000,0.075948660,13058.971,false
NSGA-II_PC90,207,6.976000,0.076713475,12958.694,false
NSGA-II_PC90,207,6.430000,0.078236072,14861.012,false
NSGA-II_PC90,207,6.802000,0.077080524,13165.252,false
NSGA-II_PC90,207,6.748000,0.077578762,12962.919,false
NSGA-II_PC90,207,7.742000,0.075967474,12936.355,false
NSGA-II_PC90,207,7.210000,0.076361724,13094.542,false
NSGA-II_PC90,207,6.492000,0.078131169,14808.012,false
NSGA-II_PC90,207,6.714000,0.077762609,13319.815,false
NSGA-II_PC90,207,6.770000,0.077273316,13018.097,false
NSGA-II_PC90,207,7.266000,0.076274057,12873.053,false
NSGA-II_PC90,208,7.288000,0.077232316,13088.914,false
NSGA-II_PC90,208,8.554000,0.075807006,13427.177,false
NSGA-II_PC90,208,11.338000,0.074295270,12099.192,false
NSGA-II_PC90,208,8.540000,0.075863231,13055.687,false
NSGA-II_PC90,208,10.146000,0.074474681,12434.032,false
NSGA-II_PC90,208,10.644000,0.074305556,11596.738,false
NSGA-II_PC90,208,8.430000,0.075962649,13003.668,false
NSGA-II_PC90,208,8.304000,0.076257815,13121.695,false
NSGA-II_PC90,208,6.960000,0.077649997,14265.985,false
NSGA-II_PC90,208,8.186000,0.076281080,12211.904,false
NSGA-II_PC90,208,7.052000,0.077600616,13743.415,false
NSGA-II_PC90,208,7.414000,0.076814024,12515.973,false
NSGA-II_PC90,208,6.948000,0.077945367,13672.656,false
NSGA-II_PC90,208,7.208000,0.077248027,13494.016,false
NSGA-II_PC90,208,7.528000,0.076646112,13039.144,false
NSGA-II_PC90,208,7.102000,0.077253122,13141.622,false
NSGA-II_PC90,208,8.450000,0.075864759,13419.793,false
NSGA-II_PC90,208,8.330000,0.076066783,12453.355,false
NSGA-II_PC90,208,8.806000,0.075080939,12626.619,false
NSGA-II_PC90,208,6.918000,0.077985872,13672.656,false
NSGA-II_PC90,208,7.088000,0.077525753,13860.600,false
NSGA-II_PC90,208,7.332000,0.077187835,13265.079,false
NSGA-II_PC90,208,9.302000,0.074634261,12404.826,false
NSGA-II_PC90,208,10.418000,0.074423247,11713.193,false
NSGA-II_PC90,208,9.280000,0.074739534,12389.143,false
NSGA-II_PC90,208,9.200000,0.074861139,12750.605,false
NSGA-II_PC90,208,9.122000,0.074914081,12379.868,false
NSGA-II_PC90,208,8.604000,0.075329994,12395.870,false
NSGA-II_PC90,208,7.600000,0.076594985,13151.441,false
NSGA-II_PC90,208,8.864000,0.074935931,12662.542,false
NSGA-II_PC90,208,9.538000,0.074569789,12462.503,false
NSGA-II_PC90,208,9.804000,0.074569716,12313.313,false
NSGA-II_PC90,208,8.792000,0.075239844,12654.979,false
NSGA-II_PC90,208,7.830000,0.076372895,13351.311,false
NSGA-II_PC90,208,6.916000,0.078296542,13903.791,false
NSGA-II_PC90,208,11.514000,0.074214272,12226.071,false
NSGA-II_PC90,208,11.764000,0.074099333,11871.320,false
NSGA-II_PC90,208,7.624000,0.076522044,13052.546,false
NSGA-II_PC90,208,9.846000,0.074487782,12173.926,false
NSGA-II_PC90,209,6.948000,0.077360159,13717.142,false
NSGA-II_PC90,209,7.420000,0.076885120,12723.571,false
NSGA-II_PC90,209,8.226000,0.075557248,12472.812,false
NSGA-II_PC90,209,6.590000,0.078145758,14559.979,false
NSGA-II_PC90,209,6.504000,0.078569491,14172.770,false
NSGA-II_PC90,209,6.510000,0.078348826,14164.297,false
NSGA-II_PC90,209,6.676000,0.077868285,14199.673,false
NSGA-II_PC90,209,8.598000,0.075493001,12858.846,false
NSGA-II_PC90,209,6.582000,0.078193043,14289.353,false
NSGA-II_PC90,209,6.702000,0.077790466,14592.420,false
NSGA-II_PC90,209,7.940000,0.075721539,12652.850,false
NSGA-II_PC90,209,8.628000,0.075447052,12775.163,false
NSGA-II_PC90,209,6.804000,0.077548158,13484.757,false
NSGA-II_PC90,209,7.856000,0.075748020,12530.955,false
NSGA-II_PC90,209,7.982000,0.075659714,12513.534,false
NSGA-II_PC90,209,6.540000,0.078344945,14223.186,false
NSGA-II_PC90,209,6.612000,0.078003517,13975.576,false
NSGA-II_PC90,209,6.992000,0.077282677,13847.863,false
NSGA-II_PC90,209,6.754000,0.077754201,14649.791,false
NSGA-II_PC90,209,6.626000,0.077904891,14203.165,false
NSGA-II_PC90,209,7.086000,0.077075595,13397.163,false
NSGA-II_PC90,209,8.014000,0.075648671,12637.077,false
NSGA-II_PC90,209,8.434000,0.075550272,12330.446,false
NSGA-II_PC90,209,7.492000,0.076377175,12498.244,false
NSGA-II_PC90,209,7.706000,0.075787603,12487.053,false
NSGA-II_PC90,209,7.188000,0.077074776,13532.800,false
NSGA-II_PC90,209,8.472000,0.075511022,12442.513,false
NSGA-II_PC90,209,7.280000,0.077061344,13690.608,false
NSGA-II_PC90,209,7.648000,0.076126450,12594.554,false
NSGA-II_PC90,209,7.516000,0.076255411,12795.459,false
NSGA-II_PC90,209,7.374000,0.077052084,13557.226,false
NSGA-II_PC90,209,6.916000,0.077428146,13734.378,false
NSGA-II_PC90,209,8.108000,0.075564270,12705.254,false
NSGA-II_PC90,209,7.626000,0.076166954,12594.554,false
NSGA-II_PC90,209,6.580000,0.078329139,14621.472,false
NSGA-II_PC90,209,8.720000,0.075274976,12409.869,false
NSGA-II_PC90,209,7.466000,0.076491469,12578.241,false
SPEA-II_PC90,200,7.472000,0.075638386,12737.261,false
SPEA-II_PC90,200,6.542000,0.077374380,14000.946,false
SPEA-II_PC90,200,7.898000,0.075124533,12647.828,false
SPEA-II_PC90,200,7.790000,0.075263766,12927.463,false
SPEA-II_PC90,200,6.638000,0.077238085,13958.224,false
SPEA-II_PC90,200,6.646000,0.077109092,14056.737,false
SPEA-II_PC90,200,6.798000,0.076779353,14206.033,false
SPEA-II_PC90,200,7.944000,0.075044152,12985.744,false
SPEA-II_PC90,200,7.742000,0.075299864,12937.101,false
SPEA-II_PC90,200,7.152000,0.076378987,12923.926,false
SPEA-II_PC90,200,6.700000,0.076943070,13826.203,false
SPEA-II_PC90,200,7.068000,0.076468257,13039.031,false
SPEA-II_PC90,200,7.228000,0.076166959,12680.309,false
SPEA-II_PC90,200,7.510000,0.075457657,12671.855,false
SPEA-II_PC90,200,7.420000,0.075728857,12884.845,false
SPEA-II_PC90,200,6.998000,0.076643566,13929.351,false
SPEA-II_PC90,200,7.650000,0.075305509,12768.203,false
SPEA-II_PC90,200,7.498000,0.075594590,13065.174,false
SPEA-II_PC90,200,6.590000,0.077270063,14189.194,false
SPEA-II_PC90,200,6.552000,0.077336298,13297.466,false
SPEA-II_PC90,200,6.562000,0.077289809,13799.195,false
SPEA-II_PC90,200,6.894000,0.076671585,13853.020,false
SPEA-II_PC90,200,6.736000,0.076926292,13482.960,false
SPEA-II_PC90,200,8.072000,0.074915886,12811.374,false
SPEA-II_PC90,200,6.654000,0.077065366,14142.554,false
SPEA-II_PC90,200,6.424000,0.077451180,13570.656,false
SPEA-II_PC90,200,6.616000,0.077266520,13489.632,false
SPEA-II_PC90,200,8.006000,0.074970375,12882.225,false
SPEA-II_PC90,200,7.584000,0.075313713,12787.297,false
SPEA-II_PC90,200,7.800000,0.075174858,12739.143,false
SPEA-II_PC90,200,7.234000,0.075937096,12866.068,false
SPEA-II_PC90,200,7.410000,0.075863099,12795.065,false
SPEA-II_PC90,201,8.204000,0.075603979,12918.208,false
SPEA-II_PC90,201,8.162000,0.075620226,12923.084,false
SPEA-II_PC90,201,8.136000,0.075630494,13067.830,false
SPEA-II_PC90,201,8.472000,0.075347821,13292.863,false
SPEA-II_PC90,201,7.080000,0.077633599,13083.821,false
SPEA-II_PC90,201,7.804000,0.076158029,13970.266,false
SPEA-II_PC90,201,7.494000,0.077292705,13493.077,false
SPEA-II_PC90,201,8.362000,0.075469284,13368.174,false
SPEA-II_PC90,201,7.730000,0.076280528,13833.838,false
SPEA-II_PC90,201,8.090000,0.075783828,12958.230,false
SPEA-II_PC90,201,8.464000,0.075393186,13443.633,false
SPEA-II_PC90,201,7.438000,0.077314905,13472.583,false
SPEA-II_PC90,201,6.894000,0.077968111,13614.789,false
SPEA-II_PC90,201,9.140000,0.074702705,12516.311,false
SPEA-II_PC90,201,7.362000,0.077405701,14477.206,false
SPEA-II_PC90,201,7.030000,0.077647496,13203.245,false
SPEA-II_PC90,201,6.986000,0.077728684,13412.641,false
SPEA-II_PC90,201,7.246000,0.077411043,13510.598,false
SPEA-II_PC90,201,7.984000,0.076031036,13245.159,false
SPEA-II_PC90,201,7.190000,0.077522361,13309.725,false
SPEA-II_PC90,201,8.944000,0.074837217,13106.652,false
SPEA-II_PC90,201,8.290000,0.075569737,12929.923,false
SPEA-II_PC90,201,7.526000,0.076550116,14006.450,false
SPEA-II_PC90,201,8.842000,0.074947193,13007.176,false
SPEA-II_PC90,201,8.050000,0.076011969,12885.555,false
SPEA-II_PC90,201,6.890000,0.078493856,13418.168,false
SPEA-II_PC90,201,8.484000,0.075282885,12931.270,false
SPEA-II_PC90,201,8.546000,0.075108924,13284.190,false
SPEA-II_PC90,201,7.136000,0.077608027,13531.104,false
SPEA-II_PC90,201,8.872000,0.074944654,13288.916,false
SPEA-II_PC90,201,8.614000,0.075083628,13247.705,false
SPEA-II_PC90,201,8.650000,0.075068571,12856.657,false
SPEA-II_PC90,201,8.066000,0.075936503,13096.467,false
SPEA-II_PC90,201,8.530000,0.075196323,12759.892,false
SPEA-II_PC90,201,6.892000,0.078305782,13301.305,false
SPEA-II_PC90,201,7.868000,0.076093698,12990.645,false
SPEA-II_PC90,201,9.038000,0.074818995,13461.311,false
SPEA-II_PC90,201,9.072000,0.074776910,12590.254,false
SPEA-II_PC90,201,8.728000,0.075008593,13145.517,false
SPEA-II_PC90,201,8.760000,0.074975580,13198.500,false
SPEA-II_PC90,201,7.670000,0.076342315,13619.358,false
SPEA-II_PC90,201,6.908000,0.077883508,13747.150,false
SPEA-II_PC90,201,7.836000,0.076145610,14118.007,false
SPEA-II_PC90,201,9.106000,0.074732444,13491.563,false
SPEA-II_PC90,201,8.930000,0.074894229,12676.404,false
SPEA-II_PC90,201,7.638000,0.076367229,13868.803,false
SPEA-II_PC90,201,6.964000,0.077872714,13803.773,false
SPEA-II_PC90,202,6.990000,0.076339470,14316.035,false
SPEA-II_PC90,202,8.036000,0.075560163,13109.942,false
SPEA-II_PC90,202,6.760000,0.076795645,13713.591,false
SPEA-II_PC90,202,6.980000,0.076414143,13626.341,false
SPEA-II_PC90,202,7.260000,0.076098365,13089.508,false
SPEA-II_PC90,202,7.272000,0.076056259,13089.508,false
SPEA-II_PC90,202,7.976000,0.075562390,13069.916,false
SPEA-II_PC90,202,6.498000,0.077565290,13944.611,false
SPEA-II_PC90,202,7.878000,0.075651224,13296.522,false
SPEA-II_PC90,202,6.684000,0.076826629,13686.269,false
SPEA-II_PC90,202,7.328000,0.075949363,13813.979,false
SPEA-II_PC90,202,7.738000,0.075667991,12685.600,false
SPEA-II_PC90,202,7.930000,0.075600007,12671.282,false
SPEA-II_PC90,202,6.502000,0.077478654,13990.755,false
SPEA-II_PC90,202,7.276000,0.075989825,12765.652,false
SPEA-II_PC90,202,6.790000,0.076638851,13792.132,false
SPEA-II_PC90,202,7.950000,0.075597949,13135.457,false
SPEA-II_PC90,202,6.598000,0.077182135,13254.038,false
SPEA-II_PC90,202,6.872000,0.076415317,13961.381,false
SPEA-II_PC90,202,7.040000,0.076248100,14010.196,false
SPEA-II_PC90,202,7.440000,0.075923008,12814.195,false
SPEA-II_PC90,202,7.326000,0.075989499,13093.274,false
SPEA-II_PC90,202,6.534000,0.077190513,13653.214,false
SPEA-II_PC90,202,7.086000,0.076099459,14204.367,false
SPEA-II_PC90,202,7.904000,0.075612714,13219.634,false
SPEA-II_PC90,202,6.604000,0.076831383,13203.003,false
SPEA-II_PC90,202,7.688000,0.075677071,12824.555,false
SPEA-II_PC90,202,6.806000,0.076623855,13798.993,false
SPEA-II_PC90,202,7.398000,0.075928827,13367.711,false
SPEA-II_PC90,202,6.836000,0.076532706,13238.916,false
SPEA-II_PC90,202,7.770000,0.075654097,12699.659,false
SPEA-II_PC90,202,6.452000,0.077610421,13721.304,false
SPEA-II_PC90,202,6.516000,0.077377478,13670.695,false
SPEA-II_PC90,202,6.824000,0.076573437,13921.934,false
SPEA-II_PC90,202,6.768000,0.076698223,14052.492,false
SPEA-II_PC90,202,7.608000,0.075774389,12792.288,false
SPEA-II_PC90,202,7.454000,0.075779599,13982.859,false
SPEA-II_PC90,203,7.750000,0.076014016,12998.611,false
SPEA-II_PC90,203,7.936000,0.075750541,13649.197,false
SPEA-II_PC90,203,7.916000,0.075789659,13038.387,false
SPEA-II_PC90,203,6.912000,0.077617401,13525.548,false
SPEA-II_PC90,203,7.546000,0.076167634,13234.000,false
SPEA-II_PC90,203,7.632000,0.076098993,12864.581,false
SPEA-II_PC90,203,6.844000,0.077727598,13535.066,false
SPEA-II_PC90,203,7.400000,0.076811701,13440.891,false
SPEA-II_PC90,203,7.678000,0.076096288,12999.262,false
SPEA-II_PC90,203,8.024000,0.075558375,12993.263,false
SPEA-II_PC90,203,6.986000,0.077471729,13725.140,false
SPEA-II_PC90,203,6.572000,0.078006448,13354.343,false
SPEA-II_PC90,203,7.758000,0.075863448,12865.193,false
SPEA-II_PC90,203,8.688000,0.075082756,12850.427,false
SPEA-II_PC90,203,7.512000,0.076286660,13120.756,false
SPEA-II_PC90,203,8.428000,0.075249528,13063.898,false
SPEA-II_PC90,203,6.960000,0.077563386,13608.091,false
SPEA-II_PC90,203,6.918000,0.077568795,13307.999,false
SPEA-II_PC90,203,7.096000,0.077423567,13355.272,false
SPEA-II_PC90,203,6.552000,0.078080840,13639.594,false
SPEA-II_PC90,203,7.152000,0.077321882,13442.072,false
SPEA-II_PC90,203,8.466000,0.075210091,12913.290,false
SPEA-II_PC90,203,7.424000,0.076781568,13414.166,false
SPEA-II_PC90,203,7.480000,0.076551843,12990.556,false
SPEA-II_PC90,203,7.958000,0.075597080,12864.583,false
SPEA-II_PC90,203,8.346000,0.075273999,12745.829,false
SPEA-II_PC90,203,8.094000,0.075421084,13505.418,false
SPEA-II_PC90,203,8.402000,0.075254306,13042.659,false
SPEA-II_PC90,203,7.706000,0.076049758,12867.946,false
SPEA-II_PC90,203,8.034000,0.075513966,13019.213,false
SPEA-II_PC90,203,6.596000,0.077873455,13361.952,false
SPEA-II_PC90,203,6.510000,0.078117120,13516.679,false
SPEA-II_PC90,203,6.466000,0.078354345,13690.097,false
SPEA-II_PC90,203,8.570000,0.075175373,13186.880,false
SPEA-II_PC90,203,6.480000,0.078232782,13472.838,false
SPEA-II_PC90,203,6.874000,0.077670031,13610.436,false
SPEA-II_PC90,203,6.700000,0.077770337,13524.428,false
SPEA-II_PC90,203,7.606000,0.076148637,13044.926,false
SPEA-II_PC90,203,8.206000,0.075381862,13062.775,false
SPEA-II_PC90,203,8.236000,0.075274213,12808.358,false
SPEA-II_PC90,203,8.116000,0.075385767,13153.131,false
SPEA-II_PC90,203,7.452000,0.076755224,13418.039,false
SPEA-II_PC90,203,6.652000,0.077802510,13679.421,false
SPEA-II_PC90,203,8.064000,0.075492913,13019.213,false
SPEA-II_PC90,203,7.828000,0.075839130,13190.032,false
SPEA-II_PC90,204,7.686000,0.075953119,12719.770,false
SPEA-II_PC90,204,7.206000,0.076279549,13336.637,false
SPEA-II_PC90,204,7.286000,0.076140362,13187.612,false
SPEA-II_PC90,204,6.932000,0.077088881,13696.585,false
SPEA-II_PC90,204,7.932000,0.075735730,12561.744,false
SPEA-II_PC90,204,7.318000,0.076102815,13187.612,false
SPEA-II_PC90,204,8.422000,0.075607703,13198.243,false
SPEA-II_PC90,204,6.974000,0.076968906,12970.309,false
SPEA-II_PC90,204,7.386000,0.076081671,13182.445,false
SPEA-II_PC90,204,6.774000,0.077343808,13240.099,false
SPEA-II_PC90,204,7.178000,0.076458196,12729.366,false
SPEA-II_PC90,204,7.104000,0.076513404,13006.492,false
SPEA-II_PC90,204,6.888000,0.077155472,13749.883,false
SPEA-II_PC90,204,7.494000,0.076056765,13152.288,false
SPEA-II_PC90,204,7.188000,0.076337363,13254.734,false
SPEA-II_PC90,204,6.980000,0.076630094,13580.353,false
SPEA-II_PC90,204,7.716000,0.075914220,12521.751,false
SPEA-II_PC90,204,6.644000,0.077602487,13394.673,false
SPEA-II_PC90,204,6.804000,0.077236502,13409.513,false
SPEA-II_PC90,204,8.854000,0.075233733,13103.674,false
SPEA-II_PC90,204,8.952000,0.075023845,12909.625,false
SPEA-II_PC90,204,8.508000,0.075484635,13132.749,false
SPEA-II_PC90,204,6.840000,0.077159210,13199.802,false
SPEA-II_PC90,204,8.240000,0.075608528,12713.370,false
SPEA-II_PC90,204,7.612000,0.075967298,12672.989,false
SPEA-II_PC90,204,6.716000,0.077441958,13155.088,false
SPEA-II_PC90,204,7.954000,0.075693653,12530.757,false
SPEA-II_PC90,204,8.548000,0.075436858,13224.076,false
SPEA-II_PC90,204,8.738000,0.075271181,12927.919,false
SPEA-II_PC90,204,6.576000,0.077697736,13394.673,false
SPEA-II_PC90,204,8.920000,0.075166426,12954.589,false
SPEA-II_PC90,204,7.520000,0.076035064,12682.929,false
SPEA-II_PC90,204,6.962000,0.077049945,12899.740,false
SPEA-II_PC90,204,8.584000,0.075384238,12985.606,false
SPEA-II_PC90,204,7.994000,0.075655031,12530.495,false
SPEA-II_PC90,204,8.712000,0.075342778,13135.187,false
SPEA-II_PC90,204,7.836000,0.075839037,12567.062,false
SPEA-II_PC90,204,7.876000,0.075834012,12610.982,false
SPEA-II_PC90,204,6.734000,0.077352224,13136.734,false
SPEA-II_PC90,204,8.966000,0.074986014,12944.948,false
SPEA-II_PC90,204,6.680000,0.077491004,13190.177,false
SPEA-II_PC90,204,7.260000,0.076267929,13227.366,false
SPEA-II_PC90,205,10.100000,0.073905058,12566.548,false
SPEA-II_PC90,205,7.388000,0.078283036,13941.464,false
SPEA-II_PC90,205,7.430000,0.077460132,13947.255,false
SPEA-II_PC90,205,7.494000,0.077228838,14193.962,false
SPEA-II_PC90,205,8.934000,0.074539858,12806.826,false
SPEA-II_PC90,205,10.894000,0.073567453,13014.256,false
SPEA-II_PC90,205,6.966000,0.079119107,14769.185,false
SPEA-II_PC90,205,8.844000,0.074902950,12983.729,false
SPEA-II_PC90,205,8.794000,0.074983257,12980.510,false
SPEA-II_PC90,205,7.046000,0.078999046,14603.456,false
SPEA-II_PC90,205,7.936000,0.076065481,12676.094,false
SPEA-II_PC90,205,9.638000,0.074109663,13284.356,false
SPEA-II_PC90,205,8.440000,0.075120561,12380.098,false
SPEA-II_PC90,205,9.416000,0.074262316,12793.709,false
SPEA-II_PC90,205,8.530000,0.074999295,12588.445,false
SPEA-II_PC90,205,6.906000,0.079248093,14634.328,false
SPEA-II_PC90,205,8.866000,0.074616584,12806.826,false
SPEA-II_PC90,205,7.836000,0.076119706,12858.313,false
SPEA-II_PC90,205,7.074000,0.078815204,14564.949,false
SPEA-II_PC90,205,8.228000,0.075288732,12322.232,false
SPEA-II_PC90,205,9.534000,0.074226328,13083.093,false
SPEA-II_PC90,205,7.150000,0.078715715,14704.665,false
SPEA-II_PC90,205,8.042000,0.075840568,12397.354,false
SPEA-II_PC90,205,8.058000,0.075759399,13261.445,false
SPEA-II_PC90,205,9.842000,0.074015454,12744.763,false
SPEA-II_PC90,205,10.330000,0.073649922,12946.808,false
SPEA-II_PC90,205,10.646000,0.073606183,12731.343,false
SPEA-II_PC90,205,7.208000,0.078685733,14472.397,false
SPEA-II_PC90,205,8.148000,0.075545050,12519.979,false
SPEA-II_PC90,205,7.824000,0.076428930,12697.600,false
SPEA-II_PC90,205,10.526000,0.073640650,12661.746,false
SPEA-II_PC90,205,7.352000,0.078605260,14118.113,false
SPEA-II_PC90,205,7.670000,0.076633079,13168.005,false
SPEA-II_PC90,205,7.644000,0.076897769,13528.384,false
SPEA-II_PC90,205,9.922000,0.073963407,12689.108,false
SPEA-II_PC90,205,6.806000,0.079590243,14710.500,false
SPEA-II_PC90,205,6.950000,0.079230374,14467.498,false
SPEA-II_PC90,205,7.944000,0.075852686,12740.391,false
SPEA-II_PC90,205,10.038000,0.073926757,12550.855,false
SPEA-II_PC90,205,8.300000,0.075234418,12358.250,false
SPEA-II_PC90,205,6.848000,0.079294931,14391.994,false
SPEA-II_PC90,205,8.210000,0.075419315,12308.026,false
SPEA-II_PC90,205,9.996000,0.073939402,12755.204,false
SPEA-II_PC90,205,7.624000,0.077158236,13166.159,false
SPEA-II_PC90,205,10.236000,0.073821035,12729.293,false
SPEA-II_PC90,206,6.382000,0.077927369,14178.311,false
SPEA-II_PC90,206,6.242000,0.078345606,13867.075,false
SPEA-II_PC90,206,6.414000,0.077834168,14262.987,false
SPEA-II_PC90,206,7.256000,0.076450580,12888.672,false
SPEA-II_PC90,206,6.360000,0.077931514,14295.230,false
SPEA-II_PC90,206,6.610000,0.077364028,13190.226,false
SPEA-II_PC90,206,7.334000,0.076399119,12772.130,false
SPEA-II_PC90,206,6.796000,0.076994065,13200.292,false
SPEA-II_PC90,206,6.672000,0.077050564,13217.074,false
SPEA-II_PC90,206,7.180000,0.076556360,12572.653,false
SPEA-II_PC90,206,7.148000,0.076586692,12899.658,false
SPEA-II_PC90,206,6.756000,0.076998320,12629.090,false
SPEA-II_PC90,206,6.544000,0.077557586,13319.730,false
SPEA-II_PC90,206,6.292000,0.078345043,13862.933,false
SPEA-II_PC90,206,6.298000,0.078296848,13820.697,false
SPEA-II_PC90,206,6.474000,0.077711164,13884.291,false
SPEA-II_PC90,206,6.854000,0.076948899,13004.285,false
SPEA-II_PC90,206,6.984000,0.076702443,12978.658,false
SPEA-II_PC90,206,6.930000,0.076784098,12739.506,false
SPEA-II_PC90,206,7.080000,0.076643835,12902.116,false
SPEA-II_PC90,206,7.124000,0.076628159,13000.274,false
SPEA-II_PC90,206,6.306000,0.078232094,14346.268,false
SPEA-II_PC90,206,6.356000,0.078132056,13789.477,false
SPEA-II_PC90,206,6.862000,0.076808919,12718.272,false
SPEA-II_PC90,206,6.226000,0.078417523,13782.545,false
SPEA-II_PC90,206,7.242000,0.076467734,12973.207,false
SPEA-II_PC90,206,6.310000,0.078165923,14407.472,false
SPEA-II_PC90,206,6.666000,0.077183356,13219.918,false
SPEA-II_PC90,206,7.070000,0.076686179,12746.864,false
SPEA-II_PC90,206,6.518000,0.077614499,13656.567,false
SPEA-II_PC90,206,6.800000,0.076966795,12757.997,false
SPEA-II_PC90,206,6.428000,0.077747748,14217.162,false
SPEA-II_PC90,206,7.216000,0.076549000,12982.852,false
SPEA-II_PC90,206,6.620000,0.077323131,13456.569,false
SPEA-II_PC90,206,7.546000,0.076380562,12871.519,false
SPEA-II_PC90,206,6.656000,0.077277369,13232.926,false
SPEA-II_PC90,206,6.592000,0.077477443,13441.401,false
SPEA-II_PC90,206,6.962000,0.076754719,13251.888,false
SPEA-II_PC90,206,6.664000,0.077218802,13065.577,false
SPEA-II_PC90,207,6.804000,0.076619382,13821.327,false
SPEA-II_PC90,207,7.212000,0.076238266,13631.370,false
SPEA-II_PC90,207,6.296000,0.077231587,13794.652,false
SPEA-II_PC90,207,6.250000,0.077659259,13896.718,false
SPEA-II_PC90,207,6.468000,0.077006126,13586.807,false
SPEA-II_PC90,207,6.880000,0.076590292,13717.548,false
SPEA-II_PC90,207,6.370000,0.077019431,14011.457,false
SPEA-II_PC90,207,7.462000,0.076096284,13075.087,false
SPEA-II_PC90,207,7.258000,0.076225523,13532.098,false
SPEA-II_PC90,207,6.684000,0.076756409,13611.523,false
SPEA-II_PC90,207,7.082000,0.076333835,13593.555,false
SPEA-II_PC90,207,6.368000,0.077165142,13833.034,false
SPEA-II_PC90,207,6.884000,0.076536395,13626.933,false
SPEA-II_PC90,207,7.260000,0.076192772,13522.237,false
SPEA-II_PC90,207,6.496000,0.076930771,13966.798,false
SPEA-II_PC90,207,6.972000,0.076376297,13551.147,false
SPEA-II_PC90,207,7.054000,0.076370601,13423.165,false
SPEA-II_PC90,207,6.928000,0.076493284,13568.527,false
SPEA-II_PC90,207,7.130000,0.076311274,13339.149,false
SPEA-II_PC90,207,6.362000,0.077214658,14310.175,false
SPEA-II_PC90,207,7.074000,0.076354915,13442.444,false
SPEA-II_PC90,207,7.142000,0.076268202,13830.692,false
SPEA-II_PC90,207,6.598000,0.076820214,13817.514,false
SPEA-II_PC90,207,6.736000,0.076690574,14169.877,false
SPEA-II_PC90,207,7.134000,0.076289856,12877.265,false
SPEA-II_PC90,207,6.256000,0.077326027,13846.559,false
SPEA-II_PC90,207,6.548000,0.076876569,13599.897,false
SPEA-II_PC90,207,6.470000,0.076957837,14227.033,false
SPEA-II_PC90,207,7.282000,0.076158204,13413.259,false
SPEA-II_PC90,207,6.746000,0.076661657,13607.893,false
SPEA-II_PC90,208,7.004000,0.077413813,13659.889,false
SPEA-II_PC90,208,8.240000,0.075751712,12521.082,false
SPEA-II_PC90,208,7.914000,0.075926085,12277.276,false
SPEA-II_PC90,208,6.916000,0.077494743,13491.653,false
SPEA-II_PC90,208,7.400000,0.076996804,13740.720,false
SPEA-II_PC90,208,7.540000,0.076710924,13473.245,false
SPEA-II_PC90,208,6.686000,0.077691051,13215.482,false
SPEA-II_PC90,208,9.782000,0.074391121,12368.344,false
SPEA-II_PC90,208,7.444000,0.076903965,13674.839,false
SPEA-II_PC90,208,6.952000,0.077423246,13546.493,false
SPEA-II_PC90,208,8.280000,0.075708888,12493.983,false
SPEA-II_PC90,208,6.834000,0.077505714,13584.885,false
SPEA-II_PC90,208,7.316000,0.077011606,13322.447,false
SPEA-II_PC90,208,9.880000,0.074390154,12338.085,false
SPEA-II_PC90,208,9.488000,0.074611777,12368.425,false
SPEA-II_PC90,208,7.262000,0.077288666,13568.544,false
SPEA-II_PC90,208,6.522000,0.078445594,13831.004,false
SPEA-II_PC90,208,8.738000,0.075176499,12474.545,false
SPEA-II_PC90,208,7.278000,0.077159935,13188.456,false
SPEA-II_PC90,208,9.890000,0.074215561,12636.019,false
SPEA-II_PC90,208,9.984000,0.074213805,12223.530,false
SPEA-II_PC90,208,9.690000,0.074529874,12083.077,false
SPEA-II_PC90,208,9.612000,0.074562969,12309.825,false
SPEA-II_PC90,208,7.282000,0.077093802,13558.501,false
SPEA-II_PC90,208,9.696000,0.074462505,12508.202,false
SPEA-II_PC90,208,7.054000,0.077397686,13209.521,false
SPEA-II_PC90,208,7.486000,0.076747532,13582.793,false
SPEA-II_PC90,208,8.554000,0.075453177,12438.760,false
SPEA-II_PC90,208,10.084000,0.074133973,12525.579,false
SPEA-II_PC90,208,6.590000,0.078050211,14090.549,false
SPEA-II_PC90,208,6.722000,0.077682311,14213.351,false
SPEA-II_PC90,208,9.278000,0.074696188,12302.453,false
SPEA-II_PC90,208,8.194000,0.075776635,12450.290,false
SPEA-II_PC90,208,9.070000,0.074903152,12364.207,false
SPEA-II_PC90,208,7.064000,0.077293067,13978.469,false
SPEA-II_PC90,208,8.336000,0.075645267,12348.323,false
SPEA-II_PC90,208,8.978000,0.074923817,12302.670,false
SPEA-II_PC90,208,6.774000,0.077613504,14344.084,false
SPEA-II_PC90,208,7.482000,0.076835372,13790.470,false
SPEA-II_PC90,208,6.602000,0.077892899,14287.464,false
SPEA-II_PC90,208,6.584000,0.078432556,14114.218,false
SPEA-II_PC90,208,8.608000,0.075259114,12807.808,false
SPEA-II_PC90,208,6.766000,0.077661300,13860.228,false
SPEA-II_PC90,208,9.142000,0.074779369,12027.068,false
SPEA-II_PC90,208,9.178000,0.074730578,12410.145,false
SPEA-II_PC90,208,7.572000,0.076544854,13896.162,false
SPEA-II_PC90,208,8.818000,0.075007946,12693.046,false
SPEA-II_PC90,208,7.672000,0.076537469,13230.699,false
SPEA-II_PC90,208,8.192000,0.075880637,12599.507,false
SPEA-II_PC90,208,8.380000,0.075497639,12710.317,false
SPEA-II_PC90,208,6.814000,0.077551742,13838.368,false
SPEA-II_PC90,208,6.640000,0.077729925,14354.030,false
SPEA-II_PC90,208,9.406000,0.074620580,12294.931,false
SPEA-II_PC90,209,7.536000,0.075621103,12428.210,false
SPEA-II_PC90,209,8.708000,0.074549354,12869.281,false
SPEA-II_PC90,209,7.306000,0.075817894,12466.447,false
SPEA-II_PC90,209,8.734000,0.074475431,12860.412,false
SPEA-II_PC90,209,6.676000,0.078377705,14752.566,false
SPEA-II_PC90,209,7.730000,0.075338587,12960.017,false
SPEA-II_PC90,209,7.240000,0.075956598,13299.971,false
SPEA-II_PC90,209,7.110000,0.076476256,13827.226,false
SPEA-II_PC90,209,7.118000,0.076388707,14222.471,false
SPEA-II_PC90,209,8.276000,0.074901111,13118.314,false
SPEA-II_PC90,209,7.586000,0.075362828,12598.605,false
SPEA-II_PC90,209,8.480000,0.074687438,13096.135,false
SPEA-II_PC90,209,7.188000,0.075984244,12890.319,false
SPEA-II_PC90,209,7.034000,0.076617730,13630.388,false
SPEA-II_PC90,209,7.340000,0.075684616,12538.192,false
SPEA-II_PC90,209,6.844000,0.078278109,14725.760,false
SPEA-II_PC90,209,8.504000,0.074637709,13084.785,false
SPEA-II_PC90,209,8.218000,0.075037505,12476.601,false
SPEA-II_PC90,209,7.164000,0.076195862,13348.257,false
SPEA-II_PC90,209,8.766000,0.074378045,12574.020,false
SPEA-II_PC90,209,7.764000,0.075188294,12654.132,false
SPEA-II_PC90,209,6.970000,0.078203420,14623.855,false
SPEA-II_PC90,209,6.750000,0.078302360,15000.914,false
SPEA-II_PC90,209,8.236000,0.074972769,12716.785,false
SPEA-II_PC90,209,7.140000,0.076304929,13586.920,false
SPEA-II_PC90,209,6.518000,0.078573203,14717.864,false
SPEA-II_PC90,209,9.380000,0.074185965,12458.005,false
SPEA-II_PC90,209,8.310000,0.074716450,13079.313,false
SPEA-II_PC90,209,7.398000,0.075627159,12573.986,false
SPEA-II_PC90,209,6.560000,0.078488201,14860.149,false
SPEA-II_PC90,209,8.898000,0.074314411,12607.925,false
SPEA-II_PC90,209,7.686000,0.075347215,13161.083,false
SPEA-II_PC90,209,7.546000,0.075525359,12603.965,false
SPEA-II_PC90,209,7.040000,0.076571423,13955.848,false
SPEA-II_PC90,209,7.870000,0.075173686,12832.221,false
SPEA-II_PC90,209,6.982000,0.076643398,13972.587,false
SPEA-II_PC90,209,7.296000,0.075895973,12877.921,false
SPEA-II_PC90,209,7.048000,0.076509592,13487.580,false
SPEA-II_PC90,209,8.560000,0.074618397,12662.775,false
SPEA-II_PC90,209,7.758000,0.075271526,12928.733,false
SPEA-II_PC90,209,7.896000,0.075066495,13208.766,false
SPEA-II_PC90,209,6.610000,0.078419051,14572.491,false
SPEA-II_PC90,209,7.328000,0.075752146,12668.265,false
AMOSA_PC90,200,9.408000,0.079126959,13854.970,false
AMOSA_PC90,200,9.486000,0.079119542,14170.842,false
AMOSA_PC90,200,9.556000,0.079076975,13884.017,false
AMOSA_PC90,200,9.488000,0.079100984,13882.499,false
AMOSA_PC90,200,7.324000,0.080182999,15045.620,false
AMOSA_PC90,200,7.344000,0.080105580,15055.572,false
AMOSA_PC90,200,7.354000,0.079674196,14848.616,false
AMOSA_PC90,200,7.418000,0.079538799,15078.262,false
AMOSA_PC90,200,9.174000,0.079210351,14164.517,false
AMOSA_PC90,200,9.038000,0.079323749,14194.605,false
AMOSA_PC90,200,9.166000,0.079253054,13843.112,false
AMOSA_PC90,200,9.282000,0.079185061,13662.875,false
AMOSA_PC90,200,9.278000,0.079207147,14397.508,false
AMOSA_PC90,200,9.324000,0.079129051,14164.560,false
AMOSA_PC90,201,7.480000,0.079388186,14943.045,false
AMOSA_PC90,201,7.414000,0.080093898,15108.558,false
AMOSA_PC90,201,9.068000,0.078321866,14934.827,false
AMOSA_PC90,201,7.440000,0.079735354,14722.621,false
AMOSA_PC90,201,7.418000,0.079849566,14970.430,false
AMOSA_PC90,201,7.462000,0.079455730,15027.915,false
AMOSA_PC90,201,7.592000,0.078935434,15039.870,false
AMOSA_PC90,201,7.498000,0.079363359,14868.815,false
AMOSA_PC90,201,7.554000,0.079119311,15029.763,false
AMOSA_PC90,201,8.138000,0.078462490,14529.938,false
AMOSA_PC90,201,7.570000,0.078938399,15072.230,false
AMOSA_PC90,201,7.690000,0.078642811,15093.678,false
AMOSA_PC90,201,7.530000,0.079348905,14648.193,false
AMOSA_PC90,202,8.324000,0.078335825,15043.804,false
AMOSA_PC90,202,8.206000,0.078446289,14958.116,false
AMOSA_PC90,202,7.978000,0.078612328,15083.783,false
AMOSA_PC90,202,7.936000,0.078784124,15086.508,false
AMOSA_PC90,202,7.768000,0.078899804,14964.704,false
AMOSA_PC90,202,7.624000,0.080159869,14868.937,false
AMOSA_PC90,202,7.632000,0.080045698,14909.380,false
AMOSA_PC90,202,7.588000,0.080211247,15088.227,false
AMOSA_PC90,202,7.652000,0.079544777,15008.898,false
AMOSA_PC90,202,9.552000,0.077935646,14800.166,false
AMOSA_PC90,202,9.212000,0.078111355,14322.679,false
AMOSA_PC90,202,8.306000,0.078410195,15077.877,false
AMOSA_PC90,202,8.590000,0.078142115,15112.175,false
AMOSA_PC90,202,8.406000,0.078250885,15033.320,false
AMOSA_PC90,202,8.460000,0.078171461,15027.656,false
AMOSA_PC90,202,8.426000,0.078206578,15018.329,false
AMOSA_PC90,202,8.154000,0.078515751,15027.466,false
AMOSA_PC90,202,8.396000,0.078286115,15080.714,false
AMOSA_PC90,203,9.288000,0.079038586,13629.322,false
AMOSA_PC90,203,8.916000,0.079074251,13957.206,false
AMOSA_PC90,203,8.594000,0.079290265,15060.476,false
AMOSA_PC90,203,8.858000,0.079120538,14480.729,false
AMOSA_PC90,203,8.770000,0.079157624,14527.622,false
AMOSA_PC90,203,8.160000,0.079494683,14951.862,false
AMOSA_PC90,203,7.478000,0.079932628,14893.341,false
AMOSA_PC90,203,7.536000,0.079678109,15084.049,false
AMOSA_PC90,203,7.608000,0.079588118,15111.425,false
AMOSA_PC90,203,7.308000,0.079991305,14901.661,false
AMOSA_PC90,203,9.396000,0.079004787,13724.329,false
AMOSA_PC90,203,9.218000,0.079040660,13658.975,false
AMOSA_PC90,203,9.330000,0.079033534,13898.297,false
AMOSA_PC90,203,9.358000,0.079023921,13445.945,false
AMOSA_PC90,203,9.464000,0.078925536,13629.584,false
AMOSA_PC90,203,9.136000,0.079067444,13721.873,false
AMOSA_PC90,204,7.434000,0.079953219,14946.454,false
AMOSA_PC90,204,7.490000,0.079879914,14920.241,false
AMOSA_PC90,204,7.290000,0.080905818,15101.449,false
AMOSA_PC90,204,7.296000,0.080586766,15107.812,false
AMOSA_PC90,204,7.304000,0.080286766,14718.134,false
AMOSA_PC90,204,7.752000,0.078941195,15091.126,false
AMOSA_PC90,204,8.410000,0.078843491,14833.447,false
AMOSA_PC90,204,7.804000,0.078860234,15088.030,false
AMOSA_PC90,204,7.584000,0.078980784,15100.174,false
AMOSA_PC90,204,9.478000,0.078345717,14181.792,false
AMOSA_PC90,204,9.508000,0.078187379,13857.020,false
AMOSA_PC90,204,9.272000,0.078516494,13902.059,false
AMOSA_PC90,204,7.548000,0.079675153,15047.088,false
AMOSA_PC90,204,7.350000,0.080185399,14929.502,false
AMOSA_PC90,204,7.488000,0.079950135,15064.646,false
AMOSA_PC90,204,7.544000,0.079723838,15028.299,false
AMOSA_PC90,204,7.542000,0.079847242,14700.892,false
AMOSA_PC90,205,7.414000,0.079682933,14652.457,false
AMOSA_PC90,205,7.212000,0.080975043,14957.983,false
AMOSA_PC90,205,7.238000,0.080675993,15089.447,false
AMOSA_PC90,205,7.956000,0.078807156,15111.404,false
AMOSA_PC90,205,8.046000,0.078706016,15036.524,false
AMOSA_PC90,205,7.762000,0.078809575,14999.215,false
AMOSA_PC90,205,7.572000,0.079385325,14541.638,false
AMOSA_PC90,205,7.712000,0.079114959,15046.904,false
AMOSA_PC90,205,7.272000,0.079995775,15074.885,false
AMOSA_PC90,205,7.436000,0.079682082,15042.603,false
AMOSA_PC90,205,7.358000,0.079886403,15043.619,false
AMOSA_PC90,205,7.454000,0.079583821,14706.034,false
AMOSA_PC90,205,7.380000,0.079798018,14781.236,false
AMOSA_PC90,205,7.450000,0.079619836,14939.206,false
AMOSA_PC90,205,7.502000,0.079507043,14607.549,false
AMOSA_PC90,206,7.602000,0.078596080,15109.753,false
AMOSA_PC90,206,7.406000,0.079050159,14831.088,false
AMOSA_PC90,206,7.236000,0.079305024,15061.030,false
AMOSA_PC90,206,7.398000,0.079112280,15052.210,false
AMOSA_PC90,206,7.446000,0.079037256,15030.839,false
AMOSA_PC90,206,7.194000,0.080846558,14808.861,false
AMOSA_PC90,206,7.202000,0.080478748,15076.925,false
AMOSA_PC90,206,7.618000,0.078161563,15070.601,false
AMOSA_PC90,206,7.492000,0.078827158,15058.387,false
AMOSA_PC90,206,7.586000,0.078696979,14516.309,false
AMOSA_PC90,207,7.490000,0.079875174,14858.325,false
AMOSA_PC90,207,7.612000,0.079386852,14883.497,false
AMOSA_PC90,207,9.620000,0.078534995,15047.843,false
AMOSA_PC90,207,8.674000,0.078907962,14833.912,false
AMOSA_PC90,207,8.704000,0.078872127,14928.405,false
AMOSA_PC90,207,9.380000,0.078647379,14791.650,false
AMOSA_PC90,207,8.572000,0.079159999,14673.735,false
AMOSA_PC90,207,8.906000,0.078807214,14590.066,false
AMOSA_PC90,207,8.310000,0.079208192,14855.732,false
AMOSA_PC90,207,8.120000,0.079310483,14018.564,false
AMOSA_PC90,207,7.370000,0.081357286,15034.586,false
AMOSA_PC90,207,7.384000,0.080757627,14930.666,false
AMOSA_PC90,207,7.560000,0.079760835,14570.921,false
AMOSA_PC90,207,7.428000,0.079879084,14839.636,false
AMOSA_PC90,207,7.548000,0.079835623,15029.674,false
AMOSA_PC90,208,7.570000,0.078977497,15062.653,false
AMOSA_PC90,208,7.610000,0.078839590,15082.372,false
AMOSA_PC90,208,8.408000,0.078546568,15022.023,false
AMOSA_PC90,208,7.234000,0.079412351,15084.549,false
AMOSA_PC90,208,7.240000,0.079325595,14876.743,false
AMOSA_PC90,208,7.238000,0.079379748,15053.508,false
AMOSA_PC90,208,7.290000,0.079124995,14766.302,false
AMOSA_PC90,208,7.202000,0.079423629,14823.765,false
AMOSA_PC90,208,7.260000,0.079253506,15093.376,false
AMOSA_PC90,208,8.080000,0.078748288,15062.266,false
AMOSA_PC90,208,7.600000,0.078884400,14930.414,false
AMOSA_PC90,208,7.532000,0.079054782,14793.940,false
AMOSA_PC90,209,7.604000,0.078839190,14645.116,false
AMOSA_PC90,209,7.458000,0.078970004,14804.051,false
AMOSA_PC90,209,7.454000,0.079119314,14955.530,false
AMOSA_PC90,209,7.382000,0.079301407,15010.285,false
AMOSA_PC90,209,7.182000,0.080235161,15050.862,false
AMOSA_PC90,209,7.214000,0.079742360,15049.574,false
AMOSA_PC90,209,7.310000,0.079479414,14894.256,false
AMOSA_PC90,209,7.530000,0.078919077,14989.450,false
AMOSA_PC90,209,7.846000,0.078241392,14980.255,false
AMOSA_PC90,209,7.732000,0.078530129,14883.127,false
AMOSA_PC90,209,8.128000,0.078150267,14397.764,false
AMOSA_PC90,209,7.630000,0.078659560,14681.368,false
AMOSA_PC90,209,7.748000,0.078500983,14891.014,false
AMOSA_PC90,209,7.714000,0.078598279,14660.218,false
AMOSA_PC90,209,8.086000,0.078234909,14128.520,false
AMOSA_PC90,209,7.668000,0.078612966,14724.736,false
AMOSA_PC90,209,7.610000,0.078674904,14718.292,false
AMOSA_PC90,209,7.570000,0.078897838,15045.446,false
AMOSA_PC90,209,7.660000,0.078645129,14895.175,false
GA_WaitingTime_Dominance_PC80,200,10.902000,0.083558585,12895.110,false
GA_WaitingTime_Dominance_PC80,200,11.176000,0.083305516,13053.150,false
GA_WaitingTime_Dominance_PC80,200,11.146000,0.083494926,12730.084,false
GA_WaitingTime_Dominance_PC80,200,10.568000,0.083596471,12930.959,false
GA_WaitingTime_Dominance_PC80,200,9.384000,0.083693659,13198.349,false
GA_WaitingTime_Dominance_PC80,200,6.448000,0.083763740,13121.381,false
GA_WaitingTime_Dominance_PC80,200,5.370000,0.083786663,13382.180,false
GA_WaitingTime_Dominance_PC80,200,5.326000,0.083853854,13269.521,false
GA_WaitingTime_Dominance_PC80,200,5.250000,0.083968478,13413.867,false
GA_WaitingTime_Dominance_PC80,200,5.350000,0.083836363,13319.259,false
GA_WaitingTime_Dominance_PC80,200,5.316000,0.083962058,13345.269,false
GA_WaitingTime_Dominance_PC80,201,5.262000,0.082376967,13357.894,false
GA_WaitingTime_Dominance_PC80,201,5.294000,0.082133459,13144.513,false
GA_WaitingTime_Dominance_PC80,201,5.298000,0.082046203,13144.513,false
GA_WaitingTime_Dominance_PC80,201,5.284000,0.082302355,13289.381,false
GA_WaitingTime_Dominance_PC80,201,5.256000,0.082418823,13322.148,false
GA_WaitingTime_Dominance_PC80,201,5.286000,0.082280046,13335.245,false
GA_WaitingTime_Dominance_PC80,201,5.274000,0.082315411,13289.381,false
GA_WaitingTime_Dominance_PC80,201,5.236000,0.082486029,13332.181,false
GA_WaitingTime_Dominance_PC80,201,5.246000,0.082485955,13318.742,false
GA_WaitingTime_Dominance_PC80,201,5.264000,0.082350306,13311.753,false
GA_WaitingTime_Dominance_PC80,201,5.252000,0.082461571,13243.059,false
GA_WaitingTime_Dominance_PC80,201,5.260000,0.082400092,13346.501,false
GA_WaitingTime_Dominance_PC80,201,5.230000,0.082600974,13433.877,false
GA_WaitingTime_Dominance_PC80,202,14.512000,0.082831560,13157.866,false
GA_WaitingTime_Dominance_PC80,202,14.056000,0.082924707,13254.133,false
GA_WaitingTime_Dominance_PC80,202,13.312000,0.082984738,13226.315,false
GA_WaitingTime_Dominance_PC80,202,5.480000,0.083105791,12982.095,false
GA_WaitingTime_Dominance_PC80,202,5.332000,0.083500859,13240.570,false
GA_WaitingTime_Dominance_PC80,202,5.378000,0.083379067,13318.567,false
GA_WaitingTime_Dominance_PC80,202,5.330000,0.083960400,13424.779,false
GA_WaitingTime_Dominance_PC80,202,5.372000,0.083422054,13311.514,false
GA_WaitingTime_Dominance_PC80,203,5.178000,0.082658139,13271.557,false
GA_WaitingTime_Dominance_PC80,203,5.118000,0.082660209,13232.887,false
GA_WaitingTime_Dominance_PC80,203,5.092000,0.082938383,13344.628,false
GA_WaitingTime_Dominance_PC80,203,5.070000,0.083093843,13419.273,false
GA_WaitingTime_Dominance_PC80,203,5.090000,0.082957100,13384.123,false
GA_WaitingTime_Dominance_PC80,203,5.094000,0.082863966,13401.928,false
GA_WaitingTime_Dominance_PC80,203,5.056000,0.083111174,13367.658,false
GA_WaitingTime_Dominance_PC80,203,5.084000,0.083070902,13292.729,false
GA_WaitingTime_Dominance_PC80,203,5.068000,0.083108514,13321.050,false
GA_WaitingTime_Dominance_PC80,204,5.500000,0.081930861,13300.273,false
GA_WaitingTime_Dominance_PC80,204,5.412000,0.082100810,13327.678,false
GA_WaitingTime_Dominance_PC80,204,5.370000,0.082156866,13418.004,false
GA_WaitingTime_Dominance_PC80,204,5.312000,0.082384081,13353.121,false
GA_WaitingTime_Dominance_PC80,204,5.304000,0.082526126,13396.205,false
GA_WaitingTime_Dominance_PC80,204,5.322000,0.082276630,13371.961,false
GA_WaitingTime_Dominance_PC80,204,5.314000,0.082344007,13421.425,false
GA_WaitingTime_Dominance_PC80,204,5.306000,0.082408452,13273.883,false
GA_WaitingTime_Dominance_PC80,205,13.866000,0.082382724,13217.142,false
GA_WaitingTime_Dominance_PC80,205,7.742000,0.082624736,13377.777,false
GA_WaitingTime_Dominance_PC80,205,7.580000,0.082872035,13376.238,false
GA_WaitingTime_Dominance_PC80,205,7.294000,0.082922347,13254.819,false
GA_WaitingTime_Dominance_PC80,205,6.928000,0.083258963,13309.594,false
GA_WaitingTime_Dominance_PC80,205,6.764000,0.083424925,13366.488,false
GA_WaitingTime_Dominance_PC80,205,6.454000,0.083675809,13431.957,false
GA_WaitingTime_Dominance_PC80,205,5.330000,0.083677829,13295.407,false
GA_WaitingTime_Dominance_PC80,205,5.278000,0.083814309,13377.214,false
GA_WaitingTime_Dominance_PC80,205,5.254000,0.083899668,13372.007,false
GA_WaitingTime_Dominance_PC80,205,5.222000,0.084173235,13417.402,false
GA_WaitingTime_Dominance_PC80,205,5.238000,0.084084741,13372.270,false
GA_WaitingTime_Dominance_PC80,205,5.230000,0.084119139,13351.608,false
GA_WaitingTime_Dominance_PC80,205,5.248000,0.084013454,13334.138,false
GA_WaitingTime_Dominance_PC80,206,5.642000,0.083062715,13351.660,false
GA_WaitingTime_Dominance_PC80,206,5.460000,0.083183711,13330.098,false
GA_WaitingTime_Dominance_PC80,206,5.438000,0.083369241,13385.170,false
GA_WaitingTime_Dominance_PC80,206,5.390000,0.083843560,13408.374,false
GA_WaitingTime_Dominance_PC80,206,5.402000,0.083842275,13296.682,false
GA_WaitingTime_Dominance_PC80,206,5.408000,0.083393033,13407.371,false
GA_WaitingTime_Dominance_PC80,207,10.468000,0.083147017,13244.645,false
GA_WaitingTime_Dominance_PC80,207,8.106000,0.083404652,13121.618,false
GA_WaitingTime_Dominance_PC80,207,7.740000,0.083419584,13236.631,false
GA_WaitingTime_Dominance_PC80,207,7.552000,0.083581387,13168.538,false
GA_WaitingTime_Dominance_PC80,207,7.482000,0.083671076,13230.641,false
GA_WaitingTime_Dominance_PC80,207,7.470000,0.083716146,13404.648,false
GA_WaitingTime_Dominance_PC80,207,7.348000,0.083738859,13069.105,false
GA_WaitingTime_Dominance_PC80,207,7.714000,0.083559476,13303.514,false
GA_WaitingTime_Dominance_PC80,207,5.390000,0.083827418,13298.597,false
GA_WaitingTime_Dominance_PC80,207,5.288000,0.084070577,13380.386,false
GA_WaitingTime_Dominance_PC80,207,5.238000,0.084380575,13368.765,false
GA_WaitingTime_Dominance_PC80,207,5.246000,0.084264826,13311.460,false
GA_WaitingTime_Dominance_PC80,207,5.280000,0.084103288,13309.694,false
GA_WaitingTime_Dominance_PC80,207,5.240000,0.084327909,13429.457,false
GA_WaitingTime_Dominance_PC80,207,5.360000,0.083883136,13390.114,false
GA_WaitingTime_Dominance_PC80,207,5.230000,0.084413929,13393.101,false
GA_WaitingTime_Dominance_PC80,207,5.256000,0.084238964,13311.460,false
GA_WaitingTime_Dominance_PC80,207,5.274000,0.084191399,13393.101,false
GA_WaitingTime_Dominance_PC80,208,7.970000,0.082810519,13124.688,false
GA_WaitingTime_Dominance_PC80,208,7.742000,0.082850655,13388.384,false
GA_WaitingTime_Dominance_PC80,208,7.522000,0.082935643,13332.609,false
GA_WaitingTime_Dominance_PC80,208,5.962000,0.082979388,13303.087,false
GA_WaitingTime_Dominance_PC80,208,5.526000,0.083278395,13365.439,false
GA_WaitingTime_Dominance_PC80,208,5.352000,0.083836797,13407.200,false
GA_WaitingTime_Dominance_PC80,208,5.356000,0.083627013,13399.022,false
GA_WaitingTime_Dominance_PC80,208,5.358000,0.083602191,13356.312,false
GA_WaitingTime_Dominance_PC80,208,5.418000,0.083461990,13173.083,false
GA_WaitingTime_Dominance_PC80,208,5.306000,0.083901162,13373.575,false
GA_WaitingTime_Dominance_PC80,208,5.296000,0.083945274,13334.679,false
GA_WaitingTime_Dominance_PC80,208,5.372000,0.083555206,13430.485,false
GA_WaitingTime_Dominance_PC80,209,5.212000,0.082168964,13160.175,false
GA_WaitingTime_Dominance_PC80,209,5.220000,0.082016937,13337.607,false
GA_WaitingTime_Dominance_PC80,209,5.272000,0.082002918,13350.196,false
GA_WaitingTime_Dominance_PC80,209,5.168000,0.082406881,13248.805,false
GA_WaitingTime_Dominance_PC80,209,5.180000,0.082180946,13152.235,false
GA_Energy_Dominance_PC80,200,14.090000,0.082693965,13291.974,false
GA_Energy_Dominance_PC80,200,14.218000,0.082310137,13332.292,false
GA_Energy_Dominance_PC80,200,14.254000,0.082125041,13414.142,false
GA_Energy_Dominance_PC80,200,14.422000,0.082047332,13074.722,false
GA_Energy_Dominance_PC80,200,14.480000,0.081823990,13280.843,false
GA_Energy_Dominance_PC80,200,14.426000,0.081974142,13273.404,false
GA_Energy_Dominance_PC80,200,14.526000,0.081690424,13386.205,false
GA_Energy_Dominance_PC80,200,14.428000,0.081836910,13258.898,false
GA_Energy_Dominance_PC80,200,15.100000,0.081124996,12574.393,false
GA_Energy_Dominance_PC80,200,14.726000,0.081561561,13415.318,false
GA_Energy_Dominance_PC80,200,15.008000,0.081145618,13011.726,false
GA_Energy_Dominance_PC80,200,14.902000,0.081253802,12892.938,false
GA_Energy_Dominance_PC80,200,14.820000,0.081270174,13248.487,false
GA_Energy_Dominance_PC80,200,15.148000,0.081009720,13333.406,false
GA_Energy_Dominance_PC80,200,15.214000,0.080480501,13172.672,false
GA_Energy_Dominance_PC80,200,15.212000,0.080582582,12828.963,false
GA_Energy_Dominance_PC80,200,15.588000,0.079668789,13229.867,false
GA_Energy_Dominance_PC80,200,15.874000,0.079629554,12920.071,false
GA_Energy_Dominance_PC80,200,15.292000,0.079836839,13251.408,false
GA_Energy_Dominance_PC80,200,16.066000,0.079545326,12919.313,false
GA_Energy_Dominance_PC80,200,15.922000,0.079545569,12898.119,false
GA_Energy_Dominance_PC80,200,16.262000,0.077547928,12552.039,false
GA_Energy_Dominance_PC80,200,16.362000,0.077398619,12456.784,false
GA_Energy_Dominance_PC80,200,16.494000,0.077350910,12569.835,false
GA_Energy_Dominance_PC80,200,16.664000,0.077182487,13209.258,false
GA_Energy_Dominance_PC80,200,16.744000,0.077124860,13161.423,false
GA_Energy_Dominance_PC80,200,16.834000,0.076779026,12826.563,false
GA_Energy_Dominance_PC80,200,16.844000,0.076203009,12304.025,false
GA_Energy_Dominance_PC80,200,16.870000,0.074502780,12119.284,false
GA_Energy_Dominance_PC80,200,17.294000,0.074333691,12406.968,false
GA_Energy_Dominance_PC80,200,17.512000,0.073503693,12030.439,false
GA_Energy_Dominance_PC80,200,17.476000,0.073751157,11920.037,false
GA_Energy_Dominance_PC80,200,18.160000,0.072683031,11073.892,false
GA_Energy_Dominance_PC80,200,17.678000,0.072689489,10740.801,false
GA_Energy_Dominance_PC80,200,18.232000,0.072469352,11047.216,false
GA_Energy_Dominance_PC80,200,18.378000,0.072212277,10895.022,false
GA_Energy_Dominance_PC80,200,18.300000,0.072299817,10892.358,false
GA_Energy_Dominance_PC80,200,18.524000,0.072199907,10959.008,false
GA_Energy_Dominance_PC80,200,19.034000,0.072085714,10855.838,false
GA_Energy_Dominance_PC80,200,19.634000,0.072069260,11109.281,false
GA_Energy_Dominance_PC80,200,18.664000,0.072125561,11004.008,false
GA_Energy_Dominance_PC80,200,18.962000,0.072113272,10829.113,false
GA_Energy_Dominance_PC80,201,14.466000,0.081064081,13242.090,false
GA_Energy_Dominance_PC80,201,15.480000,0.080689859,12983.151,false
GA_Energy_Dominance_PC80,201,14.504000,0.080837660,13155.558,false
GA_Energy_Dominance_PC80,201,15.544000,0.079884813,12883.708,false
GA_Energy_Dominance_PC80,201,16.004000,0.079660152,13061.661,false
GA_Energy_Dominance_PC80,201,16.058000,0.079293423,13071.009,false
GA_Energy_Dominance_PC80,201,16.892000,0.078842784,12853.938,false
GA_Energy_Dominance_PC80,201,17.280000,0.078449428,12774.987,false
GA_Energy_Dominance_PC80,201,17.260000,0.078678481,12346.413,false
GA_Energy_Dominance_PC80,201,17.578000,0.077873033,13183.203,false
GA_Energy_Dominance_PC80,201,17.568000,0.077918411,13201.926,false
GA_Energy_Dominance_PC80,201,18.158000,0.075823505,13241.876,false
GA_Energy_Dominance_PC80,201,18.514000,0.075676527,13004.732,false
GA_Energy_Dominance_PC80,201,17.644000,0.076431220,11922.026,false
GA_Energy_Dominance_PC80,201,18.686000,0.075597306,12054.095,false
GA_Energy_Dominance_PC80,201,18.322000,0.075691174,12877.776,false
GA_Energy_Dominance_PC80,201,18.294000,0.075795207,13037.689,false
GA_Energy_Dominance_PC80,201,18.708000,0.075531081,13043.432,false
GA_Energy_Dominance_PC80,201,18.870000,0.074395466,12840.755,false
GA_Energy_Dominance_PC80,201,18.746000,0.074505909,12518.643,false
GA_Energy_Dominance_PC80,201,18.852000,0.074501888,12841.705,false
GA_Energy_Dominance_PC80,201,18.714000,0.074785819,13254.327,false
GA_Energy_Dominance_PC80,201,19.284000,0.074088594,13292.677,false
GA_Energy_Dominance_PC80,201,19.444000,0.074035992,13230.492,false
GA_Energy_Dominance_PC80,201,18.948000,0.074298091,13433.390,false
GA_Energy_Dominance_PC80,201,19.214000,0.074211728,12764.956,false
GA_Energy_Dominance_PC80,201,19.458000,0.073942343,13102.896,false
GA_Energy_Dominance_PC80,201,19.684000,0.073677180,12922.727,false
GA_Energy_Dominance_PC80,201,19.636000,0.073813224,12845.907,false
GA_Energy_Dominance_PC80,201,19.972000,0.073421920,13017.851,false
GA_Energy_Dominance_PC80,201,19.970000,0.073536753,13017.851,false
GA_Energy_Dominance_PC80,201,20.186000,0.073146953,12780.921,false
GA_Energy_Dominance_PC80,201,20.712000,0.072671661,11913.644,false
GA_Energy_Dominance_PC80,201,20.516000,0.072793136,12232.981,false
GA_Energy_Dominance_PC80,201,19.920000,0.073662171,12512.297,false
GA_Energy_Dominance_PC80,201,20.648000,0.072776636,12289.516,false
GA_Energy_Dominance_PC80,201,21.296000,0.072320380,11988.564,false
GA_Energy_Dominance_PC80,201,21.334000,0.072150233,12219.164,false
GA_Energy_Dominance_PC80,201,21.112000,0.072376214,12189.722,false
GA_Energy_Dominance_PC80,201,21.672000,0.071900939,12209.937,false
GA_Energy_Dominance_PC80,201,21.530000,0.071991727,12235.575,false
GA_Energy_Dominance_PC80,201,21.674000,0.071595039,11862.692,false
GA_Energy_Dominance_PC80,201,21.822000,0.071048580,11918.585,false
GA_Energy_Dominance_PC80,201,22.182000,0.070601939,11981.240,false
GA_Energy_Dominance_PC80,201,22.220000,0.070434287,11971.817,false
GA_Energy_Dominance_PC80,201,22.384000,0.070418448,11923.496,false
GA_Energy_Dominance_PC80,201,21.976000,0.071020161,11620.717,false
GA_Energy_Dominance_PC80,201,22.082000,0.070991063,11829.420,false
GA_Energy_Dominance_PC80,201,22.844000,0.070217504,11653.583,false
GA_Energy_Dominance_PC80,201,22.512000,0.070413215,11783.801,false
GA_Energy_Dominance_PC80,201,22.520000,0.070237004,11643.142,false
GA_Energy_Dominance_PC80,201,23.120000,0.070134209,11612.375,false
GA_Energy_Dominance_PC80,201,23.276000,0.070119668,11567.395,false
GA_Energy_Dominance_PC80,201,23.374000,0.070056290,11637.498,false
GA_Energy_Dominance_PC80,201,23.558000,0.069996120,11444.263,false
GA_Energy_Dominance_PC80,201,23.618000,0.069835248,11193.248,false
GA_Energy_Dominance_PC80,201,24.182000,0.069823880,11309.750,false
GA_Energy_Dominance_PC80,201,24.988000,0.069613522,10540.091,false
GA_Energy_Dominance_PC80,201,25.180000,0.069586545,10567.913,false
GA_Energy_Dominance_PC80,201,24.740000,0.069619165,10651.981,false
GA_Energy_Dominance_PC80,201,25.896000,0.069559015,10476.315,false
GA_Energy_Dominance_PC80,201,25.400000,0.069565374,10962.380,false
GA_Energy_Dominance_PC80,201,24.276000,0.069622536,10659.399,false
GA_Energy_Dominance_PC80,202,10.306000,0.080538137,13189.028,false
GA_Energy_Dominance_PC80,202,9.950000,0.080708632,13206.042,false
GA_Energy_Dominance_PC80,202,10.284000,0.080557453,13067.676,false
GA_Energy_Dominance_PC80,202,10.366000,0.080440663,12939.152,false
GA_Energy_Dominance_PC80,202,10.448000,0.080235417,12978.369,false
GA_Energy_Dominance_PC80,202,10.396000,0.080286997,13230.278,false
GA_Energy_Dominance_PC80,202,10.720000,0.079615241,12643.604,false
GA_Energy_Dominance_PC80,202,11.266000,0.079267375,13281.199,false
GA_Energy_Dominance_PC80,202,10.488000,0.079894288,13111.982,false
GA_Energy_Dominance_PC80,202,10.508000,0.079716843,13225.028,false
GA_Energy_Dominance_PC80,202,10.748000,0.079364112,12770.606,false
GA_Energy_Dominance_PC80,202,11.228000,0.079337622,13240.433,false
GA_Energy_Dominance_PC80,202,11.346000,0.079023561,12748.332,false
GA_Energy_Dominance_PC80,202,11.520000,0.078995522,12873.131,false
GA_Energy_Dominance_PC80,202,11.554000,0.078872307,12945.581,false
GA_Energy_Dominance_PC80,202,11.686000,0.077487382,12483.181,false
GA_Energy_Dominance_PC80,202,11.614000,0.077617731,12702.029,false
GA_Energy_Dominance_PC80,202,11.970000,0.077354177,12611.656,false
GA_Energy_Dominance_PC80,202,11.936000,0.077467659,12318.687,false
GA_Energy_Dominance_PC80,202,12.300000,0.076328890,13282.450,false
GA_Energy_Dominance_PC80,202,12.016000,0.076407121,13371.897,false
GA_Energy_Dominance_PC80,202,12.366000,0.076272425,13237.263,false
GA_Energy_Dominance_PC80,202,12.392000,0.075877877,13054.329,false
GA_Energy_Dominance_PC80,202,12.654000,0.075699259,12811.613,false
GA_Energy_Dominance_PC80,202,12.966000,0.075364042,12749.290,false
GA_Energy_Dominance_PC80,202,12.692000,0.075383242,12452.225,false
GA_Energy_Dominance_PC80,202,12.784000,0.075380616,12733.216,false
GA_Energy_Dominance_PC80,202,13.154000,0.075323313,12541.960,false
GA_Energy_Dominance_PC80,202,13.170000,0.075263918,13196.751,false
GA_Energy_Dominance_PC80,202,13.190000,0.075117330,13114.046,false
GA_Energy_Dominance_PC80,202,13.278000,0.074825346,12867.979,false
GA_Energy_Dominance_PC80,202,13.490000,0.074816855,12893.467,false
GA_Energy_Dominance_PC80,202,13.734000,0.073987924,12810.268,false
GA_Energy_Dominance_PC80,202,13.906000,0.073953142,12482.816,false
GA_Energy_Dominance_PC80,202,13.614000,0.074175484,12555.470,false
GA_Energy_Dominance_PC80,202,13.628000,0.074009786,12617.744,false
GA_Energy_Dominance_PC80,202,13.500000,0.074316168,12906.341,false
GA_Energy_Dominance_PC80,202,13.956000,0.073783892,12953.926,false
GA_Energy_Dominance_PC80,202,14.084000,0.073567045,12817.536,false
GA_Energy_Dominance_PC80,202,14.184000,0.073516351,12686.758,false
GA_Energy_Dominance_PC80,202,14.612000,0.072932878,12739.110,false
GA_Energy_Dominance_PC80,202,14.332000,0.073067567,12776.555,false
GA_Energy_Dominance_PC80,202,14.484000,0.073044555,12701.590,false
GA_Energy_Dominance_PC80,202,14.754000,0.072930666,12605.715,false
GA_Energy_Dominance_PC80,202,14.780000,0.072487481,12615.123,false
GA_Energy_Dominance_PC80,202,15.008000,0.072480632,12630.945,false
GA_Energy_Dominance_PC80,202,14.216000,0.073157457,12546.332,false
GA_Energy_Dominance_PC80,202,15.094000,0.072468717,12758.382,false
GA_Energy_Dominance_PC80,202,15.184000,0.072365588,12508.645,false
GA_Energy_Dominance_PC80,202,15.194000,0.072244494,12276.545,false
GA_Energy_Dominance_PC80,202,15.356000,0.071693822,12400.361,false
GA_Energy_Dominance_PC80,202,15.422000,0.071646177,12405.413,false
GA_Energy_Dominance_PC80,202,15.248000,0.072029523,12405.675,false
GA_Energy_Dominance_PC80,202,15.298000,0.071796407,12153.879,false
GA_Energy_Dominance_PC80,202,15.686000,0.071455286,11936.131,false
GA_Energy_Dominance_PC80,202,15.650000,0.071588965,11844.521,false
GA_Energy_Dominance_PC80,202,15.730000,0.071336898,11841.077,false
GA_Energy_Dominance_PC80,202,15.854000,0.071304015,11790.766,false
GA_Energy_Dominance_PC80,202,16.096000,0.071257278,11680.807,false
GA_Energy_Dominance_PC80,202,16.020000,0.071266509,11696.946,false
GA_Energy_Dominance_PC80,203,17.068000,0.085566321,13217.095,false
GA_Energy_Dominance_PC80,203,17.608000,0.085420574,13399.018,false
GA_Energy_Dominance_PC80,203,17.720000,0.085255260,13411.607,false
GA_Energy_Dominance_PC80,203,17.420000,0.085474436,13399.018,false
GA_Energy_Dominance_PC80,203,18.040000,0.084151195,13292.505,false
GA_Energy_Dominance_PC80,203,19.690000,0.083135058,13240.860,false
GA_Energy_Dominance_PC80,203,20.320000,0.082289689,12875.616,false
GA_Energy_Dominance_PC80,203,20.218000,0.082415677,12900.273,false
GA_Energy_Dominance_PC80,203,21.314000,0.080268732,12783.834,false
GA_Energy_Dominance_PC80,203,20.664000,0.080885503,13266.814,false
GA_Energy_Dominance_PC80,203,21.140000,0.080594081,12747.726,false
GA_Energy_Dominance_PC80,203,21.764000,0.079860589,12637.318,false
GA_Energy_Dominance_PC80,203,22.112000,0.079757385,12782.584,false
GA_Energy_Dominance_PC80,203,22.174000,0.079487001,12839.658,false
GA_Energy_Dominance_PC80,203,21.562000,0.079938971,12803.371,false
GA_Energy_Dominance_PC80,203,22.318000,0.079159730,13176.366,false
GA_Energy_Dominance_PC80,203,22.148000,0.079566588,12385.249,false
GA_Energy_Dominance_PC80,203,22.824000,0.079044119,13011.158,false
GA_Energy_Dominance_PC80,203,22.692000,0.079138568,12825.531,false
GA_Energy_Dominance_PC80,203,23.296000,0.078170534,13182.007,false
GA_Energy_Dominance_PC80,203,23.094000,0.078462165,13182.007,false
GA_Energy_Dominance_PC80,203,23.416000,0.078047301,13075.973,false
GA_Energy_Dominance_PC80,203,23.202000,0.078183861,13067.514,false
GA_Energy_Dominance_PC80,203,22.888000,0.078469472,12673.149,false
GA_Energy_Dominance_PC80,203,23.670000,0.077204088,12371.356,false
GA_Energy_Dominance_PC80,203,24.264000,0.076669431,12650.017,false
GA_Energy_Dominance_PC80,203,24.378000,0.076622306,12376.229,false
GA_Energy_Dominance_PC80,203,24.466000,0.076211640,12921.544,false
GA_Energy_Dominance_PC80,203,24.652000,0.076192590,12940.241,false
GA_Energy_Dominance_PC80,203,24.858000,0.076145448,13120.288,false
GA_Energy_Dominance_PC80,203,25.288000,0.076143569,12857.948,false
GA_Energy_Dominance_PC80,203,25.298000,0.075265156,12676.395,false
GA_Energy_Dominance_PC80,203,25.558000,0.074808350,13319.715,false
GA_Energy_Dominance_PC80,203,26.218000,0.073966484,12589.954,false
GA_Energy_Dominance_PC80,203,25.628000,0.074124483,12091.803,false
GA_Energy_Dominance_PC80,203,26.518000,0.073896502,12611.411,false
GA_Energy_Dominance_PC80,203,26.622000,0.073775498,12607.933,false
GA_Energy_Dominance_PC80,203,26.850000,0.073564700,12848.882,false
GA_Energy_Dominance_PC80,203,27.126000,0.073537580,12709.651,false
GA_Energy_Dominance_PC80,203,27.304000,0.073378763,12337.321,false
GA_Energy_Dominance_PC80,203,27.312000,0.072070683,10986.769,false
GA_Energy_Dominance_PC80,203,27.738000,0.071449953,11006.937,false
GA_Energy_Dominance_PC80,203,28.036000,0.071069562,11282.885,false
GA_Energy_Dominance_PC80,203,27.836000,0.071237312,11110.758,false
GA_Energy_Dominance_PC80,203,28.076000,0.070829296,10932.642,false
GA_Energy_Dominance_PC80,203,28.536000,0.070782296,10917.471,false
GA_Energy_Dominance_PC80,203,29.766000,0.070747966,11159.776,false
GA_Energy_Dominance_PC80,203,29.162000,0.070761244,11077.964,false
GA_Energy_Dominance_PC80,203,28.334000,0.070792963,10904.882,false
GA_Energy_Dominance_PC80,204,11.098000,0.079599502,13293.372,false
GA_Energy_Dominance_PC80,204,10.738000,0.079636710,13427.852,false
GA_Energy_Dominance_PC80,204,11.192000,0.079571538,13054.119,false
GA_Energy_Dominance_PC80,204,11.254000,0.079538212,12895.151,false
GA_Energy_Dominance_PC80,204,11.278000,0.079383791,12725.008,false
GA_Energy_Dominance_PC80,204,11.294000,0.079260648,12950.763,false
GA_Energy_Dominance_PC80,204,11.380000,0.078671281,13107.977,false
GA_Energy_Dominance_PC80,204,11.592000,0.078573711,13128.210,false
GA_Energy_Dominance_PC80,204,11.360000,0.078816015,13101.765,false
GA_Energy_Dominance_PC80,204,11.664000,0.078448739,13120.696,false
GA_Energy_Dominance_PC80,204,11.760000,0.078266665,12769.125,false
GA_Energy_Dominance_PC80,204,12.494000,0.078055279,12702.535,false
GA_Energy_Dominance_PC80,204,11.990000,0.078235188,13330.467,false
GA_Energy_Dominance_PC80,204,12.828000,0.077865691,13401.952,false
GA_Energy_Dominance_PC80,204,12.890000,0.077861535,13198.331,false
GA_Energy_Dominance_PC80,204,12.616000,0.077935063,13162.471,false
GA_Energy_Dominance_PC80,204,12.912000,0.077731753,12876.169,false
GA_Energy_Dominance_PC80,204,13.170000,0.077679489,12637.185,false
GA_Energy_Dominance_PC80,204,13.272000,0.077343509,13091.080,false
GA_Energy_Dominance_PC80,204,13.378000,0.077286772,12593.055,false
GA_Energy_Dominance_PC80,204,13.260000,0.077645542,13278.566,false
GA_Energy_Dominance_PC80,204,13.616000,0.076863641,13043.928,false
GA_Energy_Dominance_PC80,204,13.542000,0.076982746,12218.341,false
GA_Energy_Dominance_PC80,204,13.782000,0.076203120,12760.342,false
GA_Energy_Dominance_PC80,204,13.952000,0.076118946,12713.373,false
GA_Energy_Dominance_PC80,204,13.866000,0.076181405,12469.780,false
GA_Energy_Dominance_PC80,204,13.642000,0.076703114,12907.178,false
GA_Energy_Dominance_PC80,204,14.258000,0.075925689,12841.823,false
GA_Energy_Dominance_PC80,204,14.298000,0.075879713,12571.785,false
GA_Energy_Dominance_PC80,204,14.644000,0.075432735,12717.282,false
GA_Energy_Dominance_PC80,204,14.356000,0.075445685,12353.780,false
GA_Energy_Dominance_PC80,204,14.704000,0.075346572,12189.843,false
GA_Energy_Dominance_PC80,204,14.816000,0.075225842,12096.355,false
GA_Energy_Dominance_PC80,204,14.998000,0.075195803,12266.142,false
GA_Energy_Dominance_PC80,204,14.772000,0.075280688,12376.707,false
GA_Energy_Dominance_PC80,204,14.898000,0.075204889,12492.315,false
GA_Energy_Dominance_PC80,204,15.048000,0.074958826,12568.001,false
GA_Energy_Dominance_PC80,204,15.220000,0.074792586,12350.806,false
GA_Energy_Dominance_PC80,204,15.162000,0.074920221,12306.995,false
GA_Energy_Dominance_PC80,204,15.242000,0.074490025,12393.430,false
GA_Energy_Dominance_PC80,204,15.400000,0.074465286,12434.421,false
GA_Energy_Dominance_PC80,204,15.444000,0.074056017,11734.336,false
GA_Energy_Dominance_PC80,204,15.430000,0.074302754,11634.123,false
GA_Energy_Dominance_PC80,204,15.592000,0.073531353,11859.876,false
GA_Energy_Dominance_PC80,204,15.496000,0.073578947,11504.974,false
GA_Energy_Dominance_PC80,204,15.838000,0.073111449,11224.448,false
GA_Energy_Dominance_PC80,204,15.604000,0.073127351,11834.463,false
GA_Energy_Dominance_PC80,204,15.962000,0.073001985,11389.610,false
GA_Energy_Dominance_PC80,204,16.044000,0.072928929,11916.299,false
GA_Energy_Dominance_PC80,204,16.094000,0.072689876,11524.797,false
GA_Energy_Dominance_PC80,204,16.562000,0.072647332,11525.447,false
GA_Energy_Dominance_PC80,204,16.706000,0.072612113,11558.613,false
GA_Energy_Dominance_PC80,204,16.836000,0.072582483,11550.806,false
GA_Energy_Dominance_PC80,204,17.132000,0.072328238,11639.605,false
GA_Energy_Dominance_PC80,204,17.002000,0.072451373,11622.876,false
GA_Energy_Dominance_PC80,204,17.172000,0.072217852,11571.108,false
GA_Energy_Dominance_PC80,204,17.022000,0.072359561,11538.560,false
GA_Energy_Dominance_PC80,204,17.320000,0.072190800,11377.725,false
GA_Energy_Dominance_PC80,204,17.666000,0.071994877,11591.925,false
GA_Energy_Dominance_PC80,204,17.750000,0.071869596,11400.847,false
GA_Energy_Dominance_PC80,204,17.908000,0.071764571,11496.487,false
GA_Energy_Dominance_PC80,204,18.530000,0.071671797,11533.355,false
GA_Energy_Dominance_PC80,204,18.994000,0.071484970,11369.443,false
GA_Energy_Dominance_PC80,204,18.728000,0.071667407,11225.042,false
GA_Energy_Dominance_PC80,204,19.128000,0.071436099,11157.101,false
GA_Energy_Dominance_PC80,204,18.952000,0.071634335,11221.879,false
GA_Energy_Dominance_PC80,204,19.764000,0.071206838,11151.389,false
GA_Energy_Dominance_PC80,204,19.332000,0.071368548,11232.483,false
GA_Energy_Dominance_PC80,204,19.472000,0.071225699,11128.635,false
GA_Energy_Dominance_PC80,204,19.996000,0.071146998,11176.208,false
GA_Energy_Dominance_PC80,204,20.324000,0.070931805,11453.248,false
GA_Energy_Dominance_PC80,204,20.174000,0.070985378,11451.018,false
GA_Energy_Dominance_PC80,204,20.528000,0.070713567,10820.493,false
GA_Energy_Dominance_PC80,204,20.536000,0.070554141,11103.614,false
GA_Energy_Dominance_PC80,204,20.804000,0.070499109,10891.048,false
GA_Energy_Dominance_PC80,204,20.864000,0.070259416,11056.109,false
GA_Energy_Dominance_PC80,204,21.018000,0.070147264,11022.948,false
GA_Energy_Dominance_PC80,204,21.342000,0.070037679,11041.715,false
GA_Energy_Dominance_PC80,204,21.488000,0.070027591,10946.314,false
GA_Energy_Dominance_PC80,204,22.536000,0.070027328,11205.546,false
GA_Energy_Dominance_PC80,204,22.782000,0.070026701,11180.368,false
GA_Energy_Dominance_PC80,204,21.196000,0.070050384,10976.673,false
GA_Energy_Dominance_PC80,205,14.806000,0.081671816,12909.929,false
GA_Energy_Dominance_PC80,205,14.592000,0.081962709,13395.735,false
GA_Energy_Dominance_PC80,205,14.844000,0.081170329,13234.896,false
GA_Energy_Dominance_PC80,205,15.640000,0.080531936,13117.527,false
GA_Energy_Dominance_PC80,205,15.494000,0.080682223,13017.760,false
GA_Energy_Dominance_PC80,205,15.678000,0.080415380,12936.231,false
GA_Energy_Dominance_PC80,205,16.092000,0.080073426,12740.568,false
GA_Energy_Dominance_PC80,205,15.894000,0.080095216,12720.427,false
GA_Energy_Dominance_PC80,205,16.238000,0.079631707,13261.491,false
GA_Energy_Dominance_PC80,205,16.458000,0.079357767,12994.220,false
GA_Energy_Dominance_PC80,205,17.704000,0.078360482,13180.746,false
GA_Energy_Dominance_PC80,205,17.466000,0.078453509,13401.034,false
GA_Energy_Dominance_PC80,205,17.630000,0.078398535,13245.632,false
GA_Energy_Dominance_PC80,205,16.738000,0.078706247,12883.505,false
GA_Energy_Dominance_PC80,205,17.300000,0.078611378,13066.307,false
GA_Energy_Dominance_PC80,205,17.796000,0.078243579,13003.375,false
GA_Energy_Dominance_PC80,205,17.834000,0.078178280,13041.855,false
GA_Energy_Dominance_PC80,205,17.936000,0.077911113,13093.938,false
GA_Energy_Dominance_PC80,205,18.126000,0.077602160,13422.857,false
GA_Energy_Dominance_PC80,205,18.108000,0.077769588,12709.454,false
GA_Energy_Dominance_PC80,205,18.520000,0.077360784,12752.462,false
GA_Energy_Dominance_PC80,205,18.450000,0.077473801,13240.521,false
GA_Energy_Dominance_PC80,205,18.870000,0.077205207,13148.576,false
GA_Energy_Dominance_PC80,205,18.886000,0.077100962,12934.083,false
GA_Energy_Dominance_PC80,205,19.140000,0.077052942,12829.833,false
GA_Energy_Dominance_PC80,205,19.206000,0.076912262,13217.531,false
GA_Energy_Dominance_PC80,205,18.720000,0.077208834,13030.606,false
GA_Energy_Dominance_PC80,205,19.288000,0.076263699,12853.174,false
GA_Energy_Dominance_PC80,205,19.700000,0.075988509,13204.108,false
GA_Energy_Dominance_PC80,205,19.624000,0.076024264,13204.108,false
GA_Energy_Dominance_PC80,205,19.566000,0.076096374,13125.755,false
GA_Energy_Dominance_PC80,205,19.760000,0.075884026,12395.395,false
GA_Energy_Dominance_PC80,205,19.990000,0.075797537,12686.404,false
GA_Energy_Dominance_PC80,205,20.160000,0.075660903,12844.077,false
GA_Energy_Dominance_PC80,205,20.006000,0.075722061,13030.389,false
GA_Energy_Dominance_PC80,205,20.300000,0.075624787,13331.199,false
GA_Energy_Dominance_PC80,205,20.324000,0.074945083,12327.789,false
GA_Energy_Dominance_PC80,205,20.816000,0.074717606,12577.569,false
GA_Energy_Dominance_PC80,205,20.948000,0.074617460,12416.227,false
GA_Energy_Dominance_PC80,205,21.050000,0.074584906,12330.297,false
GA_Energy_Dominance_PC80,205,20.678000,0.074723181,12691.769,false
GA_Energy_Dominance_PC80,205,21.278000,0.074149954,12270.249,false
GA_Energy_Dominance_PC80,205,21.166000,0.074249343,12247.214,false
GA_Energy_Dominance_PC80,205,21.286000,0.073989315,12017.470,false
GA_Energy_Dominance_PC80,205,21.534000,0.073846273,12121.426,false
GA_Energy_Dominance_PC80,205,21.316000,0.073875220,12247.874,false
GA_Energy_Dominance_PC80,205,21.636000,0.073646294,12084.376,false
GA_Energy_Dominance_PC80,205,21.656000,0.073285645,11843.087,false
GA_Energy_Dominance_PC80,205,21.710000,0.073163366,11958.308,false
GA_Energy_Dominance_PC80,205,22.220000,0.073056401,12006.527,false
GA_Energy_Dominance_PC80,205,22.056000,0.073091357,12056.391,false
GA_Energy_Dominance_PC80,205,22.262000,0.072724634,11857.921,false
GA_Energy_Dominance_PC80,205,22.430000,0.072648797,12176.425,false
GA_Energy_Dominance_PC80,205,22.438000,0.072485412,11897.816,false
GA_Energy_Dominance_PC80,205,22.800000,0.072356949,12116.751,false
GA_Energy_Dominance_PC80,205,23.138000,0.072172893,11896.761,false
GA_Energy_Dominance_PC80,205,22.644000,0.072379749,11982.031,false
GA_Energy_Dominance_PC80,205,23.452000,0.071924541,11754.412,false
GA_Energy_Dominance_PC80,205,23.332000,0.072039897,11802.762,false
GA_Energy_Dominance_PC80,205,23.738000,0.071774380,11811.366,false
GA_Energy_Dominance_PC80,205,24.084000,0.071748050,11605.424,false
GA_Energy_Dominance_PC80,205,23.966000,0.071764278,11643.275,false
GA_Energy_Dominance_PC80,205,24.500000,0.070755697,10623.892,false
GA_Energy_Dominance_PC80,205,24.728000,0.070737123,11038.871,false
GA_Energy_Dominance_PC80,205,24.100000,0.071628511,11389.548,false
GA_Energy_Dominance_PC80,205,24.196000,0.070800758,10729.090,false
GA_Energy_Dominance_PC80,205,24.120000,0.071231478,10614.164,false
GA_Energy_Dominance_PC80,205,25.678000,0.070687554,10815.684,false
GA_Energy_Dominance_PC80,205,25.840000,0.070687554,10814.681,false
GA_Energy_Dominance_PC80,205,25.014000,0.070693467,11294.799,false
GA_Energy_Dominance_PC80,206,13.000000,0.082423520,12997.517,false
GA_Energy_Dominance_PC80,206,12.936000,0.082751537,13101.358,false
GA_Energy_Dominance_PC80,206,13.262000,0.081940836,12891.348,false
GA_Energy_Dominance_PC80,206,13.182000,0.082140212,13053.888,false
GA_Energy_Dominance_PC80,206,14.400000,0.081132993,13282.006,false
GA_Energy_Dominance_PC80,206,13.412000,0.081247554,12956.690,false
GA_Energy_Dominance_PC80,206,14.344000,0.081184579,12957.431,false
GA_Energy_Dominance_PC80,206,15.058000,0.080832254,13150.998,false
GA_Energy_Dominance_PC80,206,14.864000,0.080840487,13298.301,false
GA_Energy_Dominance_PC80,206,15.100000,0.080715586,13062.260,false
GA_Energy_Dominance_PC80,206,15.218000,0.080661755,13232.703,false
GA_Energy_Dominance_PC80,206,15.370000,0.080320726,13343.660,false
GA_Energy_Dominance_PC80,206,15.222000,0.080504985,13244.384,false
GA_Energy_Dominance_PC80,206,15.730000,0.079846051,13231.186,false
GA_Energy_Dominance_PC80,206,15.476000,0.079982675,13156.088,false
GA_Energy_Dominance_PC80,206,15.988000,0.079451240,13066.359,false
GA_Energy_Dominance_PC80,206,16.072000,0.079420507,12901.138,false
GA_Energy_Dominance_PC80,206,16.418000,0.079129952,13064.884,false
GA_Energy_Dominance_PC80,206,16.294000,0.079186265,13094.136,false
GA_Energy_Dominance_PC80,206,16.148000,0.079232663,13033.220,false
GA_Energy_Dominance_PC80,206,16.126000,0.079373636,13123.334,false
GA_Energy_Dominance_PC80,206,16.530000,0.078717789,12696.908,false
GA_Energy_Dominance_PC80,206,16.610000,0.078280902,12470.380,false
GA_Energy_Dominance_PC80,206,16.644000,0.077932034,12727.729,false
GA_Energy_Dominance_PC80,206,17.420000,0.076853824,12832.942,false
GA_Energy_Dominance_PC80,206,16.746000,0.077317751,12701.631,false
GA_Energy_Dominance_PC80,206,17.892000,0.076696950,12723.483,false
GA_Energy_Dominance_PC80,206,17.232000,0.077133242,12398.399,false
GA_Energy_Dominance_PC80,206,17.962000,0.076500387,13019.742,false
GA_Energy_Dominance_PC80,206,17.714000,0.076807890,13083.554,false
GA_Energy_Dominance_PC80,206,18.482000,0.076079304,12958.908,false
GA_Energy_Dominance_PC80,206,18.560000,0.076068446,13009.715,false
GA_Energy_Dominance_PC80,206,18.138000,0.076346231,12669.539,false
GA_Energy_Dominance_PC80,206,18.210000,0.076186096,12827.382,false
GA_Energy_Dominance_PC80,206,18.732000,0.075930896,12657.479,false
GA_Energy_Dominance_PC80,206,18.396000,0.076099818,13213.281,false
GA_Energy_Dominance_PC80,206,18.856000,0.075930100,13085.705,false
GA_Energy_Dominance_PC80,206,18.956000,0.075523353,13362.255,false
GA_Energy_Dominance_PC80,206,19.108000,0.073427205,11883.360,false
GA_Energy_Dominance_PC80,206,19.216000,0.072453483,11539.020,false
GA_Energy_Dominance_PC80,206,19.590000,0.072150229,11555.436,false
GA_Energy_Dominance_PC80,206,19.366000,0.072165029,11534.158,false
GA_Energy_Dominance_PC80,206,19.612000,0.071957133,11795.320,false
GA_Energy_Dominance_PC80,206,20.072000,0.071655602,11519.142,false
GA_Energy_Dominance_PC80,206,19.738000,0.071951663,11890.507,false
GA_Energy_Dominance_PC80,206,19.814000,0.071752132,11791.110,false
GA_Energy_Dominance_PC80,206,20.376000,0.071629228,11680.590,false
GA_Energy_Dominance_PC80,206,20.220000,0.071649664,11712.683,false
GA_Energy_Dominance_PC80,206,20.734000,0.071593901,11647.880,false
GA_Energy_Dominance_PC80,206,20.526000,0.071619272,11786.249,false
GA_Energy_Dominance_PC80,206,21.002000,0.071581225,11934.156,false
GA_Energy_Dominance_PC80,206,21.108000,0.071221985,11959.921,false
GA_Energy_Dominance_PC80,206,21.362000,0.071190373,12293.811,false
GA_Energy_Dominance_PC80,206,21.566000,0.071136598,11938.038,false
GA_Energy_Dominance_PC80,206,21.878000,0.071091979,11935.240,false
GA_Energy_Dominance_PC80,206,21.674000,0.071114058,11835.003,false
GA_Energy_Dominance_PC80,206,21.996000,0.071017863,11765.903,false
GA_Energy_Dominance_PC80,206,22.250000,0.070950977,11470.281,false
GA_Energy_Dominance_PC80,206,22.684000,0.070839624,11783.204,false
GA_Energy_Dominance_PC80,206,22.962000,0.070794135,11746.077,false
GA_Energy_Dominance_PC80,206,22.968000,0.070610971,10965.746,false
GA_Energy_Dominance_PC80,206,23.126000,0.070432131,11218.091,false
GA_Energy_Dominance_PC80,206,23.414000,0.070349115,11491.338,false
GA_Energy_Dominance_PC80,206,24.074000,0.070300024,11212.237,false
GA_Energy_Dominance_PC80,206,24.906000,0.070269690,11142.570,false
GA_Energy_Dominance_PC80,206,25.108000,0.070259365,11416.156,false
GA_Energy_Dominance_PC80,206,24.350000,0.070283120,11071.814,false
GA_Energy_Dominance_PC80,207,15.128000,0.083613556,13339.641,false
GA_Energy_Dominance_PC80,207,16.730000,0.080385859,12817.730,false
GA_Energy_Dominance_PC80,207,17.032000,0.079896372,13429.991,false
GA_Energy_Dominance_PC80,207,17.660000,0.079771336,12869.925,false
GA_Energy_Dominance_PC80,207,18.002000,0.079562026,13049.099,false
GA_Energy_Dominance_PC80,207,17.736000,0.079654527,13428.940,false
GA_Energy_Dominance_PC80,207,17.232000,0.079881266,12656.419,false
GA_Energy_Dominance_PC80,207,18.088000,0.079194228,12761.356,false
GA_Energy_Dominance_PC80,207,18.194000,0.078993632,13281.905,false
GA_Energy_Dominance_PC80,207,18.666000,0.078705266,13334.510,false
GA_Energy_Dominance_PC80,207,18.302000,0.078751015,13370.689,false
GA_Energy_Dominance_PC80,207,18.758000,0.078111319,13093.604,false
GA_Energy_Dominance_PC80,207,18.992000,0.077275742,13218.964,false
GA_Energy_Dominance_PC80,207,19.214000,0.077035192,13353.337,false
GA_Energy_Dominance_PC80,207,19.240000,0.075448019,13144.613,false
GA_Energy_Dominance_PC80,207,20.264000,0.074450939,12377.356,false
GA_Energy_Dominance_PC80,207,19.636000,0.074666805,12941.918,false
GA_Energy_Dominance_PC80,207,20.332000,0.073803503,12234.477,false
GA_Energy_Dominance_PC80,207,20.506000,0.073690856,12219.070,false
GA_Energy_Dominance_PC80,207,20.676000,0.073477838,12876.565,false
GA_Energy_Dominance_PC80,207,20.990000,0.073380451,12246.039,false
GA_Energy_Dominance_PC80,207,20.878000,0.073423882,12549.013,false
GA_Energy_Dominance_PC80,207,21.114000,0.073158849,12224.096,false
GA_Energy_Dominance_PC80,207,21.188000,0.073043899,12270.405,false
GA_Energy_Dominance_PC80,207,21.288000,0.072520256,11070.376,false
GA_Energy_Dominance_PC80,207,21.322000,0.071917825,11599.815,false
GA_Energy_Dominance_PC80,207,21.436000,0.071157226,10794.955,false
GA_Energy_Dominance_PC80,207,21.862000,0.070646018,10704.688,false
GA_Energy_Dominance_PC80,207,22.456000,0.070609964,10746.584,false
GA_Energy_Dominance_PC80,207,21.966000,0.070639913,10644.568,false
GA_Energy_Dominance_PC80,207,22.538000,0.070577024,11089.518,false
GA_Energy_Dominance_PC80,207,22.070000,0.070635282,10688.758,false
GA_Energy_Dominance_PC80,207,22.720000,0.070565185,10625.631,false
GA_Energy_Dominance_PC80,207,21.692000,0.070789028,10704.688,false
GA_Energy_Dominance_PC80,207,22.294000,0.070623200,10810.651,false
GA_Energy_Dominance_PC80,208,9.166000,0.081739430,12832.722,false
GA_Energy_Dominance_PC80,208,9.798000,0.080936137,13368.943,false
GA_Energy_Dominance_PC80,208,9.464000,0.081512492,13374.884,false
GA_Energy_Dominance_PC80,208,10.004000,0.079665012,13256.516,false
GA_Energy_Dominance_PC80,208,10.028000,0.079341840,12711.500,false
GA_Energy_Dominance_PC80,208,10.062000,0.078180781,13084.024,false
GA_Energy_Dominance_PC80,208,10.490000,0.077877186,13224.157,false
GA_Energy_Dominance_PC80,208,10.792000,0.077793582,13290.986,false
GA_Energy_Dominance_PC80,208,10.628000,0.077812521,12960.876,false
GA_Energy_Dominance_PC80,208,10.912000,0.077233525,13168.618,false
GA_Energy_Dominance_PC80,208,11.840000,0.077023117,12968.063,false
GA_Energy_Dominance_PC80,208,11.522000,0.077108229,13028.399,false
GA_Energy_Dominance_PC80,208,11.708000,0.077041537,12888.953,false
GA_Energy_Dominance_PC80,208,12.172000,0.076482329,12831.953,false
GA_Energy_Dominance_PC80,208,12.006000,0.076725849,13095.345,false
GA_Energy_Dominance_PC80,208,13.220000,0.075988870,12810.450,false
GA_Energy_Dominance_PC80,208,12.396000,0.076150249,12984.947,false
GA_Energy_Dominance_PC80,208,14.168000,0.075222574,12660.459,false
GA_Energy_Dominance_PC80,208,13.872000,0.075492587,12513.875,false
GA_Energy_Dominance_PC80,208,15.150000,0.074906621,12242.367,false
GA_Energy_Dominance_PC80,208,13.536000,0.075839413,12277.662,false
GA_Energy_Dominance_PC80,208,14.864000,0.075135982,12526.061,false
GA_Energy_Dominance_PC80,208,14.962000,0.074938406,12735.734,false
GA_Energy_Dominance_PC80,208,14.438000,0.075211793,12311.493,false
GA_Energy_Dominance_PC80,208,14.956000,0.075026397,12169.185,false
GA_Energy_Dominance_PC80,208,15.172000,0.074767570,12115.013,false
GA_Energy_Dominance_PC80,208,16.004000,0.074070916,11981.323,false
GA_Energy_Dominance_PC80,208,15.228000,0.074237623,11996.385,false
GA_Energy_Dominance_PC80,208,16.190000,0.073953869,11855.360,false
GA_Energy_Dominance_PC80,208,16.242000,0.073854035,11664.362,false
GA_Energy_Dominance_PC80,208,16.478000,0.073834733,11758.410,false
GA_Energy_Dominance_PC80,208,16.626000,0.073700805,12329.183,false
GA_Energy_Dominance_PC80,208,16.094000,0.074009134,11870.394,false
GA_Energy_Dominance_PC80,208,16.730000,0.073214900,11799.305,false
GA_Energy_Dominance_PC80,208,16.638000,0.073304493,12023.909,false
GA_Energy_Dominance_PC80,208,17.012000,0.073029298,12153.345,false
GA_Energy_Dominance_PC80,208,17.202000,0.072924254,11628.560,false
GA_Energy_Dominance_PC80,208,17.590000,0.072695418,11438.277,false
GA_Energy_Dominance_PC80,208,17.398000,0.072734146,11673.390,false
GA_Energy_Dominance_PC80,208,17.924000,0.072217689,11664.570,false
GA_Energy_Dominance_PC80,208,17.934000,0.071839512,11668.930,false
GA_Energy_Dominance_PC80,208,17.684000,0.072504843,11814.367,false
GA_Energy_Dominance_PC80,208,18.180000,0.071305273,11752.583,false
GA_Energy_Dominance_PC80,208,18.366000,0.071261112,11973.439,false
GA_Energy_Dominance_PC80,208,17.974000,0.071402290,11638.086,false
GA_Energy_Dominance_PC80,208,18.454000,0.069364353,10658.589,false
GA_Energy_Dominance_PC80,208,19.098000,0.069322248,10684.699,false
GA_Energy_Dominance_PC80,208,19.758000,0.069271318,10631.249,false
GA_Energy_Dominance_PC80,208,19.432000,0.069304504,10672.110,false
GA_Energy_Dominance_PC80,208,19.294000,0.069308229,10684.699,false
GA_Energy_Dominance_PC80,209,10.042000,0.080372518,13379.418,false
GA_Energy_Dominance_PC80,209,10.886000,0.078051701,13037.814,false
GA_Energy_Dominance_PC80,209,10.342000,0.078899053,13318.300,false
GA_Energy_Dominance_PC80,209,10.864000,0.078299607,13325.552,false
GA_Energy_Dominance_PC80,209,10.712000,0.078872060,12901.134,false
GA_Energy_Dominance_PC80,209,11.394000,0.077445832,13058.502,false
GA_Energy_Dominance_PC80,209,11.022000,0.077834706,13004.265,false
GA_Energy_Dominance_PC80,209,11.396000,0.077330998,13186.059,false
GA_Energy_Dominance_PC80,209,11.658000,0.077260483,13041.771,false
GA_Energy_Dominance_PC80,209,12.534000,0.076657760,13081.433,false
GA_Energy_Dominance_PC80,209,11.610000,0.077290304,13100.266,false
GA_Energy_Dominance_PC80,209,12.268000,0.076745351,12623.661,false
GA_Energy_Dominance_PC80,209,11.818000,0.076753967,13054.882,false
GA_Energy_Dominance_PC80,209,11.064000,0.077494672,12807.208,false
GA_Energy_Dominance_PC80,209,11.770000,0.076792438,13054.882,false
GA_Energy_Dominance_PC80,209,13.084000,0.076257338,13072.052,false
GA_Energy_Dominance_PC80,209,12.696000,0.076653935,12902.989,false
GA_Energy_Dominance_PC80,209,13.292000,0.076248291,12685.519,false
GA_Energy_Dominance_PC80,209,13.744000,0.075827508,13076.526,false
GA_Energy_Dominance_PC80,209,13.540000,0.076018706,13046.193,false
GA_Energy_Dominance_PC80,209,13.814000,0.075465789,12751.202,false
GA_Energy_Dominance_PC80,209,14.008000,0.075388433,12908.074,false
GA_Energy_Dominance_PC80,209,13.946000,0.075445218,13134.837,false
GA_Energy_Dominance_PC80,209,14.102000,0.075372245,12627.366,false
GA_Energy_Dominance_PC80,209,14.416000,0.075014393,13014.281,false
GA_Energy_Dominance_PC80,209,14.418000,0.074919840,12754.285,false
GA_Energy_Dominance_PC80,209,14.314000,0.075017251,13154.528,false
GA_Energy_Dominance_PC80,209,14.754000,0.074537333,12549.131,false
GA_Energy_Dominance_PC80,209,14.186000,0.075112968,12596.635,false
GA_Energy_Dominance_PC80,209,14.454000,0.074746907,13067.421,false
GA_Energy_Dominance_PC80,209,15.694000,0.074350623,12492.262,false
GA_Energy_Dominance_PC80,209,15.258000,0.074431035,13036.831,false
GA_Energy_Dominance_PC80,209,15.384000,0.074397540,13202.390,false
GA_Energy_Dominance_PC80,209,14.894000,0.074510662,12947.227,false
GA_Energy_Dominance_PC80,209,15.152000,0.074483638,13202.390,false
GA_Energy_Dominance_PC80,209,15.874000,0.074093351,12533.413,false
GA_Energy_Dominance_PC80,209,16.012000,0.073954098,12686.459,false
GA_Energy_Dominance_PC80,209,16.450000,0.073495438,12354.300,false
GA_Energy_Dominance_PC80,209,16.452000,0.073298231,12284.145,false
GA_Energy_Dominance_PC80,209,16.480000,0.073224382,12346.251,false
GA_Energy_Dominance_PC80,209,16.112000,0.073695360,12625.471,false
GA_Energy_Dominance_PC80,209,16.802000,0.073149589,12179.664,false
GA_Energy_Dominance_PC80,209,16.604000,0.073174559,11810.224,false
GA_Energy_Dominance_PC80,209,17.076000,0.073004402,12246.544,false
GA_Energy_Dominance_PC80,209,16.956000,0.073060922,12509.608,false
GA_Energy_Dominance_PC80,209,16.278000,0.073611527,12086.144,false
GA_Energy_Dominance_PC80,209,17.220000,0.072927034,12848.965,false
GA_Energy_Dominance_PC80,209,17.370000,0.072713177,12183.736,false
GA_Energy_Dominance_PC80,209,17.470000,0.072699453,12234.144,false
GA_Energy_Dominance_PC80,209,17.682000,0.072441097,11946.311,false
GA_Energy_Dominance_PC80,209,17.706000,0.072318932,11902.653,false
GA_Energy_Dominance_PC80,209,17.768000,0.072174106,11955.990,false
GA_Energy_Dominance_PC80,209,18.096000,0.072123570,12322.592,false
GA_Energy_Dominance_PC80,209,18.196000,0.072091115,11877.907,false
GA_Energy_Dominance_PC80,209,18.406000,0.071846913,12380.945,false
GA_Energy_Dominance_PC80,209,18.292000,0.071944697,12568.423,false
GA_Energy_Dominance_PC80,209,18.450000,0.071691426,12226.849,false
GA_Energy_Dominance_PC80,209,19.054000,0.069629850,10962.251,false
GA_Energy_Dominance_PC80,209,18.510000,0.070682294,11009.862,false
GA_Energy_Dominance_PC80,209,19.474000,0.069347040,10622.555,false
GA_Energy_Dominance_PC80,209,19.268000,0.069469719,10622.555,false
GA_Energy_Dominance_PC80,209,19.204000,0.069620376,10495.118,false
GA_Energy_Dominance_PC80,209,18.632000,0.070665788,10626.848,false
GA_Energy_Dominance_PC80,209,18.790000,0.070097706,10468.393,false
GA_Energy_Dominance_PC80,209,19.652000,0.069326284,10478.918,false
GA_Energy_Dominance_PC80,209,19.796000,0.069294345,10415.270,false
GA_Energy_Dominance_PC80,209,20.976000,0.069141268,10481.105,false
GA_Energy_Dominance_PC80,209,19.922000,0.069274598,10591.042,false
GA_Energy_Dominance_PC80,209,20.458000,0.069161072,10271.364,false
GA_Energy_Dominance_PC80,209,20.202000,0.069180100,10276.843,false
SA_WaitingTime_Dominance_PC80,200,8.490000,0.081199845,13412.718,false
SA_WaitingTime_Dominance_PC80,200,8.546000,0.081157739,13312.006,false
SA_WaitingTime_Dominance_PC80,200,8.460000,0.081517095,13412.718,false
SA_WaitingTime_Dominance_PC80,200,5.646000,0.083167667,13417.736,false
SA_WaitingTime_Dominance_PC80,200,5.048000,0.083322004,13407.302,false
SA_WaitingTime_Dominance_PC80,200,5.066000,0.083258878,13417.030,false
SA_WaitingTime_Dominance_PC80,200,5.222000,0.083173672,13385.524,false
SA_WaitingTime_Dominance_PC80,200,5.202000,0.083216268,13405.420,false
SA_WaitingTime_Dominance_PC80,200,5.178000,0.083248369,13412.276,false
SA_WaitingTime_Dominance_PC80,200,5.038000,0.083810435,13429.708,false
SA_WaitingTime_Dominance_PC80,200,4.988000,0.083877526,13383.761,false
SA_WaitingTime_Dominance_PC80,200,4.992000,0.083835420,13383.761,false
SA_WaitingTime_Dominance_PC80,200,4.968000,0.084112922,13342.007,false
SA_WaitingTime_Dominance_PC80,200,4.962000,0.084202178,13342.007,false
SA_WaitingTime_Dominance_PC80,201,9.520000,0.081951241,13336.213,false
SA_WaitingTime_Dominance_PC80,201,9.608000,0.081844413,13235.379,false
SA_WaitingTime_Dominance_PC80,201,9.464000,0.081969953,13336.092,false
SA_WaitingTime_Dominance_PC80,201,9.532000,0.081891763,13336.092,false
SA_WaitingTime_Dominance_PC80,201,9.454000,0.082297363,13336.092,false
SA_WaitingTime_Dominance_PC80,201,9.328000,0.082401866,13336.092,false
SA_WaitingTime_Dominance_PC80,201,9.296000,0.082655015,13315.179,false
SA_WaitingTime_Dominance_PC80,201,9.314000,0.082625893,13365.117,false
SA_WaitingTime_Dominance_PC80,201,9.264000,0.082874664,13365.117,false
SA_WaitingTime_Dominance_PC80,201,9.254000,0.082916769,13409.387,false
SA_WaitingTime_Dominance_PC80,201,5.296000,0.083101694,13387.073,false
SA_WaitingTime_Dominance_PC80,201,5.062000,0.083219419,13386.223,false
SA_WaitingTime_Dominance_PC80,201,5.016000,0.083298268,13423.803,false
SA_WaitingTime_Dominance_PC80,201,4.896000,0.083334292,13415.649,false
SA_WaitingTime_Dominance_PC80,201,4.882000,0.083401997,13362.467,false
SA_WaitingTime_Dominance_PC80,201,4.876000,0.083450857,13344.884,false
SA_WaitingTime_Dominance_PC80,201,4.860000,0.083537738,13425.633,false
SA_WaitingTime_Dominance_PC80,201,4.862000,0.083516685,13343.388,false
SA_WaitingTime_Dominance_PC80,201,4.854000,0.083807071,13333.660,false
SA_WaitingTime_Dominance_PC80,201,4.848000,0.083832553,13417.292,false
SA_WaitingTime_Dominance_PC80,201,4.832000,0.083892873,13346.640,false
SA_WaitingTime_Dominance_PC80,202,11.212000,0.082782647,13345.657,false
SA_WaitingTime_Dominance_PC80,202,5.014000,0.082926107,13355.453,false
SA_WaitingTime_Dominance_PC80,202,5.034000,0.082848565,13355.453,false
SA_WaitingTime_Dominance_PC80,202,5.008000,0.082956241,13355.453,false
SA_WaitingTime_Dominance_PC80,202,5.274000,0.082836617,13367.209,false
SA_WaitingTime_Dominance_PC80,202,5.442000,0.082813420,13421.431,false
SA_WaitingTime_Dominance_PC80,202,4.724000,0.084196834,13419.924,false
SA_WaitingTime_Dominance_PC80,202,4.728000,0.084154125,13419.924,false
SA_WaitingTime_Dominance_PC80,202,4.748000,0.083773293,13254.240,false
SA_WaitingTime_Dominance_PC80,202,4.742000,0.083794345,13254.240,false
SA_WaitingTime_Dominance_PC80,202,4.780000,0.083608286,13357.876,false
SA_WaitingTime_Dominance_PC80,202,4.770000,0.083675238,13377.882,false
SA_WaitingTime_Dominance_PC80,202,4.736000,0.083913481,13433.155,false
SA_WaitingTime_Dominance_PC80,202,4.930000,0.083037887,13387.318,false
SA_WaitingTime_Dominance_PC80,202,4.890000,0.083082738,13307.397,false
SA_WaitingTime_Dominance_PC80,202,4.894000,0.083061685,13307.397,false
SA_WaitingTime_Dominance_PC80,202,4.886000,0.083103791,13307.397,false
SA_WaitingTime_Dominance_PC80,202,4.870000,0.083209622,13424.157,false
SA_WaitingTime_Dominance_PC80,202,4.844000,0.083242002,13424.157,false
SA_WaitingTime_Dominance_PC80,202,4.816000,0.083368665,13375.060,false
SA_WaitingTime_Dominance_PC80,202,4.832000,0.083321104,13421.792,false
SA_WaitingTime_Dominance_PC80,202,4.788000,0.083479009,13421.792,false
SA_WaitingTime_Dominance_PC80,203,5.078000,0.082973800,13396.673,false
SA_WaitingTime_Dominance_PC80,203,4.972000,0.083338107,13357.383,false
SA_WaitingTime_Dominance_PC80,203,4.978000,0.083037568,13357.383,false
SA_WaitingTime_Dominance_PC80,203,5.730000,0.082969395,13352.487,false
SA_WaitingTime_Dominance_PC80,203,4.962000,0.083395688,13435.010,false
SA_WaitingTime_Dominance_PC80,203,4.944000,0.083423119,13411.195,false
SA_WaitingTime_Dominance_PC80,203,4.936000,0.083464962,13384.327,false
SA_WaitingTime_Dominance_PC80,203,4.906000,0.084282113,13420.401,false
SA_WaitingTime_Dominance_PC80,203,4.898000,0.084315283,13367.738,false
SA_WaitingTime_Dominance_PC80,203,4.914000,0.084187987,13367.738,false
SA_WaitingTime_Dominance_PC80,204,5.852000,0.082484483,13422.509,false
SA_WaitingTime_Dominance_PC80,204,5.864000,0.082442377,13422.509,false
SA_WaitingTime_Dominance_PC80,204,5.862000,0.082464679,13422.509,false
SA_WaitingTime_Dominance_PC80,204,5.932000,0.082292732,13422.509,false
SA_WaitingTime_Dominance_PC80,204,4.936000,0.082584884,13427.319,false
SA_WaitingTime_Dominance_PC80,204,4.912000,0.082719682,13427.319,false
SA_WaitingTime_Dominance_PC80,204,4.900000,0.082838440,13390.762,false
SA_WaitingTime_Dominance_PC80,204,4.902000,0.082792153,13408.563,false
SA_WaitingTime_Dominance_PC80,204,4.868000,0.083151061,13387.801,false
SA_WaitingTime_Dominance_PC80,204,4.836000,0.083275158,13339.426,false
SA_WaitingTime_Dominance_PC80,204,4.846000,0.083253061,13339.426,false
SA_WaitingTime_Dominance_PC80,205,4.736000,0.083926143,13421.908,false
SA_WaitingTime_Dominance_PC80,205,4.744000,0.083748088,13406.959,false
SA_WaitingTime_Dominance_PC80,205,4.712000,0.084005336,13406.959,false
SA_WaitingTime_Dominance_PC80,205,4.728000,0.083937680,13381.097,false
SA_WaitingTime_Dominance_PC80,205,4.762000,0.083741147,13381.097,false
SA_WaitingTime_Dominance_PC80,205,4.714000,0.083980634,13381.097,false
SA_WaitingTime_Dominance_PC80,205,4.726000,0.083971776,13391.339,false
SA_WaitingTime_Dominance_PC80,205,4.956000,0.082367718,13385.013,false
SA_WaitingTime_Dominance_PC80,205,4.794000,0.082521837,13424.625,false
SA_WaitingTime_Dominance_PC80,205,4.802000,0.082510049,13424.625,false
SA_WaitingTime_Dominance_PC80,205,4.808000,0.082474414,13424.625,false
SA_WaitingTime_Dominance_PC80,205,4.814000,0.082452444,13424.625,false
SA_WaitingTime_Dominance_PC80,205,4.790000,0.082563943,13424.625,false
SA_WaitingTime_Dominance_PC80,206,14.576000,0.082730262,13363.737,false
SA_WaitingTime_Dominance_PC80,206,14.190000,0.083094767,13359.739,false
SA_WaitingTime_Dominance_PC80,206,11.488000,0.083177661,13427.326,false
SA_WaitingTime_Dominance_PC80,206,11.586000,0.083159943,13427.326,false
SA_WaitingTime_Dominance_PC80,206,4.754000,0.083832937,13356.547,false
SA_WaitingTime_Dominance_PC80,206,4.746000,0.083892373,13356.547,false
SA_WaitingTime_Dominance_PC80,206,4.738000,0.083930589,13358.942,false
SA_WaitingTime_Dominance_PC80,206,4.732000,0.083967038,13429.597,false
SA_WaitingTime_Dominance_PC80,206,4.740000,0.083913973,13429.597,false
SA_WaitingTime_Dominance_PC80,206,5.368000,0.083235583,13393.632,false
SA_WaitingTime_Dominance_PC80,206,5.294000,0.083298048,13428.069,false
SA_WaitingTime_Dominance_PC80,206,5.272000,0.083318667,13428.069,false
SA_WaitingTime_Dominance_PC80,206,4.840000,0.083347856,13424.661,false
SA_WaitingTime_Dominance_PC80,206,4.818000,0.083432178,13434.389,false
SA_WaitingTime_Dominance_PC80,206,4.788000,0.083522391,13381.063,false
SA_WaitingTime_Dominance_PC80,206,4.804000,0.083457612,13412.740,false
SA_WaitingTime_Dominance_PC80,206,4.782000,0.083535154,13412.740,false
SA_WaitingTime_Dominance_PC80,207,9.730000,0.083005933,13414.311,false
SA_WaitingTime_Dominance_PC80,207,10.034000,0.082960036,13361.549,false
SA_WaitingTime_Dominance_PC80,207,10.050000,0.082938672,13361.549,false
SA_WaitingTime_Dominance_PC80,207,10.430000,0.082243279,13398.057,false
SA_WaitingTime_Dominance_PC80,207,4.776000,0.083171138,13408.107,false
SA_WaitingTime_Dominance_PC80,207,4.782000,0.083124476,13408.107,false
SA_WaitingTime_Dominance_PC80,207,4.768000,0.083232379,13366.861,false
SA_WaitingTime_Dominance_PC80,207,4.732000,0.083268476,13366.861,false
SA_WaitingTime_Dominance_PC80,207,4.730000,0.083423293,13366.861,false
SA_WaitingTime_Dominance_PC80,207,4.676000,0.083588456,13429.158,false
SA_WaitingTime_Dominance_PC80,207,4.664000,0.083665060,13415.011,false
SA_WaitingTime_Dominance_PC80,207,4.682000,0.083443100,13432.456,false
SA_WaitingTime_Dominance_PC80,207,4.662000,0.083693590,13410.135,false
SA_WaitingTime_Dominance_PC80,207,5.252000,0.083093739,13335.035,false
SA_WaitingTime_Dominance_PC80,207,5.800000,0.083086141,13338.223,false
SA_WaitingTime_Dominance_PC80,208,4.768000,0.083521521,13424.253,false
SA_WaitingTime_Dominance_PC80,208,4.764000,0.083646624,13424.253,false
SA_WaitingTime_Dominance_PC80,208,4.862000,0.082967610,13425.447,false
SA_WaitingTime_Dominance_PC80,208,4.888000,0.082915591,13428.674,false
SA_WaitingTime_Dominance_PC80,208,4.852000,0.082968766,13428.674,false
SA_WaitingTime_Dominance_PC80,208,4.832000,0.083006542,13382.727,false
SA_WaitingTime_Dominance_PC80,208,4.820000,0.083177470,13360.129,false
SA_WaitingTime_Dominance_PC80,208,4.850000,0.082992127,13360.129,false
SA_WaitingTime_Dominance_PC80,208,4.810000,0.083208789,13352.162,false
SA_WaitingTime_Dominance_PC80,208,4.806000,0.083262788,13352.162,false
SA_WaitingTime_Dominance_PC80,208,4.798000,0.083275393,13372.604,false
SA_WaitingTime_Dominance_PC80,208,4.794000,0.083403380,13427.231,false
SA_WaitingTime_Dominance_PC80,208,4.792000,0.083424433,13427.231,false
SA_WaitingTime_Dominance_PC80,208,4.790000,0.083489932,13418.413,false
SA_WaitingTime_Dominance_PC80,209,4.710000,0.083306350,13416.214,false
SA_WaitingTime_Dominance_PC80,209,4.702000,0.083311595,13427.835,false
SA_WaitingTime_Dominance_PC80,209,4.716000,0.083303305,13417.218,false
SA_WaitingTime_Dominance_PC80,209,4.718000,0.083289713,13417.218,false
SA_WaitingTime_Dominance_PC80,209,4.814000,0.082038800,13377.225,true
SA_WaitingTime_Dominance_PC80,209,4.782000,0.082093127,13377.225,true
SA_WaitingTime_Dominance_PC80,209,4.788000,0.082042660,13296.477,true
SA_WaitingTime_Dominance_PC80,209,4.848000,0.082017572,13413.478,true
SA_WaitingTime_Dominance_PC80,209,4.772000,0.082144893,13384.585,true
SA_WaitingTime_Dominance_PC80,209,4.766000,0.082156806,13427.599,true
SA_WaitingTime_Dominance_PC80,209,4.776000,0.082124525,13427.599,true
SA_WaitingTime_Dominance_PC80,209,4.738000,0.082309718,13410.605,true
SA_WaitingTime_Dominance_PC80,209,4.744000,0.082214753,13400.733,true
SA_WaitingTime_Dominance_PC80,209,4.734000,0.082325661,13289.823,true
SA_WaitingTime_Dominance_PC80,209,4.722000,0.082567333,13346.702,true
SA_WaitingTime_Dominance_PC80,209,4.726000,0.082483315,13350.232,true
SA_Energy_Dominance_PC80,200,10.114000,0.080784228,13400.915,false
SA_Energy_Dominance_PC80,200,9.968000,0.081139645,13400.915,false
SA_Energy_Dominance_PC80,200,10.096000,0.081057152,13325.102,false
SA_Energy_Dominance_PC80,200,9.932000,0.081146207,13325.102,false
SA_Energy_Dominance_PC80,200,10.100000,0.081003304,13248.067,false
SA_Energy_Dominance_PC80,200,13.924000,0.080457273,12866.712,false
SA_Energy_Dominance_PC80,200,13.780000,0.080518190,12866.712,false
SA_Energy_Dominance_PC80,200,13.854000,0.080499378,12910.982,false
SA_Energy_Dominance_PC80,200,14.162000,0.080419246,12769.625,false
SA_Energy_Dominance_PC80,200,14.778000,0.078667497,13382.891,false
SA_Energy_Dominance_PC80,200,14.398000,0.079109219,13392.722,false
SA_Energy_Dominance_PC80,200,15.002000,0.078574844,13370.596,false
SA_Energy_Dominance_PC80,200,14.902000,0.078622891,13425.482,false
SA_Energy_Dominance_PC80,200,15.042000,0.078523704,13394.495,false
SA_Energy_Dominance_PC80,200,15.102000,0.078434448,13394.495,false
SA_Energy_Dominance_PC80,200,15.288000,0.078341241,13355.492,false
SA_Energy_Dominance_PC80,200,15.310000,0.078278360,13385.392,false
SA_Energy_Dominance_PC80,200,15.476000,0.078026314,13400.908,false
SA_Energy_Dominance_PC80,200,15.376000,0.078125361,13400.908,false
SA_Energy_Dominance_PC80,200,15.416000,0.078044799,13400.908,false
SA_Energy_Dominance_PC80,200,15.392000,0.078083570,13400.908,false
SA_Energy_Dominance_PC80,200,15.492000,0.077907654,13035.908,false
SA_Energy_Dominance_PC80,200,15.524000,0.077769102,12932.208,false
SA_Energy_Dominance_PC80,200,15.600000,0.077729960,12932.208,false
SA_Energy_Dominance_PC80,200,15.750000,0.077701128,13056.305,false
SA_Energy_Dominance_PC80,200,16.066000,0.077634622,13268.404,false
SA_Energy_Dominance_PC80,200,16.088000,0.077481070,13339.399,false
SA_Energy_Dominance_PC80,200,16.138000,0.077395932,13374.128,false
SA_Energy_Dominance_PC80,200,16.188000,0.077306675,13285.884,false
SA_Energy_Dominance_PC80,200,16.272000,0.077287910,13285.884,false
SA_Energy_Dominance_PC80,200,16.410000,0.077279723,13342.743,false
SA_Energy_Dominance_PC80,200,16.424000,0.077229208,13298.473,false
SA_Energy_Dominance_PC80,200,16.434000,0.077180458,13350.395,false
SA_Energy_Dominance_PC80,200,16.748000,0.077031527,13403.903,false
SA_Energy_Dominance_PC80,200,16.630000,0.077110482,13403.903,false
SA_Energy_Dominance_PC80,200,16.768000,0.076989421,13377.178,false
SA_Energy_Dominance_PC80,200,17.242000,0.076912186,13431.102,false
SA_Energy_Dominance_PC80,200,17.320000,0.076839751,13431.102,false
SA_Energy_Dominance_PC80,200,21.372000,0.069573653,9925.492,false
SA_Energy_Dominance_PC80,200,21.142000,0.069575840,10075.839,false
SA_Energy_Dominance_PC80,200,20.296000,0.069575840,9739.315,false
SA_Energy_Dominance_PC80,200,19.974000,0.070120102,9961.721,false
SA_Energy_Dominance_PC80,200,20.154000,0.069636149,9930.122,false
SA_Energy_Dominance_PC80,200,20.022000,0.069792929,9820.529,false
SA_Energy_Dominance_PC80,201,9.378000,0.080277391,13406.036,false
SA_Energy_Dominance_PC80,201,9.388000,0.080049015,13347.836,false
SA_Energy_Dominance_PC80,201,9.444000,0.080024627,13347.836,false
SA_Energy_Dominance_PC80,201,9.428000,0.080031737,13378.034,false
SA_Energy_Dominance_PC80,201,9.482000,0.080002298,13421.645,false
SA_Energy_Dominance_PC80,201,9.540000,0.079981245,13421.645,false
SA_Energy_Dominance_PC80,201,9.658000,0.079945874,13343.595,false
SA_Energy_Dominance_PC80,201,9.788000,0.079884392,13382.011,false
SA_Energy_Dominance_PC80,201,9.800000,0.079870202,13382.011,false
SA_Energy_Dominance_PC80,201,10.064000,0.079770524,12990.019,false
SA_Energy_Dominance_PC80,201,10.002000,0.079774673,12994.706,false
SA_Energy_Dominance_PC80,201,10.132000,0.079712810,12950.436,false
SA_Energy_Dominance_PC80,201,10.192000,0.079697279,12950.436,false
SA_Energy_Dominance_PC80,201,10.240000,0.079596993,12950.436,false
SA_Energy_Dominance_PC80,201,16.540000,0.079412066,13355.397,false
SA_Energy_Dominance_PC80,201,16.448000,0.079435306,13355.397,false
SA_Energy_Dominance_PC80,201,16.414000,0.079465878,13404.494,false
SA_Energy_Dominance_PC80,201,16.390000,0.079486931,13404.494,false
SA_Energy_Dominance_PC80,201,16.202000,0.079593768,13318.198,false
SA_Energy_Dominance_PC80,201,17.152000,0.079362361,13209.193,false
SA_Energy_Dominance_PC80,201,17.384000,0.079339050,13253.463,false
SA_Energy_Dominance_PC80,201,17.396000,0.079317997,13209.193,false
SA_Energy_Dominance_PC80,201,17.636000,0.079188781,13209.193,false
SA_Energy_Dominance_PC80,201,17.660000,0.079176965,13186.821,false
SA_Energy_Dominance_PC80,201,17.874000,0.079073341,13212.090,false
SA_Energy_Dominance_PC80,201,18.166000,0.078504024,13189.884,false
SA_Energy_Dominance_PC80,201,18.100000,0.078522509,12978.784,false
SA_Energy_Dominance_PC80,201,18.436000,0.078467116,12978.784,false
SA_Energy_Dominance_PC80,201,18.544000,0.078352439,13031.222,false
SA_Energy_Dominance_PC80,201,18.090000,0.078596936,13031.222,false
SA_Energy_Dominance_PC80,201,18.768000,0.077826688,12709.801,false
SA_Energy_Dominance_PC80,201,18.576000,0.078058918,12926.629,false
SA_Energy_Dominance_PC80,201,19.216000,0.077786732,12953.354,false
SA_Energy_Dominance_PC80,201,19.250000,0.077747961,12837.781,false
SA_Energy_Dominance_PC80,201,19.074000,0.077810417,12850.370,false
SA_Energy_Dominance_PC80,201,19.354000,0.077723142,12887.056,false
SA_Energy_Dominance_PC80,201,19.440000,0.077576052,12998.564,false
SA_Energy_Dominance_PC80,201,19.542000,0.077454654,13183.584,false
SA_Energy_Dominance_PC80,201,19.790000,0.077445034,13284.296,false
SA_Energy_Dominance_PC80,201,19.950000,0.077399590,13099.276,false
SA_Energy_Dominance_PC80,201,20.310000,0.077266982,13295.246,false
SA_Energy_Dominance_PC80,201,20.148000,0.077293226,13141.084,false
SA_Energy_Dominance_PC80,201,20.498000,0.076964922,12953.871,false
SA_Energy_Dominance_PC80,201,20.860000,0.076886490,13389.539,false
SA_Energy_Dominance_PC80,201,20.718000,0.076957953,13389.539,false
SA_Energy_Dominance_PC80,201,21.408000,0.076708493,12929.165,false
SA_Energy_Dominance_PC80,201,21.024000,0.076812408,12859.957,false
SA_Energy_Dominance_PC80,201,21.578000,0.076456756,13014.541,false
SA_Energy_Dominance_PC80,201,21.708000,0.075842421,13267.153,false
SA_Energy_Dominance_PC80,201,21.910000,0.068811528,10136.115,false
SA_Energy_Dominance_PC80,201,22.052000,0.068689748,10231.786,false
SA_Energy_Dominance_PC80,202,9.720000,0.081451828,13431.570,false
SA_Energy_Dominance_PC80,202,10.198000,0.081117740,13403.029,false
SA_Energy_Dominance_PC80,202,10.294000,0.081073382,13244.734,false
SA_Energy_Dominance_PC80,202,10.394000,0.081071124,13244.734,false
SA_Energy_Dominance_PC80,202,10.854000,0.080960063,13229.243,false
SA_Energy_Dominance_PC80,202,10.826000,0.080981019,13229.243,false
SA_Energy_Dominance_PC80,202,11.324000,0.080731460,13264.532,false
SA_Energy_Dominance_PC80,202,11.584000,0.080657177,13311.060,false
SA_Energy_Dominance_PC80,202,13.228000,0.080641163,13261.280,false
SA_Energy_Dominance_PC80,202,13.422000,0.080586769,13261.280,false
SA_Energy_Dominance_PC80,202,13.486000,0.080124571,13317.129,false
SA_Energy_Dominance_PC80,202,13.448000,0.080158875,13307.572,false
SA_Energy_Dominance_PC80,202,13.690000,0.080099506,13316.752,false
SA_Energy_Dominance_PC80,202,14.486000,0.079934218,13293.790,false
SA_Energy_Dominance_PC80,202,14.584000,0.079848044,13249.520,false
SA_Energy_Dominance_PC80,202,14.902000,0.079646220,13344.499,false
SA_Energy_Dominance_PC80,202,14.848000,0.079735151,13336.636,false
SA_Energy_Dominance_PC80,202,15.022000,0.079516182,13317.783,false
SA_Energy_Dominance_PC80,202,15.112000,0.079392094,13062.563,false
SA_Energy_Dominance_PC80,202,15.152000,0.079147888,13406.763,false
SA_Energy_Dominance_PC80,202,15.190000,0.078929504,13416.307,false
SA_Energy_Dominance_PC80,202,15.302000,0.078584534,13200.299,false
SA_Energy_Dominance_PC80,202,15.230000,0.078614732,13200.299,false
SA_Energy_Dominance_PC80,202,16.006000,0.078453370,13430.199,false
SA_Energy_Dominance_PC80,202,16.092000,0.078442703,13434.461,false
SA_Energy_Dominance_PC80,202,16.202000,0.078372830,13325.871,false
SA_Energy_Dominance_PC80,202,15.930000,0.078501423,13325.871,false
SA_Energy_Dominance_PC80,202,16.272000,0.078301191,13291.513,false
SA_Energy_Dominance_PC80,202,16.450000,0.078269368,13321.897,false
SA_Energy_Dominance_PC80,202,16.630000,0.078237191,13291.513,false
SA_Energy_Dominance_PC80,202,16.864000,0.077754175,12972.155,false
SA_Energy_Dominance_PC80,202,17.092000,0.077712616,12972.155,false
SA_Energy_Dominance_PC80,202,17.516000,0.077208689,13004.775,false
SA_Energy_Dominance_PC80,202,17.594000,0.077144592,13203.681,false
SA_Energy_Dominance_PC80,202,17.208000,0.077562537,13430.973,false
SA_Energy_Dominance_PC80,202,17.680000,0.076371219,13321.179,false
SA_Energy_Dominance_PC80,202,17.802000,0.076330362,13408.812,false
SA_Energy_Dominance_PC80,202,17.982000,0.076274484,13408.812,false
SA_Energy_Dominance_PC80,202,18.064000,0.076221677,13071.835,false
SA_Energy_Dominance_PC80,202,18.258000,0.076156332,13049.400,false
SA_Energy_Dominance_PC80,202,18.372000,0.076127389,13205.158,false
SA_Energy_Dominance_PC80,202,18.476000,0.075703344,12942.416,false
SA_Energy_Dominance_PC80,202,18.534000,0.075593348,13323.355,false
SA_Energy_Dominance_PC80,202,18.698000,0.075551243,13323.355,false
SA_Energy_Dominance_PC80,202,18.384000,0.075768332,13323.355,false
SA_Energy_Dominance_PC80,202,18.792000,0.075543619,13331.378,false
SA_Energy_Dominance_PC80,202,18.824000,0.070376280,11370.751,false
SA_Energy_Dominance_PC80,202,19.016000,0.070005784,11374.092,false
SA_Energy_Dominance_PC80,202,18.916000,0.070033999,11458.937,false
SA_Energy_Dominance_PC80,203,9.628000,0.081945878,13430.226,false
SA_Energy_Dominance_PC80,203,9.828000,0.081745131,13428.102,false
SA_Energy_Dominance_PC80,203,9.924000,0.081608486,13333.467,false
SA_Energy_Dominance_PC80,203,10.488000,0.081558316,13418.107,false
SA_Energy_Dominance_PC80,203,11.916000,0.080569751,13383.879,false
SA_Energy_Dominance_PC80,203,11.732000,0.080720021,13387.112,false
SA_Energy_Dominance_PC80,203,11.756000,0.080714407,13387.112,false
SA_Energy_Dominance_PC80,203,11.884000,0.080672301,13387.112,false
SA_Energy_Dominance_PC80,203,11.512000,0.080944036,13390.985,false
SA_Energy_Dominance_PC80,203,15.434000,0.080473874,13364.652,false
SA_Energy_Dominance_PC80,203,16.478000,0.079625215,13314.286,false
SA_Energy_Dominance_PC80,203,16.628000,0.077717359,13164.829,false
SA_Energy_Dominance_PC80,203,16.530000,0.077808429,13161.488,false
SA_Energy_Dominance_PC80,203,16.646000,0.077649331,13372.588,false
SA_Energy_Dominance_PC80,203,16.932000,0.077614070,13372.588,false
SA_Energy_Dominance_PC80,203,17.064000,0.077609104,13372.588,false
SA_Energy_Dominance_PC80,203,17.254000,0.077346665,12944.797,false
SA_Energy_Dominance_PC80,203,17.692000,0.077345831,12923.767,false
SA_Energy_Dominance_PC80,203,17.860000,0.077227464,12984.862,false
SA_Energy_Dominance_PC80,203,17.880000,0.077169821,13064.190,false
SA_Energy_Dominance_PC80,203,17.954000,0.076992108,13328.647,false
SA_Energy_Dominance_PC80,203,18.162000,0.076737531,13146.581,false
SA_Energy_Dominance_PC80,203,17.998000,0.076747277,13115.683,false
SA_Energy_Dominance_PC80,203,18.342000,0.076656053,13099.753,false
SA_Energy_Dominance_PC80,203,18.436000,0.070353031,10705.131,false
SA_Energy_Dominance_PC80,203,18.638000,0.070194018,10704.702,false
SA_Energy_Dominance_PC80,204,9.424000,0.080264944,13385.804,false
SA_Energy_Dominance_PC80,204,9.348000,0.080433911,13407.009,false
SA_Energy_Dominance_PC80,204,9.316000,0.080472682,13407.009,false
SA_Energy_Dominance_PC80,204,9.300000,0.080488214,13306.419,false
SA_Energy_Dominance_PC80,204,13.220000,0.080199102,13415.019,false
SA_Energy_Dominance_PC80,204,13.194000,0.080215053,13415.019,false
SA_Energy_Dominance_PC80,204,13.940000,0.080164733,13413.382,false
SA_Energy_Dominance_PC80,204,13.974000,0.080104910,13413.382,false
SA_Energy_Dominance_PC80,204,13.992000,0.080041751,13413.382,false
SA_Energy_Dominance_PC80,204,14.050000,0.079979486,13296.994,false
SA_Energy_Dominance_PC80,204,15.666000,0.078915213,13382.946,false
SA_Energy_Dominance_PC80,204,15.508000,0.078944742,13382.946,false
SA_Energy_Dominance_PC80,204,15.398000,0.079027805,13382.946,false
SA_Energy_Dominance_PC80,204,15.314000,0.079407903,13382.946,false
SA_Energy_Dominance_PC80,204,15.920000,0.078897978,13181.401,false
SA_Energy_Dominance_PC80,204,16.030000,0.078836185,13103.885,false
SA_Energy_Dominance_PC80,204,16.418000,0.078485070,13161.086,false
SA_Energy_Dominance_PC80,204,16.970000,0.077981283,13299.899,false
SA_Energy_Dominance_PC80,204,16.878000,0.077985109,13299.899,false
SA_Energy_Dominance_PC80,204,16.178000,0.078664412,13299.899,false
SA_Energy_Dominance_PC80,204,16.658000,0.078029519,13283.969,false
SA_Energy_Dominance_PC80,204,16.694000,0.077987414,13283.969,false
SA_Energy_Dominance_PC80,204,16.494000,0.078135115,13156.532,false
SA_Energy_Dominance_PC80,204,17.404000,0.077559132,13364.716,false
SA_Energy_Dominance_PC80,204,17.254000,0.077559780,13364.716,false
SA_Energy_Dominance_PC80,204,17.248000,0.077620047,13337.991,false
SA_Energy_Dominance_PC80,204,17.524000,0.077463045,13364.716,false
SA_Energy_Dominance_PC80,204,17.528000,0.077141723,13206.403,false
SA_Energy_Dominance_PC80,204,17.742000,0.076809580,13239.142,false
SA_Energy_Dominance_PC80,204,18.062000,0.076679556,13217.793,false
SA_Energy_Dominance_PC80,204,18.012000,0.076721662,13117.081,false
SA_Energy_Dominance_PC80,204,18.540000,0.069742560,11200.222,false
SA_Energy_Dominance_PC80,204,18.476000,0.069886421,11200.222,false
SA_Energy_Dominance_PC80,204,18.658000,0.069725954,11503.868,false
SA_Energy_Dominance_PC80,204,18.802000,0.069718691,10841.913,false
SA_Energy_Dominance_PC80,205,9.856000,0.081799554,13367.454,false
SA_Energy_Dominance_PC80,205,9.852000,0.081883766,13430.755,false
SA_Energy_Dominance_PC80,205,9.848000,0.081933203,13430.755,false
SA_Energy_Dominance_PC80,205,9.836000,0.081999885,13430.755,false
SA_Energy_Dominance_PC80,205,10.532000,0.081713072,13246.797,false
SA_Energy_Dominance_PC80,205,11.036000,0.081691587,13184.499,false
SA_Energy_Dominance_PC80,205,11.260000,0.080827998,13191.254,false
SA_Energy_Dominance_PC80,205,11.342000,0.080794368,13373.833,false
SA_Energy_Dominance_PC80,205,12.270000,0.080678300,13428.772,false
SA_Energy_Dominance_PC80,205,12.376000,0.080649012,13428.772,false
SA_Energy_Dominance_PC80,205,15.556000,0.080396286,13369.668,false
SA_Energy_Dominance_PC80,205,15.580000,0.080259412,13302.072,false
SA_Energy_Dominance_PC80,205,15.796000,0.080227132,13402.784,false
SA_Energy_Dominance_PC80,205,16.084000,0.080183416,13353.687,false
SA_Energy_Dominance_PC80,205,16.136000,0.080142606,13353.687,false
SA_Energy_Dominance_PC80,205,16.002000,0.080195455,13353.687,false
SA_Energy_Dominance_PC80,205,17.124000,0.080118672,13311.689,false
SA_Energy_Dominance_PC80,205,17.228000,0.079881242,13039.105,false
SA_Energy_Dominance_PC80,205,17.414000,0.079525954,13249.842,false
SA_Energy_Dominance_PC80,205,17.232000,0.079579536,13249.842,false
SA_Energy_Dominance_PC80,205,17.354000,0.079553870,13255.218,false
SA_Energy_Dominance_PC80,205,17.770000,0.078318410,13107.025,false
SA_Energy_Dominance_PC80,205,17.734000,0.078357181,13107.025,false
SA_Energy_Dominance_PC80,205,17.888000,0.078201104,13290.256,false
SA_Energy_Dominance_PC80,205,18.184000,0.078087272,13421.974,false
SA_Energy_Dominance_PC80,205,18.238000,0.078009730,13421.974,false
SA_Energy_Dominance_PC80,205,18.504000,0.077963943,13360.101,false
SA_Energy_Dominance_PC80,205,18.158000,0.078156477,13159.005,false
SA_Energy_Dominance_PC80,205,18.656000,0.077924581,13256.729,false
SA_Energy_Dominance_PC80,205,19.018000,0.077540111,13427.646,false
SA_Energy_Dominance_PC80,205,19.146000,0.077451126,13300.208,false
SA_Energy_Dominance_PC80,205,19.262000,0.070033227,11378.725,false
SA_Energy_Dominance_PC80,205,19.464000,0.069944168,11042.312,false
SA_Energy_Dominance_PC80,205,19.232000,0.070457362,10975.081,false
SA_Energy_Dominance_PC80,205,19.564000,0.069909460,11401.162,false
SA_Energy_Dominance_PC80,206,10.668000,0.082723866,13367.242,false
SA_Energy_Dominance_PC80,206,10.708000,0.082636416,13396.443,false
SA_Energy_Dominance_PC80,206,10.858000,0.082595911,13396.443,false
SA_Energy_Dominance_PC80,206,11.038000,0.082378822,13396.443,false
SA_Energy_Dominance_PC80,206,11.016000,0.082425603,13396.443,false
SA_Energy_Dominance_PC80,206,11.116000,0.081759875,13315.709,false
SA_Energy_Dominance_PC80,206,11.104000,0.081780928,13292.308,false
SA_Energy_Dominance_PC80,206,11.166000,0.081633677,13414.369,false
SA_Energy_Dominance_PC80,206,11.280000,0.081119627,13308.096,false
SA_Energy_Dominance_PC80,206,11.678000,0.081115508,13416.022,false
SA_Energy_Dominance_PC80,206,15.442000,0.080714473,13279.550,false
SA_Energy_Dominance_PC80,206,15.346000,0.080724201,13279.550,false
SA_Energy_Dominance_PC80,206,15.266000,0.080747567,13279.550,false
SA_Energy_Dominance_PC80,206,15.492000,0.080504328,13273.331,false
SA_Energy_Dominance_PC80,206,15.572000,0.080429693,13190.804,false
SA_Energy_Dominance_PC80,206,15.644000,0.080343345,13141.707,false
SA_Energy_Dominance_PC80,206,15.780000,0.080337916,13391.878,false
SA_Energy_Dominance_PC80,206,16.240000,0.079786325,13083.891,false
SA_Energy_Dominance_PC80,206,16.232000,0.079834573,13083.891,false
SA_Energy_Dominance_PC80,206,16.090000,0.079895875,13083.891,false
SA_Energy_Dominance_PC80,206,16.360000,0.079613708,13345.256,false
SA_Energy_Dominance_PC80,206,16.270000,0.079634761,13343.027,false
SA_Energy_Dominance_PC80,206,16.268000,0.079751207,13224.110,false
SA_Energy_Dominance_PC80,206,16.402000,0.079461614,13198.882,false
SA_Energy_Dominance_PC80,206,16.498000,0.079392245,13198.882,false
SA_Energy_Dominance_PC80,206,16.462000,0.079431854,13198.882,false
SA_Energy_Dominance_PC80,206,16.592000,0.079246694,13149.785,false
SA_Energy_Dominance_PC80,206,16.894000,0.079029132,12956.230,false
SA_Energy_Dominance_PC80,206,17.036000,0.079008610,12956.230,false
SA_Energy_Dominance_PC80,206,16.774000,0.079124465,13141.250,false
SA_Energy_Dominance_PC80,206,17.078000,0.078853470,12910.446,false
SA_Energy_Dominance_PC80,206,17.040000,0.078925054,12910.446,false
SA_Energy_Dominance_PC80,206,17.242000,0.078521763,13333.085,false
SA_Energy_Dominance_PC80,206,17.144000,0.078582005,13333.085,false
SA_Energy_Dominance_PC80,206,17.356000,0.078496709,13369.099,false
SA_Energy_Dominance_PC80,206,17.554000,0.078457961,13268.510,false
SA_Energy_Dominance_PC80,206,17.598000,0.078413457,13429.646,false
SA_Energy_Dominance_PC80,206,17.646000,0.078266088,13429.646,false
SA_Energy_Dominance_PC80,206,17.816000,0.078190641,13429.384,false
SA_Energy_Dominance_PC80,206,18.116000,0.077521737,13350.546,false
SA_Energy_Dominance_PC80,206,18.082000,0.077641384,13350.546,false
SA_Energy_Dominance_PC80,206,18.246000,0.070703438,10172.043,false
SA_Energy_Dominance_PC80,206,18.164000,0.070917871,10318.873,false
SA_Energy_Dominance_PC80,206,18.334000,0.070686895,10318.873,false
SA_Energy_Dominance_PC80,206,18.120000,0.071231157,10367.970,false
SA_Energy_Dominance_PC80,206,18.528000,0.070678609,10191.022,false
SA_Energy_Dominance_PC80,206,18.424000,0.070678609,9914.381,false
SA_Energy_Dominance_PC80,207,9.872000,0.082451638,13413.467,false
SA_Energy_Dominance_PC80,207,10.014000,0.082252929,13431.268,false
SA_Energy_Dominance_PC80,207,9.886000,0.082267439,13376.301,false
SA_Energy_Dominance_PC80,207,10.766000,0.082251310,13400.055,false
SA_Energy_Dominance_PC80,207,10.832000,0.082227357,13296.002,false
SA_Energy_Dominance_PC80,207,11.310000,0.081788470,13340.529,false
SA_Energy_Dominance_PC80,207,11.354000,0.081782913,13317.166,false
SA_Energy_Dominance_PC80,207,11.248000,0.081804284,13317.166,false
SA_Energy_Dominance_PC80,207,11.374000,0.081737382,13317.166,false
SA_Energy_Dominance_PC80,207,11.554000,0.081677559,13317.166,false
SA_Energy_Dominance_PC80,207,11.952000,0.081514318,13403.550,false
SA_Energy_Dominance_PC80,207,12.004000,0.081446356,13421.454,false
SA_Energy_Dominance_PC80,207,12.784000,0.081138570,13154.392,false
SA_Energy_Dominance_PC80,207,12.820000,0.081094838,13154.392,false
SA_Energy_Dominance_PC80,207,12.780000,0.081173147,13209.533,false
SA_Energy_Dominance_PC80,207,13.294000,0.080845785,13302.934,false
SA_Energy_Dominance_PC80,207,16.306000,0.079527102,13342.831,false
SA_Energy_Dominance_PC80,207,15.976000,0.079815726,13390.342,false
SA_Energy_Dominance_PC80,207,16.270000,0.079666890,13410.145,false
SA_Energy_Dominance_PC80,207,16.434000,0.079461739,13433.024,false
SA_Energy_Dominance_PC80,207,16.512000,0.079380482,13433.024,false
SA_Energy_Dominance_PC80,207,16.584000,0.079297401,13367.182,false
SA_Energy_Dominance_PC80,207,16.444000,0.079420609,13351.252,false
SA_Energy_Dominance_PC80,207,17.444000,0.079158805,13228.748,false
SA_Energy_Dominance_PC80,207,17.590000,0.078946354,13423.633,false
SA_Energy_Dominance_PC80,207,17.810000,0.078760097,13423.633,false
SA_Energy_Dominance_PC80,207,17.620000,0.078785543,13423.633,false
SA_Energy_Dominance_PC80,207,17.822000,0.078689410,13296.196,false
SA_Energy_Dominance_PC80,207,17.932000,0.078632154,13275.390,false
SA_Energy_Dominance_PC80,207,18.064000,0.078622135,13275.390,false
SA_Energy_Dominance_PC80,207,18.246000,0.078548641,13433.822,false
SA_Energy_Dominance_PC80,207,18.468000,0.078458195,13433.822,false
SA_Energy_Dominance_PC80,207,18.346000,0.078512194,13433.822,false
SA_Energy_Dominance_PC80,207,18.492000,0.078379503,13359.471,false
SA_Energy_Dominance_PC80,207,18.514000,0.078255347,13289.455,false
SA_Energy_Dominance_PC80,207,18.608000,0.077091825,13371.727,false
SA_Energy_Dominance_PC80,207,18.708000,0.077091825,13371.727,false
SA_Energy_Dominance_PC80,207,19.072000,0.077054278,13371.727,false
SA_Energy_Dominance_PC80,207,19.194000,0.077015507,13371.727,false
SA_Energy_Dominance_PC80,207,19.310000,0.076880031,13357.792,false
SA_Energy_Dominance_PC80,207,19.616000,0.076868202,13357.792,false
SA_Energy_Dominance_PC80,207,19.732000,0.076831338,13357.792,false
SA_Energy_Dominance_PC80,207,20.346000,0.076712771,13424.766,false
SA_Energy_Dominance_PC80,207,20.076000,0.076765457,13402.555,false
SA_Energy_Dominance_PC80,207,20.374000,0.076628560,13402.555,false
SA_Energy_Dominance_PC80,207,20.916000,0.076315793,13299.033,false
SA_Energy_Dominance_PC80,207,20.458000,0.076369023,13299.033,false
SA_Energy_Dominance_PC80,207,21.528000,0.076294502,13283.103,false
SA_Energy_Dominance_PC80,207,21.672000,0.076206241,13331.886,false
SA_Energy_Dominance_PC80,207,21.908000,0.076104740,12955.970,false
SA_Energy_Dominance_PC80,207,22.046000,0.069617292,11392.976,false
SA_Energy_Dominance_PC80,207,22.254000,0.069419769,10501.725,false
SA_Energy_Dominance_PC80,207,22.406000,0.069386887,10501.725,false
SA_Energy_Dominance_PC80,207,22.238000,0.069553572,10398.783,false
SA_Energy_Dominance_PC80,208,9.592000,0.081337877,13343.038,false
SA_Energy_Dominance_PC80,208,9.470000,0.081503160,13280.919,false
SA_Energy_Dominance_PC80,208,9.442000,0.081595120,13290.004,false
SA_Energy_Dominance_PC80,208,13.954000,0.080076327,13368.267,false
SA_Energy_Dominance_PC80,208,13.792000,0.080147687,13349.268,false
SA_Energy_Dominance_PC80,208,13.884000,0.080086770,13352.255,false
SA_Energy_Dominance_PC80,208,14.002000,0.079834685,13352.255,false
SA_Energy_Dominance_PC80,208,13.970000,0.079912993,13350.720,false
SA_Energy_Dominance_PC80,208,14.034000,0.079713566,13256.963,false
SA_Energy_Dominance_PC80,208,14.638000,0.079310970,13176.959,false
SA_Energy_Dominance_PC80,208,14.512000,0.079318948,13218.258,false
SA_Energy_Dominance_PC80,208,14.696000,0.079191019,13218.258,false
SA_Energy_Dominance_PC80,208,14.722000,0.079149107,13218.258,false
SA_Energy_Dominance_PC80,208,14.898000,0.079111799,13111.327,false
SA_Energy_Dominance_PC80,208,15.136000,0.079098536,13165.325,false
SA_Energy_Dominance_PC80,208,15.922000,0.079044972,13081.446,false
SA_Energy_Dominance_PC80,208,16.132000,0.079023919,13081.446,false
SA_Energy_Dominance_PC80,208,16.186000,0.078995534,13081.446,false
SA_Energy_Dominance_PC80,208,16.202000,0.078950987,12965.874,false
SA_Energy_Dominance_PC80,208,16.252000,0.078783156,12985.880,false
SA_Energy_Dominance_PC80,208,16.212000,0.078879260,12985.880,false
SA_Energy_Dominance_PC80,208,16.324000,0.078763987,13012.605,false
SA_Energy_Dominance_PC80,208,16.716000,0.078758616,13262.797,false
SA_Energy_Dominance_PC80,208,16.916000,0.077612980,13217.510,false
SA_Energy_Dominance_PC80,208,16.914000,0.077653485,13217.510,false
SA_Energy_Dominance_PC80,208,16.918000,0.077417515,13259.223,false
SA_Energy_Dominance_PC80,208,17.000000,0.077284203,13259.223,false
SA_Energy_Dominance_PC80,208,16.990000,0.077333777,13266.067,false
SA_Energy_Dominance_PC80,208,17.164000,0.077230352,13051.218,false
SA_Energy_Dominance_PC80,208,17.428000,0.076565920,13061.977,false
SA_Energy_Dominance_PC80,208,17.274000,0.076613587,13061.977,false
SA_Energy_Dominance_PC80,208,17.644000,0.075652043,13410.352,false
SA_Energy_Dominance_PC80,208,17.472000,0.075738441,13410.352,false
SA_Energy_Dominance_PC80,208,17.864000,0.075401200,13127.540,false
SA_Energy_Dominance_PC80,208,17.656000,0.075431517,13127.540,false
SA_Energy_Dominance_PC80,208,18.122000,0.075374182,13342.034,false
SA_Energy_Dominance_PC80,208,18.254000,0.075322336,13386.304,false
SA_Energy_Dominance_PC80,208,18.274000,0.075257033,13214.597,false
SA_Energy_Dominance_PC80,208,18.866000,0.075232715,13308.096,false
SA_Energy_Dominance_PC80,208,19.264000,0.075095032,13167.693,false
SA_Energy_Dominance_PC80,208,19.394000,0.074435815,12768.235,false
SA_Energy_Dominance_PC80,208,19.546000,0.073933511,12625.172,false
SA_Energy_Dominance_PC80,208,19.732000,0.070041042,10584.055,false
SA_Energy_Dominance_PC80,208,19.814000,0.069680110,10179.866,false
SA_Energy_Dominance_PC80,208,19.934000,0.069667968,10183.814,false
SA_Energy_Dominance_PC80,208,20.356000,0.069667968,10709.491,false
SA_Energy_Dominance_PC80,209,10.246000,0.082601215,13410.239,false
SA_Energy_Dominance_PC80,209,10.266000,0.081135063,13335.769,false
SA_Energy_Dominance_PC80,209,11.662000,0.080972122,13003.389,false
SA_Energy_Dominance_PC80,209,11.514000,0.081015838,13003.389,false
SA_Energy_Dominance_PC80,209,11.774000,0.080738146,13201.270,false
SA_Energy_Dominance_PC80,209,12.022000,0.080735311,13201.270,false
SA_Energy_Dominance_PC80,209,12.094000,0.080696540,13201.270,false
SA_Energy_Dominance_PC80,209,12.436000,0.080696540,13181.373,false
SA_Energy_Dominance_PC80,209,12.722000,0.080616555,13151.632,false
SA_Energy_Dominance_PC80,209,12.696000,0.080695262,13350.720,false
SA_Energy_Dominance_PC80,209,12.980000,0.080401076,13427.130,false
SA_Energy_Dominance_PC80,209,12.940000,0.080446274,13425.677,false
SA_Energy_Dominance_PC80,209,13.502000,0.080223112,13430.553,false
SA_Energy_Dominance_PC80,209,13.490000,0.080253894,13430.553,false
SA_Energy_Dominance_PC80,209,13.470000,0.080341170,13430.553,false
SA_Energy_Dominance_PC80,209,13.724000,0.079743026,13396.443,false
SA_Energy_Dominance_PC80,209,13.682000,0.079758557,13396.443,false
SA_Energy_Dominance_PC80,209,13.634000,0.079800566,13396.443,false
SA_Energy_Dominance_PC80,209,13.826000,0.079736979,13406.171,false
SA_Energy_Dominance_PC80,209,14.146000,0.079657983,13405.319,false
SA_Energy_Dominance_PC80,209,14.198000,0.079653263,13364.021,false
SA_Energy_Dominance_PC80,209,13.908000,0.079679089,13367.362,false
SA_Energy_Dominance_PC80,209,14.320000,0.079613432,13364.021,false
SA_Energy_Dominance_PC80,209,14.372000,0.078808988,13330.625,false
SA_Energy_Dominance_PC80,209,14.438000,0.078173502,13256.448,false
SA_Energy_Dominance_PC80,209,14.548000,0.078106458,13256.448,false
SA_Energy_Dominance_PC80,209,14.562000,0.077933985,13317.747,false
SA_Energy_Dominance_PC80,209,14.576000,0.077882799,13317.747,false
SA_Energy_Dominance_PC80,209,14.740000,0.077877736,13317.747,false
SA_Energy_Dominance_PC80,209,14.838000,0.077837258,13317.747,false
SA_Energy_Dominance_PC80,209,14.922000,0.077777210,13317.747,false
SA_Energy_Dominance_PC80,209,14.992000,0.077751437,13258.980,false
SA_Energy_Dominance_PC80,209,15.080000,0.077610593,13402.997,false
SA_Energy_Dominance_PC80,209,15.142000,0.077581879,13359.592,false
SA_Energy_Dominance_PC80,209,15.200000,0.077555213,13197.589,false
SA_Energy_Dominance_PC80,209,15.266000,0.077529194,13197.589,false
SA_Energy_Dominance_PC80,209,15.414000,0.077453418,13197.589,false
SA_Energy_Dominance_PC80,209,15.614000,0.077384025,13244.047,false
SA_Energy_Dominance_PC80,209,15.480000,0.077421699,13244.047,false
SA_Energy_Dominance_PC80,209,15.720000,0.077278194,13244.047,false
SA_Energy_Dominance_PC80,209,16.172000,0.077274044,13240.814,false
SA_Energy_Dominance_PC80,209,16.340000,0.077179844,13309.927,false
SA_Energy_Dominance_PC80,209,16.320000,0.077237100,13309.927,false
SA_Energy_Dominance_PC80,209,16.422000,0.077120713,13294.556,false
SA_Energy_Dominance_PC80,209,16.578000,0.077067029,13387.959,false
SA_Energy_Dominance_PC80,209,16.724000,0.077004547,13322.117,false
SA_Energy_Dominance_PC80,209,16.940000,0.076973452,13322.117,false
SA_Energy_Dominance_PC80,209,16.958000,0.076893815,13322.117,false
SA_Energy_Dominance_PC80,209,17.208000,0.076877185,13309.012,false
SA_Energy_Dominance_PC80,209,17.330000,0.076662754,13224.402,false
SA_Energy_Dominance_PC80,209,17.536000,0.076387866,13271.178,false
SA_Energy_Dominance_PC80,209,17.616000,0.076342992,13411.604,false
SA_Energy_Dominance_PC80,209,17.354000,0.076390194,13327.117,false
SA_Energy_Dominance_PC80,209,18.182000,0.070280280,11002.220,false
SA_Energy_Dominance_PC80,209,17.696000,0.070422452,10613.924,false
SA_Energy_Dominance_PC80,209,17.848000,0.070382695,10570.976,false
SA_Energy_Dominance_PC80,209,17.954000,0.070280280,11532.676,false
NSGA-II_PC80,200,9.508000,0.075411122,12346.809,false
NSGA-II_PC80,200,9.700000,0.075365399,12593.970,false
NSGA-II_PC80,200,8.460000,0.076629486,12973.228,false
NSGA-II_PC80,200,9.276000,0.075549911,12682.220,false
NSGA-II_PC80,200,8.332000,0.076698160,11995.532,false
NSGA-II_PC80,200,13.950000,0.072868230,12839.009,false
NSGA-II_PC80,200,14.252000,0.072852502,12573.698,false
NSGA-II_PC80,200,9.818000,0.075046394,12875.917,false
NSGA-II_PC80,200,13.526000,0.072989309,12248.056,false
NSGA-II_PC80,200,10.774000,0.074134819,12465.495,false
NSGA-II_PC80,200,7.952000,0.077883868,12810.455,false
NSGA-II_PC80,200,8.914000,0.076049346,12025.187,false
NSGA-II_PC80,200,13.638000,0.072889642,12991.508,false
NSGA-II_PC80,200,7.984000,0.077102708,12655.821,false
NSGA-II_PC80,200,10.822000,0.074038966,12090.265,false
NSGA-II_PC80,200,7.800000,0.078468647,12720.760,false
NSGA-II_PC80,200,8.978000,0.075750203,12101.134,false
NSGA-II_PC80,200,10.248000,0.074449849,12720.605,false
NSGA-II_PC80,200,8.188000,0.077049011,12404.360,false
NSGA-II_PC80,200,13.630000,0.072981199,12515.093,false
NSGA-II_PC80,200,11.050000,0.074021536,12912.112,false
NSGA-II_PC80,200,7.642000,0.078774613,12880.619,false
NSGA-II_PC80,200,10.090000,0.074635712,12183.154,false
NSGA-II_PC80,200,12.976000,0.073175887,12605.486,false
NSGA-II_PC80,200,7.294000,0.079807631,13277.149,false
NSGA-II_PC80,200,8.582000,0.076541357,12278.840,false
NSGA-II_PC80,200,7.980000,0.077211771,12424.751,false
NSGA-II_PC80,200,13.204000,0.073067205,12194.033,false
NSGA-II_PC80,200,11.136000,0.073964390,12965.908,false
NSGA-II_PC80,200,9.838000,0.074900976,12284.480,false
NSGA-II_PC80,200,10.216000,0.074591142,12604.842,false
NSGA-II_PC80,200,12.570000,0.073359764,12928.244,false
NSGA-II_PC80,200,7.680000,0.078586899,13303.747,false
NSGA-II_PC80,200,10.570000,0.074203966,13196.468,false
NSGA-II_PC80,200,7.400000,0.079473604,12935.786,false
NSGA-II_PC80,200,14.372000,0.072775684,12272.026,false
NSGA-II_PC80,200,9.050000,0.075660525,12327.224,false
NSGA-II_PC80,200,8.870000,0.076241422,12179.337,false
NSGA-II_PC80,200,9.712000,0.075129284,12330.053,false
NSGA-II_PC80,200,10.038000,0.074707638,12710.315,false
NSGA-II_PC80,200,7.532000,0.079147730,12647.391,false
NSGA-II_PC80,200,12.800000,0.073349472,12177.351,false
NSGA-II_PC80,200,8.674000,0.076269566,12916.583,false
NSGA-II_PC80,200,12.138000,0.073424740,12319.948,false
NSGA-II_PC80,200,11.350000,0.073596123,12313.830,false
NSGA-II_PC80,200,7.658000,0.078702597,13223.511,false
NSGA-II_PC80,200,10.972000,0.074027471,12438.797,false
NSGA-II_PC80,200,10.028000,0.074892617,12287.454,false
NSGA-II_PC80,201,7.384000,0.076283187,12864.435,false
NSGA-II_PC80,201,7.348000,0.076295005,12762.021,false
NSGA-II_PC80,201,7.296000,0.076402652,12964.778,false
NSGA-II_PC80,201,6.996000,0.077603044,13340.954,false
NSGA-II_PC80,201,7.284000,0.076443618,13043.432,false
NSGA-II_PC80,201,7.748000,0.075722418,13203.344,false
NSGA-II_PC80,201,7.270000,0.076489383,12715.812,false
NSGA-II_PC80,201,7.628000,0.075801161,12961.126,false
NSGA-II_PC80,201,7.684000,0.075772247,12633.585,false
NSGA-II_PC80,201,7.894000,0.075516968,12861.602,false
NSGA-II_PC80,201,7.324000,0.076361976,12329.938,false
NSGA-II_PC80,201,7.594000,0.075844682,12918.285,false
NSGA-II_PC80,201,7.040000,0.077108118,13165.067,false
NSGA-II_PC80,201,7.988000,0.075448696,12400.814,false
NSGA-II_PC80,201,7.410000,0.076194264,12194.651,false
NSGA-II_PC80,201,7.718000,0.075754529,12633.585,false
NSGA-II_PC80,201,8.000000,0.075382712,12417.904,false
NSGA-II_PC80,201,8.566000,0.074933140,12733.165,false
NSGA-II_PC80,201,7.778000,0.075655320,12772.579,false
NSGA-II_PC80,201,7.654000,0.075782275,12745.800,false
NSGA-II_PC80,201,7.388000,0.076248318,13126.504,false
NSGA-II_PC80,201,7.856000,0.075540530,12676.390,false
NSGA-II_PC80,201,7.516000,0.075918416,12728.542,false
NSGA-II_PC80,201,7.154000,0.076589884,12880.739,false
NSGA-II_PC80,201,6.970000,0.077848236,13325.136,false
NSGA-II_PC80,201,8.054000,0.075160494,12396.254,false
NSGA-II_PC80,201,8.360000,0.075157974,12543.041,false
NSGA-II_PC80,201,6.998000,0.077462123,13042.415,false
NSGA-II_PC80,201,6.988000,0.077699914,13240.594,false
NSGA-II_PC80,201,7.792000,0.075554287,12273.893,false
NSGA-II_PC80,201,7.128000,0.076951593,13320.599,false
NSGA-II_PC80,201,8.442000,0.074978700,12728.510,false
NSGA-II_PC80,201,6.990000,0.077653514,13243.548,false
NSGA-II_PC80,201,7.232000,0.076530954,12738.612,false
NSGA-II_PC80,201,8.366000,0.075049830,12718.225,false
NSGA-II_PC80,201,7.462000,0.076078659,12286.807,false
NSGA-II_PC80,202,9.940000,0.078501118,13330.123,false
NSGA-II_PC80,202,8.754000,0.079921983,13044.551,false
NSGA-II_PC80,202,9.652000,0.079091723,13369.597,false
NSGA-II_PC80,202,11.582000,0.077359414,13065.768,false
NSGA-II_PC80,202,10.060000,0.078107749,12927.466,false
NSGA-II_PC80,202,9.996000,0.078438331,13301.961,false
NSGA-II_PC80,202,9.358000,0.079254849,13057.246,false
NSGA-II_PC80,202,8.868000,0.079730677,12987.185,false
NSGA-II_PC80,202,12.466000,0.077178621,13037.075,false
NSGA-II_PC80,202,8.672000,0.079972865,13051.437,false
NSGA-II_PC80,202,9.672000,0.078852933,12975.122,false
NSGA-II_PC80,202,7.972000,0.080947415,13002.654,false
NSGA-II_PC80,202,11.304000,0.077821904,13106.888,false
NSGA-II_PC80,202,12.316000,0.077280812,13151.913,false
NSGA-II_PC80,202,8.210000,0.080825390,12945.096,false
NSGA-II_PC80,202,8.504000,0.080218650,12948.015,false
NSGA-II_PC80,202,8.202000,0.080867495,13129.306,false
NSGA-II_PC80,202,8.566000,0.079981161,13115.078,false
NSGA-II_PC80,202,8.368000,0.080442500,13212.793,false
NSGA-II_PC80,202,8.284000,0.080608345,13098.551,false
NSGA-II_PC80,202,9.024000,0.079538223,12903.443,false
NSGA-II_PC80,202,10.886000,0.077825444,12759.716,false
NSGA-II_PC80,202,12.512000,0.077042811,13290.373,false
NSGA-II_PC80,202,8.446000,0.080276766,13347.512,false
NSGA-II_PC80,202,9.656000,0.078985290,13071.340,false
NSGA-II_PC80,202,9.132000,0.079449894,13342.843,false
NSGA-II_PC80,202,11.820000,0.077322118,12722.475,false
NSGA-II_PC80,202,11.504000,0.077481247,13362.256,false
NSGA-II_PC80,202,10.208000,0.077932813,13179.390,false
NSGA-II_PC80,202,9.740000,0.078625985,12829.552,false
NSGA-II_PC80,202,11.376000,0.077494578,13215.752,false
NSGA-II_PC80,202,9.310000,0.079336948,13057.449,false
NSGA-II_PC80,202,13.352000,0.077016813,12882.954,false
NSGA-II_PC80,202,10.002000,0.078346205,13018.413,false
NSGA-II_PC80,203,9.096000,0.078607053,13139.855,false
NSGA-II_PC80,203,10.462000,0.077527520,12569.190,false
NSGA-II_PC80,203,7.928000,0.080424193,12850.658,false
NSGA-II_PC80,203,11.146000,0.077339368,12878.517,false
NSGA-II_PC80,203,9.660000,0.078012393,13024.200,false
NSGA-II_PC80,203,7.878000,0.080593839,13109.897,false
NSGA-II_PC80,203,9.290000,0.078332062,12987.164,false
NSGA-II_PC80,203,9.512000,0.078045068,13275.331,false
NSGA-II_PC80,203,8.946000,0.078883974,12804.115,false
NSGA-II_PC80,203,8.516000,0.079457355,13031.959,false
NSGA-II_PC80,203,10.894000,0.077387509,13308.949,false
NSGA-II_PC80,203,8.860000,0.079002514,13113.754,false
NSGA-II_PC80,203,9.750000,0.077869932,13022.269,false
NSGA-II_PC80,203,10.936000,0.077361269,12798.677,false
NSGA-II_PC80,203,7.744000,0.080941750,12770.013,false
NSGA-II_PC80,203,8.618000,0.079056882,13187.589,false
NSGA-II_PC80,203,10.078000,0.077698244,12884.869,false
NSGA-II_PC80,203,10.378000,0.077594390,12762.606,false
NSGA-II_PC80,203,8.002000,0.080409171,12756.685,false
NSGA-II_PC80,203,8.982000,0.078645959,13072.483,false
NSGA-II_PC80,203,7.716000,0.081047631,12876.595,false
NSGA-II_PC80,203,8.062000,0.080212149,12973.469,false
NSGA-II_PC80,203,10.066000,0.077792565,12510.620,false
NSGA-II_PC80,203,8.944000,0.078965288,13143.464,false
NSGA-II_PC80,203,9.590000,0.078041069,13024.200,false
NSGA-II_PC80,203,10.296000,0.077657726,12632.272,false
NSGA-II_PC80,203,8.126000,0.079851664,12899.041,false
NSGA-II_PC80,203,7.608000,0.081440639,12868.039,false
NSGA-II_PC80,203,7.628000,0.081307793,12748.022,false
NSGA-II_PC80,203,9.118000,0.078530915,13403.324,false
NSGA-II_PC80,203,9.218000,0.078446769,13122.053,false
NSGA-II_PC80,203,11.340000,0.077207844,13127.005,false
NSGA-II_PC80,203,8.564000,0.079060556,12824.973,false
NSGA-II_PC80,203,9.150000,0.078453299,13294.257,false
NSGA-II_PC80,203,8.082000,0.080139844,12973.469,false
NSGA-II_PC80,203,8.344000,0.079571200,13189.762,false
NSGA-II_PC80,203,8.120000,0.080049282,13181.811,false
NSGA-II_PC80,203,10.674000,0.077397828,12853.121,false
NSGA-II_PC80,203,7.692000,0.081236649,12787.592,false
NSGA-II_PC80,203,7.850000,0.080805663,12396.248,false
NSGA-II_PC80,203,8.170000,0.079752835,12969.767,false
NSGA-II_PC80,203,9.392000,0.078139294,13275.331,false
NSGA-II_PC80,204,7.852000,0.078756060,13189.196,false
NSGA-II_PC80,204,8.790000,0.077326917,12818.740,false
NSGA-II_PC80,204,7.730000,0.079089640,13362.651,false
NSGA-II_PC80,204,7.422000,0.079805672,13111.467,false
NSGA-II_PC80,204,7.552000,0.079348278,13148.166,false
NSGA-II_PC80,204,8.250000,0.078139143,13247.001,false
NSGA-II_PC80,204,7.600000,0.079145687,13338.982,false
NSGA-II_PC80,204,8.892000,0.077093386,13159.434,false
NSGA-II_PC80,204,9.104000,0.076860222,12989.259,false
NSGA-II_PC80,204,7.484000,0.079414653,13185.157,false
NSGA-II_PC80,204,7.428000,0.079745807,13122.750,false
NSGA-II_PC80,204,7.436000,0.079468375,13149.922,false
NSGA-II_PC80,204,11.456000,0.075382480,13021.931,false
NSGA-II_PC80,204,8.470000,0.077655468,13001.340,false
NSGA-II_PC80,204,8.792000,0.077167507,13287.112,false
NSGA-II_PC80,204,10.796000,0.075619571,12938.868,false
NSGA-II_PC80,204,8.936000,0.077013156,13003.831,false
NSGA-II_PC80,204,10.042000,0.076014106,13150.173,false
NSGA-II_PC80,204,9.266000,0.076619930,12738.449,false
NSGA-II_PC80,204,8.306000,0.078138219,13270.494,false
NSGA-II_PC80,204,11.534000,0.075327155,13026.038,false
NSGA-II_PC80,204,11.458000,0.075328798,13329.440,false
NSGA-II_PC80,204,11.830000,0.075128653,12636.174,false
NSGA-II_PC80,204,7.734000,0.078890110,13231.924,false
NSGA-II_PC80,204,10.212000,0.076003166,12678.620,false
NSGA-II_PC80,204,9.774000,0.076547550,13117.599,false
NSGA-II_PC80,204,8.024000,0.078265549,12950.395,false
NSGA-II_PC80,204,11.634000,0.075288531,12881.580,false
NSGA-II_PC80,204,11.072000,0.075507587,12963.218,false
NSGA-II_PC80,204,9.110000,0.076786722,12715.790,false
NSGA-II_PC80,204,9.812000,0.076399697,13219.369,false
NSGA-II_PC80,204,11.260000,0.075400629,13191.415,false
NSGA-II_PC80,204,10.956000,0.075595939,12766.006,false
NSGA-II_PC80,204,8.424000,0.077781535,12957.962,false
NSGA-II_PC80,204,11.018000,0.075510292,12592.919,false
NSGA-II_PC80,204,10.260000,0.075679333,12628.227,false
NSGA-II_PC80,204,8.982000,0.076862123,13027.380,false
NSGA-II_PC80,204,7.556000,0.079300796,13337.113,false
NSGA-II_PC80,204,11.900000,0.074965456,12804.496,false
NSGA-II_PC80,204,9.912000,0.076079898,12783.419,false
NSGA-II_PC80,204,8.098000,0.078213372,13283.083,false
NSGA-II_PC80,204,9.830000,0.076332876,12471.418,false
NSGA-II_PC80,204,8.414000,0.078025001,13018.311,false
NSGA-II_PC80,204,7.876000,0.078590264,13099.261,false
NSGA-II_PC80,204,11.758000,0.075234904,12875.084,false
NSGA-II_PC80,205,9.602000,0.074934991,12806.222,false
NSGA-II_PC80,205,7.684000,0.079916892,12844.460,false
NSGA-II_PC80,205,13.504000,0.072533334,12302.509,false
NSGA-II_PC80,205,8.778000,0.075596817,12740.372,false
NSGA-II_PC80,205,7.796000,0.079908056,12886.569,false
NSGA-II_PC80,205,7.932000,0.079515426,13122.509,false
NSGA-II_PC80,205,8.006000,0.079367499,13401.612,false
NSGA-II_PC80,205,9.162000,0.075264009,11865.615,false
NSGA-II_PC80,205,10.108000,0.074589843,11940.750,false
NSGA-II_PC80,205,8.024000,0.078123491,13356.023,false
NSGA-II_PC80,205,11.942000,0.073515779,12315.229,false
NSGA-II_PC80,205,9.814000,0.074884578,11845.730,false
NSGA-II_PC80,205,12.814000,0.073010861,12611.028,false
NSGA-II_PC80,205,9.316000,0.075167820,13086.087,false
NSGA-II_PC80,205,10.196000,0.074254924,12339.920,false
NSGA-II_PC80,205,10.322000,0.074011613,12105.623,false
NSGA-II_PC80,205,13.114000,0.072694671,12334.432,false
NSGA-II_PC80,205,10.114000,0.074265451,12361.269,false
NSGA-II_PC80,205,10.698000,0.073730670,12383.233,false
NSGA-II_PC80,205,8.922000,0.075452276,12303.013,false
NSGA-II_PC80,205,9.916000,0.074607193,12038.021,false
NSGA-II_PC80,205,10.666000,0.073809553,11881.934,false
NSGA-II_PC80,205,12.514000,0.073134680,12542.326,false
NSGA-II_PC80,205,10.530000,0.073869317,12019.570,false
NSGA-II_PC80,205,11.766000,0.073618035,12318.461,false
NSGA-II_PC80,205,10.800000,0.073645144,12147.154,false
NSGA-II_PC80,205,8.590000,0.076261401,12987.664,false
NSGA-II_PC80,205,7.800000,0.079739661,12932.395,false
NSGA-II_PC80,205,8.298000,0.076578377,12330.517,false
NSGA-II_PC80,205,7.564000,0.080289191,13081.860,false
NSGA-II_PC80,205,12.112000,0.073265951,13360.878,false
NSGA-II_PC80,205,12.078000,0.073496357,12766.395,false
NSGA-II_PC80,205,9.480000,0.074974207,12228.844,false
NSGA-II_PC80,205,13.998000,0.072478537,12592.995,false
NSGA-II_PC80,205,12.888000,0.072915751,12261.473,false
NSGA-II_PC80,205,12.520000,0.073029813,13256.067,false
NSGA-II_PC80,205,8.154000,0.077939532,12774.677,false
NSGA-II_PC80,206,7.266000,0.077876240,12875.737,false
NSGA-II_PC80,206,9.088000,0.075037319,12791.122,false
NSGA-II_PC80,206,9.232000,0.074968108,12831.936,false
NSGA-II_PC80,206,10.326000,0.074458622,12245.051,false
NSGA-II_PC80,206,8.622000,0.075339564,12356.733,false
NSGA-II_PC80,206,8.838000,0.075182772,12986.569,false
NSGA-II_PC80,206,9.256000,0.074924537,11954.693,false
NSGA-II_PC80,206,8.336000,0.075555668,12637.556,false
NSGA-II_PC80,206,9.156000,0.075001998,12952.294,false
NSGA-II_PC80,206,9.302000,0.074856981,12037.694,false
NSGA-II_PC80,206,7.910000,0.076653916,13005.848,false
NSGA-II_PC80,206,8.804000,0.075253813,12356.733,false
NSGA-II_PC80,206,7.916000,0.076580019,12668.676,false
NSGA-II_PC80,206,9.498000,0.074620244,11950.220,false
NSGA-II_PC80,206,9.664000,0.074561886,11993.878,false
NSGA-II_PC80,206,8.040000,0.076169405,13144.073,false
NSGA-II_PC80,206,8.620000,0.075387249,12296.613,false
NSGA-II_PC80,206,9.772000,0.074520173,11990.904,false
NSGA-II_PC80,206,8.738000,0.075292189,13305.729,false
NSGA-II_PC80,206,7.600000,0.076664165,12996.981,false
NSGA-II_PC80,206,9.558000,0.074579684,12121.521,false
NSGA-II_PC80,206,7.940000,0.076228977,13199.903,false
NSGA-II_PC80,206,7.250000,0.078083722,12875.737,false
NSGA-II_PC80,206,9.800000,0.074476710,12423.349,false
NSGA-II_PC80,206,8.886000,0.075122056,12467.780,false
NSGA-II_PC80,206,8.476000,0.075442357,12093.645,false
NSGA-II_PC80,206,7.276000,0.077784552,12960.294,false
NSGA-II_PC80,206,8.102000,0.075890785,12392.769,false
NSGA-II_PC80,206,8.904000,0.075060144,12512.721,false
NSGA-II_PC80,206,11.222000,0.074414221,12488.469,false
NSGA-II_PC80,206,7.358000,0.077051301,13193.172,false
NSGA-II_PC80,206,9.314000,0.074737000,12681.759,false
NSGA-II_PC80,206,8.308000,0.075675807,12516.835,false
NSGA-II_PC80,206,8.974000,0.075046299,12409.564,false
NSGA-II_PC80,206,8.120000,0.075772130,12084.275,false
NSGA-II_PC80,206,7.340000,0.077769561,12840.105,false
NSGA-II_PC80,207,7.842000,0.076363405,12966.463,false
NSGA-II_PC80,207,9.334000,0.075401753,12281.118,false
NSGA-II_PC80,207,7.334000,0.077392289,12290.397,false
NSGA-II_PC80,207,8.910000,0.075660891,12446.678,false
NSGA-II_PC80,207,7.872000,0.076216735,12230.190,false
NSGA-II_PC80,207,7.528000,0.076510684,12683.466,false
NSGA-II_PC80,207,9.044000,0.075568932,12657.973,false
NSGA-II_PC80,207,9.108000,0.075526517,13131.005,false
NSGA-II_PC80,207,7.118000,0.077441943,12554.283,false
NSGA-II_PC80,207,7.980000,0.076093965,12969.208,false
NSGA-II_PC80,207,7.450000,0.076645819,12690.715,false
NSGA-II_PC80,207,9.244000,0.075448231,12626.903,false
NSGA-II_PC80,207,9.004000,0.075623745,12630.862,false
NSGA-II_PC80,207,8.350000,0.075728569,12696.712,false
NSGA-II_PC80,207,8.234000,0.075925637,12603.485,false
NSGA-II_PC80,207,9.364000,0.075375197,12298.962,false
NSGA-II_PC80,207,8.440000,0.075668888,11850.938,false
NSGA-II_PC80,207,6.996000,0.079888551,13105.513,false
NSGA-II_PC80,208,7.806000,0.079221755,13349.780,false
NSGA-II_PC80,208,9.300000,0.076391899,12582.131,false
NSGA-II_PC80,208,8.938000,0.076865777,12505.876,false
NSGA-II_PC80,208,11.018000,0.075358253,12954.873,false
NSGA-II_PC80,208,9.638000,0.076281485,12117.352,false
NSGA-II_PC80,208,7.562000,0.079829285,12753.854,false
NSGA-II_PC80,208,10.340000,0.075649894,12495.648,false
NSGA-II_PC80,208,8.848000,0.077214593,12947.794,false
NSGA-II_PC80,208,8.404000,0.078036917,12915.284,false
NSGA-II_PC80,208,9.026000,0.076569337,12388.047,false
NSGA-II_PC80,208,7.950000,0.079084980,12572.377,false
NSGA-II_PC80,208,10.990000,0.075421411,12954.873,false
NSGA-II_PC80,208,10.668000,0.075532821,13248.356,false
NSGA-II_PC80,208,9.292000,0.076523282,12556.430,false
NSGA-II_PC80,208,9.332000,0.076321966,12582.131,false
NSGA-II_PC80,208,7.658000,0.079381193,12706.772,false
NSGA-II_PC80,208,8.746000,0.077263829,13174.077,false
NSGA-II_PC80,208,8.262000,0.078067239,12553.462,false
NSGA-II_PC80,208,8.886000,0.076949988,12505.876,false
NSGA-II_PC80,208,11.200000,0.075346241,12939.286,false
NSGA-II_PC80,208,9.706000,0.076229538,12351.628,false
NSGA-II_PC80,208,10.094000,0.075864566,12352.539,false
NSGA-II_PC80,208,8.488000,0.077876680,12729.961,false
NSGA-II_PC80,208,8.016000,0.078722889,12582.833,false
NSGA-II_PC80,208,11.850000,0.075032906,12196.099,false
NSGA-II_PC80,208,7.746000,0.079273380,13349.780,false
NSGA-II_PC80,208,9.874000,0.076039858,12579.446,false
NSGA-II_PC80,208,7.564000,0.079441494,12723.149,false
NSGA-II_PC80,208,8.078000,0.078489152,12640.335,false
NSGA-II_PC80,208,9.716000,0.076140432,12176.398,false
NSGA-II_PC80,208,12.290000,0.074790586,13303.958,false
NSGA-II_PC80,208,10.564000,0.075536713,12901.046,false
NSGA-II_PC80,208,11.710000,0.075130596,12170.204,false
NSGA-II_PC80,208,11.364000,0.075325928,12972.721,false
NSGA-II_PC80,208,10.498000,0.075639909,12422.893,false
NSGA-II_PC80,208,11.912000,0.074937089,11948.438,false
NSGA-II_PC80,208,7.868000,0.079151324,12687.925,false
NSGA-II_PC80,208,11.672000,0.075317804,12795.253,false
NSGA-II_PC80,208,8.994000,0.076728741,12835.347,false
NSGA-II_PC80,208,13.696000,0.074649301,12427.414,false
NSGA-II_PC80,208,8.472000,0.077965288,12447.327,false
NSGA-II_PC80,208,8.630000,0.077451678,13200.981,false
NSGA-II_PC80,208,10.080000,0.076007927,12952.772,false
NSGA-II_PC80,209,9.918000,0.074634318,12279.992,false
NSGA-II_PC80,209,8.932000,0.075096627,12154.592,false
NSGA-II_PC80,209,8.926000,0.075321964,11967.442,false
NSGA-II_PC80,209,7.756000,0.076759358,13274.713,false
NSGA-II_PC80,209,7.626000,0.077036801,12840.017,false
NSGA-II_PC80,209,8.264000,0.075806926,12129.835,false
NSGA-II_PC80,209,7.522000,0.078219730,13171.723,false
NSGA-II_PC80,209,9.102000,0.074931354,11770.799,false
NSGA-II_PC80,209,11.030000,0.073887527,11994.650,false
NSGA-II_PC80,209,11.666000,0.073449076,12219.094,false
NSGA-II_PC80,209,9.830000,0.074739130,12667.799,false
NSGA-II_PC80,209,7.856000,0.076465683,12586.165,false
NSGA-II_PC80,209,9.320000,0.074770087,11597.897,false
NSGA-II_PC80,209,11.618000,0.073514284,11664.460,false
NSGA-II_PC80,209,11.084000,0.073802657,12251.523,false
NSGA-II_PC80,209,11.112000,0.073683273,11992.686,false
NSGA-II_PC80,209,9.966000,0.074538930,11938.318,false
NSGA-II_PC80,209,10.578000,0.074106998,11909.299,false
NSGA-II_PC80,209,7.848000,0.076699610,12586.165,false
NSGA-II_PC80,209,10.960000,0.073921580,11611.841,false
NSGA-II_PC80,209,8.454000,0.075400942,11794.004,false
NSGA-II_PC80,209,8.688000,0.075345747,12301.996,false
NSGA-II_PC80,209,13.328000,0.072627772,11924.499,false
NSGA-II_PC80,209,12.450000,0.073053945,12015.444,false
NSGA-II_PC80,209,7.958000,0.075984692,11811.202,false
NSGA-II_PC80,209,13.604000,0.072619947,12029.552,false
NSGA-II_PC80,209,11.460000,0.073529743,12286.293,false
NSGA-II_PC80,209,8.276000,0.075705361,12634.023,false
NSGA-II_PC80,209,7.520000,0.078713459,13381.031,false
NSGA-II_PC80,209,13.826000,0.072579253,11835.530,false
NSGA-II_PC80,209,10.120000,0.074490344,12223.194,false
NSGA-II_PC80,209,11.984000,0.073241773,12679.632,false
NSGA-II_PC80,209,13.196000,0.072806214,12123.838,false
NSGA-II_PC80,209,8.370000,0.075581657,11917.947,false
NSGA-II_PC80,209,10.146000,0.074118029,11768.780,false
NSGA-II_PC80,209,11.326000,0.073649998,12036.956,false
NSGA-II_PC80,209,12.858000,0.072838433,12017.583,false
NSGA-II_PC80,209,11.768000,0.073397306,12208.647,false
NSGA-II_PC80,209,9.916000,0.074699647,11995.046,false
NSGA-II_PC80,209,10.744000,0.073932608,12840.660,false
NSGA-II_PC80,209,12.396000,0.073153674,12277.212,false
SPEA-II_PC80,200,7.462000,0.076425075,12689.881,false
SPEA-II_PC80,200,7.298000,0.076673466,12655.726,false
SPEA-II_PC80,200,7.300000,0.076464159,12929.580,false
SPEA-II_PC80,200,7.068000,0.077024451,12821.561,false
SPEA-II_PC80,200,7.188000,0.076719863,12534.095,false
SPEA-II_PC80,200,6.750000,0.077675896,13131.511,false
SPEA-II_PC80,200,9.050000,0.074734802,11644.182,false
SPEA-II_PC80,200,7.414000,0.076446889,12504.861,false
SPEA-II_PC80,200,8.806000,0.074842889,12410.036,false
SPEA-II_PC80,200,6.840000,0.077262348,12780.806,false
SPEA-II_PC80,200,6.968000,0.077214487,12778.450,false
SPEA-II_PC80,200,6.806000,0.077411603,13014.923,false
SPEA-II_PC80,200,7.882000,0.076230598,12201.414,false
SPEA-II_PC80,200,9.328000,0.074547269,11912.929,false
SPEA-II_PC80,200,7.148000,0.076849803,12546.684,false
SPEA-II_PC80,200,7.064000,0.077060051,12967.676,false
SPEA-II_PC80,200,6.998000,0.077123777,12670.999,false
SPEA-II_PC80,200,7.940000,0.075657218,12385.375,false
SPEA-II_PC80,200,8.818000,0.074801403,12056.292,false
SPEA-II_PC80,200,7.106000,0.076940828,12894.563,false
SPEA-II_PC80,200,9.078000,0.074663180,11895.249,false
SPEA-II_PC80,200,7.938000,0.075723134,12505.879,false
SPEA-II_PC80,200,8.106000,0.075466364,12384.124,false
SPEA-II_PC80,200,9.388000,0.074502420,12121.347,false
SPEA-II_PC80,200,6.802000,0.077613704,13324.968,false
SPEA-II_PC80,200,8.222000,0.075206703,11805.284,false
SPEA-II_PC80,200,8.044000,0.075571316,12312.779,false
SPEA-II_PC80,200,8.122000,0.075375920,11991.520,false
SPEA-II_PC80,200,8.962000,0.074777892,11821.675,false
SPEA-II_PC80,200,8.524000,0.074916703,12243.288,false
SPEA-II_PC80,200,8.964000,0.074738049,12113.644,false
SPEA-II_PC80,200,8.188000,0.075209373,11899.534,false
SPEA-II_PC80,200,9.118000,0.074563817,11901.332,false
SPEA-II_PC80,200,8.074000,0.075554029,12142.797,false
SPEA-II_PC80,200,8.304000,0.075146044,11835.223,false
SPEA-II_PC80,200,7.258000,0.076697529,12466.003,false
SPEA-II_PC80,200,9.062000,0.074695941,11895.249,false
SPEA-II_PC80,200,8.444000,0.075031056,11984.776,false
SPEA-II_PC80,201,8.366000,0.078558219,12989.670,false
SPEA-II_PC80,201,8.130000,0.078849231,13374.572,false
SPEA-II_PC80,201,7.688000,0.080382948,13309.864,false
SPEA-II_PC80,201,9.196000,0.077569635,12912.586,false
SPEA-II_PC80,201,10.416000,0.076865734,13143.533,false
SPEA-II_PC80,201,8.346000,0.078605070,13024.534,false
SPEA-II_PC80,201,7.780000,0.080144651,13382.190,false
SPEA-II_PC80,201,7.796000,0.079840906,13375.125,false
SPEA-II_PC80,201,8.908000,0.078212544,12930.257,false
SPEA-II_PC80,201,9.868000,0.077046789,13204.474,false
SPEA-II_PC80,201,10.078000,0.076958054,12668.942,false
SPEA-II_PC80,201,8.290000,0.078607715,13283.648,false
SPEA-II_PC80,201,9.776000,0.077135694,12917.653,false
SPEA-II_PC80,201,7.730000,0.080326489,13398.831,false
SPEA-II_PC80,201,10.376000,0.076897563,13255.487,false
SPEA-II_PC80,201,7.954000,0.079259402,12897.019,false
SPEA-II_PC80,201,10.274000,0.076911540,13025.203,false
SPEA-II_PC80,201,9.402000,0.077324965,12678.429,false
SPEA-II_PC80,201,7.872000,0.079755457,13291.650,false
SPEA-II_PC80,201,8.016000,0.079228413,13091.529,false
SPEA-II_PC80,201,10.446000,0.076832121,12817.075,false
SPEA-II_PC80,201,8.754000,0.078273058,12888.011,false
SPEA-II_PC80,201,9.558000,0.077163302,13233.883,false
SPEA-II_PC80,201,9.050000,0.077733860,13300.232,false
SPEA-II_PC80,201,10.236000,0.076912735,12485.489,false
SPEA-II_PC80,201,9.918000,0.077026985,13204.474,false
SPEA-II_PC80,201,8.282000,0.078777454,13221.297,false
SPEA-II_PC80,201,7.882000,0.079468066,13076.632,false
SPEA-II_PC80,201,8.430000,0.078489856,12967.290,false
SPEA-II_PC80,201,7.926000,0.079352332,13341.817,false
SPEA-II_PC80,202,7.024000,0.080155167,13294.409,false
SPEA-II_PC80,202,8.272000,0.076664510,12874.343,false
SPEA-II_PC80,202,8.822000,0.076250643,12552.971,false
SPEA-II_PC80,202,8.140000,0.076733175,12808.425,false
SPEA-II_PC80,202,6.942000,0.080437255,13255.337,false
SPEA-II_PC80,202,6.928000,0.080552422,13016.172,false
SPEA-II_PC80,202,8.598000,0.076437158,13221.368,false
SPEA-II_PC80,202,7.590000,0.077540016,13273.694,false
SPEA-II_PC80,202,8.746000,0.076388789,12800.179,false
SPEA-II_PC80,202,8.550000,0.076606559,13187.853,false
SPEA-II_PC80,202,8.896000,0.076190197,12707.352,false
SPEA-II_PC80,202,7.830000,0.076870606,13118.113,false
SPEA-II_PC80,202,9.156000,0.076092758,12741.712,false
SPEA-II_PC80,202,7.804000,0.077003025,13229.493,false
SPEA-II_PC80,202,7.086000,0.080114327,13168.997,false
SPEA-II_PC80,202,8.340000,0.076634588,13337.093,false
SPEA-II_PC80,202,9.348000,0.075875977,12833.501,false
SPEA-II_PC80,202,9.060000,0.076108560,12962.090,false
SPEA-II_PC80,202,9.412000,0.075503080,12953.566,false
SPEA-II_PC80,202,6.958000,0.080300184,13262.259,false
SPEA-II_PC80,202,7.550000,0.077588527,13229.409,false
SPEA-II_PC80,202,8.096000,0.076785731,12869.783,false
SPEA-II_PC80,202,7.208000,0.079891835,13381.552,false
SPEA-II_PC80,202,7.682000,0.077127663,13153.307,false
SPEA-II_PC80,202,6.952000,0.080354112,13388.606,false
SPEA-II_PC80,202,7.520000,0.079835588,12901.772,false
SPEA-II_PC80,202,8.084000,0.076836326,13330.782,false
SPEA-II_PC80,202,7.116000,0.080019879,13244.046,false
SPEA-II_PC80,202,9.248000,0.076037809,12844.123,false
SPEA-II_PC80,202,7.310000,0.079868955,12956.773,false
SPEA-II_PC80,203,8.914000,0.078299400,12941.661,false
SPEA-II_PC80,203,8.882000,0.078365228,12707.544,false
SPEA-II_PC80,203,8.452000,0.078729162,13354.445,false
SPEA-II_PC80,203,7.608000,0.081012773,13429.780,false
SPEA-II_PC80,203,10.350000,0.077192271,13357.993,false
SPEA-II_PC80,203,7.598000,0.081373589,12929.722,false
SPEA-II_PC80,203,9.628000,0.077530179,12567.047,false
SPEA-II_PC80,203,8.726000,0.078569058,13071.000,false
SPEA-II_PC80,203,8.692000,0.078574782,12865.326,false
SPEA-II_PC80,203,7.690000,0.080337260,12960.285,false
SPEA-II_PC80,203,7.968000,0.079426636,13264.522,false
SPEA-II_PC80,203,9.016000,0.078071584,13039.861,false
SPEA-II_PC80,203,8.818000,0.078433734,13061.171,false
SPEA-II_PC80,203,8.346000,0.078798235,13182.807,false
SPEA-II_PC80,203,8.470000,0.078671260,13354.445,false
SPEA-II_PC80,203,8.128000,0.079118448,13141.863,false
SPEA-II_PC80,203,9.920000,0.077332081,13250.230,false
SPEA-II_PC80,203,9.048000,0.077895001,13243.365,false
SPEA-II_PC80,203,7.700000,0.080130292,13338.696,false
SPEA-II_PC80,203,9.780000,0.077461386,12788.788,false
SPEA-II_PC80,203,9.816000,0.077336744,12633.481,false
SPEA-II_PC80,203,9.928000,0.077206926,12387.867,false
SPEA-II_PC80,203,10.484000,0.077016730,12610.903,false
SPEA-II_PC80,203,7.714000,0.079559992,13366.360,false
SPEA-II_PC80,203,9.452000,0.077845083,13022.880,false
SPEA-II_PC80,203,8.812000,0.078547232,12916.119,false
SPEA-II_PC80,203,7.808000,0.079493067,13032.447,false
SPEA-II_PC80,203,8.982000,0.078201719,13124.979,false
SPEA-II_PC80,203,8.102000,0.079288125,13229.592,false
SPEA-II_PC80,203,8.592000,0.078605111,13258.016,false
SPEA-II_PC80,203,7.612000,0.080559393,12960.285,false
SPEA-II_PC80,203,10.478000,0.077083992,12585.950,false
SPEA-II_PC80,204,7.402000,0.080223884,13176.493,false
SPEA-II_PC80,204,7.470000,0.078673837,13405.478,false
SPEA-II_PC80,204,9.740000,0.075392075,12988.082,false
SPEA-II_PC80,204,8.514000,0.076716557,12225.996,false
SPEA-II_PC80,204,8.144000,0.077028046,12797.424,false
SPEA-II_PC80,204,7.536000,0.078219260,13034.004,false
SPEA-II_PC80,204,9.182000,0.075911621,12779.283,false
SPEA-II_PC80,204,9.856000,0.075127736,13033.098,false
SPEA-II_PC80,204,8.906000,0.076290808,13182.668,false
SPEA-II_PC80,204,8.284000,0.076935006,12715.131,false
SPEA-II_PC80,204,8.072000,0.077170498,12824.780,false
SPEA-II_PC80,204,9.496000,0.075752352,12611.852,false
SPEA-II_PC80,204,9.366000,0.075812138,12659.926,false
SPEA-II_PC80,204,8.502000,0.076813005,12263.266,false
SPEA-II_PC80,204,7.740000,0.077459896,12717.439,false
SPEA-II_PC80,204,7.660000,0.077626580,13125.409,false
SPEA-II_PC80,204,7.458000,0.080045975,13307.084,false
SPEA-II_PC80,204,7.310000,0.080315357,13291.195,false
SPEA-II_PC80,204,8.632000,0.076402775,12497.024,false
SPEA-II_PC80,204,7.588000,0.078048460,12867.125,false
SPEA-II_PC80,204,11.198000,0.074201883,11905.571,false
SPEA-II_PC80,204,7.318000,0.080241596,13027.965,false
SPEA-II_PC80,204,7.420000,0.080147920,13331.893,false
SPEA-II_PC80,204,7.528000,0.078424479,13159.055,false
SPEA-II_PC80,204,11.036000,0.074569134,12930.733,false
SPEA-II_PC80,204,9.440000,0.075798580,12503.319,false
SPEA-II_PC80,204,7.650000,0.077745546,12867.392,false
SPEA-II_PC80,204,10.326000,0.075114045,12608.759,false
SPEA-II_PC80,204,7.730000,0.077610805,12574.521,false
SPEA-II_PC80,204,12.658000,0.074009849,12349.866,false
SPEA-II_PC80,204,7.778000,0.077241694,12718.499,false
SPEA-II_PC80,204,10.690000,0.074589976,12324.027,false
SPEA-II_PC80,204,7.290000,0.080398256,13176.309,false
SPEA-II_PC80,204,10.340000,0.074763237,12593.156,false
SPEA-II_PC80,204,8.914000,0.076090581,12846.616,false
SPEA-II_PC80,204,7.638000,0.077812476,12922.585,false
SPEA-II_PC80,204,12.106000,0.074038732,12309.080,false
SPEA-II_PC80,204,7.260000,0.080471057,13320.805,false
SPEA-II_PC80,204,9.176000,0.076071738,12572.951,false
SPEA-II_PC80,204,9.626000,0.075641167,13092.529,false
SPEA-II_PC80,205,7.134000,0.077100804,13101.528,false
SPEA-II_PC80,205,7.186000,0.077100037,13101.528,false
SPEA-II_PC80,205,9.372000,0.075313625,12004.225,false
SPEA-II_PC80,205,6.996000,0.077306380,13330.306,false
SPEA-II_PC80,205,8.878000,0.075341187,12489.089,false
SPEA-II_PC80,205,7.340000,0.076986182,13173.718,false
SPEA-II_PC80,205,7.736000,0.076462652,12928.925,false
SPEA-II_PC80,205,7.252000,0.077057484,12883.695,false
SPEA-II_PC80,205,8.452000,0.075492168,12241.151,false
SPEA-II_PC80,205,7.408000,0.076918882,13054.926,false
SPEA-II_PC80,205,7.678000,0.076483057,12928.925,false
SPEA-II_PC80,205,7.220000,0.077099226,13127.669,false
SPEA-II_PC80,205,6.906000,0.077497061,13034.094,false
SPEA-II_PC80,205,9.014000,0.075317014,12136.227,false
SPEA-II_PC80,205,7.636000,0.076611941,13029.637,false
SPEA-II_PC80,205,6.916000,0.077319794,13238.253,false
SPEA-II_PC80,205,7.282000,0.077056714,13024.759,false
SPEA-II_PC80,205,7.774000,0.076109803,12476.002,false
SPEA-II_PC80,205,6.892000,0.077846425,13064.673,false
SPEA-II_PC80,205,7.302000,0.077028211,13021.527,false
SPEA-II_PC80,205,7.356000,0.076943378,13093.029,false
SPEA-II_PC80,205,7.004000,0.077199956,13144.000,false
SPEA-II_PC80,205,7.414000,0.076863726,12951.513,false
SPEA-II_PC80,205,8.582000,0.075427633,12588.638,false
SPEA-II_PC80,205,8.410000,0.075551341,12175.700,false
SPEA-II_PC80,205,8.538000,0.075451183,12689.350,false
SPEA-II_PC80,205,7.000000,0.077279167,13122.017,false
SPEA-II_PC80,205,7.026000,0.077136172,13202.195,false
SPEA-II_PC80,205,8.192000,0.075609711,12288.746,false
SPEA-II_PC80,205,7.582000,0.076802563,13103.190,false
SPEA-II_PC80,205,8.906000,0.075335318,12165.661,false
SPEA-II_PC80,205,7.986000,0.075704115,12314.077,false
SPEA-II_PC80,205,8.626000,0.075424457,12184.938,false
SPEA-II_PC80,205,7.892000,0.075936435,12349.984,false
SPEA-II_PC80,205,7.550000,0.076818795,13187.977,false
SPEA-II_PC80,205,8.706000,0.075353181,12510.526,false
SPEA-II_PC80,205,6.818000,0.077884062,13328.975,false
SPEA-II_PC80,206,8.650000,0.077768898,12995.494,false
SPEA-II_PC80,206,11.778000,0.075976109,13010.949,false
SPEA-II_PC80,206,7.434000,0.079530878,12391.797,false
SPEA-II_PC80,206,9.530000,0.077333982,12653.507,false
SPEA-II_PC80,206,8.800000,0.077550520,12576.732,false
SPEA-II_PC80,206,8.988000,0.077495288,13028.153,false
SPEA-II_PC80,206,7.380000,0.079542495,12280.331,false
SPEA-II_PC80,206,11.844000,0.075878933,13241.730,false
SPEA-II_PC80,206,9.586000,0.076961496,13413.309,false
SPEA-II_PC80,206,10.652000,0.076289328,13132.781,false
SPEA-II_PC80,206,10.434000,0.076778305,12758.271,false
SPEA-II_PC80,206,7.838000,0.078411715,13304.586,false
SPEA-II_PC80,206,7.532000,0.079108376,12549.440,false
SPEA-II_PC80,206,7.674000,0.078664293,13224.159,false
SPEA-II_PC80,206,11.378000,0.076043239,12906.997,false
SPEA-II_PC80,206,10.406000,0.076852808,12683.891,false
SPEA-II_PC80,206,8.328000,0.077902061,13013.396,false
SPEA-II_PC80,206,10.136000,0.076954029,13156.337,false
SPEA-II_PC80,206,8.028000,0.078127458,12506.182,false
SPEA-II_PC80,206,10.370000,0.076938747,12165.869,false
SPEA-II_PC80,206,11.642000,0.075982896,13037.113,false
SPEA-II_PC80,206,7.658000,0.078883260,13152.959,false
SPEA-II_PC80,206,7.626000,0.079072409,12844.744,false
SPEA-II_PC80,206,10.020000,0.076956006,12989.043,false
SPEA-II_PC80,206,10.782000,0.076251642,13417.128,false
SPEA-II_PC80,206,8.394000,0.077817046,12918.935,false
SPEA-II_PC80,206,11.264000,0.076231416,12587.923,false
SPEA-II_PC80,206,7.774000,0.078417161,13027.955,false
SPEA-II_PC80,206,7.764000,0.078561613,12511.186,false
SPEA-II_PC80,206,7.322000,0.079543403,12713.313,false
SPEA-II_PC80,206,7.454000,0.079165574,12114.092,false
SPEA-II_PC80,206,9.394000,0.077380116,12923.778,false
SPEA-II_PC80,206,9.116000,0.077443201,12980.043,false
SPEA-II_PC80,206,7.436000,0.079484432,12292.132,false
SPEA-II_PC80,206,8.140000,0.077953047,13054.130,false
SPEA-II_PC80,206,10.486000,0.076500924,12737.082,false
SPEA-II_PC80,206,7.950000,0.078182157,12899.457,false
SPEA-II_PC80,206,8.870000,0.077503010,12541.284,false
SPEA-II_PC80,206,11.294000,0.076134431,12709.211,false
SPEA-II_PC80,207,9.558000,0.078157795,12895.251,false
SPEA-II_PC80,207,9.188000,0.078457552,12982.930,false
SPEA-II_PC80,207,9.402000,0.078256955,13013.597,false
SPEA-II_PC80,207,7.620000,0.079540140,12992.059,false
SPEA-II_PC80,207,9.584000,0.077842241,13268.652,false
SPEA-II_PC80,207,9.938000,0.077813231,12547.197,false
SPEA-II_PC80,207,9.114000,0.078473446,12982.930,false
SPEA-II_PC80,207,9.228000,0.078371687,13040.673,false
SPEA-II_PC80,207,10.420000,0.077251738,12924.528,false
SPEA-II_PC80,207,7.538000,0.079782455,13248.024,false
SPEA-II_PC80,207,7.520000,0.079944335,12851.838,false
SPEA-II_PC80,207,10.912000,0.076934858,12868.438,false
SPEA-II_PC80,207,10.706000,0.077077646,13252.645,false
SPEA-II_PC80,207,8.994000,0.078605392,13037.684,false
SPEA-II_PC80,207,10.038000,0.077582809,13344.502,false
SPEA-II_PC80,207,7.838000,0.079116142,12891.127,false
SPEA-II_PC80,207,7.642000,0.079345513,12955.625,false
SPEA-II_PC80,207,8.344000,0.078783032,13061.947,false
SPEA-II_PC80,207,7.734000,0.079338690,13042.755,false
SPEA-II_PC80,207,7.886000,0.079074079,12695.050,false
SPEA-II_PC80,207,8.956000,0.078723159,12801.903,false
SPEA-II_PC80,207,8.140000,0.078913638,12296.581,false
SPEA-II_PC80,207,7.778000,0.079306804,12948.627,false
SPEA-II_PC80,207,8.114000,0.079066642,13278.047,false
SPEA-II_PC80,207,10.652000,0.077235045,13311.356,false
SPEA-II_PC80,207,10.894000,0.076985574,12824.253,false
SPEA-II_PC80,207,10.376000,0.077332921,13205.854,false
SPEA-II_PC80,207,10.274000,0.077370574,13174.782,false
SPEA-II_PC80,207,9.320000,0.078263424,13031.674,false
SPEA-II_PC80,207,10.028000,0.077732684,13369.851,false
SPEA-II_PC80,207,10.266000,0.077555705,13179.964,false
SPEA-II_PC80,208,6.744000,0.077778581,13246.321,false
SPEA-II_PC80,208,7.914000,0.075109038,12564.401,false
SPEA-II_PC80,208,7.664000,0.075435575,13276.605,false
SPEA-II_PC80,208,8.242000,0.074826766,12697.139,false
SPEA-II_PC80,208,7.192000,0.076558052,12824.586,false
SPEA-II_PC80,208,7.814000,0.075120460,12894.934,false
SPEA-II_PC80,208,6.878000,0.076944953,12621.480,false
SPEA-II_PC80,208,7.744000,0.075158806,12639.099,false
SPEA-II_PC80,208,7.272000,0.076216279,13215.815,false
SPEA-II_PC80,208,7.468000,0.075750040,13286.113,false
SPEA-II_PC80,208,6.804000,0.077067508,12723.326,false
SPEA-II_PC80,208,7.526000,0.075689192,13323.618,false
SPEA-II_PC80,208,6.782000,0.077177400,13123.298,false
SPEA-II_PC80,208,7.562000,0.075540671,12229.663,false
SPEA-II_PC80,208,8.036000,0.074905098,12334.760,false
SPEA-II_PC80,208,6.746000,0.077371101,12661.153,false
SPEA-II_PC80,208,8.456000,0.074649195,12601.667,false
SPEA-II_PC80,208,8.194000,0.074866352,12765.836,false
SPEA-II_PC80,208,7.684000,0.075370971,12814.914,false
SPEA-II_PC80,208,7.962000,0.075056040,12552.191,false
SPEA-II_PC80,208,6.704000,0.077898958,13311.347,false
SPEA-II_PC80,208,8.002000,0.074911001,12711.218,false
SPEA-II_PC80,208,7.706000,0.075306623,12715.140,false
SPEA-II_PC80,208,6.874000,0.076984072,13028.282,false
SPEA-II_PC80,208,7.994000,0.075014826,12563.947,false
SPEA-II_PC80,208,7.276000,0.075907434,12700.215,false
SPEA-II_PC80,208,6.936000,0.076818822,12580.612,false
SPEA-II_PC80,208,8.390000,0.074675981,12700.930,false
SPEA-II_PC80,208,8.240000,0.074863127,12587.782,false
SPEA-II_PC80,208,6.764000,0.077191061,13025.981,false
SPEA-II_PC80,208,8.278000,0.074691219,12444.959,false
SPEA-II_PC80,208,8.122000,0.074885355,12683.834,false
SPEA-II_PC80,208,7.718000,0.075191956,12639.099,false
SPEA-II_PC80,208,7.954000,0.075089648,12696.213,false
SPEA-II_PC80,209,9.210000,0.077622985,12787.822,false
SPEA-II_PC80,209,8.390000,0.078340724,12948.860,false
SPEA-II_PC80,209,7.666000,0.079461096,12933.212,false
SPEA-II_PC80,209,11.026000,0.077320844,12914.972,false
SPEA-II_PC80,209,8.718000,0.077888169,13006.984,false
SPEA-II_PC80,209,9.108000,0.077653298,12597.206,false
SPEA-II_PC80,209,7.550000,0.079787740,12887.214,false
SPEA-II_PC80,209,8.734000,0.077786180,13252.096,false
SPEA-II_PC80,209,7.896000,0.078898328,13297.296,false
SPEA-II_PC80,209,11.806000,0.077061933,13156.686,false
SPEA-II_PC80,209,8.392000,0.078259269,13333.598,false
SPEA-II_PC80,209,8.376000,0.078375752,13335.186,false
SPEA-II_PC80,209,9.300000,0.077532861,12993.569,false
SPEA-II_PC80,209,9.054000,0.077685575,12680.055,false
SPEA-II_PC80,209,10.446000,0.077519722,13083.833,false
SPEA-II_PC80,209,11.792000,0.077137625,13080.652,false
SPEA-II_PC80,209,7.776000,0.079067536,13053.357,false
SPEA-II_PC80,209,8.092000,0.078720880,12888.612,false
SPEA-II_PC80,209,7.796000,0.078968433,13038.940,false
SPEA-II_PC80,209,7.930000,0.078778916,13139.105,false
SPEA-II_PC80,209,8.250000,0.078406558,13007.926,false
SPEA-II_PC80,209,8.588000,0.077935684,13088.111,false
SPEA-II_PC80,209,10.998000,0.077506793,13073.747,false
SPEA-II_PC80,209,8.110000,0.078511715,13217.627,false
SPEA-II_PC80,209,8.014000,0.078767141,13295.512,false
SPEA-II_PC80,209,8.812000,0.077710803,13006.984,false
SPEA-II_PC80,209,7.752000,0.079265849,13110.031,false
SPEA-II_PC80,209,8.554000,0.078010633,13312.636,false
SPEA-II_PC80,209,11.066000,0.077189183,12943.982,false
SPEA-II_PC80,209,8.490000,0.078091086,13043.497,false
SPEA-II_PC80,209,7.570000,0.079611073,13247.760,false
SPEA-II_PC80,209,11.174000,0.077146524,12885.123,false
SPEA-II_PC80,209,8.104000,0.078607170,13349.246,false
AMOSA_PC80,200,11.968000,0.078144505,13326.402,false
AMOSA_PC80,200,11.490000,0.078509371,12896.321,false
AMOSA_PC80,200,10.780000,0.079135449,13177.843,false
AMOSA_PC80,200,10.866000,0.079031660,13092.775,false
AMOSA_PC80,200,10.970000,0.078747426,13408.121,false
AMOSA_PC80,200,8.430000,0.081592146,13401.491,false
AMOSA_PC80,200,8.278000,0.081809040,13432.789,false
AMOSA_PC80,200,8.446000,0.081360550,13279.190,false
AMOSA_PC80,200,8.450000,0.081270353,13372.197,false
AMOSA_PC80,200,8.462000,0.080491833,13218.781,false
AMOSA_PC80,200,8.748000,0.080014527,13180.716,false
AMOSA_PC80,200,8.530000,0.080471827,13222.907,false
AMOSA_PC80,200,8.676000,0.080214508,13002.804,false
AMOSA_PC80,200,8.562000,0.080218444,12794.062,false
AMOSA_PC80,200,9.180000,0.079678446,13199.734,false
AMOSA_PC80,200,9.128000,0.079921826,13283.251,false
AMOSA_PC80,200,8.826000,0.080004062,13245.952,false
AMOSA_PC80,200,8.880000,0.079930202,13057.591,false
AMOSA_PC80,200,10.146000,0.079359786,13309.742,false
AMOSA_PC80,200,10.314000,0.079174450,13413.533,false
AMOSA_PC80,200,9.860000,0.079364939,13368.522,false
AMOSA_PC80,200,9.776000,0.079527994,13199.992,false
AMOSA_PC80,200,9.804000,0.079436766,13215.179,false
AMOSA_PC80,200,9.638000,0.079613126,13348.070,false
AMOSA_PC80,200,12.218000,0.077956075,13178.058,false
AMOSA_PC80,200,12.472000,0.077935286,13002.901,false
AMOSA_PC80,200,11.822000,0.078421698,13326.402,false
AMOSA_PC80,200,11.988000,0.078033421,13055.944,false
AMOSA_PC80,201,10.708000,0.077950746,12730.845,false
AMOSA_PC80,201,9.698000,0.078599375,13101.027,false
AMOSA_PC80,201,10.168000,0.078271441,13393.161,false
AMOSA_PC80,201,9.910000,0.078481381,13329.919,false
AMOSA_PC80,201,9.988000,0.078323459,13365.257,false
AMOSA_PC80,201,9.832000,0.078556598,13418.628,false
AMOSA_PC80,201,9.758000,0.078562607,13329.536,false
AMOSA_PC80,201,9.610000,0.078714115,13363.699,false
AMOSA_PC80,201,9.208000,0.078956832,13218.893,false
AMOSA_PC80,201,8.806000,0.079647085,13251.949,false
AMOSA_PC80,201,9.116000,0.079052444,13399.535,false
AMOSA_PC80,201,8.980000,0.079239966,13338.410,false
AMOSA_PC80,201,8.948000,0.079437446,13343.747,false
AMOSA_PC80,201,8.956000,0.079260953,13361.184,false
AMOSA_PC80,201,9.070000,0.079137508,13316.383,false
AMOSA_PC80,201,9.306000,0.078740410,13344.434,false
AMOSA_PC80,201,9.220000,0.078872594,13277.208,false
AMOSA_PC80,201,8.302000,0.080374319,13083.741,false
AMOSA_PC80,201,8.466000,0.080143700,13108.167,false
AMOSA_PC80,201,8.156000,0.080766273,13275.989,false
AMOSA_PC80,201,8.436000,0.080201927,13189.870,false
AMOSA_PC80,201,8.184000,0.080475919,13107.149,false
AMOSA_PC80,201,8.496000,0.080133702,13179.697,false
AMOSA_PC80,201,8.378000,0.080330809,13018.811,false
AMOSA_PC80,201,8.432000,0.080247059,13226.636,false
AMOSA_PC80,201,8.578000,0.079817468,13337.155,false
AMOSA_PC80,201,8.818000,0.079442760,13340.841,false
AMOSA_PC80,201,8.738000,0.079666838,13074.405,false
AMOSA_PC80,201,10.230000,0.078157554,13098.912,false
AMOSA_PC80,201,10.616000,0.077954097,13433.750,false
AMOSA_PC80,201,11.212000,0.077739794,13162.201,false
AMOSA_PC80,201,10.830000,0.077832828,12779.615,false
AMOSA_PC80,201,10.818000,0.077865387,12824.344,false
AMOSA_PC80,201,10.562000,0.078004046,13318.613,false
AMOSA_PC80,201,10.806000,0.077926948,13270.038,false
AMOSA_PC80,201,10.504000,0.078062933,13323.164,false
AMOSA_PC80,202,8.852000,0.079805596,13411.447,false
AMOSA_PC80,202,9.068000,0.079361474,13321.822,false
AMOSA_PC80,202,8.990000,0.079525590,13344.532,false
AMOSA_PC80,202,8.876000,0.079646248,13308.174,false
AMOSA_PC80,202,11.008000,0.078367443,13434.206,false
AMOSA_PC80,202,11.054000,0.078287870,13358.879,false
AMOSA_PC80,202,8.884000,0.079566919,13394.737,false
AMOSA_PC80,202,8.612000,0.080178729,13413.829,false
AMOSA_PC80,202,8.784000,0.079880797,13293.906,false
AMOSA_PC80,202,8.584000,0.080635432,13295.780,false
AMOSA_PC80,202,8.364000,0.081199917,13356.723,false
AMOSA_PC80,202,8.308000,0.081401480,13355.448,false
AMOSA_PC80,202,8.418000,0.081054613,13271.775,false
AMOSA_PC80,202,8.432000,0.080801258,13409.039,false
AMOSA_PC80,202,9.558000,0.078548306,13243.789,false
AMOSA_PC80,202,9.664000,0.078454523,13257.506,false
AMOSA_PC80,202,9.450000,0.078725109,13045.838,false
AMOSA_PC80,202,9.432000,0.078810371,13326.399,false
AMOSA_PC80,202,9.310000,0.078852819,13301.981,false
AMOSA_PC80,202,9.144000,0.078943207,13313.992,false
AMOSA_PC80,202,8.718000,0.080124804,13368.780,false
AMOSA_PC80,203,9.406000,0.078417575,13382.290,false
AMOSA_PC80,203,9.026000,0.078765151,13375.669,false
AMOSA_PC80,203,9.060000,0.078741162,13400.904,false
AMOSA_PC80,203,9.062000,0.078706539,13075.887,false
AMOSA_PC80,203,8.754000,0.078962900,13381.367,false
AMOSA_PC80,203,8.780000,0.078912649,13386.073,false
AMOSA_PC80,203,9.148000,0.078491989,13432.273,false
AMOSA_PC80,203,8.694000,0.079185879,13258.156,false
AMOSA_PC80,203,8.720000,0.079176672,13264.044,false
AMOSA_PC80,203,8.820000,0.078766281,13393.308,false
AMOSA_PC80,203,8.656000,0.079360850,13264.350,false
AMOSA_PC80,203,8.482000,0.079655514,13220.475,false
AMOSA_PC80,203,8.506000,0.079456835,13348.960,false
AMOSA_PC80,203,8.552000,0.079369174,13295.963,false
AMOSA_PC80,203,8.004000,0.081095189,13217.290,false
AMOSA_PC80,203,8.144000,0.080997480,13221.294,false
AMOSA_PC80,203,7.944000,0.081425976,13182.991,false
AMOSA_PC80,203,7.704000,0.081732247,13144.672,false
AMOSA_PC80,203,7.878000,0.081460164,13276.696,false
AMOSA_PC80,203,8.196000,0.080164330,13322.335,false
AMOSA_PC80,203,8.234000,0.079911750,13307.882,false
AMOSA_PC80,203,10.420000,0.077893214,13428.308,false
AMOSA_PC80,203,10.056000,0.078188861,13199.660,false
AMOSA_PC80,203,10.068000,0.078095772,12960.900,false
AMOSA_PC80,203,9.960000,0.078204197,13073.891,false
AMOSA_PC80,203,9.556000,0.078316368,13229.940,false
AMOSA_PC80,203,9.674000,0.078248209,13415.130,false
AMOSA_PC80,203,9.850000,0.078246398,12928.601,false
AMOSA_PC80,203,9.508000,0.078335135,13276.885,false
AMOSA_PC80,204,10.418000,0.079184835,13396.840,false
AMOSA_PC80,204,10.216000,0.079303958,13375.339,false
AMOSA_PC80,204,9.876000,0.079570490,12854.689,false
AMOSA_PC80,204,9.590000,0.079875048,13337.673,false
AMOSA_PC80,204,9.800000,0.079635064,13351.637,false
AMOSA_PC80,204,9.680000,0.079749794,13391.085,false
AMOSA_PC80,204,9.892000,0.079482209,13203.522,false
AMOSA_PC80,204,9.754000,0.079718130,13287.136,false
AMOSA_PC80,204,8.940000,0.080157088,13319.279,false
AMOSA_PC80,204,9.300000,0.079896428,13285.014,false
AMOSA_PC80,204,9.238000,0.080000885,13324.189,false
AMOSA_PC80,204,9.160000,0.080018705,13367.306,false
AMOSA_PC80,204,9.092000,0.080022967,13389.363,false
AMOSA_PC80,204,11.406000,0.078422641,12594.191,false
AMOSA_PC80,204,11.356000,0.078624734,13410.329,false
AMOSA_PC80,204,11.314000,0.078687294,13105.592,false
AMOSA_PC80,204,10.818000,0.078727990,12894.582,false
AMOSA_PC80,204,10.724000,0.078836542,13360.200,false
AMOSA_PC80,204,10.552000,0.078886635,13379.920,false
AMOSA_PC80,204,8.702000,0.080673024,13151.116,false
AMOSA_PC80,204,8.914000,0.080430010,13352.808,false
AMOSA_PC80,204,8.656000,0.080705050,13390.137,false
AMOSA_PC80,204,8.774000,0.080482305,13424.827,false
AMOSA_PC80,204,8.488000,0.082324646,13236.003,false
AMOSA_PC80,204,10.130000,0.079441996,13338.972,false
AMOSA_PC80,204,10.410000,0.079275237,13264.027,false
AMOSA_PC80,205,8.412000,0.080449805,13411.781,false
AMOSA_PC80,205,10.740000,0.078800995,13263.152,false
AMOSA_PC80,205,11.394000,0.078538274,13360.059,false
AMOSA_PC80,205,11.356000,0.078629877,13433.921,false
AMOSA_PC80,205,11.668000,0.078455389,13420.816,false
AMOSA_PC80,205,11.444000,0.078516054,13321.440,false
AMOSA_PC80,205,11.008000,0.078718904,13422.944,false
AMOSA_PC80,205,11.080000,0.078649337,13315.646,false
AMOSA_PC80,205,8.998000,0.079740643,13404.641,false
AMOSA_PC80,205,9.344000,0.079392658,13165.876,false
AMOSA_PC80,205,9.374000,0.079371386,13392.938,false
AMOSA_PC80,205,9.234000,0.079449492,13190.116,false
AMOSA_PC80,205,9.898000,0.079009310,13020.546,false
AMOSA_PC80,205,10.018000,0.078863948,13149.370,false
AMOSA_PC80,205,9.854000,0.079039207,13346.117,false
AMOSA_PC80,205,9.380000,0.079298206,13332.821,false
AMOSA_PC80,205,9.568000,0.079121255,13376.951,false
AMOSA_PC80,205,9.578000,0.079052821,13375.432,false
AMOSA_PC80,205,9.324000,0.079440755,13252.421,false
AMOSA_PC80,205,9.382000,0.079180495,13388.132,false
AMOSA_PC80,205,9.018000,0.079601825,13338.160,false
AMOSA_PC80,205,9.022000,0.079498635,13296.074,false
AMOSA_PC80,205,8.774000,0.079964764,13352.089,false
AMOSA_PC80,205,8.474000,0.080328314,13349.674,false
AMOSA_PC80,205,8.308000,0.080639123,13254.696,false
AMOSA_PC80,205,8.484000,0.080146674,13372.567,false
AMOSA_PC80,206,10.910000,0.078503513,13053.589,false
AMOSA_PC80,206,10.922000,0.078423743,13161.081,false
AMOSA_PC80,206,10.576000,0.078532136,13257.521,false
AMOSA_PC80,206,8.998000,0.080327286,13255.024,false
AMOSA_PC80,206,9.106000,0.080027971,13308.383,false
AMOSA_PC80,206,8.946000,0.080581375,13413.685,false
AMOSA_PC80,206,8.970000,0.080445598,13416.374,false
AMOSA_PC80,206,8.402000,0.081638482,13363.045,false
AMOSA_PC80,206,8.608000,0.081069468,13242.506,false
AMOSA_PC80,206,8.660000,0.080980866,13386.931,false
AMOSA_PC80,206,8.354000,0.081899722,13418.210,false
AMOSA_PC80,206,8.558000,0.081097486,13370.050,false
AMOSA_PC80,206,8.524000,0.081185047,13398.211,false
AMOSA_PC80,206,8.416000,0.081283063,13277.428,false
AMOSA_PC80,206,8.664000,0.080785970,13386.093,false
AMOSA_PC80,206,8.810000,0.080624601,13193.071,false
AMOSA_PC80,206,8.794000,0.080750715,13142.361,false
AMOSA_PC80,206,9.432000,0.079810461,12610.913,false
AMOSA_PC80,206,9.488000,0.079633378,12719.017,false
AMOSA_PC80,206,9.246000,0.079922426,13267.796,false
AMOSA_PC80,206,10.044000,0.079392582,13092.185,false
AMOSA_PC80,206,9.998000,0.079530270,13267.170,false
AMOSA_PC80,206,9.842000,0.079531284,12964.507,false
AMOSA_PC80,206,9.730000,0.079548843,12888.685,false
AMOSA_PC80,206,10.382000,0.079110248,13175.413,false
AMOSA_PC80,206,10.204000,0.079296248,13431.930,false
AMOSA_PC80,206,10.372000,0.079273642,13148.217,false
AMOSA_PC80,206,11.040000,0.078320180,13253.593,false
AMOSA_PC80,206,10.924000,0.078342716,13406.417,false
AMOSA_PC80,206,11.378000,0.078227945,13418.817,false
AMOSA_PC80,206,11.398000,0.078145737,13429.969,false
AMOSA_PC80,206,11.198000,0.078266179,13182.204,false
AMOSA_PC80,206,10.482000,0.078834053,13261.279,false
AMOSA_PC80,207,9.924000,0.079277949,13260.732,false
AMOSA_PC80,207,9.378000,0.079423306,13247.428,false
AMOSA_PC80,207,8.866000,0.080277507,13177.072,false
AMOSA_PC80,207,9.022000,0.079819971,13019.940,false
AMOSA_PC80,207,9.012000,0.080036340,13187.892,false
AMOSA_PC80,207,9.008000,0.080132366,13355.969,false
AMOSA_PC80,207,8.940000,0.080151555,13408.177,false
AMOSA_PC80,207,8.658000,0.080545585,13346.766,false
AMOSA_PC80,207,8.646000,0.080659245,13354.398,false
AMOSA_PC80,207,8.760000,0.080389283,13323.440,false
AMOSA_PC80,207,8.604000,0.080754952,13299.452,false
AMOSA_PC80,207,8.146000,0.081372662,13240.721,false
AMOSA_PC80,207,8.430000,0.080809794,13424.718,false
AMOSA_PC80,207,8.334000,0.081008836,13427.536,false
AMOSA_PC80,207,8.440000,0.080771914,13391.495,false
AMOSA_PC80,207,8.354000,0.080900640,13364.264,false
AMOSA_PC80,207,11.860000,0.078090551,13328.366,false
AMOSA_PC80,207,11.650000,0.078343804,13201.952,false
AMOSA_PC80,207,11.548000,0.078418748,13427.305,false
AMOSA_PC80,207,11.278000,0.078421692,13399.053,false
AMOSA_PC80,207,11.128000,0.078562335,13261.756,false
AMOSA_PC80,207,10.936000,0.078688020,13232.128,false
AMOSA_PC80,207,10.352000,0.078717422,13129.781,false
AMOSA_PC80,207,10.054000,0.079219011,13358.758,false
AMOSA_PC80,208,8.784000,0.080522919,13371.474,false
AMOSA_PC80,208,9.114000,0.080130306,13299.799,false
AMOSA_PC80,208,9.282000,0.080099155,13411.693,false
AMOSA_PC80,208,9.044000,0.080208229,13320.406,false
AMOSA_PC80,208,8.488000,0.080733357,13419.831,false
AMOSA_PC80,208,8.628000,0.080607953,13271.560,false
AMOSA_PC80,208,8.472000,0.081042087,13398.729,false
AMOSA_PC80,208,8.268000,0.081155015,13419.089,false
AMOSA_PC80,208,8.168000,0.082378889,13312.809,false
AMOSA_PC80,208,9.376000,0.079568710,13261.543,false
AMOSA_PC80,208,9.882000,0.079008774,13262.659,false
AMOSA_PC80,208,9.780000,0.079219415,13320.988,false
AMOSA_PC80,208,9.352000,0.079760324,13232.326,false
AMOSA_PC80,208,9.516000,0.079419510,13260.784,false
AMOSA_PC80,208,10.126000,0.078834071,13331.113,false
AMOSA_PC80,208,9.514000,0.079493450,13406.248,false
AMOSA_PC80,208,9.816000,0.079127852,13192.466,false
AMOSA_PC80,208,9.562000,0.079277246,13396.036,false
AMOSA_PC80,208,8.792000,0.080486782,13204.792,false
AMOSA_PC80,208,8.508000,0.080655710,13396.564,false
AMOSA_PC80,208,8.800000,0.080359181,13222.891,false
AMOSA_PC80,208,8.686000,0.080604494,13371.474,false
AMOSA_PC80,208,8.434000,0.081087127,13419.042,false
AMOSA_PC80,208,9.000000,0.080346450,13230.883,false
AMOSA_PC80,209,8.496000,0.080049798,13321.520,false
AMOSA_PC80,209,9.824000,0.078158680,13008.705,false
AMOSA_PC80,209,9.726000,0.078223087,13296.105,false
AMOSA_PC80,209,9.420000,0.078353569,13379.744,false
AMOSA_PC80,209,9.346000,0.078695549,13355.898,false
AMOSA_PC80,209,9.360000,0.078565189,13105.494,false
AMOSA_PC80,209,8.574000,0.079712314,13278.790,false
AMOSA_PC80,209,8.608000,0.079107416,13306.764,false
AMOSA_PC80,209,8.576000,0.079451980,13361.027,false
AMOSA_PC80,209,9.072000,0.078696170,13375.899,false
AMOSA_PC80,209,8.712000,0.079024560,13266.160,false
AMOSA_PC80,209,8.766000,0.078730136,13017.533,false
AMOSA_PC80,209,8.054000,0.081039637,13203.210,false
AMOSA_PC80,209,8.262000,0.080076718,13311.598,false
AMOSA_PC80,209,8.134000,0.080614239,13346.929,false
AMOSA_PC80,209,8.446000,0.080068840,13376.861,false
AMOSA_PC80,209,8.534000,0.079971571,13242.000,false
AMOSA_PC80,209,8.538000,0.079933036,13270.455,false
GA_WaitingTime_Dominance_PC70,200,7.448000,0.082838077,11726.785,false
GA_WaitingTime_Dominance_PC70,200,7.326000,0.082956194,11644.678,false
GA_WaitingTime_Dominance_PC70,200,6.852000,0.083225786,11657.688,false
GA_WaitingTime_Dominance_PC70,200,7.276000,0.082964528,11695.173,false
GA_WaitingTime_Dominance_PC70,200,6.874000,0.083122392,11671.521,false
GA_WaitingTime_Dominance_PC70,200,6.716000,0.083426701,11745.210,false
GA_WaitingTime_Dominance_PC70,200,6.910000,0.083031392,11680.834,false
GA_WaitingTime_Dominance_PC70,200,6.770000,0.083338081,11747.836,false
GA_WaitingTime_Dominance_PC70,200,6.756000,0.083405649,11698.991,false
GA_WaitingTime_Dominance_PC70,200,6.574000,0.083623298,11693.394,false
GA_WaitingTime_Dominance_PC70,200,6.566000,0.083639191,11717.904,false
GA_WaitingTime_Dominance_PC70,200,6.584000,0.083615444,11720.119,false
GA_WaitingTime_Dominance_PC70,200,6.602000,0.083594198,11697.767,false
GA_WaitingTime_Dominance_PC70,200,6.660000,0.083580912,11747.924,false
GA_WaitingTime_Dominance_PC70,200,6.496000,0.083900787,11727.791,false
GA_WaitingTime_Dominance_PC70,200,6.516000,0.083822007,11743.808,false
GA_WaitingTime_Dominance_PC70,200,6.444000,0.084098117,11738.936,false
GA_WaitingTime_Dominance_PC70,200,6.530000,0.083815327,11703.817,false
GA_WaitingTime_Dominance_PC70,200,6.472000,0.083957595,11629.932,false
GA_WaitingTime_Dominance_PC70,201,6.242000,0.082647480,11733.940,false
GA_WaitingTime_Dominance_PC70,201,6.280000,0.082617968,11749.870,false
GA_WaitingTime_Dominance_PC70,201,6.228000,0.082827143,11733.940,false
GA_WaitingTime_Dominance_PC70,201,6.182000,0.082894268,11733.940,false
GA_WaitingTime_Dominance_PC70,201,6.060000,0.083295459,11738.816,false
GA_WaitingTime_Dominance_PC70,201,6.102000,0.082930133,11742.058,false
GA_WaitingTime_Dominance_PC70,201,6.046000,0.083400732,11738.816,false
GA_WaitingTime_Dominance_PC70,201,6.054000,0.083384346,11738.816,false
GA_WaitingTime_Dominance_PC70,202,14.246000,0.082477399,11689.353,false
GA_WaitingTime_Dominance_PC70,202,13.610000,0.082487469,11721.765,false
GA_WaitingTime_Dominance_PC70,202,12.828000,0.082765849,11725.686,false
GA_WaitingTime_Dominance_PC70,202,12.600000,0.082780948,11689.101,false
GA_WaitingTime_Dominance_PC70,202,12.968000,0.082570194,11743.167,false
GA_WaitingTime_Dominance_PC70,202,12.306000,0.082836578,11668.463,false
GA_WaitingTime_Dominance_PC70,202,12.254000,0.082889910,11627.502,false
GA_WaitingTime_Dominance_PC70,202,12.156000,0.082976309,11478.041,false
GA_WaitingTime_Dominance_PC70,202,11.780000,0.083047855,11665.318,false
GA_WaitingTime_Dominance_PC70,202,11.020000,0.083513208,11547.316,false
GA_WaitingTime_Dominance_PC70,202,11.432000,0.083135753,11742.221,false
GA_WaitingTime_Dominance_PC70,202,11.054000,0.083323841,11677.960,false
GA_WaitingTime_Dominance_PC70,202,10.798000,0.083587705,11686.622,false
GA_WaitingTime_Dominance_PC70,202,10.854000,0.083514398,11497.587,false
GA_WaitingTime_Dominance_PC70,202,9.674000,0.083781957,11397.099,false
GA_WaitingTime_Dominance_PC70,202,9.664000,0.083839027,11686.544,false
GA_WaitingTime_Dominance_PC70,202,6.346000,0.083920197,11577.173,false
GA_WaitingTime_Dominance_PC70,202,6.094000,0.083920634,11723.120,false
GA_WaitingTime_Dominance_PC70,202,6.014000,0.084358267,11732.286,false
GA_WaitingTime_Dominance_PC70,202,6.044000,0.084159544,11748.037,false
GA_WaitingTime_Dominance_PC70,202,6.042000,0.084302847,11741.163,false
GA_WaitingTime_Dominance_PC70,202,5.982000,0.084389850,11707.278,false
GA_WaitingTime_Dominance_PC70,203,19.164000,0.082016242,11701.747,false
GA_WaitingTime_Dominance_PC70,203,10.842000,0.082429293,11528.362,false
GA_WaitingTime_Dominance_PC70,203,11.002000,0.082366821,11552.542,false
GA_WaitingTime_Dominance_PC70,203,9.874000,0.082506918,11582.695,false
GA_WaitingTime_Dominance_PC70,203,6.332000,0.082716892,11698.077,false
GA_WaitingTime_Dominance_PC70,203,6.356000,0.082676722,11698.077,false
GA_WaitingTime_Dominance_PC70,203,5.696000,0.082886650,11747.563,false
GA_WaitingTime_Dominance_PC70,203,5.692000,0.082912316,11739.467,false
GA_WaitingTime_Dominance_PC70,203,5.680000,0.082937080,11752.352,false
GA_WaitingTime_Dominance_PC70,203,5.662000,0.083079798,11751.105,false
GA_WaitingTime_Dominance_PC70,203,5.640000,0.083120644,11739.467,false
GA_WaitingTime_Dominance_PC70,203,5.664000,0.082962279,11746.934,false
GA_WaitingTime_Dominance_PC70,203,5.728000,0.082778024,11717.757,false
GA_WaitingTime_Dominance_PC70,203,5.658000,0.083108298,11747.331,false
GA_WaitingTime_Dominance_PC70,204,16.488000,0.081816383,11650.169,false
GA_WaitingTime_Dominance_PC70,204,15.254000,0.082017858,11547.469,false
GA_WaitingTime_Dominance_PC70,204,15.454000,0.081898895,11685.456,false
GA_WaitingTime_Dominance_PC70,204,15.394000,0.082009120,11628.302,false
GA_WaitingTime_Dominance_PC70,204,6.608000,0.082052612,11666.423,false
GA_WaitingTime_Dominance_PC70,204,6.378000,0.082083949,11729.816,false
GA_WaitingTime_Dominance_PC70,204,6.282000,0.082122417,11622.990,false
GA_WaitingTime_Dominance_PC70,204,6.228000,0.082383912,11740.775,false
GA_WaitingTime_Dominance_PC70,204,6.210000,0.082501150,11733.697,false
GA_WaitingTime_Dominance_PC70,204,6.176000,0.082668425,11690.992,false
GA_WaitingTime_Dominance_PC70,204,6.188000,0.082557100,11727.804,false
GA_WaitingTime_Dominance_PC70,204,6.184000,0.082571859,11705.547,false
GA_WaitingTime_Dominance_PC70,205,9.614000,0.082339127,11724.457,false
GA_WaitingTime_Dominance_PC70,205,8.386000,0.082653291,11754.631,false
GA_WaitingTime_Dominance_PC70,205,8.480000,0.082424379,11548.625,false
GA_WaitingTime_Dominance_PC70,205,8.124000,0.082740976,11702.117,false
GA_WaitingTime_Dominance_PC70,205,6.634000,0.082829363,11708.486,false
GA_WaitingTime_Dominance_PC70,205,6.458000,0.082967908,11701.052,false
GA_WaitingTime_Dominance_PC70,205,6.504000,0.082893835,11702.361,false
GA_WaitingTime_Dominance_PC70,205,6.412000,0.082997664,11665.045,false
GA_WaitingTime_Dominance_PC70,205,6.340000,0.083063890,11744.250,false
GA_WaitingTime_Dominance_PC70,205,6.288000,0.083208734,11754.082,false
GA_WaitingTime_Dominance_PC70,205,6.232000,0.083210528,11738.117,false
GA_WaitingTime_Dominance_PC70,205,6.308000,0.083144256,11729.206,false
GA_WaitingTime_Dominance_PC70,205,6.126000,0.083351646,11715.745,false
GA_WaitingTime_Dominance_PC70,205,6.206000,0.083238101,11749.793,false
GA_WaitingTime_Dominance_PC70,205,6.096000,0.083437431,11736.029,false
GA_WaitingTime_Dominance_PC70,205,6.162000,0.083274565,11730.149,false
GA_WaitingTime_Dominance_PC70,205,6.122000,0.083366769,11715.745,false
GA_WaitingTime_Dominance_PC70,205,6.144000,0.083326152,11725.658,false
GA_WaitingTime_Dominance_PC70,205,6.066000,0.083665765,11743.204,false
GA_WaitingTime_Dominance_PC70,205,6.114000,0.083382016,11735.752,false
GA_WaitingTime_Dominance_PC70,205,6.074000,0.083575404,11735.752,false
GA_WaitingTime_Dominance_PC70,205,6.046000,0.083681297,11743.204,false
GA_WaitingTime_Dominance_PC70,205,6.090000,0.083554351,11735.752,false
GA_WaitingTime_Dominance_PC70,206,11.162000,0.082679581,11353.757,false
GA_WaitingTime_Dominance_PC70,206,11.416000,0.082541377,11345.886,false
GA_WaitingTime_Dominance_PC70,206,7.682000,0.082950405,11683.339,false
GA_WaitingTime_Dominance_PC70,206,7.762000,0.082862911,11727.407,false
GA_WaitingTime_Dominance_PC70,206,7.094000,0.083056452,11596.703,false
GA_WaitingTime_Dominance_PC70,206,6.638000,0.083216439,11733.799,false
GA_WaitingTime_Dominance_PC70,206,6.246000,0.083387322,11611.969,false
GA_WaitingTime_Dominance_PC70,206,5.976000,0.083671687,11648.836,false
GA_WaitingTime_Dominance_PC70,206,5.992000,0.083617758,11739.720,false
GA_WaitingTime_Dominance_PC70,206,6.002000,0.083387707,11699.816,false
GA_WaitingTime_Dominance_PC70,206,5.984000,0.083645204,11613.792,false
GA_WaitingTime_Dominance_PC70,206,5.970000,0.083767697,11726.909,false
GA_WaitingTime_Dominance_PC70,206,5.954000,0.083836795,11703.116,false
GA_WaitingTime_Dominance_PC70,206,5.962000,0.083808578,11648.836,false
GA_WaitingTime_Dominance_PC70,206,5.930000,0.083851946,11752.557,false
GA_WaitingTime_Dominance_PC70,207,14.154000,0.083254537,11723.251,false
GA_WaitingTime_Dominance_PC70,207,6.028000,0.083920961,11728.698,false
GA_WaitingTime_Dominance_PC70,207,6.002000,0.084403133,11713.397,false
GA_WaitingTime_Dominance_PC70,207,5.992000,0.084473971,11705.314,false
GA_WaitingTime_Dominance_PC70,207,6.084000,0.083596273,11728.698,false
GA_WaitingTime_Dominance_PC70,207,6.006000,0.084296941,11738.426,false
GA_WaitingTime_Dominance_PC70,207,6.008000,0.084056128,11734.469,false
GA_WaitingTime_Dominance_PC70,208,18.534000,0.083515071,11734.229,false
GA_WaitingTime_Dominance_PC70,208,9.146000,0.083607282,11706.395,false
GA_WaitingTime_Dominance_PC70,208,6.686000,0.083705047,11681.183,false
GA_WaitingTime_Dominance_PC70,208,6.366000,0.083825473,11736.037,false
GA_WaitingTime_Dominance_PC70,208,6.364000,0.083884854,11717.716,false
GA_WaitingTime_Dominance_PC70,208,6.362000,0.083954609,11736.037,false
GA_WaitingTime_Dominance_PC70,208,6.258000,0.084060801,11714.357,false
GA_WaitingTime_Dominance_PC70,208,6.240000,0.084151697,11695.455,false
GA_WaitingTime_Dominance_PC70,209,10.844000,0.082656938,11706.973,false
GA_WaitingTime_Dominance_PC70,209,7.592000,0.082717400,11542.858,false
GA_WaitingTime_Dominance_PC70,209,7.028000,0.083016259,11643.090,false
GA_WaitingTime_Dominance_PC70,209,7.070000,0.082731153,11627.783,false
GA_WaitingTime_Dominance_PC70,209,6.448000,0.083179314,11754.477,false
GA_WaitingTime_Dominance_PC70,209,6.190000,0.083323377,11750.363,false
GA_WaitingTime_Dominance_PC70,209,6.134000,0.083458314,11737.228,false
GA_WaitingTime_Dominance_PC70,209,6.050000,0.083501171,11735.604,false
GA_WaitingTime_Dominance_PC70,209,6.004000,0.083879385,11685.105,false
GA_WaitingTime_Dominance_PC70,209,6.098000,0.083475040,11632.109,false
GA_WaitingTime_Dominance_PC70,209,5.996000,0.084074390,11754.445,false
GA_WaitingTime_Dominance_PC70,209,6.032000,0.083632879,11724.022,false
GA_WaitingTime_Dominance_PC70,209,6.022000,0.083791500,11674.388,false
GA_WaitingTime_Dominance_PC70,209,6.012000,0.083831329,11674.388,false
GA_Energy_Dominance_PC70,200,17.686000,0.083534044,11683.838,false
GA_Energy_Dominance_PC70,200,18.458000,0.083029114,11461.250,false
GA_Energy_Dominance_PC70,200,17.878000,0.083336827,11711.215,false
GA_Energy_Dominance_PC70,200,18.664000,0.082763985,11609.109,false
GA_Energy_Dominance_PC70,200,18.308000,0.083296079,11660.831,false
GA_Energy_Dominance_PC70,200,19.524000,0.082264568,11614.523,false
GA_Energy_Dominance_PC70,200,19.526000,0.082242196,11590.177,false
GA_Energy_Dominance_PC70,200,19.346000,0.082537338,11696.590,false
GA_Energy_Dominance_PC70,200,19.350000,0.082331980,11727.149,false
GA_Energy_Dominance_PC70,200,20.556000,0.081791908,11565.169,false
GA_Energy_Dominance_PC70,200,19.870000,0.081920494,11681.010,false
GA_Energy_Dominance_PC70,200,19.232000,0.082616924,11634.335,false
GA_Energy_Dominance_PC70,200,19.614000,0.082030428,11691.104,false
GA_Energy_Dominance_PC70,200,20.218000,0.081857317,11711.555,false
GA_Energy_Dominance_PC70,200,20.496000,0.081824726,11639.619,false
GA_Energy_Dominance_PC70,200,20.622000,0.081588237,11669.501,false
GA_Energy_Dominance_PC70,200,20.654000,0.081267035,11694.550,false
GA_Energy_Dominance_PC70,200,21.024000,0.080925006,11702.916,false
GA_Energy_Dominance_PC70,200,21.308000,0.080801663,11691.579,false
GA_Energy_Dominance_PC70,200,21.428000,0.080758794,11603.819,false
GA_Energy_Dominance_PC70,200,20.730000,0.080980212,11719.105,false
GA_Energy_Dominance_PC70,200,21.490000,0.080757609,11628.432,false
GA_Energy_Dominance_PC70,200,21.584000,0.080691610,11722.572,false
GA_Energy_Dominance_PC70,200,21.776000,0.080227426,11422.173,false
GA_Energy_Dominance_PC70,200,21.676000,0.080470702,11714.311,false
GA_Energy_Dominance_PC70,200,21.734000,0.080351446,11667.547,false
GA_Energy_Dominance_PC70,200,21.810000,0.080086640,11627.357,false
GA_Energy_Dominance_PC70,200,21.856000,0.079925704,11716.539,false
GA_Energy_Dominance_PC70,200,21.978000,0.079631970,11717.063,false
GA_Energy_Dominance_PC70,200,22.090000,0.078926983,11504.280,false
GA_Energy_Dominance_PC70,200,22.592000,0.078381941,11603.123,false
GA_Energy_Dominance_PC70,200,22.144000,0.078616784,11534.217,false
GA_Energy_Dominance_PC70,200,22.684000,0.078039822,11706.033,false
GA_Energy_Dominance_PC70,200,22.400000,0.078397777,11358.657,false
GA_Energy_Dominance_PC70,200,23.114000,0.078022084,11666.975,false
GA_Energy_Dominance_PC70,200,23.766000,0.077598862,11647.811,false
GA_Energy_Dominance_PC70,200,23.494000,0.077678002,11707.086,false
GA_Energy_Dominance_PC70,200,24.248000,0.077395141,11486.847,false
GA_Energy_Dominance_PC70,200,24.040000,0.077447262,11667.252,false
GA_Energy_Dominance_PC70,200,24.400000,0.076668709,11631.111,false
GA_Energy_Dominance_PC70,200,24.628000,0.074802334,11609.259,false
GA_Energy_Dominance_PC70,200,25.828000,0.074369775,11424.008,false
GA_Energy_Dominance_PC70,200,25.164000,0.074385310,11736.869,false
GA_Energy_Dominance_PC70,200,26.348000,0.074176651,11117.101,false
GA_Energy_Dominance_PC70,200,26.840000,0.073436687,11648.385,false
GA_Energy_Dominance_PC70,200,27.216000,0.073012265,11415.410,false
GA_Energy_Dominance_PC70,200,26.864000,0.073108218,11175.015,false
GA_Energy_Dominance_PC70,200,26.376000,0.073466083,11417.063,false
GA_Energy_Dominance_PC70,200,27.388000,0.072920856,11353.185,false
GA_Energy_Dominance_PC70,200,27.582000,0.072903704,11169.312,false
GA_Energy_Dominance_PC70,200,27.696000,0.072817152,11343.433,false
GA_Energy_Dominance_PC70,200,27.994000,0.072771063,11450.751,false
GA_Energy_Dominance_PC70,200,28.450000,0.072736842,11062.461,false
GA_Energy_Dominance_PC70,200,28.266000,0.072758197,11226.849,false
GA_Energy_Dominance_PC70,200,28.634000,0.072675531,11183.599,false
GA_Energy_Dominance_PC70,200,28.996000,0.072611267,11174.872,false
GA_Energy_Dominance_PC70,200,30.258000,0.072370772,10891.720,false
GA_Energy_Dominance_PC70,200,29.252000,0.072433765,11132.856,false
GA_Energy_Dominance_PC70,200,29.724000,0.072378177,11092.543,false
GA_Energy_Dominance_PC70,201,17.556000,0.085941914,11615.462,false
GA_Energy_Dominance_PC70,201,17.326000,0.086844083,11641.707,false
GA_Energy_Dominance_PC70,201,18.004000,0.085828798,11655.456,false
GA_Energy_Dominance_PC70,201,18.492000,0.085208613,11677.514,false
GA_Energy_Dominance_PC70,201,18.586000,0.084901317,11745.594,false
GA_Energy_Dominance_PC70,201,18.200000,0.085462838,11607.742,false
GA_Energy_Dominance_PC70,201,17.796000,0.085887592,11684.941,false
GA_Energy_Dominance_PC70,201,18.052000,0.085534939,11573.825,false
GA_Energy_Dominance_PC70,201,18.798000,0.084006588,11755.349,false
GA_Energy_Dominance_PC70,201,19.198000,0.083507009,11656.796,false
GA_Energy_Dominance_PC70,201,19.368000,0.083165232,11713.277,false
GA_Energy_Dominance_PC70,201,19.384000,0.082796445,11711.758,false
GA_Energy_Dominance_PC70,201,19.456000,0.082079144,11606.682,false
GA_Energy_Dominance_PC70,201,19.748000,0.081845329,11698.026,false
GA_Energy_Dominance_PC70,201,20.702000,0.081421802,11486.126,false
GA_Energy_Dominance_PC70,201,20.844000,0.081268238,11582.567,false
GA_Energy_Dominance_PC70,201,20.174000,0.081809192,11625.943,false
GA_Energy_Dominance_PC70,201,21.814000,0.080683478,11717.488,false
GA_Energy_Dominance_PC70,201,20.762000,0.081311431,11454.199,false
GA_Energy_Dominance_PC70,201,21.676000,0.080929550,11666.933,false
GA_Energy_Dominance_PC70,201,21.412000,0.080977131,11726.120,false
GA_Energy_Dominance_PC70,201,20.234000,0.081515535,11249.967,false
GA_Energy_Dominance_PC70,201,20.646000,0.081490695,11617.194,false
GA_Energy_Dominance_PC70,201,21.198000,0.081058334,11726.120,false
GA_Energy_Dominance_PC70,201,21.074000,0.081189092,11545.865,false
GA_Energy_Dominance_PC70,201,22.140000,0.080476351,11662.526,false
GA_Energy_Dominance_PC70,201,22.254000,0.080162800,11419.189,false
GA_Energy_Dominance_PC70,201,22.496000,0.080140343,11729.096,false
GA_Energy_Dominance_PC70,201,22.862000,0.079990282,11479.742,false
GA_Energy_Dominance_PC70,201,23.928000,0.079235831,11651.096,false
GA_Energy_Dominance_PC70,201,23.300000,0.079740330,11221.174,false
GA_Energy_Dominance_PC70,201,23.102000,0.079817486,11440.393,false
GA_Energy_Dominance_PC70,201,23.342000,0.079545161,11413.631,false
GA_Energy_Dominance_PC70,201,23.592000,0.079463922,11640.536,false
GA_Energy_Dominance_PC70,201,24.072000,0.079173513,11517.984,false
GA_Energy_Dominance_PC70,201,24.096000,0.078963979,11517.984,false
GA_Energy_Dominance_PC70,201,23.646000,0.079261889,11460.834,false
GA_Energy_Dominance_PC70,201,25.130000,0.078682682,11577.894,false
GA_Energy_Dominance_PC70,201,24.858000,0.078836514,11699.644,false
GA_Energy_Dominance_PC70,201,25.170000,0.078553158,11593.593,false
GA_Energy_Dominance_PC70,201,25.474000,0.078366844,11489.703,false
GA_Energy_Dominance_PC70,201,25.416000,0.078518043,11204.422,false
GA_Energy_Dominance_PC70,201,26.040000,0.078159867,11642.152,false
GA_Energy_Dominance_PC70,201,25.706000,0.078267635,11667.558,false
GA_Energy_Dominance_PC70,201,25.594000,0.078348168,11552.292,false
GA_Energy_Dominance_PC70,201,25.920000,0.078212294,11578.262,false
GA_Energy_Dominance_PC70,201,26.844000,0.077572623,11519.567,false
GA_Energy_Dominance_PC70,201,27.004000,0.077519553,11691.835,false
GA_Energy_Dominance_PC70,201,26.282000,0.077585994,11385.383,false
GA_Energy_Dominance_PC70,201,27.286000,0.076185266,11493.441,false
GA_Energy_Dominance_PC70,201,27.338000,0.074851837,11617.683,false
GA_Energy_Dominance_PC70,201,27.476000,0.074777280,11562.422,false
GA_Energy_Dominance_PC70,201,27.650000,0.074704938,11455.169,false
GA_Energy_Dominance_PC70,201,28.008000,0.074348576,11283.517,false
GA_Energy_Dominance_PC70,201,28.220000,0.074086550,11709.344,false
GA_Energy_Dominance_PC70,201,28.378000,0.074074341,11300.024,false
GA_Energy_Dominance_PC70,201,28.636000,0.073942595,11422.514,false
GA_Energy_Dominance_PC70,201,29.390000,0.071262551,11236.229,false
GA_Energy_Dominance_PC70,201,29.650000,0.071216717,11202.100,false
GA_Energy_Dominance_PC70,201,29.122000,0.071703830,11384.979,false
GA_Energy_Dominance_PC70,201,29.250000,0.071423470,10862.958,false
GA_Energy_Dominance_PC70,201,29.730000,0.071011632,11196.206,false
GA_Energy_Dominance_PC70,201,28.640000,0.071766936,11315.273,false
GA_Energy_Dominance_PC70,201,30.500000,0.070475304,11349.377,false
GA_Energy_Dominance_PC70,201,30.642000,0.070441173,11223.313,false
GA_Energy_Dominance_PC70,201,31.016000,0.070398706,11190.620,false
GA_Energy_Dominance_PC70,201,32.008000,0.070395238,11196.584,false
GA_Energy_Dominance_PC70,201,30.206000,0.070486992,11067.182,false
GA_Energy_Dominance_PC70,201,29.880000,0.070740304,11138.453,false
GA_Energy_Dominance_PC70,202,10.642000,0.083132531,11720.487,false
GA_Energy_Dominance_PC70,202,10.656000,0.082529837,11734.455,false
GA_Energy_Dominance_PC70,202,10.780000,0.081051109,11534.673,false
GA_Energy_Dominance_PC70,202,10.770000,0.081544405,11746.301,false
GA_Energy_Dominance_PC70,202,11.174000,0.080523161,11574.626,false
GA_Energy_Dominance_PC70,202,11.118000,0.080572124,11704.494,false
GA_Energy_Dominance_PC70,202,10.930000,0.080685025,11537.645,false
GA_Energy_Dominance_PC70,202,11.182000,0.080279915,11610.884,false
GA_Energy_Dominance_PC70,202,11.248000,0.079703948,11631.469,false
GA_Energy_Dominance_PC70,202,11.212000,0.079705009,11564.056,false
GA_Energy_Dominance_PC70,202,11.322000,0.079253861,11706.630,false
GA_Energy_Dominance_PC70,202,12.062000,0.079203612,11696.917,false
GA_Energy_Dominance_PC70,202,12.200000,0.079136836,11651.649,false
GA_Energy_Dominance_PC70,202,12.280000,0.078836355,11640.244,false
GA_Energy_Dominance_PC70,202,12.782000,0.078639876,11605.658,false
GA_Energy_Dominance_PC70,202,12.532000,0.078772767,11601.331,false
GA_Energy_Dominance_PC70,202,12.736000,0.078726047,11693.555,false
GA_Energy_Dominance_PC70,202,13.014000,0.078581563,11669.749,false
GA_Energy_Dominance_PC70,202,12.920000,0.078622066,11602.318,false
GA_Energy_Dominance_PC70,202,13.194000,0.078487578,11703.035,false
GA_Energy_Dominance_PC70,202,13.130000,0.078561726,11523.943,false
GA_Energy_Dominance_PC70,202,13.206000,0.078256965,11416.391,false
GA_Energy_Dominance_PC70,202,13.740000,0.077476349,11523.321,false
GA_Energy_Dominance_PC70,202,13.512000,0.077603757,11614.385,false
GA_Energy_Dominance_PC70,202,13.860000,0.077424756,11576.684,false
GA_Energy_Dominance_PC70,202,13.566000,0.077539277,11378.379,false
GA_Energy_Dominance_PC70,202,13.276000,0.077720550,11677.122,false
GA_Energy_Dominance_PC70,202,13.906000,0.077260699,11502.565,false
GA_Energy_Dominance_PC70,202,13.962000,0.077251123,11600.942,false
GA_Energy_Dominance_PC70,202,13.986000,0.077163498,11686.172,false
GA_Energy_Dominance_PC70,202,14.038000,0.077067501,11452.659,false
GA_Energy_Dominance_PC70,202,14.110000,0.076975017,11577.899,false
GA_Energy_Dominance_PC70,202,14.168000,0.076501350,11602.656,false
GA_Energy_Dominance_PC70,202,14.496000,0.076161195,11338.469,false
GA_Energy_Dominance_PC70,202,14.638000,0.075530415,11491.641,false
GA_Energy_Dominance_PC70,202,14.674000,0.074987909,11461.163,false
GA_Energy_Dominance_PC70,202,15.020000,0.074759646,11525.300,false
GA_Energy_Dominance_PC70,202,14.856000,0.074847859,11581.279,false
GA_Energy_Dominance_PC70,202,15.036000,0.074262394,11272.339,false
GA_Energy_Dominance_PC70,202,15.292000,0.073971239,11636.040,false
GA_Energy_Dominance_PC70,202,15.098000,0.074091800,11689.814,false
GA_Energy_Dominance_PC70,202,15.154000,0.073979961,11555.577,false
GA_Energy_Dominance_PC70,202,15.458000,0.073586291,11589.122,false
GA_Energy_Dominance_PC70,202,15.358000,0.073675056,11485.439,false
GA_Energy_Dominance_PC70,202,15.672000,0.073390296,11482.788,false
GA_Energy_Dominance_PC70,202,15.796000,0.073333011,11649.644,false
GA_Energy_Dominance_PC70,202,16.170000,0.073130776,11385.727,false
GA_Energy_Dominance_PC70,202,16.084000,0.073255622,11315.699,false
GA_Energy_Dominance_PC70,202,16.310000,0.073112118,11211.551,false
GA_Energy_Dominance_PC70,202,15.990000,0.073327100,11491.918,false
GA_Energy_Dominance_PC70,202,16.382000,0.072737782,11487.184,false
GA_Energy_Dominance_PC70,202,17.056000,0.072671301,11328.399,false
GA_Energy_Dominance_PC70,202,17.112000,0.072083221,11163.488,false
GA_Energy_Dominance_PC70,202,16.742000,0.072721667,10918.337,false
GA_Energy_Dominance_PC70,202,17.508000,0.071925532,11095.889,false
GA_Energy_Dominance_PC70,202,17.244000,0.071954037,11199.166,false
GA_Energy_Dominance_PC70,202,17.756000,0.071908965,10814.915,false
GA_Energy_Dominance_PC70,202,17.966000,0.071805387,11131.017,false
GA_Energy_Dominance_PC70,202,17.836000,0.071844163,11002.366,false
GA_Energy_Dominance_PC70,202,18.124000,0.071763202,11194.608,false
GA_Energy_Dominance_PC70,202,18.250000,0.071719959,11015.257,false
GA_Energy_Dominance_PC70,202,18.412000,0.071712671,10897.063,false
GA_Energy_Dominance_PC70,202,18.504000,0.071638317,11161.248,false
GA_Energy_Dominance_PC70,202,18.718000,0.071523024,10635.035,false
GA_Energy_Dominance_PC70,202,19.168000,0.071489735,10937.158,false
GA_Energy_Dominance_PC70,202,18.974000,0.071500178,11029.545,false
GA_Energy_Dominance_PC70,202,18.848000,0.071514162,11000.577,false
GA_Energy_Dominance_PC70,203,16.896000,0.084249127,11730.014,false
GA_Energy_Dominance_PC70,203,16.900000,0.083859136,11572.295,false
GA_Energy_Dominance_PC70,203,17.086000,0.083178975,11737.528,false
GA_Energy_Dominance_PC70,203,17.516000,0.082723393,11635.670,false
GA_Energy_Dominance_PC70,203,17.796000,0.080865973,11517.270,false
GA_Energy_Dominance_PC70,203,17.524000,0.080971509,11543.084,false
GA_Energy_Dominance_PC70,203,18.016000,0.080588976,11633.116,false
GA_Energy_Dominance_PC70,203,18.126000,0.080154155,11698.190,false
GA_Energy_Dominance_PC70,203,18.574000,0.079773448,11584.332,false
GA_Energy_Dominance_PC70,203,18.200000,0.079786177,11668.344,false
GA_Energy_Dominance_PC70,203,18.172000,0.079926293,11748.294,false
GA_Energy_Dominance_PC70,203,18.638000,0.079589145,11655.745,false
GA_Energy_Dominance_PC70,203,18.844000,0.079323710,11627.772,false
GA_Energy_Dominance_PC70,203,19.428000,0.079044999,11584.208,false
GA_Energy_Dominance_PC70,203,19.218000,0.079199865,11472.801,false
GA_Energy_Dominance_PC70,203,19.544000,0.078852624,11403.641,false
GA_Energy_Dominance_PC70,203,19.656000,0.078681875,11664.805,false
GA_Energy_Dominance_PC70,203,19.758000,0.078556459,11609.627,false
GA_Energy_Dominance_PC70,203,20.106000,0.077690914,11572.310,false
GA_Energy_Dominance_PC70,203,19.950000,0.077823610,11529.637,false
GA_Energy_Dominance_PC70,203,20.324000,0.076595661,11262.848,false
GA_Energy_Dominance_PC70,203,20.142000,0.076711700,11261.845,false
GA_Energy_Dominance_PC70,203,20.120000,0.077088703,11236.264,false
GA_Energy_Dominance_PC70,203,20.382000,0.076440200,11411.392,false
GA_Energy_Dominance_PC70,203,20.474000,0.076215152,11538.525,false
GA_Energy_Dominance_PC70,203,20.766000,0.076149036,11588.534,false
GA_Energy_Dominance_PC70,203,21.646000,0.075895173,11338.543,false
GA_Energy_Dominance_PC70,203,20.936000,0.076000374,11099.398,false
GA_Energy_Dominance_PC70,203,21.884000,0.075707845,11401.193,false
GA_Energy_Dominance_PC70,203,22.072000,0.075650545,11199.981,false
GA_Energy_Dominance_PC70,203,22.464000,0.075536280,11642.117,false
GA_Energy_Dominance_PC70,203,22.874000,0.075380645,11409.760,false
GA_Energy_Dominance_PC70,203,22.558000,0.075474584,11408.984,false
GA_Energy_Dominance_PC70,203,23.582000,0.075198063,11546.107,false
GA_Energy_Dominance_PC70,203,23.298000,0.075208541,11636.003,false
GA_Energy_Dominance_PC70,203,23.750000,0.075176928,11595.504,false
GA_Energy_Dominance_PC70,203,23.872000,0.074868298,11707.585,false
GA_Energy_Dominance_PC70,203,23.758000,0.074899306,11707.585,false
GA_Energy_Dominance_PC70,203,24.116000,0.074728135,11506.847,false
GA_Energy_Dominance_PC70,203,24.010000,0.074779350,11498.960,false
GA_Energy_Dominance_PC70,203,24.864000,0.074413192,11517.380,false
GA_Energy_Dominance_PC70,203,24.958000,0.074366757,11477.306,false
GA_Energy_Dominance_PC70,203,24.438000,0.074500520,11300.311,false
GA_Energy_Dominance_PC70,203,25.186000,0.074361827,11532.940,false
GA_Energy_Dominance_PC70,203,25.558000,0.074240755,11149.189,false
GA_Energy_Dominance_PC70,203,25.772000,0.073952626,11620.756,false
GA_Energy_Dominance_PC70,203,26.322000,0.073597465,11424.091,false
GA_Energy_Dominance_PC70,203,25.658000,0.074050972,11588.007,false
GA_Energy_Dominance_PC70,203,26.304000,0.073740743,11459.930,false
GA_Energy_Dominance_PC70,203,25.874000,0.073836471,11487.260,false
GA_Energy_Dominance_PC70,203,26.696000,0.073257602,11684.871,false
GA_Energy_Dominance_PC70,203,26.470000,0.073436055,11680.551,false
GA_Energy_Dominance_PC70,203,27.066000,0.073204104,11648.950,false
GA_Energy_Dominance_PC70,203,26.862000,0.073224574,11648.950,false
GA_Energy_Dominance_PC70,203,27.330000,0.073065380,11682.875,false
GA_Energy_Dominance_PC70,203,27.492000,0.072975507,11471.469,false
GA_Energy_Dominance_PC70,203,27.686000,0.072934050,11494.854,false
GA_Energy_Dominance_PC70,203,27.978000,0.072915934,11243.320,false
GA_Energy_Dominance_PC70,203,28.192000,0.072853298,11560.815,false
GA_Energy_Dominance_PC70,203,28.480000,0.072823733,11610.376,false
GA_Energy_Dominance_PC70,203,28.844000,0.072758434,11206.866,false
GA_Energy_Dominance_PC70,203,29.032000,0.072637098,11287.425,false
GA_Energy_Dominance_PC70,203,30.716000,0.072614775,11296.410,false
GA_Energy_Dominance_PC70,204,10.510000,0.080743600,11713.077,false
GA_Energy_Dominance_PC70,204,10.572000,0.080193432,11754.616,false
GA_Energy_Dominance_PC70,204,10.686000,0.079660538,11722.911,false
GA_Energy_Dominance_PC70,204,10.978000,0.078904016,11327.757,false
GA_Energy_Dominance_PC70,204,11.036000,0.078253397,11539.053,false
GA_Energy_Dominance_PC70,204,11.124000,0.078207201,11336.868,false
GA_Energy_Dominance_PC70,204,11.260000,0.078048105,11504.631,false
GA_Energy_Dominance_PC70,204,11.200000,0.078158978,11193.598,false
GA_Energy_Dominance_PC70,204,11.282000,0.077631067,11617.317,false
GA_Energy_Dominance_PC70,204,11.288000,0.077072737,11108.633,false
GA_Energy_Dominance_PC70,204,11.360000,0.076769582,11521.612,false
GA_Energy_Dominance_PC70,204,11.320000,0.076899682,11503.694,false
GA_Energy_Dominance_PC70,204,11.472000,0.076534493,11383.907,false
GA_Energy_Dominance_PC70,204,11.740000,0.076413942,11330.709,false
GA_Energy_Dominance_PC70,204,11.392000,0.076589360,11407.061,false
GA_Energy_Dominance_PC70,204,11.654000,0.076453606,11376.769,false
GA_Energy_Dominance_PC70,204,11.636000,0.076492326,11682.186,false
GA_Energy_Dominance_PC70,204,11.766000,0.076045875,11750.158,false
GA_Energy_Dominance_PC70,204,11.934000,0.075796089,11723.433,false
GA_Energy_Dominance_PC70,204,12.042000,0.075788624,11573.725,false
GA_Energy_Dominance_PC70,204,12.106000,0.075784614,11405.475,false
GA_Energy_Dominance_PC70,204,11.840000,0.075964860,11739.362,false
GA_Energy_Dominance_PC70,204,12.174000,0.075688800,11449.955,false
GA_Energy_Dominance_PC70,204,12.316000,0.075602198,11290.805,false
GA_Energy_Dominance_PC70,204,12.286000,0.075652354,11153.569,false
GA_Energy_Dominance_PC70,204,12.454000,0.075515318,11069.067,false
GA_Energy_Dominance_PC70,204,12.470000,0.075447552,11078.634,false
GA_Energy_Dominance_PC70,204,12.498000,0.075381246,11129.391,false
GA_Energy_Dominance_PC70,204,12.334000,0.075523030,11301.179,false
GA_Energy_Dominance_PC70,204,12.514000,0.075155866,11213.515,false
GA_Energy_Dominance_PC70,204,12.870000,0.075024505,11297.564,false
GA_Energy_Dominance_PC70,204,12.798000,0.075070232,11110.412,false
GA_Energy_Dominance_PC70,204,12.982000,0.074984370,11413.679,false
GA_Energy_Dominance_PC70,204,12.750000,0.075110783,11329.947,false
GA_Energy_Dominance_PC70,204,13.202000,0.074576065,11338.363,false
GA_Energy_Dominance_PC70,204,13.040000,0.074731173,11211.197,false
GA_Energy_Dominance_PC70,204,13.170000,0.074671122,11208.681,false
GA_Energy_Dominance_PC70,204,13.372000,0.074411491,11075.828,false
GA_Energy_Dominance_PC70,204,13.354000,0.074482047,11120.437,false
GA_Energy_Dominance_PC70,204,13.226000,0.074509169,11413.796,false
GA_Energy_Dominance_PC70,204,13.654000,0.074212843,11134.027,false
GA_Energy_Dominance_PC70,204,13.454000,0.074310004,11046.935,false
GA_Energy_Dominance_PC70,204,13.830000,0.074129067,11140.036,false
GA_Energy_Dominance_PC70,204,13.576000,0.074234943,11161.385,false
GA_Energy_Dominance_PC70,204,13.788000,0.074188656,11026.451,false
GA_Energy_Dominance_PC70,204,13.964000,0.074006974,11052.654,false
GA_Energy_Dominance_PC70,204,13.956000,0.074123747,11230.492,false
GA_Energy_Dominance_PC70,204,13.994000,0.073935132,11370.037,false
GA_Energy_Dominance_PC70,204,14.144000,0.073707624,11282.459,false
GA_Energy_Dominance_PC70,204,14.030000,0.073754606,11206.997,false
GA_Energy_Dominance_PC70,204,14.256000,0.073653070,10926.809,false
GA_Energy_Dominance_PC70,204,14.486000,0.073514092,11243.298,false
GA_Energy_Dominance_PC70,204,14.424000,0.073631138,11219.398,false
GA_Energy_Dominance_PC70,204,14.910000,0.073421836,11273.704,false
GA_Energy_Dominance_PC70,204,15.186000,0.073237990,10858.864,false
GA_Energy_Dominance_PC70,204,15.052000,0.073319613,10641.979,false
GA_Energy_Dominance_PC70,204,15.322000,0.073226688,10729.784,false
GA_Energy_Dominance_PC70,204,15.358000,0.073127986,10962.711,false
GA_Energy_Dominance_PC70,204,15.452000,0.072060791,10853.624,false
GA_Energy_Dominance_PC70,204,15.968000,0.072033227,10863.315,false
GA_Energy_Dominance_PC70,204,16.234000,0.071971086,10730.400,false
GA_Energy_Dominance_PC70,204,16.346000,0.071961351,10950.964,false
GA_Energy_Dominance_PC70,204,16.088000,0.072013764,11058.724,false
GA_Energy_Dominance_PC70,204,16.168000,0.071992139,10870.471,false
GA_Energy_Dominance_PC70,204,16.506000,0.071914314,10892.533,false
GA_Energy_Dominance_PC70,205,14.634000,0.080069051,11550.100,false
GA_Energy_Dominance_PC70,205,14.312000,0.080303549,11474.887,false
GA_Energy_Dominance_PC70,205,14.734000,0.079601330,11505.867,false
GA_Energy_Dominance_PC70,205,15.644000,0.079251736,11607.040,false
GA_Energy_Dominance_PC70,205,15.602000,0.079321186,11586.810,false
GA_Energy_Dominance_PC70,205,14.928000,0.079497637,11607.198,false
GA_Energy_Dominance_PC70,205,15.328000,0.079363919,11520.307,false
GA_Energy_Dominance_PC70,205,15.688000,0.078893398,11528.146,false
GA_Energy_Dominance_PC70,205,15.804000,0.078885380,11506.958,false
GA_Energy_Dominance_PC70,205,15.890000,0.078750567,11482.488,false
GA_Energy_Dominance_PC70,205,16.102000,0.078560349,11736.491,false
GA_Energy_Dominance_PC70,205,16.298000,0.078179744,11369.719,false
GA_Energy_Dominance_PC70,205,16.216000,0.078531045,11427.990,false
GA_Energy_Dominance_PC70,205,16.842000,0.077490135,11600.481,false
GA_Energy_Dominance_PC70,205,17.098000,0.077454527,11691.550,false
GA_Energy_Dominance_PC70,205,16.424000,0.077636197,11194.788,false
GA_Energy_Dominance_PC70,205,17.102000,0.077350251,11438.824,false
GA_Energy_Dominance_PC70,205,17.408000,0.077093821,11329.617,false
GA_Energy_Dominance_PC70,205,17.254000,0.077161396,11111.764,false
GA_Energy_Dominance_PC70,205,17.220000,0.077315000,11750.339,false
GA_Energy_Dominance_PC70,205,17.754000,0.076467781,11038.055,false
GA_Energy_Dominance_PC70,205,17.470000,0.076495897,11428.663,false
GA_Energy_Dominance_PC70,205,18.140000,0.075141691,11588.190,false
GA_Energy_Dominance_PC70,205,17.790000,0.075204092,11373.549,false
GA_Energy_Dominance_PC70,205,18.480000,0.075089291,11174.671,false
GA_Energy_Dominance_PC70,205,18.506000,0.074957413,11434.229,false
GA_Energy_Dominance_PC70,205,18.546000,0.074856402,11681.216,false
GA_Energy_Dominance_PC70,205,18.790000,0.074614099,11500.279,false
GA_Energy_Dominance_PC70,205,18.586000,0.074704094,11698.503,false
GA_Energy_Dominance_PC70,205,18.938000,0.074520774,11451.672,false
GA_Energy_Dominance_PC70,205,18.746000,0.074698591,11335.528,false
GA_Energy_Dominance_PC70,205,19.200000,0.074450631,11155.222,false
GA_Energy_Dominance_PC70,205,19.038000,0.074513561,11278.712,false
GA_Energy_Dominance_PC70,205,19.518000,0.073957286,11136.527,false
GA_Energy_Dominance_PC70,205,19.528000,0.073882371,11206.732,false
GA_Energy_Dominance_PC70,205,19.456000,0.073994870,11397.473,false
GA_Energy_Dominance_PC70,205,19.688000,0.073880240,11163.252,false
GA_Energy_Dominance_PC70,205,19.230000,0.074024585,11126.796,false
GA_Energy_Dominance_PC70,205,19.714000,0.073532669,11030.599,false
GA_Energy_Dominance_PC70,205,19.730000,0.073310227,10794.933,false
GA_Energy_Dominance_PC70,205,19.876000,0.072327711,10489.667,false
GA_Energy_Dominance_PC70,205,19.798000,0.072415293,10603.705,false
GA_Energy_Dominance_PC70,205,20.036000,0.072326463,10492.163,false
GA_Energy_Dominance_PC70,205,20.250000,0.072158316,10451.484,false
GA_Energy_Dominance_PC70,205,20.430000,0.071954739,10683.935,false
GA_Energy_Dominance_PC70,205,20.582000,0.071770420,10777.570,false
GA_Energy_Dominance_PC70,205,20.794000,0.071700909,10565.943,false
GA_Energy_Dominance_PC70,205,21.002000,0.071699382,10769.191,false
GA_Energy_Dominance_PC70,205,20.688000,0.071728228,10612.467,false
GA_Energy_Dominance_PC70,205,21.208000,0.071677669,10347.755,false
GA_Energy_Dominance_PC70,206,15.990000,0.083957236,11750.722,false
GA_Energy_Dominance_PC70,206,16.516000,0.083904732,11676.305,false
GA_Energy_Dominance_PC70,206,16.664000,0.083775017,11676.305,false
GA_Energy_Dominance_PC70,206,17.644000,0.082493845,11652.411,false
GA_Energy_Dominance_PC70,206,16.848000,0.083237923,11609.010,false
GA_Energy_Dominance_PC70,206,18.498000,0.081114829,11532.254,false
GA_Energy_Dominance_PC70,206,17.696000,0.081347203,11617.831,false
GA_Energy_Dominance_PC70,206,18.510000,0.078697437,11725.133,false
GA_Energy_Dominance_PC70,206,18.752000,0.077535778,11426.068,false
GA_Energy_Dominance_PC70,206,18.626000,0.077679132,11516.908,false
GA_Energy_Dominance_PC70,206,18.770000,0.076879508,11602.036,false
GA_Energy_Dominance_PC70,206,18.758000,0.077424057,11623.869,false
GA_Energy_Dominance_PC70,206,18.900000,0.076873757,11578.185,false
GA_Energy_Dominance_PC70,206,19.078000,0.076603168,11553.299,false
GA_Energy_Dominance_PC70,206,19.382000,0.075986859,11685.808,false
GA_Energy_Dominance_PC70,206,19.114000,0.076086482,11518.219,false
GA_Energy_Dominance_PC70,206,19.434000,0.075500464,11205.917,false
GA_Energy_Dominance_PC70,206,19.526000,0.075398136,11606.677,false
GA_Energy_Dominance_PC70,206,19.402000,0.075804295,11528.305,false
GA_Energy_Dominance_PC70,206,19.932000,0.074939290,11713.313,false
GA_Energy_Dominance_PC70,206,19.748000,0.075033149,11659.810,false
GA_Energy_Dominance_PC70,206,19.660000,0.075303466,11741.421,false
GA_Energy_Dominance_PC70,206,20.198000,0.074665789,11484.147,false
GA_Energy_Dominance_PC70,206,20.234000,0.074493453,11561.740,false
GA_Energy_Dominance_PC70,206,20.862000,0.072376746,11307.764,false
GA_Energy_Dominance_PC70,206,21.030000,0.072352139,11422.286,false
GA_Energy_Dominance_PC70,206,20.274000,0.072380129,11107.373,false
GA_Energy_Dominance_PC70,206,20.780000,0.072379302,11196.932,false
GA_Energy_Dominance_PC70,206,20.938000,0.072370027,11087.223,false
GA_Energy_Dominance_PC70,206,21.174000,0.072114689,11464.608,false
GA_Energy_Dominance_PC70,206,21.246000,0.072089222,11402.104,false
GA_Energy_Dominance_PC70,206,21.322000,0.071986452,11562.481,false
GA_Energy_Dominance_PC70,206,21.384000,0.071851054,11494.340,false
GA_Energy_Dominance_PC70,206,21.452000,0.071769918,11374.349,false
GA_Energy_Dominance_PC70,206,21.090000,0.072226672,11244.768,false
GA_Energy_Dominance_PC70,206,21.678000,0.071589159,11416.078,false
GA_Energy_Dominance_PC70,206,21.854000,0.071512480,11388.355,false
GA_Energy_Dominance_PC70,206,22.108000,0.071195551,11135.662,false
GA_Energy_Dominance_PC70,206,22.196000,0.071059067,11129.500,false
GA_Energy_Dominance_PC70,206,21.986000,0.071386782,10859.612,false
GA_Energy_Dominance_PC70,206,22.530000,0.070970134,11193.459,false
GA_Energy_Dominance_PC70,206,22.372000,0.070970517,10747.581,false
GA_Energy_Dominance_PC70,206,22.796000,0.070931829,11161.434,false
GA_Energy_Dominance_PC70,206,22.928000,0.070905957,11095.891,false
GA_Energy_Dominance_PC70,206,23.200000,0.070794961,10712.801,false
GA_Energy_Dominance_PC70,206,23.418000,0.070781247,10704.497,false
GA_Energy_Dominance_PC70,206,23.612000,0.070695840,10548.490,false
GA_Energy_Dominance_PC70,206,23.506000,0.070700176,10727.536,false
GA_Energy_Dominance_PC70,206,23.796000,0.070675285,10483.110,false
GA_Energy_Dominance_PC70,206,23.956000,0.070640636,10569.414,false
GA_Energy_Dominance_PC70,206,24.068000,0.070636443,10497.246,false
GA_Energy_Dominance_PC70,206,24.188000,0.070619948,10479.584,false
GA_Energy_Dominance_PC70,206,24.442000,0.070598767,10660.439,false
GA_Energy_Dominance_PC70,207,16.094000,0.079262879,11560.420,false
GA_Energy_Dominance_PC70,207,15.220000,0.079880006,11578.301,false
GA_Energy_Dominance_PC70,207,17.112000,0.079004360,11645.468,false
GA_Energy_Dominance_PC70,207,16.222000,0.079113857,11518.395,false
GA_Energy_Dominance_PC70,207,17.002000,0.079051024,11540.623,false
GA_Energy_Dominance_PC70,207,17.422000,0.078561649,11411.257,false
GA_Energy_Dominance_PC70,207,17.896000,0.078140671,11346.111,false
GA_Energy_Dominance_PC70,207,17.744000,0.078532028,11465.420,false
GA_Energy_Dominance_PC70,207,17.214000,0.078673354,11418.790,false
GA_Energy_Dominance_PC70,207,18.190000,0.078061300,11665.013,false
GA_Energy_Dominance_PC70,207,18.120000,0.078120791,11503.428,false
GA_Energy_Dominance_PC70,207,18.222000,0.077799140,11702.816,false
GA_Energy_Dominance_PC70,207,18.670000,0.077662302,11684.950,false
GA_Energy_Dominance_PC70,207,19.286000,0.077355186,11520.420,false
GA_Energy_Dominance_PC70,207,19.100000,0.077388936,11598.965,false
GA_Energy_Dominance_PC70,207,19.742000,0.075148540,11618.073,false
GA_Energy_Dominance_PC70,207,19.324000,0.075327721,11306.906,false
GA_Energy_Dominance_PC70,207,19.822000,0.074927326,11541.562,false
GA_Energy_Dominance_PC70,207,19.876000,0.074670891,11535.869,false
GA_Energy_Dominance_PC70,207,20.084000,0.074581210,11637.884,false
GA_Energy_Dominance_PC70,207,20.192000,0.074482681,11587.093,false
GA_Energy_Dominance_PC70,207,20.382000,0.074354899,11731.340,false
GA_Energy_Dominance_PC70,207,20.424000,0.073165140,11705.511,false
GA_Energy_Dominance_PC70,207,21.018000,0.072924879,11435.372,false
GA_Energy_Dominance_PC70,207,20.834000,0.072972376,11282.559,false
GA_Energy_Dominance_PC70,207,21.312000,0.072327441,11523.343,false
GA_Energy_Dominance_PC70,207,21.428000,0.072258191,11343.996,false
GA_Energy_Dominance_PC70,207,21.264000,0.072444569,11422.505,false
GA_Energy_Dominance_PC70,207,21.052000,0.072684407,11189.370,false
GA_Energy_Dominance_PC70,207,21.558000,0.071770686,11348.404,false
GA_Energy_Dominance_PC70,207,21.476000,0.071864461,11161.912,false
GA_Energy_Dominance_PC70,207,21.700000,0.071590745,11198.462,false
GA_Energy_Dominance_PC70,207,21.902000,0.071460152,11159.374,false
GA_Energy_Dominance_PC70,207,22.004000,0.071415606,11275.533,false
GA_Energy_Dominance_PC70,207,22.384000,0.071268658,11316.828,false
GA_Energy_Dominance_PC70,207,22.626000,0.071192466,11083.308,false
GA_Energy_Dominance_PC70,207,22.824000,0.071062510,11226.374,false
GA_Energy_Dominance_PC70,207,22.986000,0.071003258,11079.925,false
GA_Energy_Dominance_PC70,207,23.310000,0.070857786,11366.115,false
GA_Energy_Dominance_PC70,207,23.094000,0.070972543,11352.956,false
GA_Energy_Dominance_PC70,207,23.656000,0.070507297,11144.987,false
GA_Energy_Dominance_PC70,207,24.042000,0.070382363,10915.992,false
GA_Energy_Dominance_PC70,207,23.872000,0.070428389,10835.502,false
GA_Energy_Dominance_PC70,207,23.766000,0.070442409,10923.911,false
GA_Energy_Dominance_PC70,207,23.410000,0.070540001,10965.720,false
GA_Energy_Dominance_PC70,207,24.178000,0.070380557,11028.898,false
GA_Energy_Dominance_PC70,207,24.318000,0.070352873,10981.290,false
GA_Energy_Dominance_PC70,207,24.482000,0.070330137,11103.275,false
GA_Energy_Dominance_PC70,207,24.838000,0.070279303,10861.134,false
GA_Energy_Dominance_PC70,207,25.118000,0.070271189,10954.846,false
GA_Energy_Dominance_PC70,207,24.656000,0.070329809,11098.606,false
GA_Energy_Dominance_PC70,208,11.376000,0.080959166,11697.238,false
GA_Energy_Dominance_PC70,208,11.122000,0.081576451,11652.017,false
GA_Energy_Dominance_PC70,208,11.238000,0.081003323,11718.387,false
GA_Energy_Dominance_PC70,208,11.710000,0.080461967,11618.935,false
GA_Energy_Dominance_PC70,208,11.572000,0.080544002,11594.093,false
GA_Energy_Dominance_PC70,208,11.754000,0.080150712,11605.359,false
GA_Energy_Dominance_PC70,208,11.886000,0.080138180,11665.268,false
GA_Energy_Dominance_PC70,208,12.026000,0.079585414,11634.090,false
GA_Energy_Dominance_PC70,208,11.956000,0.079772026,11687.089,false
GA_Energy_Dominance_PC70,208,12.050000,0.078422808,11507.849,false
GA_Energy_Dominance_PC70,208,12.264000,0.077539441,11519.486,false
GA_Energy_Dominance_PC70,208,12.724000,0.077138026,11576.352,false
GA_Energy_Dominance_PC70,208,12.454000,0.077383340,11400.201,false
GA_Energy_Dominance_PC70,208,12.422000,0.077485898,11501.860,false
GA_Energy_Dominance_PC70,208,12.530000,0.077213327,11656.582,false
GA_Energy_Dominance_PC70,208,12.776000,0.077090377,11635.327,false
GA_Energy_Dominance_PC70,208,12.892000,0.077057395,11422.554,false
GA_Energy_Dominance_PC70,208,12.926000,0.076912704,11725.985,false
GA_Energy_Dominance_PC70,208,13.100000,0.076621032,11306.049,false
GA_Energy_Dominance_PC70,208,12.930000,0.076653483,11523.938,false
GA_Energy_Dominance_PC70,208,13.164000,0.076418965,11618.099,false
GA_Energy_Dominance_PC70,208,13.476000,0.076115102,11599.047,false
GA_Energy_Dominance_PC70,208,13.368000,0.076353672,11441.412,false
GA_Energy_Dominance_PC70,208,13.454000,0.076337639,11390.162,false
GA_Energy_Dominance_PC70,208,13.616000,0.075592319,11613.398,false
GA_Energy_Dominance_PC70,208,13.718000,0.075362687,11484.181,false
GA_Energy_Dominance_PC70,208,13.542000,0.075638968,11370.240,false
GA_Energy_Dominance_PC70,208,13.714000,0.075433280,11502.970,false
GA_Energy_Dominance_PC70,208,13.670000,0.075570733,11555.548,false
GA_Energy_Dominance_PC70,208,13.906000,0.075212569,11667.231,false
GA_Energy_Dominance_PC70,208,13.824000,0.075308188,11731.846,false
GA_Energy_Dominance_PC70,208,13.950000,0.075189249,11652.758,false
GA_Energy_Dominance_PC70,208,14.328000,0.075086838,11681.663,false
GA_Energy_Dominance_PC70,208,14.044000,0.075168548,11701.855,false
GA_Energy_Dominance_PC70,208,14.224000,0.075108946,11640.506,false
GA_Energy_Dominance_PC70,208,14.158000,0.075112126,11708.388,false
GA_Energy_Dominance_PC70,208,14.594000,0.074740738,11524.641,false
GA_Energy_Dominance_PC70,208,14.694000,0.074722334,11446.336,false
GA_Energy_Dominance_PC70,208,14.410000,0.074771007,11546.483,false
GA_Energy_Dominance_PC70,208,14.704000,0.073931659,11227.488,false
GA_Energy_Dominance_PC70,208,14.814000,0.073740454,11194.379,false
GA_Energy_Dominance_PC70,208,15.496000,0.073698702,11184.084,false
GA_Energy_Dominance_PC70,208,15.588000,0.073612775,11605.862,false
GA_Energy_Dominance_PC70,208,15.990000,0.072960342,10989.822,false
GA_Energy_Dominance_PC70,208,15.980000,0.073226451,11090.890,false
GA_Energy_Dominance_PC70,208,15.760000,0.073308609,11157.909,false
GA_Energy_Dominance_PC70,208,16.256000,0.072646956,11110.101,false
GA_Energy_Dominance_PC70,208,16.110000,0.072765959,11025.072,false
GA_Energy_Dominance_PC70,208,16.292000,0.072541227,11280.641,false
GA_Energy_Dominance_PC70,208,16.398000,0.072447237,11408.252,false
GA_Energy_Dominance_PC70,208,16.572000,0.072410425,11598.344,false
GA_Energy_Dominance_PC70,208,16.720000,0.072350771,11511.590,false
GA_Energy_Dominance_PC70,208,16.792000,0.072039534,11454.132,false
GA_Energy_Dominance_PC70,208,16.924000,0.071688317,10965.147,false
GA_Energy_Dominance_PC70,208,17.454000,0.071095119,10974.822,false
GA_Energy_Dominance_PC70,208,17.152000,0.071105399,10928.129,false
GA_Energy_Dominance_PC70,208,17.010000,0.071187369,10919.935,false
GA_Energy_Dominance_PC70,208,17.956000,0.071059848,10830.274,false
GA_Energy_Dominance_PC70,208,17.738000,0.071077829,10998.000,false
GA_Energy_Dominance_PC70,209,10.462000,0.082237044,11560.679,false
GA_Energy_Dominance_PC70,209,10.630000,0.082234313,11591.206,false
GA_Energy_Dominance_PC70,209,11.032000,0.080937724,11642.123,false
GA_Energy_Dominance_PC70,209,10.818000,0.081046836,11350.710,false
GA_Energy_Dominance_PC70,209,11.244000,0.080606599,11705.058,false
GA_Energy_Dominance_PC70,209,11.294000,0.080548374,11666.037,false
GA_Energy_Dominance_PC70,209,11.580000,0.080480708,11722.782,false
GA_Energy_Dominance_PC70,209,11.640000,0.079132824,11638.859,false
GA_Energy_Dominance_PC70,209,11.600000,0.079361665,11634.176,false
GA_Energy_Dominance_PC70,209,12.250000,0.078859785,11658.596,false
GA_Energy_Dominance_PC70,209,12.138000,0.078945471,11622.584,false
GA_Energy_Dominance_PC70,209,12.316000,0.078259393,11535.164,false
GA_Energy_Dominance_PC70,209,12.622000,0.077530528,11570.625,false
GA_Energy_Dominance_PC70,209,13.062000,0.076841153,11716.473,false
GA_Energy_Dominance_PC70,209,13.180000,0.076812350,11705.585,false
GA_Energy_Dominance_PC70,209,13.244000,0.076695989,11738.820,false
GA_Energy_Dominance_PC70,209,13.464000,0.076084792,11432.929,false
GA_Energy_Dominance_PC70,209,13.368000,0.076194610,11429.779,false
GA_Energy_Dominance_PC70,209,13.490000,0.075642381,11423.984,false
GA_Energy_Dominance_PC70,209,13.496000,0.075201259,11676.250,false
GA_Energy_Dominance_PC70,209,13.772000,0.074684403,11326.792,false
GA_Energy_Dominance_PC70,209,13.814000,0.074518034,11644.180,false
GA_Energy_Dominance_PC70,209,13.528000,0.074823427,11625.149,false
GA_Energy_Dominance_PC70,209,14.238000,0.074404947,11708.236,false
GA_Energy_Dominance_PC70,209,14.122000,0.074432362,11394.082,false
GA_Energy_Dominance_PC70,209,14.742000,0.073331390,11370.979,false
GA_Energy_Dominance_PC70,209,14.270000,0.073563404,11672.292,false
GA_Energy_Dominance_PC70,209,14.834000,0.073275249,11387.378,false
GA_Energy_Dominance_PC70,209,14.560000,0.073331437,11476.737,false
GA_Energy_Dominance_PC70,209,14.886000,0.073209296,11019.330,false
GA_Energy_Dominance_PC70,209,14.958000,0.073131688,11518.917,false
GA_Energy_Dominance_PC70,209,14.964000,0.072923700,10916.115,false
GA_Energy_Dominance_PC70,209,15.060000,0.072509723,11166.020,false
GA_Energy_Dominance_PC70,209,15.422000,0.072409668,11109.731,false
GA_Energy_Dominance_PC70,209,15.564000,0.072355198,11016.473,false
GA_Energy_Dominance_PC70,209,15.638000,0.072288688,10912.397,false
GA_Energy_Dominance_PC70,209,15.710000,0.072282585,10753.840,false
GA_Energy_Dominance_PC70,209,15.774000,0.072145481,10823.727,false
GA_Energy_Dominance_PC70,209,16.230000,0.071759803,10668.186,false
GA_Energy_Dominance_PC70,209,16.376000,0.071736986,10884.992,false
GA_Energy_Dominance_PC70,209,15.940000,0.071813750,10676.323,false
GA_Energy_Dominance_PC70,209,16.828000,0.071611128,10711.296,false
GA_Energy_Dominance_PC70,209,16.642000,0.071647809,10649.598,false
GA_Energy_Dominance_PC70,209,16.456000,0.071710880,10765.316,false
GA_Energy_Dominance_PC70,209,16.562000,0.071668765,10834.618,false
GA_Energy_Dominance_PC70,209,16.754000,0.071647712,10711.296,false
SA_WaitingTime_Dominance_PC70,200,5.324000,0.081317798,11738.160,false
SA_WaitingTime_Dominance_PC70,200,5.298000,0.081369169,11738.160,false
SA_WaitingTime_Dominance_PC70,200,5.262000,0.081402009,11753.513,false
SA_WaitingTime_Dominance_PC70,200,5.250000,0.081465168,11753.513,false
SA_WaitingTime_Dominance_PC70,200,5.236000,0.081657034,11740.542,false
SA_WaitingTime_Dominance_PC70,200,5.248000,0.081640657,11753.052,false
SA_WaitingTime_Dominance_PC70,200,5.234000,0.081678087,11749.712,false
SA_WaitingTime_Dominance_PC70,200,5.198000,0.081819796,11753.513,false
SA_WaitingTime_Dominance_PC70,200,5.220000,0.081777118,11711.276,false
SA_WaitingTime_Dominance_PC70,200,5.180000,0.081926110,11748.545,false
SA_WaitingTime_Dominance_PC70,200,5.168000,0.081968738,11750.541,false
SA_WaitingTime_Dominance_PC70,201,5.600000,0.082074236,11747.705,false
SA_WaitingTime_Dominance_PC70,201,5.510000,0.082184726,11735.421,false
SA_WaitingTime_Dominance_PC70,201,5.480000,0.082224023,11728.870,false
SA_WaitingTime_Dominance_PC70,201,5.458000,0.082252407,11752.259,false
SA_WaitingTime_Dominance_PC70,201,5.596000,0.082117090,11752.259,false
SA_WaitingTime_Dominance_PC70,201,5.540000,0.082180687,11752.259,false
SA_WaitingTime_Dominance_PC70,201,5.542000,0.082117090,11752.259,false
SA_WaitingTime_Dominance_PC70,201,5.328000,0.082979344,11752.240,false
SA_WaitingTime_Dominance_PC70,201,5.338000,0.082937238,11752.240,false
SA_WaitingTime_Dominance_PC70,201,5.342000,0.082659993,11752.240,false
SA_WaitingTime_Dominance_PC70,201,5.326000,0.083064025,11752.240,false
SA_WaitingTime_Dominance_PC70,201,5.314000,0.083085078,11752.240,false
SA_WaitingTime_Dominance_PC70,202,5.368000,0.082836642,11730.720,false
SA_WaitingTime_Dominance_PC70,202,5.354000,0.082885171,11754.558,false
SA_WaitingTime_Dominance_PC70,202,5.390000,0.082472191,11733.618,false
SA_WaitingTime_Dominance_PC70,202,5.384000,0.082474893,11743.346,false
SA_WaitingTime_Dominance_PC70,202,5.412000,0.082335852,11743.346,false
SA_WaitingTime_Dominance_PC70,202,5.336000,0.084769887,11754.786,false
SA_WaitingTime_Dominance_PC70,203,5.642000,0.082756315,11747.409,false
SA_WaitingTime_Dominance_PC70,203,5.478000,0.082852875,11754.779,false
SA_WaitingTime_Dominance_PC70,203,5.356000,0.082864513,11742.561,false
SA_WaitingTime_Dominance_PC70,203,5.270000,0.082891690,11734.577,false
SA_WaitingTime_Dominance_PC70,203,5.224000,0.083002963,11753.757,false
SA_WaitingTime_Dominance_PC70,203,5.254000,0.082973003,11753.757,false
SA_WaitingTime_Dominance_PC70,203,5.204000,0.083028529,11754.678,false
SA_WaitingTime_Dominance_PC70,203,5.186000,0.083031231,11745.944,false
SA_WaitingTime_Dominance_PC70,203,5.226000,0.082999598,11745.944,false
SA_WaitingTime_Dominance_PC70,203,5.234000,0.082989125,11745.944,false
SA_WaitingTime_Dominance_PC70,203,5.672000,0.082673519,11749.253,false
SA_WaitingTime_Dominance_PC70,203,5.626000,0.082775926,11749.253,false
SA_WaitingTime_Dominance_PC70,203,5.178000,0.083927916,11753.271,false
SA_WaitingTime_Dominance_PC70,203,5.166000,0.083999696,11751.956,false
SA_WaitingTime_Dominance_PC70,203,5.168000,0.083943942,11751.956,false
SA_WaitingTime_Dominance_PC70,203,5.146000,0.083999696,11751.956,false
SA_WaitingTime_Dominance_PC70,204,9.810000,0.082014354,11730.381,false
SA_WaitingTime_Dominance_PC70,204,9.854000,0.081996636,11730.381,false
SA_WaitingTime_Dominance_PC70,204,9.182000,0.082160154,11753.020,false
SA_WaitingTime_Dominance_PC70,204,9.136000,0.082305882,11753.020,false
SA_WaitingTime_Dominance_PC70,204,8.816000,0.082611411,11738.203,false
SA_WaitingTime_Dominance_PC70,204,8.856000,0.082606445,11738.203,false
SA_WaitingTime_Dominance_PC70,204,8.890000,0.082469325,11711.554,false
SA_WaitingTime_Dominance_PC70,204,8.918000,0.082315097,11711.554,false
SA_WaitingTime_Dominance_PC70,204,8.872000,0.082547147,11711.554,false
SA_WaitingTime_Dominance_PC70,204,8.786000,0.082631358,11738.279,false
SA_WaitingTime_Dominance_PC70,204,8.284000,0.082715770,11743.440,false
SA_WaitingTime_Dominance_PC70,204,6.320000,0.082853420,11748.496,false
SA_WaitingTime_Dominance_PC70,204,6.252000,0.082902854,11748.496,false
SA_WaitingTime_Dominance_PC70,204,6.250000,0.082970386,11749.393,false
SA_WaitingTime_Dominance_PC70,204,6.206000,0.083001448,11748.496,false
SA_WaitingTime_Dominance_PC70,204,5.788000,0.083128638,11750.919,false
SA_WaitingTime_Dominance_PC70,204,5.808000,0.083013906,11750.919,false
SA_WaitingTime_Dominance_PC70,204,5.768000,0.083149691,11750.919,false
SA_WaitingTime_Dominance_PC70,204,5.624000,0.083150893,11729.981,false
SA_WaitingTime_Dominance_PC70,204,5.572000,0.083172226,11753.268,false
SA_WaitingTime_Dominance_PC70,204,5.530000,0.083691231,11752.094,false
SA_WaitingTime_Dominance_PC70,204,5.236000,0.083775859,11743.664,false
SA_WaitingTime_Dominance_PC70,204,5.266000,0.083708269,11743.664,false
SA_WaitingTime_Dominance_PC70,205,6.416000,0.082450543,11724.704,false
SA_WaitingTime_Dominance_PC70,205,6.436000,0.082349430,11724.704,false
SA_WaitingTime_Dominance_PC70,205,5.398000,0.084042273,11719.901,false
SA_WaitingTime_Dominance_PC70,205,5.470000,0.083007109,11714.567,false
SA_WaitingTime_Dominance_PC70,205,5.430000,0.083306086,11741.738,false
SA_WaitingTime_Dominance_PC70,205,5.434000,0.083183462,11752.094,false
SA_WaitingTime_Dominance_PC70,205,5.412000,0.083396364,11742.366,false
SA_WaitingTime_Dominance_PC70,205,5.406000,0.083417417,11742.366,false
SA_WaitingTime_Dominance_PC70,205,5.426000,0.083396084,11742.366,false
SA_WaitingTime_Dominance_PC70,205,5.484000,0.082870086,11748.440,false
SA_WaitingTime_Dominance_PC70,205,5.536000,0.082538378,11738.893,false
SA_WaitingTime_Dominance_PC70,205,5.518000,0.082734242,11746.756,false
SA_WaitingTime_Dominance_PC70,206,5.816000,0.082754908,11745.622,false
SA_WaitingTime_Dominance_PC70,206,5.790000,0.082805170,11755.454,false
SA_WaitingTime_Dominance_PC70,206,5.796000,0.082766222,11747.065,false
SA_WaitingTime_Dominance_PC70,206,5.780000,0.082805640,11747.065,false
SA_WaitingTime_Dominance_PC70,206,5.748000,0.082826045,11747.065,false
SA_WaitingTime_Dominance_PC70,206,5.674000,0.083196227,11730.131,false
SA_WaitingTime_Dominance_PC70,206,5.682000,0.083166699,11727.901,false
SA_WaitingTime_Dominance_PC70,206,5.642000,0.083264885,11715.479,false
SA_WaitingTime_Dominance_PC70,206,6.160000,0.082365787,11753.998,false
SA_WaitingTime_Dominance_PC70,206,5.936000,0.082515149,11747.726,false
SA_WaitingTime_Dominance_PC70,206,5.838000,0.082665648,11747.726,false
SA_WaitingTime_Dominance_PC70,206,5.876000,0.082606152,11747.726,false
SA_WaitingTime_Dominance_PC70,206,5.870000,0.082660682,11747.726,false
SA_WaitingTime_Dominance_PC70,206,5.734000,0.083120372,11706.368,false
SA_WaitingTime_Dominance_PC70,206,5.402000,0.083368751,11741.476,false
SA_WaitingTime_Dominance_PC70,206,5.358000,0.083385054,11753.040,false
SA_WaitingTime_Dominance_PC70,206,5.352000,0.083538391,11753.040,false
SA_WaitingTime_Dominance_PC70,206,5.334000,0.083575007,11748.164,false
SA_WaitingTime_Dominance_PC70,207,8.000000,0.082381782,11741.477,false
SA_WaitingTime_Dominance_PC70,207,5.780000,0.082979922,11748.489,false
SA_WaitingTime_Dominance_PC70,207,5.760000,0.083136457,11749.690,false
SA_WaitingTime_Dominance_PC70,207,5.724000,0.083176065,11749.690,false
SA_WaitingTime_Dominance_PC70,207,6.540000,0.082524348,11713.857,false
SA_WaitingTime_Dominance_PC70,207,6.542000,0.082482242,11713.857,false
SA_WaitingTime_Dominance_PC70,207,6.548000,0.082473761,11713.857,false
SA_WaitingTime_Dominance_PC70,207,6.554000,0.082434186,11707.015,false
SA_WaitingTime_Dominance_PC70,207,6.508000,0.082541908,11728.703,false
SA_WaitingTime_Dominance_PC70,207,6.496000,0.082557544,11741.292,false
SA_WaitingTime_Dominance_PC70,207,6.482000,0.082570292,11728.703,false
SA_WaitingTime_Dominance_PC70,207,6.374000,0.082975273,11739.558,false
SA_WaitingTime_Dominance_PC70,207,6.236000,0.082978377,11751.815,false
SA_WaitingTime_Dominance_PC70,207,5.642000,0.084310988,11750.705,false
SA_WaitingTime_Dominance_PC70,207,5.550000,0.084419558,11745.682,false
SA_WaitingTime_Dominance_PC70,207,5.534000,0.084740567,11744.893,false
SA_WaitingTime_Dominance_PC70,207,5.522000,0.084840058,11746.536,false
SA_WaitingTime_Dominance_PC70,207,5.512000,0.084872058,11746.536,false
SA_WaitingTime_Dominance_PC70,207,5.536000,0.084700505,11749.507,false
SA_WaitingTime_Dominance_PC70,207,5.710000,0.083884297,11753.923,false
SA_WaitingTime_Dominance_PC70,207,5.718000,0.083717147,11741.056,false
SA_WaitingTime_Dominance_PC70,207,5.684000,0.083887476,11741.420,false
SA_WaitingTime_Dominance_PC70,207,5.654000,0.083929679,11741.420,false
SA_WaitingTime_Dominance_PC70,208,5.314000,0.083197038,11752.906,false
SA_WaitingTime_Dominance_PC70,208,5.294000,0.083205328,11752.906,false
SA_WaitingTime_Dominance_PC70,208,5.270000,0.083226381,11752.906,false
SA_WaitingTime_Dominance_PC70,208,5.456000,0.082908994,11750.485,false
SA_WaitingTime_Dominance_PC70,208,5.408000,0.082930250,11745.535,false
SA_WaitingTime_Dominance_PC70,208,5.462000,0.082856708,11741.380,false
SA_WaitingTime_Dominance_PC70,208,5.860000,0.082617964,11718.466,false
SA_WaitingTime_Dominance_PC70,208,5.828000,0.082676636,11735.457,false
SA_WaitingTime_Dominance_PC70,209,5.982000,0.083004469,11755.630,false
SA_WaitingTime_Dominance_PC70,209,5.992000,0.082841373,11736.713,false
SA_WaitingTime_Dominance_PC70,209,6.466000,0.082744119,11735.756,false
SA_WaitingTime_Dominance_PC70,209,6.412000,0.082754051,11735.756,false
SA_WaitingTime_Dominance_PC70,209,6.404000,0.082795963,11735.756,false
SA_WaitingTime_Dominance_PC70,209,5.964000,0.083012708,11741.467,false
SA_WaitingTime_Dominance_PC70,209,5.960000,0.083037103,11741.467,false
SA_WaitingTime_Dominance_PC70,209,5.934000,0.083064802,11729.598,false
SA_WaitingTime_Dominance_PC70,209,6.148000,0.082820888,11738.281,false
SA_WaitingTime_Dominance_PC70,209,5.814000,0.083079779,11751.853,false
SA_WaitingTime_Dominance_PC70,209,5.318000,0.083640728,11750.963,false
SA_WaitingTime_Dominance_PC70,209,5.274000,0.083861680,11750.963,false
SA_WaitingTime_Dominance_PC70,209,5.250000,0.083983113,11739.805,false
SA_WaitingTime_Dominance_PC70,209,5.234000,0.084000036,11746.911,false
SA_WaitingTime_Dominance_PC70,209,5.456000,0.083442287,11737.720,false
SA_Energy_Dominance_PC70,200,13.058000,0.083771276,11736.530,false
SA_Energy_Dominance_PC70,200,12.990000,0.083839744,11724.461,false
SA_Energy_Dominance_PC70,200,12.934000,0.083854769,11701.124,false
SA_Energy_Dominance_PC70,200,13.466000,0.082926236,11685.429,false
SA_Energy_Dominance_PC70,200,13.462000,0.083063036,11707.176,false
SA_Energy_Dominance_PC70,200,14.250000,0.082741898,11747.393,false
SA_Energy_Dominance_PC70,200,14.528000,0.082544083,11741.745,false
SA_Energy_Dominance_PC70,200,14.466000,0.082555117,11741.745,false
SA_Energy_Dominance_PC70,200,14.686000,0.082525093,11698.178,false
SA_Energy_Dominance_PC70,200,14.764000,0.082421980,11752.520,false
SA_Energy_Dominance_PC70,200,14.770000,0.081992202,11730.319,false
SA_Energy_Dominance_PC70,200,14.926000,0.081896616,11753.516,false
SA_Energy_Dominance_PC70,200,14.458000,0.082625098,11753.516,false
SA_Energy_Dominance_PC70,200,14.410000,0.082655231,11753.516,false
SA_Energy_Dominance_PC70,200,14.306000,0.082730913,11753.516,false
SA_Energy_Dominance_PC70,200,16.402000,0.081512830,11499.437,false
SA_Energy_Dominance_PC70,200,16.658000,0.081485446,11702.616,false
SA_Energy_Dominance_PC70,200,13.530000,0.082828483,11741.860,false
SA_Energy_Dominance_PC70,200,13.534000,0.082801909,11741.860,false
SA_Energy_Dominance_PC70,200,14.042000,0.082789730,11751.588,false
SA_Energy_Dominance_PC70,200,16.794000,0.081342137,11723.066,false
SA_Energy_Dominance_PC70,200,17.008000,0.081278979,11723.066,false
SA_Energy_Dominance_PC70,200,17.108000,0.081257926,11744.582,false
SA_Energy_Dominance_PC70,200,17.154000,0.081252960,11744.582,false
SA_Energy_Dominance_PC70,200,17.280000,0.081243654,11594.540,false
SA_Energy_Dominance_PC70,200,17.288000,0.081196716,11725.318,false
SA_Energy_Dominance_PC70,200,16.930000,0.081335757,11729.427,false
SA_Energy_Dominance_PC70,200,17.354000,0.081030005,11674.114,false
SA_Energy_Dominance_PC70,200,17.298000,0.081161843,11674.114,false
SA_Energy_Dominance_PC70,200,17.372000,0.080932512,11631.808,false
SA_Energy_Dominance_PC70,200,17.382000,0.079536259,11509.898,false
SA_Energy_Dominance_PC70,200,18.018000,0.078877956,11745.965,false
SA_Energy_Dominance_PC70,200,18.112000,0.078856903,11745.965,false
SA_Energy_Dominance_PC70,200,17.932000,0.078899008,11745.965,false
SA_Energy_Dominance_PC70,200,17.708000,0.078916612,11724.661,false
SA_Energy_Dominance_PC70,200,17.692000,0.079309603,11731.875,false
SA_Energy_Dominance_PC70,200,19.370000,0.077861300,11685.256,false
SA_Energy_Dominance_PC70,200,18.234000,0.078067213,11682.268,false
SA_Energy_Dominance_PC70,200,19.440000,0.077840247,11641.702,false
SA_Energy_Dominance_PC70,200,19.304000,0.077894587,11693.920,false
SA_Energy_Dominance_PC70,200,19.496000,0.077761275,11755.061,false
SA_Energy_Dominance_PC70,200,19.670000,0.077622882,11705.964,false
SA_Energy_Dominance_PC70,200,19.240000,0.078054744,11726.523,false
SA_Energy_Dominance_PC70,200,19.842000,0.077571484,11726.523,false
SA_Energy_Dominance_PC70,200,20.010000,0.077249807,11716.905,false
SA_Energy_Dominance_PC70,200,19.884000,0.077277855,11716.905,false
SA_Energy_Dominance_PC70,200,20.200000,0.077234720,11716.905,false
SA_Energy_Dominance_PC70,200,20.420000,0.077205825,11652.174,false
SA_Energy_Dominance_PC70,200,20.600000,0.077205825,11652.174,false
SA_Energy_Dominance_PC70,200,21.368000,0.077200977,11556.968,false
SA_Energy_Dominance_PC70,200,21.810000,0.069342084,9918.760,false
SA_Energy_Dominance_PC70,200,21.546000,0.069638387,10116.818,false
SA_Energy_Dominance_PC70,200,21.958000,0.069294757,10259.818,false
SA_Energy_Dominance_PC70,200,22.632000,0.069277014,10179.233,false
SA_Energy_Dominance_PC70,201,13.508000,0.082412391,11745.121,false
SA_Energy_Dominance_PC70,201,13.820000,0.082371913,11718.396,false
SA_Energy_Dominance_PC70,201,13.832000,0.082258344,11739.769,false
SA_Energy_Dominance_PC70,201,13.866000,0.082244108,11739.769,false
SA_Energy_Dominance_PC70,201,14.022000,0.082207161,11667.671,false
SA_Energy_Dominance_PC70,201,14.920000,0.082201262,11645.962,false
SA_Energy_Dominance_PC70,201,14.940000,0.081901523,11752.433,false
SA_Energy_Dominance_PC70,201,16.366000,0.081084070,11653.365,false
SA_Energy_Dominance_PC70,201,16.162000,0.081086328,11653.365,false
SA_Energy_Dominance_PC70,201,15.678000,0.081364303,11668.095,false
SA_Energy_Dominance_PC70,201,15.792000,0.081359338,11668.095,false
SA_Energy_Dominance_PC70,201,15.872000,0.081353724,11666.127,false
SA_Energy_Dominance_PC70,201,15.294000,0.081432052,11666.127,false
SA_Energy_Dominance_PC70,201,15.246000,0.081481563,11666.127,false
SA_Energy_Dominance_PC70,201,16.420000,0.081071065,11736.302,false
SA_Energy_Dominance_PC70,201,16.488000,0.081017888,11731.041,false
SA_Energy_Dominance_PC70,201,16.650000,0.081008233,11690.595,false
SA_Energy_Dominance_PC70,201,16.796000,0.080985469,11742.394,false
SA_Energy_Dominance_PC70,201,18.374000,0.080084651,11666.743,false
SA_Energy_Dominance_PC70,201,18.390000,0.079992529,11755.124,false
SA_Energy_Dominance_PC70,201,17.898000,0.080496491,11755.124,false
SA_Energy_Dominance_PC70,201,18.482000,0.079874739,11736.485,false
SA_Energy_Dominance_PC70,201,18.414000,0.079937898,11736.485,false
SA_Energy_Dominance_PC70,201,18.268000,0.080146516,11736.485,false
SA_Energy_Dominance_PC70,201,18.500000,0.079597217,11740.353,false
SA_Energy_Dominance_PC70,201,21.298000,0.079593633,11551.739,false
SA_Energy_Dominance_PC70,201,21.442000,0.079573228,11736.574,false
SA_Energy_Dominance_PC70,201,21.468000,0.079363242,11736.574,false
SA_Energy_Dominance_PC70,201,21.800000,0.079315641,11736.574,false
SA_Energy_Dominance_PC70,201,21.938000,0.078758805,11595.612,false
SA_Energy_Dominance_PC70,201,22.196000,0.077534291,11682.835,false
SA_Energy_Dominance_PC70,201,21.944000,0.077840586,11658.935,false
SA_Energy_Dominance_PC70,201,22.068000,0.077594968,11707.770,false
SA_Energy_Dominance_PC70,201,22.328000,0.077518411,11678.826,false
SA_Energy_Dominance_PC70,201,22.998000,0.077508628,11754.630,false
SA_Energy_Dominance_PC70,201,23.154000,0.077490143,11738.700,false
SA_Energy_Dominance_PC70,201,23.450000,0.075273213,11748.110,false
SA_Energy_Dominance_PC70,201,24.076000,0.069303953,11354.927,false
SA_Energy_Dominance_PC70,201,24.212000,0.069290234,11294.209,false
SA_Energy_Dominance_PC70,201,23.972000,0.069438834,11374.695,false
SA_Energy_Dominance_PC70,201,24.522000,0.069288047,10957.106,false
SA_Energy_Dominance_PC70,201,24.836000,0.069282888,10769.159,false
SA_Energy_Dominance_PC70,202,13.622000,0.083586741,11746.998,false
SA_Energy_Dominance_PC70,202,13.320000,0.084153852,11748.975,false
SA_Energy_Dominance_PC70,202,13.304000,0.084165543,11748.975,false
SA_Energy_Dominance_PC70,202,13.404000,0.083846192,11648.917,false
SA_Energy_Dominance_PC70,202,14.192000,0.083553437,11742.893,false
SA_Energy_Dominance_PC70,202,14.308000,0.083212846,11648.270,false
SA_Energy_Dominance_PC70,202,14.502000,0.081955769,11660.894,false
SA_Energy_Dominance_PC70,202,14.470000,0.081968875,11636.530,false
SA_Energy_Dominance_PC70,202,14.572000,0.081917624,11636.530,false
SA_Energy_Dominance_PC70,202,14.638000,0.081626033,11636.530,false
SA_Energy_Dominance_PC70,202,18.932000,0.080866232,11749.901,false
SA_Energy_Dominance_PC70,202,18.074000,0.081017316,11754.111,false
SA_Energy_Dominance_PC70,202,18.260000,0.081009911,11750.878,false
SA_Energy_Dominance_PC70,202,17.954000,0.081119709,11737.977,false
SA_Energy_Dominance_PC70,202,17.848000,0.081139166,11737.977,false
SA_Energy_Dominance_PC70,202,17.704000,0.081185636,11697.411,false
SA_Energy_Dominance_PC70,202,20.906000,0.080589797,11724.366,false
SA_Energy_Dominance_PC70,202,21.064000,0.080562987,11742.205,false
SA_Energy_Dominance_PC70,202,20.128000,0.080770336,11732.970,false
SA_Energy_Dominance_PC70,202,20.658000,0.080728767,11714.955,false
SA_Energy_Dominance_PC70,202,20.290000,0.080728767,11714.955,false
SA_Energy_Dominance_PC70,202,21.692000,0.070059277,9967.826,false
SA_Energy_Dominance_PC70,202,21.544000,0.070086637,9962.417,false
SA_Energy_Dominance_PC70,202,21.408000,0.070489694,9958.544,false
SA_Energy_Dominance_PC70,202,21.406000,0.070724214,10224.763,false
SA_Energy_Dominance_PC70,203,14.226000,0.081824428,11682.307,false
SA_Energy_Dominance_PC70,203,14.382000,0.081763557,11669.718,false
SA_Energy_Dominance_PC70,203,14.428000,0.081760018,11642.993,false
SA_Energy_Dominance_PC70,203,14.818000,0.081438394,11741.653,false
SA_Energy_Dominance_PC70,203,14.780000,0.081666071,11740.684,false
SA_Energy_Dominance_PC70,203,14.812000,0.081475289,11740.684,false
SA_Energy_Dominance_PC70,203,14.796000,0.081580553,11724.755,false
SA_Energy_Dominance_PC70,203,14.806000,0.081494726,11740.684,false
SA_Energy_Dominance_PC70,203,15.162000,0.080496576,11721.321,false
SA_Energy_Dominance_PC70,203,14.846000,0.080781817,11721.321,false
SA_Energy_Dominance_PC70,203,15.174000,0.080475523,11721.321,false
SA_Energy_Dominance_PC70,203,15.230000,0.080449972,11721.321,false
SA_Energy_Dominance_PC70,203,15.630000,0.080363690,11725.259,false
SA_Energy_Dominance_PC70,203,15.768000,0.080011110,11652.091,false
SA_Energy_Dominance_PC70,203,15.698000,0.080017931,11652.091,false
SA_Energy_Dominance_PC70,203,16.028000,0.080011030,11600.476,false
SA_Energy_Dominance_PC70,203,16.102000,0.079946015,11598.221,false
SA_Energy_Dominance_PC70,203,16.152000,0.079930484,11598.221,false
SA_Energy_Dominance_PC70,203,16.164000,0.079885289,11535.312,false
SA_Energy_Dominance_PC70,203,16.234000,0.079764385,11623.493,false
SA_Energy_Dominance_PC70,203,16.384000,0.079713324,11650.218,false
SA_Energy_Dominance_PC70,203,16.470000,0.079692624,11650.218,false
SA_Energy_Dominance_PC70,203,16.708000,0.079567835,11699.544,false
SA_Energy_Dominance_PC70,203,16.682000,0.079579976,11691.634,false
SA_Energy_Dominance_PC70,203,16.624000,0.079595927,11691.634,false
SA_Energy_Dominance_PC70,203,17.004000,0.079524238,11749.708,false
SA_Energy_Dominance_PC70,203,17.086000,0.079476598,11661.798,false
SA_Energy_Dominance_PC70,203,17.244000,0.079209494,11737.895,false
SA_Energy_Dominance_PC70,203,17.180000,0.079305282,11727.801,false
SA_Energy_Dominance_PC70,203,17.292000,0.079187545,11727.801,false
SA_Energy_Dominance_PC70,203,17.452000,0.079181932,11751.701,false
SA_Energy_Dominance_PC70,203,17.610000,0.079177038,11657.177,false
SA_Energy_Dominance_PC70,203,17.962000,0.078385787,11636.936,false
SA_Energy_Dominance_PC70,203,18.160000,0.077963494,11754.921,false
SA_Energy_Dominance_PC70,203,18.016000,0.078001937,11754.921,false
SA_Energy_Dominance_PC70,203,17.804000,0.078799464,11729.199,false
SA_Energy_Dominance_PC70,203,18.572000,0.070914319,10573.012,false
SA_Energy_Dominance_PC70,203,18.466000,0.070926291,10288.328,false
SA_Energy_Dominance_PC70,203,18.740000,0.070806171,10300.060,false
SA_Energy_Dominance_PC70,203,18.626000,0.070817603,10409.208,false
SA_Energy_Dominance_PC70,203,18.796000,0.070772147,10430.470,false
SA_Energy_Dominance_PC70,203,18.694000,0.070811466,10511.432,false
SA_Energy_Dominance_PC70,204,11.744000,0.082713519,11688.486,false
SA_Energy_Dominance_PC70,204,11.658000,0.083077461,11742.587,false
SA_Energy_Dominance_PC70,204,16.154000,0.082132263,11729.423,false
SA_Energy_Dominance_PC70,204,15.038000,0.082337799,11693.966,false
SA_Energy_Dominance_PC70,204,14.694000,0.082396173,11732.006,false
SA_Energy_Dominance_PC70,204,16.014000,0.082336558,11753.919,false
SA_Energy_Dominance_PC70,204,17.224000,0.080872411,11747.710,false
SA_Energy_Dominance_PC70,204,17.192000,0.080966142,11747.710,false
SA_Energy_Dominance_PC70,204,16.644000,0.081466130,11744.723,false
SA_Energy_Dominance_PC70,204,17.704000,0.080857256,11744.723,false
SA_Energy_Dominance_PC70,204,18.450000,0.080847606,11698.308,false
SA_Energy_Dominance_PC70,204,18.874000,0.080824295,11671.583,false
SA_Energy_Dominance_PC70,204,18.892000,0.080769327,11698.308,false
SA_Energy_Dominance_PC70,204,19.280000,0.080735181,11751.758,false
SA_Energy_Dominance_PC70,204,19.428000,0.080669093,11712.772,false
SA_Energy_Dominance_PC70,204,19.436000,0.080023709,11750.639,false
SA_Energy_Dominance_PC70,204,19.504000,0.079985805,11750.639,false
SA_Energy_Dominance_PC70,204,19.516000,0.079863925,11711.018,false
SA_Energy_Dominance_PC70,204,19.862000,0.079636675,11739.443,false
SA_Energy_Dominance_PC70,204,19.968000,0.079488044,11739.443,false
SA_Energy_Dominance_PC70,204,19.602000,0.079670032,11739.443,false
SA_Energy_Dominance_PC70,204,20.528000,0.069390949,9574.303,false
SA_Energy_Dominance_PC70,204,20.352000,0.069612915,9258.593,false
SA_Energy_Dominance_PC70,204,20.260000,0.069758993,9258.593,false
SA_Energy_Dominance_PC70,204,20.374000,0.069416651,9258.593,false
SA_Energy_Dominance_PC70,204,20.650000,0.069339579,9839.033,false
SA_Energy_Dominance_PC70,205,13.372000,0.086252346,11734.606,false
SA_Energy_Dominance_PC70,205,13.606000,0.084336218,11742.952,false
SA_Energy_Dominance_PC70,205,13.978000,0.083440171,11683.410,false
SA_Energy_Dominance_PC70,205,14.684000,0.083419118,11699.339,false
SA_Energy_Dominance_PC70,205,15.036000,0.083276879,11699.339,false
SA_Energy_Dominance_PC70,205,15.282000,0.082933154,11732.749,false
SA_Energy_Dominance_PC70,205,15.298000,0.082897315,11732.749,false
SA_Energy_Dominance_PC70,205,15.112000,0.082977373,11732.749,false
SA_Energy_Dominance_PC70,205,15.828000,0.082539633,11668.994,false
SA_Energy_Dominance_PC70,205,15.880000,0.082507052,11723.881,false
SA_Energy_Dominance_PC70,205,16.896000,0.080377996,11648.916,false
SA_Energy_Dominance_PC70,205,16.694000,0.080838312,11648.916,false
SA_Energy_Dominance_PC70,205,17.470000,0.079413991,11709.774,false
SA_Energy_Dominance_PC70,205,16.962000,0.080013952,11709.774,false
SA_Energy_Dominance_PC70,205,17.328000,0.079481647,11736.499,false
SA_Energy_Dominance_PC70,205,17.014000,0.079575377,11736.499,false
SA_Energy_Dominance_PC70,205,18.060000,0.079379258,11660.068,false
SA_Energy_Dominance_PC70,205,18.100000,0.078997873,11752.622,false
SA_Energy_Dominance_PC70,205,18.896000,0.078610165,11709.967,false
SA_Energy_Dominance_PC70,205,18.828000,0.078648913,11709.967,false
SA_Energy_Dominance_PC70,205,18.810000,0.078747038,11709.967,false
SA_Energy_Dominance_PC70,205,19.138000,0.078594123,11553.850,false
SA_Energy_Dominance_PC70,205,19.442000,0.069379028,10685.299,false
SA_Energy_Dominance_PC70,205,19.574000,0.069362485,10677.551,false
SA_Energy_Dominance_PC70,205,19.284000,0.069705129,10718.694,false
SA_Energy_Dominance_PC70,205,19.312000,0.069521498,10762.964,false
SA_Energy_Dominance_PC70,205,19.666000,0.069362485,10734.334,false
SA_Energy_Dominance_PC70,205,19.376000,0.069455001,10606.897,false
SA_Energy_Dominance_PC70,205,20.222000,0.069362485,10526.487,false
SA_Energy_Dominance_PC70,206,14.452000,0.083693000,11736.633,false
SA_Energy_Dominance_PC70,206,14.518000,0.083672300,11738.601,false
SA_Energy_Dominance_PC70,206,14.786000,0.083621006,11754.531,false
SA_Energy_Dominance_PC70,206,14.788000,0.083269710,11752.159,false
SA_Energy_Dominance_PC70,206,15.418000,0.083158344,11727.733,false
SA_Energy_Dominance_PC70,206,15.592000,0.083077883,11670.381,false
SA_Energy_Dominance_PC70,206,15.736000,0.082618851,11698.638,false
SA_Energy_Dominance_PC70,206,15.618000,0.082892537,11698.638,false
SA_Energy_Dominance_PC70,206,20.906000,0.082344169,11706.877,false
SA_Energy_Dominance_PC70,206,21.438000,0.081180016,11701.273,false
SA_Energy_Dominance_PC70,206,21.200000,0.081207212,11701.273,false
SA_Energy_Dominance_PC70,206,21.562000,0.081158963,11701.273,false
SA_Energy_Dominance_PC70,206,21.932000,0.081055723,11718.515,false
SA_Energy_Dominance_PC70,206,21.778000,0.081117298,11742.692,false
SA_Energy_Dominance_PC70,206,21.962000,0.080754233,11740.724,false
SA_Energy_Dominance_PC70,206,22.168000,0.080682649,11738.629,false
SA_Energy_Dominance_PC70,206,22.352000,0.080668794,11740.174,false
SA_Energy_Dominance_PC70,206,22.456000,0.080557751,11740.174,false
SA_Energy_Dominance_PC70,206,22.636000,0.080553478,11740.174,false
SA_Energy_Dominance_PC70,206,22.724000,0.080488681,11740.174,false
SA_Energy_Dominance_PC70,206,22.992000,0.080390713,11740.174,false
SA_Energy_Dominance_PC70,206,23.234000,0.080346420,11740.174,false
SA_Energy_Dominance_PC70,206,23.532000,0.080204192,11745.956,false
SA_Energy_Dominance_PC70,206,23.658000,0.079958928,11750.803,false
SA_Energy_Dominance_PC70,206,23.804000,0.079785038,11750.803,false
SA_Energy_Dominance_PC70,206,24.244000,0.079076649,11594.270,false
SA_Energy_Dominance_PC70,206,23.826000,0.079568790,11594.270,false
SA_Energy_Dominance_PC70,206,23.926000,0.079128412,11723.676,false
SA_Energy_Dominance_PC70,206,24.412000,0.078876208,11745.024,false
SA_Energy_Dominance_PC70,206,24.604000,0.078158715,11747.960,false
SA_Energy_Dominance_PC70,206,24.966000,0.077970446,11697.894,false
SA_Energy_Dominance_PC70,206,25.060000,0.077612924,11600.834,false
SA_Energy_Dominance_PC70,206,25.284000,0.077371098,11602.369,false
SA_Energy_Dominance_PC70,206,25.518000,0.077170852,11602.369,false
SA_Energy_Dominance_PC70,206,25.782000,0.076771621,11459.755,false
SA_Energy_Dominance_PC70,206,25.970000,0.076458209,11746.330,false
SA_Energy_Dominance_PC70,206,25.632000,0.076970863,11753.497,false
SA_Energy_Dominance_PC70,206,26.630000,0.070083869,10439.122,false
SA_Energy_Dominance_PC70,206,26.048000,0.070108272,10440.658,false
SA_Energy_Dominance_PC70,206,26.454000,0.070083869,10440.658,false
SA_Energy_Dominance_PC70,206,27.614000,0.070059094,10564.513,false
SA_Energy_Dominance_PC70,206,28.064000,0.070046012,10492.508,false
SA_Energy_Dominance_PC70,206,28.460000,0.070024959,10319.636,false
SA_Energy_Dominance_PC70,207,15.176000,0.081173572,11748.482,false
SA_Energy_Dominance_PC70,207,12.890000,0.083917739,11732.029,false
SA_Energy_Dominance_PC70,207,12.862000,0.083940928,11732.029,false
SA_Energy_Dominance_PC70,207,13.026000,0.083912544,11732.029,false
SA_Energy_Dominance_PC70,207,13.304000,0.083692679,11747.773,false
SA_Energy_Dominance_PC70,207,13.108000,0.083730888,11733.459,false
SA_Energy_Dominance_PC70,207,13.092000,0.083809578,11733.459,false
SA_Energy_Dominance_PC70,207,13.048000,0.083867144,11741.790,false
SA_Energy_Dominance_PC70,207,14.012000,0.081959279,11604.098,false
SA_Energy_Dominance_PC70,207,14.194000,0.081922369,11604.098,false
SA_Energy_Dominance_PC70,207,13.848000,0.082664023,11750.972,false
SA_Energy_Dominance_PC70,207,13.942000,0.082592560,11750.972,false
SA_Energy_Dominance_PC70,207,15.122000,0.081203705,11721.757,false
SA_Energy_Dominance_PC70,207,14.414000,0.081237946,11716.434,false
SA_Energy_Dominance_PC70,207,14.344000,0.081463737,11745.479,false
SA_Energy_Dominance_PC70,207,17.028000,0.080123731,11735.732,false
SA_Energy_Dominance_PC70,207,17.134000,0.079937147,11735.732,false
SA_Energy_Dominance_PC70,207,17.052000,0.079952679,11735.732,false
SA_Energy_Dominance_PC70,207,17.346000,0.079927694,11686.635,false
SA_Energy_Dominance_PC70,207,17.368000,0.079817385,11686.635,false
SA_Energy_Dominance_PC70,207,17.658000,0.079593077,11741.078,false
SA_Energy_Dominance_PC70,207,17.840000,0.079527732,11741.078,false
SA_Energy_Dominance_PC70,207,17.870000,0.079365073,11670.424,false
SA_Energy_Dominance_PC70,207,17.920000,0.079016442,11752.480,false
SA_Energy_Dominance_PC70,207,18.122000,0.078940276,11752.480,false
SA_Energy_Dominance_PC70,207,18.262000,0.078901480,11752.480,false
SA_Energy_Dominance_PC70,207,19.972000,0.078791236,11595.150,false
SA_Energy_Dominance_PC70,207,20.126000,0.078176842,11575.283,false
SA_Energy_Dominance_PC70,207,20.042000,0.078344456,11747.550,false
SA_Energy_Dominance_PC70,207,20.200000,0.077704487,11627.437,false
SA_Energy_Dominance_PC70,207,20.450000,0.077644724,11621.294,false
SA_Energy_Dominance_PC70,207,20.522000,0.077484308,11632.090,false
SA_Energy_Dominance_PC70,207,21.308000,0.077267501,11697.311,false
SA_Energy_Dominance_PC70,207,21.158000,0.077291990,11697.311,false
SA_Energy_Dominance_PC70,207,22.114000,0.077164976,11723.871,false
SA_Energy_Dominance_PC70,207,22.120000,0.076928188,11674.774,false
SA_Energy_Dominance_PC70,207,22.236000,0.069951526,10368.007,false
SA_Energy_Dominance_PC70,207,22.282000,0.069598417,10803.051,false
SA_Energy_Dominance_PC70,207,22.390000,0.069577031,10791.430,false
SA_Energy_Dominance_PC70,207,22.542000,0.069577031,10726.237,false
SA_Energy_Dominance_PC70,208,13.672000,0.085921959,11731.038,false
SA_Energy_Dominance_PC70,208,13.834000,0.085496158,11749.149,false
SA_Energy_Dominance_PC70,208,15.402000,0.083247723,11713.766,false
SA_Energy_Dominance_PC70,208,14.178000,0.085155031,11703.960,false
SA_Energy_Dominance_PC70,208,14.222000,0.084754108,11724.787,false
SA_Energy_Dominance_PC70,208,14.372000,0.084733056,11724.787,false
SA_Energy_Dominance_PC70,208,14.458000,0.084118940,11705.137,false
SA_Energy_Dominance_PC70,208,14.474000,0.083625657,11670.389,false
SA_Energy_Dominance_PC70,208,14.578000,0.083620595,11719.486,false
SA_Energy_Dominance_PC70,208,14.708000,0.083303366,11719.486,false
SA_Energy_Dominance_PC70,208,14.890000,0.083251741,11719.486,false
SA_Energy_Dominance_PC70,208,14.736000,0.083255022,11719.486,false
SA_Energy_Dominance_PC70,208,14.588000,0.083555137,11743.386,false
SA_Energy_Dominance_PC70,208,14.696000,0.083533076,11634.589,false
SA_Energy_Dominance_PC70,208,15.442000,0.081651290,11727.912,false
SA_Energy_Dominance_PC70,208,16.152000,0.081418450,11701.157,false
SA_Energy_Dominance_PC70,208,16.298000,0.081211987,11622.503,false
SA_Energy_Dominance_PC70,208,16.482000,0.080909321,11622.503,false
SA_Energy_Dominance_PC70,208,16.092000,0.081541552,11701.157,false
SA_Energy_Dominance_PC70,208,16.626000,0.079863312,11699.223,false
SA_Energy_Dominance_PC70,208,16.754000,0.079813802,11699.223,false
SA_Energy_Dominance_PC70,208,16.804000,0.079756165,11748.320,false
SA_Energy_Dominance_PC70,208,20.558000,0.076551760,11689.845,false
SA_Energy_Dominance_PC70,208,20.596000,0.075910561,11657.092,false
SA_Energy_Dominance_PC70,208,20.686000,0.075375652,11731.940,false
SA_Energy_Dominance_PC70,208,20.834000,0.075196339,11727.738,false
SA_Energy_Dominance_PC70,208,21.296000,0.075092223,11727.738,false
SA_Energy_Dominance_PC70,208,21.440000,0.075070008,11750.878,false
SA_Energy_Dominance_PC70,208,21.130000,0.075128286,11750.878,false
SA_Energy_Dominance_PC70,208,21.668000,0.068800922,10022.977,false
SA_Energy_Dominance_PC70,208,21.906000,0.068416755,9970.066,false
SA_Energy_Dominance_PC70,208,21.774000,0.068438141,9981.687,false
SA_Energy_Dominance_PC70,209,16.416000,0.084088229,11739.585,false
SA_Energy_Dominance_PC70,209,16.298000,0.084253934,11750.076,false
SA_Energy_Dominance_PC70,209,16.600000,0.083784983,11718.789,false
SA_Energy_Dominance_PC70,209,16.254000,0.084912292,11748.662,false
SA_Energy_Dominance_PC70,209,16.678000,0.081911807,11733.934,false
SA_Energy_Dominance_PC70,209,16.966000,0.081860104,11733.934,false
SA_Energy_Dominance_PC70,209,16.908000,0.081883827,11749.864,false
SA_Energy_Dominance_PC70,209,17.302000,0.080691643,11673.693,false
SA_Energy_Dominance_PC70,209,17.424000,0.080670590,11629.423,false
SA_Energy_Dominance_PC70,209,17.712000,0.080612913,11629.423,false
SA_Energy_Dominance_PC70,209,17.282000,0.081615880,11693.941,false
SA_Energy_Dominance_PC70,209,19.106000,0.080493785,11741.860,false
SA_Energy_Dominance_PC70,209,19.540000,0.079577117,11752.532,false
SA_Energy_Dominance_PC70,209,19.612000,0.079567599,11725.807,false
SA_Energy_Dominance_PC70,209,19.810000,0.079560375,11725.807,false
SA_Energy_Dominance_PC70,209,20.038000,0.078620619,11673.886,false
SA_Energy_Dominance_PC70,209,20.564000,0.078218319,11666.273,false
SA_Energy_Dominance_PC70,209,20.640000,0.078185709,11648.434,false
SA_Energy_Dominance_PC70,209,21.166000,0.078136108,11647.287,false
SA_Energy_Dominance_PC70,209,22.118000,0.078067614,11573.233,false
SA_Energy_Dominance_PC70,209,22.180000,0.077650146,11664.648,false
SA_Energy_Dominance_PC70,209,22.266000,0.077647279,11612.911,false
SA_Energy_Dominance_PC70,209,22.902000,0.077340437,11740.348,false
SA_Energy_Dominance_PC70,209,22.568000,0.077364057,11683.489,false
SA_Energy_Dominance_PC70,209,22.436000,0.077466189,11679.733,false
SA_Energy_Dominance_PC70,209,23.090000,0.077133293,11537.682,false
SA_Energy_Dominance_PC70,209,22.974000,0.077168525,11537.682,false
SA_Energy_Dominance_PC70,209,23.096000,0.077027187,11729.888,false
SA_Energy_Dominance_PC70,209,23.180000,0.076989656,11729.888,false
SA_Energy_Dominance_PC70,209,23.390000,0.076946203,11588.957,false
SA_Energy_Dominance_PC70,209,23.466000,0.076884651,11634.783,false
SA_Energy_Dominance_PC70,209,23.930000,0.076844833,11611.830,false
SA_Energy_Dominance_PC70,209,24.328000,0.076776533,11611.830,false
SA_Energy_Dominance_PC70,209,24.604000,0.076692153,11517.857,false
SA_Energy_Dominance_PC70,209,24.926000,0.076137289,11720.365,false
SA_Energy_Dominance_PC70,209,24.768000,0.076161280,11720.365,false
SA_Energy_Dominance_PC70,209,25.040000,0.076072296,11693.640,false
SA_Energy_Dominance_PC70,209,24.614000,0.076407498,11693.640,false
SA_Energy_Dominance_PC70,209,26.300000,0.067982760,9203.337,false
SA_Energy_Dominance_PC70,209,25.466000,0.068199849,9244.666,false
SA_Energy_Dominance_PC70,209,25.752000,0.068033228,9307.517,false
SA_Energy_Dominance_PC70,209,25.640000,0.068052855,9307.517,false
SA_Energy_Dominance_PC70,209,25.958000,0.067982760,9211.842,false
SA_Energy_Dominance_PC70,209,25.854000,0.068026476,9383.549,false
NSGA-II_PC70,200,7.966000,0.077303566,11734.404,false
NSGA-II_PC70,200,11.970000,0.074262808,11135.989,false
NSGA-II_PC70,200,8.576000,0.076404161,11413.352,false
NSGA-II_PC70,200,14.628000,0.073936307,11201.640,false
NSGA-II_PC70,200,8.700000,0.076000335,11573.635,false
NSGA-II_PC70,200,8.470000,0.076585213,11405.475,false
NSGA-II_PC70,200,8.662000,0.076159850,11604.220,false
NSGA-II_PC70,200,10.466000,0.074828565,11559.945,false
NSGA-II_PC70,200,9.850000,0.075337287,11396.329,false
NSGA-II_PC70,200,9.950000,0.075284904,11244.437,false
NSGA-II_PC70,200,12.362000,0.074116153,11613.368,false
NSGA-II_PC70,200,8.212000,0.077175511,11195.734,false
NSGA-II_PC70,200,11.310000,0.074263748,11296.011,false
NSGA-II_PC70,200,10.564000,0.074780868,11195.121,false
NSGA-II_PC70,200,10.244000,0.075079843,11678.716,false
NSGA-II_PC70,200,11.040000,0.074741931,11373.801,false
NSGA-II_PC70,200,8.054000,0.077237392,11298.226,false
NSGA-II_PC70,200,8.216000,0.076892053,11745.274,false
NSGA-II_PC70,200,11.122000,0.074401414,11356.181,false
NSGA-II_PC70,200,10.404000,0.074943557,11504.410,false
NSGA-II_PC70,200,9.578000,0.075584618,11230.691,false
NSGA-II_PC70,200,14.770000,0.073881550,11065.377,false
NSGA-II_PC70,200,9.634000,0.075539466,11721.077,false
NSGA-II_PC70,200,11.262000,0.074390530,11368.587,false
NSGA-II_PC70,200,8.966000,0.075767696,11488.198,false
NSGA-II_PC70,200,8.168000,0.077235688,11573.327,false
NSGA-II_PC70,200,8.234000,0.076763471,11374.081,false
NSGA-II_PC70,200,10.240000,0.075144369,11421.415,false
NSGA-II_PC70,200,12.818000,0.074043391,11192.455,false
NSGA-II_PC70,200,8.502000,0.076416016,11134.947,false
NSGA-II_PC70,200,8.642000,0.076256024,11573.099,false
NSGA-II_PC70,200,8.366000,0.076667984,11222.248,false
NSGA-II_PC70,200,14.536000,0.074037298,11297.493,false
NSGA-II_PC70,200,14.720000,0.073916866,11252.448,false
NSGA-II_PC70,200,10.186000,0.075252129,11221.428,false
NSGA-II_PC70,200,15.284000,0.073746571,11198.632,false
NSGA-II_PC70,200,9.258000,0.075653478,11544.823,false
NSGA-II_PC70,201,8.714000,0.082196086,11532.374,false
NSGA-II_PC70,201,9.632000,0.080455906,11565.033,false
NSGA-II_PC70,201,11.050000,0.079742990,11705.434,false
NSGA-II_PC70,201,8.816000,0.081154056,11544.668,false
NSGA-II_PC70,201,9.760000,0.080388416,11647.640,false
NSGA-II_PC70,201,9.926000,0.080165860,11543.554,false
NSGA-II_PC70,201,11.540000,0.079553745,11619.717,false
NSGA-II_PC70,201,10.028000,0.080101607,11505.480,false
NSGA-II_PC70,201,11.330000,0.079571878,11658.182,false
NSGA-II_PC70,201,12.240000,0.079409756,11480.134,false
NSGA-II_PC70,201,8.766000,0.081169328,11609.138,false
NSGA-II_PC70,201,9.458000,0.080725385,11484.891,false
NSGA-II_PC70,201,12.214000,0.079548744,11583.655,false
NSGA-II_PC70,201,9.812000,0.080296707,11708.708,false
NSGA-II_PC70,201,10.210000,0.079846614,11394.205,false
NSGA-II_PC70,201,12.998000,0.079293308,11382.557,false
NSGA-II_PC70,201,8.744000,0.081541675,11542.372,false
NSGA-II_PC70,201,9.496000,0.080662939,11726.619,false
NSGA-II_PC70,201,11.254000,0.079631519,11418.019,false
NSGA-II_PC70,201,9.326000,0.080838508,11612.309,false
NSGA-II_PC70,201,12.858000,0.079360580,11603.840,false
NSGA-II_PC70,201,8.930000,0.080952128,11659.951,false
NSGA-II_PC70,201,8.740000,0.081598708,11682.008,false
NSGA-II_PC70,201,10.582000,0.079815039,11491.529,false
NSGA-II_PC70,201,9.204000,0.080865295,11753.209,false
NSGA-II_PC70,202,9.384000,0.077996846,11371.658,false
NSGA-II_PC70,202,8.846000,0.079066868,11541.433,false
NSGA-II_PC70,202,8.828000,0.079187742,11684.379,false
NSGA-II_PC70,202,9.382000,0.078121381,11385.208,false
NSGA-II_PC70,202,11.694000,0.076542368,11511.468,false
NSGA-II_PC70,202,8.544000,0.080249243,11746.133,false
NSGA-II_PC70,202,12.214000,0.076498269,11278.359,false
NSGA-II_PC70,202,11.108000,0.076968387,11617.281,false
NSGA-II_PC70,202,10.476000,0.077159360,11678.977,false
NSGA-II_PC70,202,9.026000,0.078583683,11346.069,false
NSGA-II_PC70,202,8.516000,0.080564911,11656.140,false
NSGA-II_PC70,202,10.000000,0.077633639,11683.505,false
NSGA-II_PC70,202,9.212000,0.078364879,11501.150,false
NSGA-II_PC70,202,8.594000,0.079511628,11550.347,false
NSGA-II_PC70,202,9.246000,0.078207325,11502.966,false
NSGA-II_PC70,202,8.944000,0.078928982,11474.616,false
NSGA-II_PC70,202,10.086000,0.077585295,11328.203,false
NSGA-II_PC70,202,11.402000,0.076940462,11598.458,false
NSGA-II_PC70,202,10.114000,0.077496104,11535.914,false
NSGA-II_PC70,202,11.504000,0.076922559,11731.328,false
NSGA-II_PC70,202,11.072000,0.077028411,11596.778,false
NSGA-II_PC70,202,8.970000,0.078871726,11474.616,false
NSGA-II_PC70,202,8.908000,0.078980936,11664.718,false
NSGA-II_PC70,202,9.522000,0.077654881,11475.173,false
NSGA-II_PC70,202,11.212000,0.076956113,11560.298,false
NSGA-II_PC70,202,9.152000,0.078495466,11473.860,false
NSGA-II_PC70,202,9.134000,0.078538814,11614.181,false
NSGA-II_PC70,202,11.566000,0.076840515,11418.396,false
NSGA-II_PC70,203,8.940000,0.082161337,11754.906,false
NSGA-II_PC70,203,9.438000,0.081003433,11719.067,false
NSGA-II_PC70,203,9.546000,0.080629759,11739.409,false
NSGA-II_PC70,203,9.118000,0.081735393,11715.489,false
NSGA-II_PC70,203,10.854000,0.079301359,11485.004,false
NSGA-II_PC70,203,11.028000,0.079218776,11741.614,false
NSGA-II_PC70,203,8.862000,0.082486890,11751.806,false
NSGA-II_PC70,203,10.212000,0.079861034,11723.073,false
NSGA-II_PC70,203,11.206000,0.079135300,11736.121,false
NSGA-II_PC70,203,9.398000,0.081080733,11694.649,false
NSGA-II_PC70,203,9.500000,0.080958565,11717.473,false
NSGA-II_PC70,203,10.442000,0.079462905,11674.761,false
NSGA-II_PC70,203,11.902000,0.079042952,11718.775,false
NSGA-II_PC70,203,10.674000,0.079428741,11692.595,false
NSGA-II_PC70,203,9.592000,0.080516831,11606.973,false
NSGA-II_PC70,203,9.048000,0.081845993,11500.510,false
NSGA-II_PC70,203,10.324000,0.079496270,11752.370,false
NSGA-II_PC70,203,10.818000,0.079391084,11561.244,false
NSGA-II_PC70,203,9.090000,0.081810698,11735.924,false
NSGA-II_PC70,203,10.152000,0.079863857,11613.388,false
NSGA-II_PC70,203,11.464000,0.079044581,11570.013,false
NSGA-II_PC70,203,9.136000,0.081181459,11506.607,false
NSGA-II_PC70,203,9.000000,0.081876999,11470.576,false
NSGA-II_PC70,203,10.002000,0.079984162,11404.525,false
NSGA-II_PC70,203,9.876000,0.080226166,11571.043,false
NSGA-II_PC70,203,10.094000,0.079981801,11664.740,false
NSGA-II_PC70,203,9.670000,0.080226513,11750.493,false
NSGA-II_PC70,203,8.966000,0.081996887,11556.568,false
NSGA-II_PC70,203,10.000000,0.080216481,11663.373,false
NSGA-II_PC70,203,9.538000,0.080858458,11728.726,false
NSGA-II_PC70,203,8.902000,0.082228106,11656.365,false
NSGA-II_PC70,203,11.392000,0.079080830,11626.760,false
NSGA-II_PC70,204,8.264000,0.078706843,11621.144,false
NSGA-II_PC70,204,8.200000,0.079031595,11657.338,false
NSGA-II_PC70,204,9.752000,0.076392702,11467.490,false
NSGA-II_PC70,204,8.196000,0.079073701,11657.338,false
NSGA-II_PC70,204,8.242000,0.078979414,11654.695,false
NSGA-II_PC70,204,8.186000,0.079673393,11410.656,false
NSGA-II_PC70,204,8.718000,0.077832791,11710.856,false
NSGA-II_PC70,204,9.938000,0.076179021,11715.127,false
NSGA-II_PC70,204,9.624000,0.076452722,11707.363,false
NSGA-II_PC70,204,11.670000,0.075577221,11258.107,false
NSGA-II_PC70,204,9.162000,0.077104979,11356.064,false
NSGA-II_PC70,204,8.834000,0.077467118,11697.450,false
NSGA-II_PC70,204,9.090000,0.077341671,11595.152,false
NSGA-II_PC70,204,9.048000,0.077377470,11608.359,false
NSGA-II_PC70,204,9.406000,0.076566126,11459.488,false
NSGA-II_PC70,204,9.156000,0.077266582,11392.015,false
NSGA-II_PC70,204,11.908000,0.075212444,11190.055,false
NSGA-II_PC70,204,9.274000,0.076669260,11366.235,false
NSGA-II_PC70,204,8.442000,0.078157380,11618.894,false
NSGA-II_PC70,204,11.742000,0.075526332,11249.151,false
NSGA-II_PC70,204,9.212000,0.076892565,11462.375,false
NSGA-II_PC70,204,10.070000,0.075963405,11672.776,false
NSGA-II_PC70,204,12.034000,0.075182241,11589.436,false
NSGA-II_PC70,204,9.174000,0.076939481,11690.369,false
NSGA-II_PC70,204,9.712000,0.076421055,11457.777,false
NSGA-II_PC70,204,8.684000,0.078100009,11500.570,false
NSGA-II_PC70,204,10.080000,0.075797448,11428.658,false
NSGA-II_PC70,204,11.284000,0.075594564,11574.463,false
NSGA-II_PC70,204,11.766000,0.075425351,11341.111,false
NSGA-II_PC70,204,11.818000,0.075242453,11170.317,false
NSGA-II_PC70,204,10.918000,0.075608254,11417.521,false
NSGA-II_PC70,204,9.908000,0.076232015,11707.264,false
NSGA-II_PC70,204,9.226000,0.076747084,11567.074,false
NSGA-II_PC70,205,11.854000,0.075663995,11321.696,false
NSGA-II_PC70,205,9.154000,0.077736525,11636.695,false
NSGA-II_PC70,205,11.950000,0.075622761,11674.788,false
NSGA-II_PC70,205,8.306000,0.079169239,11494.678,false
NSGA-II_PC70,205,9.512000,0.077374237,11530.692,false
NSGA-II_PC70,205,9.960000,0.077147383,11243.316,false
NSGA-II_PC70,205,12.150000,0.075454754,11503.237,false
NSGA-II_PC70,205,11.986000,0.075555923,11302.379,false
NSGA-II_PC70,205,8.932000,0.078136650,11619.451,false
NSGA-II_PC70,205,12.326000,0.075367544,11075.787,false
NSGA-II_PC70,205,9.150000,0.077804312,11176.220,false
NSGA-II_PC70,205,8.852000,0.078257461,11667.389,false
NSGA-II_PC70,205,10.576000,0.076119799,11361.172,false
NSGA-II_PC70,205,10.814000,0.075927750,11642.376,false
NSGA-II_PC70,205,8.302000,0.079307387,11709.152,false
NSGA-II_PC70,205,9.500000,0.077426958,11458.229,false
NSGA-II_PC70,205,13.052000,0.075171947,11172.940,false
NSGA-II_PC70,205,10.022000,0.076838666,11480.018,false
NSGA-II_PC70,205,11.036000,0.075761843,11627.944,false
NSGA-II_PC70,205,8.464000,0.079024164,11617.187,false
NSGA-II_PC70,205,9.814000,0.077293869,11662.109,false
NSGA-II_PC70,205,9.878000,0.077228657,11376.489,false
NSGA-II_PC70,205,8.576000,0.078630203,11270.670,false
NSGA-II_PC70,205,9.324000,0.077550482,11277.069,false
NSGA-II_PC70,205,9.082000,0.077853905,11405.728,false
NSGA-II_PC70,205,12.516000,0.075209254,11308.371,false
NSGA-II_PC70,205,10.004000,0.076985533,11217.051,false
NSGA-II_PC70,205,10.866000,0.075875067,11545.702,false
NSGA-II_PC70,205,10.104000,0.076704301,11752.532,false
NSGA-II_PC70,205,8.524000,0.078977926,11718.396,false
NSGA-II_PC70,205,10.998000,0.075842268,11472.191,false
NSGA-II_PC70,205,10.648000,0.076065605,11305.227,false
NSGA-II_PC70,205,8.662000,0.078511371,11305.744,false
NSGA-II_PC70,205,10.244000,0.076646360,11369.713,false
NSGA-II_PC70,205,8.872000,0.078204074,11626.797,false
NSGA-II_PC70,205,10.332000,0.076387108,11415.626,false
NSGA-II_PC70,205,8.526000,0.078909228,11631.170,false
NSGA-II_PC70,205,8.734000,0.078299814,11479.964,false
NSGA-II_PC70,206,11.248000,0.076975510,11462.096,false
NSGA-II_PC70,206,8.502000,0.079395510,11285.870,false
NSGA-II_PC70,206,8.770000,0.078751616,11504.330,false
NSGA-II_PC70,206,9.642000,0.077705597,11284.859,false
NSGA-II_PC70,206,9.076000,0.078519455,11380.735,false
NSGA-II_PC70,206,9.012000,0.078688762,11466.800,false
NSGA-II_PC70,206,11.210000,0.077050111,11684.068,false
NSGA-II_PC70,206,8.406000,0.079524052,11582.649,false
NSGA-II_PC70,206,9.424000,0.078184204,11368.639,false
NSGA-II_PC70,206,8.982000,0.078727533,11466.800,false
NSGA-II_PC70,206,9.460000,0.077947572,11475.659,false
NSGA-II_PC70,206,11.306000,0.076909995,11386.858,false
NSGA-II_PC70,206,8.132000,0.080063076,11733.225,false
NSGA-II_PC70,206,8.642000,0.078932627,11453.764,false
NSGA-II_PC70,206,10.562000,0.077383532,11543.914,false
NSGA-II_PC70,206,11.516000,0.076863163,11421.412,false
NSGA-II_PC70,206,8.350000,0.079817081,11516.386,false
NSGA-II_PC70,206,10.526000,0.077392052,11480.010,false
NSGA-II_PC70,206,12.120000,0.076852059,11649.989,false
NSGA-II_PC70,206,9.924000,0.077405647,11545.784,false
NSGA-II_PC70,206,9.858000,0.077580820,11553.234,false
NSGA-II_PC70,206,9.194000,0.078188773,11465.820,false
NSGA-II_PC70,206,10.696000,0.077196925,11457.588,false
NSGA-II_PC70,206,8.526000,0.078971166,11358.464,false
NSGA-II_PC70,206,11.074000,0.077065777,11531.436,false
NSGA-II_PC70,207,9.060000,0.079889433,11557.961,false
NSGA-II_PC70,207,10.634000,0.077451708,11364.232,false
NSGA-II_PC70,207,12.296000,0.076386265,11709.460,false
NSGA-II_PC70,207,9.976000,0.078069428,11732.887,false
NSGA-II_PC70,207,9.618000,0.078554230,11349.733,false
NSGA-II_PC70,207,11.800000,0.076446743,11685.306,false
NSGA-II_PC70,207,11.900000,0.076436930,11635.197,false
NSGA-II_PC70,207,11.114000,0.076820192,11744.420,false
NSGA-II_PC70,207,11.676000,0.076654364,11625.059,false
NSGA-II_PC70,207,11.068000,0.077105969,11170.452,false
NSGA-II_PC70,207,10.440000,0.077669107,11288.522,false
NSGA-II_PC70,207,11.048000,0.077246313,11647.964,false
NSGA-II_PC70,207,11.088000,0.076954579,11424.594,false
NSGA-II_PC70,207,9.076000,0.079158646,11374.869,false
NSGA-II_PC70,207,9.184000,0.078988759,11340.160,false
NSGA-II_PC70,207,9.756000,0.078094813,11183.310,false
NSGA-II_PC70,207,12.326000,0.076234444,11584.985,false
NSGA-II_PC70,207,9.426000,0.078558674,11281.319,false
NSGA-II_PC70,207,10.024000,0.077744247,11669.072,false
NSGA-II_PC70,207,10.558000,0.077585626,11553.684,false
NSGA-II_PC70,207,11.394000,0.076671605,11298.622,false
NSGA-II_PC70,207,9.652000,0.078148100,11390.623,false
NSGA-II_PC70,207,10.864000,0.077293300,11667.899,false
NSGA-II_PC70,208,12.550000,0.077753017,11748.600,false
NSGA-II_PC70,208,9.496000,0.079677810,11719.332,false
NSGA-II_PC70,208,11.146000,0.078280024,11581.917,false
NSGA-II_PC70,208,11.408000,0.078112283,11485.389,false
NSGA-II_PC70,208,12.172000,0.078000984,11752.277,false
NSGA-II_PC70,208,8.976000,0.080004393,11601.499,false
NSGA-II_PC70,208,9.428000,0.079810278,11525.543,false
NSGA-II_PC70,208,12.254000,0.077869764,11709.206,false
NSGA-II_PC70,208,8.830000,0.080240272,11653.177,false
NSGA-II_PC70,208,11.572000,0.078002711,11426.915,false
NSGA-II_PC70,208,11.360000,0.078212356,11556.231,false
NSGA-II_PC70,208,11.092000,0.078287041,11650.502,false
NSGA-II_PC70,208,13.518000,0.077549870,11588.528,false
NSGA-II_PC70,208,8.628000,0.080581085,11596.296,false
NSGA-II_PC70,208,9.724000,0.079349374,11573.488,false
NSGA-II_PC70,208,9.106000,0.079981857,11492.585,false
NSGA-II_PC70,208,10.190000,0.078592143,11521.004,false
NSGA-II_PC70,208,9.734000,0.079303324,11695.916,false
NSGA-II_PC70,208,9.766000,0.079257007,11710.614,false
NSGA-II_PC70,208,9.844000,0.079047592,11452.564,false
NSGA-II_PC70,208,10.456000,0.078491707,11670.993,false
NSGA-II_PC70,208,9.692000,0.079553907,11412.428,false
NSGA-II_PC70,208,13.484000,0.077697239,11588.528,false
NSGA-II_PC70,208,10.548000,0.078440209,11611.397,false
NSGA-II_PC70,208,8.758000,0.080532667,11584.292,false
NSGA-II_PC70,208,8.804000,0.080483754,11572.017,false
NSGA-II_PC70,208,11.210000,0.078259997,11658.082,false
NSGA-II_PC70,208,12.416000,0.077769169,11600.610,false
NSGA-II_PC70,208,9.710000,0.079482524,11636.980,false
NSGA-II_PC70,208,12.174000,0.077931820,11715.913,false
NSGA-II_PC70,208,9.874000,0.078722958,11740.463,false
NSGA-II_PC70,208,8.466000,0.081018000,11584.622,false
NSGA-II_PC70,209,7.768000,0.077233833,11627.201,false
NSGA-II_PC70,209,10.504000,0.074598370,11694.855,false
NSGA-II_PC70,209,8.472000,0.076183850,11672.297,false
NSGA-II_PC70,209,10.736000,0.074466870,11739.197,false
NSGA-II_PC70,209,8.946000,0.075667550,11430.340,false
NSGA-II_PC70,209,10.720000,0.074509233,11717.544,false
NSGA-II_PC70,209,8.228000,0.076484082,11623.541,false
NSGA-II_PC70,209,8.758000,0.075899670,11724.781,false
NSGA-II_PC70,209,8.092000,0.076631797,11570.097,false
NSGA-II_PC70,209,10.840000,0.074366964,11318.752,false
NSGA-II_PC70,209,8.380000,0.076192425,11636.767,false
NSGA-II_PC70,209,8.620000,0.075928888,11742.344,false
NSGA-II_PC70,209,8.554000,0.076072243,11536.087,false
NSGA-II_PC70,209,9.760000,0.074986277,11665.855,false
NSGA-II_PC70,209,10.312000,0.074614017,11623.700,false
NSGA-II_PC70,209,11.500000,0.074030171,11554.777,false
NSGA-II_PC70,209,11.358000,0.074163914,11535.571,false
NSGA-II_PC70,209,8.374000,0.076287173,11681.726,false
NSGA-II_PC70,209,10.878000,0.074283882,11536.703,false
NSGA-II_PC70,209,8.012000,0.076680995,11521.505,false
NSGA-II_PC70,209,7.644000,0.077234818,11660.231,false
NSGA-II_PC70,209,9.866000,0.074914338,11245.867,false
NSGA-II_PC70,209,9.424000,0.075210790,11466.391,false
NSGA-II_PC70,209,10.012000,0.074784191,11366.971,false
NSGA-II_PC70,209,10.612000,0.074550776,11549.919,false
NSGA-II_PC70,209,7.576000,0.078390838,11734.886,false
NSGA-II_PC70,209,9.900000,0.074864383,11403.517,false
NSGA-II_PC70,209,8.842000,0.075777437,11517.203,false
NSGA-II_PC70,209,9.076000,0.075579493,11565.999,false
NSGA-II_PC70,209,8.604000,0.076018125,11697.150,false
NSGA-II_PC70,209,7.628000,0.078229550,11579.005,false
NSGA-II_PC70,209,11.522000,0.073962378,11589.081,false
NSGA-II_PC70,209,9.554000,0.074997128,11533.933,false
NSGA-II_PC70,209,7.926000,0.076850943,11651.400,false
NSGA-II_PC70,209,9.086000,0.075317275,11641.290,false
NSGA-II_PC70,209,10.888000,0.074181532,11580.788,false
NSGA-II_PC70,209,10.078000,0.074721307,11442.236,false
NSGA-II_PC70,209,7.976000,0.076846784,11652.546,false
NSGA-II_PC70,209,11.952000,0.073932260,11587.956,false
NSGA-II_PC70,209,11.220000,0.074174427,11524.711,false
NSGA-II_PC70,209,8.158000,0.076610664,11458.939,false
NSGA-II_PC70,209,9.502000,0.075107744,11509.272,false
NSGA-II_PC70,209,8.284000,0.076339630,11593.279,false
NSGA-II_PC70,209,9.356000,0.075247288,11511.890,false
SPEA-II_PC70,200,10.648000,0.076614543,11609.670,false
SPEA-II_PC70,200,8.698000,0.077995661,11674.272,false
SPEA-II_PC70,200,8.140000,0.078862919,11627.170,false
SPEA-II_PC70,200,8.494000,0.078005594,11549.776,false
SPEA-II_PC70,200,8.998000,0.077394664,11707.697,false
SPEA-II_PC70,200,9.458000,0.077142852,11412.961,false
SPEA-II_PC70,200,9.684000,0.076778893,11697.224,false
SPEA-II_PC70,200,9.494000,0.077069239,11403.184,false
SPEA-II_PC70,200,8.774000,0.077868615,11632.259,false
SPEA-II_PC70,200,8.824000,0.077713783,11672.601,false
SPEA-II_PC70,200,8.202000,0.078693092,11711.569,false
SPEA-II_PC70,200,8.454000,0.078110263,11378.099,false
SPEA-II_PC70,200,9.344000,0.077215347,11740.373,false
SPEA-II_PC70,200,10.038000,0.076776443,11348.039,false
SPEA-II_PC70,200,8.338000,0.078192273,11438.786,false
SPEA-II_PC70,200,10.272000,0.076744150,11343.720,false
SPEA-II_PC70,200,8.214000,0.078534938,11611.491,false
SPEA-II_PC70,200,9.634000,0.077016277,11387.177,false
SPEA-II_PC70,200,8.162000,0.078810702,11647.434,false
SPEA-II_PC70,200,9.116000,0.077344762,11604.940,false
SPEA-II_PC70,200,8.918000,0.077564815,11616.990,false
SPEA-II_PC70,200,9.218000,0.077219983,11552.302,false
SPEA-II_PC70,200,8.172000,0.078701060,11670.944,false
SPEA-II_PC70,201,10.956000,0.077917942,11610.004,false
SPEA-II_PC70,201,8.968000,0.079913542,11608.062,false
SPEA-II_PC70,201,9.166000,0.079081093,11556.109,false
SPEA-II_PC70,201,8.888000,0.079939684,11730.695,false
SPEA-II_PC70,201,8.992000,0.079655740,11731.406,false
SPEA-II_PC70,201,10.188000,0.078171266,11620.733,false
SPEA-II_PC70,201,11.254000,0.077703598,11582.764,false
SPEA-II_PC70,201,9.084000,0.079292560,11533.753,false
SPEA-II_PC70,201,9.988000,0.078301006,11427.766,false
SPEA-II_PC70,201,10.276000,0.077948662,11555.385,false
SPEA-II_PC70,201,9.234000,0.078995460,11455.895,false
SPEA-II_PC70,201,9.484000,0.078565000,11131.937,false
SPEA-II_PC70,201,9.632000,0.078509872,11691.130,false
SPEA-II_PC70,201,9.656000,0.078487140,11632.981,false
SPEA-II_PC70,201,9.322000,0.078774973,11624.263,false
SPEA-II_PC70,201,9.974000,0.078340689,11747.173,false
SPEA-II_PC70,201,9.282000,0.078809014,11515.180,false
SPEA-II_PC70,201,8.778000,0.080268496,11718.283,false
SPEA-II_PC70,201,9.836000,0.078418679,11467.501,false
SPEA-II_PC70,201,10.100000,0.078279136,11486.006,false
SPEA-II_PC70,201,8.752000,0.081016917,11655.580,false
SPEA-II_PC70,201,9.106000,0.079134103,11556.109,false
SPEA-II_PC70,202,9.002000,0.079641629,11532.908,false
SPEA-II_PC70,202,9.382000,0.078988452,11609.655,false
SPEA-II_PC70,202,9.160000,0.079281832,11554.032,false
SPEA-II_PC70,202,8.766000,0.080247359,11619.245,false
SPEA-II_PC70,202,11.670000,0.077106136,11608.264,false
SPEA-II_PC70,202,10.378000,0.077923244,11443.858,false
SPEA-II_PC70,202,9.906000,0.078407683,11726.197,false
SPEA-II_PC70,202,9.532000,0.078827785,11740.398,false
SPEA-II_PC70,202,10.530000,0.077621563,11589.223,false
SPEA-II_PC70,202,8.708000,0.080265644,11732.547,false
SPEA-II_PC70,202,8.416000,0.080465406,11697.450,false
SPEA-II_PC70,202,8.846000,0.079890519,11678.441,false
SPEA-II_PC70,202,9.398000,0.078914382,11641.856,false
SPEA-II_PC70,202,9.718000,0.078601283,11353.699,false
SPEA-II_PC70,202,11.122000,0.077125654,11559.382,false
SPEA-II_PC70,202,10.574000,0.077598162,11537.364,false
SPEA-II_PC70,202,10.230000,0.078115664,11523.463,false
SPEA-II_PC70,202,10.630000,0.077208726,11408.829,false
SPEA-II_PC70,202,10.614000,0.077546517,11389.980,false
SPEA-II_PC70,202,9.076000,0.079373039,11554.032,false
SPEA-II_PC70,202,9.674000,0.078619377,11564.781,false
SPEA-II_PC70,202,10.514000,0.077921279,11493.889,false
SPEA-II_PC70,202,8.624000,0.080349799,11547.404,false
SPEA-II_PC70,202,9.296000,0.079111275,11746.608,false
SPEA-II_PC70,202,8.930000,0.079754440,11581.094,false
SPEA-II_PC70,202,10.204000,0.078220171,11624.161,false
SPEA-II_PC70,203,11.734000,0.079664564,11713.027,false
SPEA-II_PC70,203,11.498000,0.079737881,11643.893,false
SPEA-II_PC70,203,11.222000,0.079776462,11630.029,false
SPEA-II_PC70,203,12.490000,0.078843159,11539.431,false
SPEA-II_PC70,203,10.082000,0.081133533,11657.555,false
SPEA-II_PC70,203,11.842000,0.079240713,11704.338,false
SPEA-II_PC70,203,10.796000,0.080152786,11736.491,false
SPEA-II_PC70,203,14.190000,0.078426894,11667.616,false
SPEA-II_PC70,203,11.746000,0.079535776,11644.788,false
SPEA-II_PC70,203,9.846000,0.081764509,11688.390,false
SPEA-II_PC70,203,11.180000,0.079940717,11644.981,false
SPEA-II_PC70,203,12.848000,0.078826779,11608.713,false
SPEA-II_PC70,203,14.100000,0.078683843,11351.771,false
SPEA-II_PC70,203,10.398000,0.080556342,11451.337,false
SPEA-II_PC70,203,11.054000,0.080054920,11686.253,false
SPEA-II_PC70,203,11.874000,0.079074333,11698.171,false
SPEA-II_PC70,203,11.200000,0.079901118,11712.051,false
SPEA-II_PC70,203,11.666000,0.079704381,11341.497,false
SPEA-II_PC70,203,10.244000,0.080858270,11690.768,false
SPEA-II_PC70,203,13.642000,0.078688905,11442.422,false
SPEA-II_PC70,203,11.148000,0.080020196,11682.408,false
SPEA-II_PC70,203,10.254000,0.080761499,11443.526,false
SPEA-II_PC70,203,11.828000,0.079460260,11750.285,false
SPEA-II_PC70,203,10.878000,0.080085923,11484.324,false
SPEA-II_PC70,203,9.988000,0.081421902,11638.536,false
SPEA-II_PC70,203,10.488000,0.080298060,11449.862,false
SPEA-II_PC70,203,12.270000,0.078861545,11730.050,false
SPEA-II_PC70,203,10.204000,0.081082767,11707.803,false
SPEA-II_PC70,203,9.912000,0.081472035,11567.126,false
SPEA-II_PC70,203,10.030000,0.081264661,11492.863,false
SPEA-II_PC70,204,8.198000,0.075928729,11392.925,false
SPEA-II_PC70,204,8.486000,0.075731408,11502.510,false
SPEA-II_PC70,204,7.666000,0.076871711,11691.641,false
SPEA-II_PC70,204,7.692000,0.076845566,11552.945,false
SPEA-II_PC70,204,7.846000,0.076401388,11639.722,false
SPEA-II_PC70,204,8.472000,0.075912004,11645.941,false
SPEA-II_PC70,204,8.094000,0.076096216,11548.693,false
SPEA-II_PC70,204,9.006000,0.075187524,11755.615,false
SPEA-II_PC70,204,8.694000,0.075707628,11304.631,false
SPEA-II_PC70,204,8.482000,0.075799740,11669.237,false
SPEA-II_PC70,204,8.050000,0.076169248,11377.660,false
SPEA-II_PC70,204,8.702000,0.075461999,11682.913,false
SPEA-II_PC70,204,8.992000,0.075338556,11755.615,false
SPEA-II_PC70,204,7.986000,0.076332986,11670.320,false
SPEA-II_PC70,204,7.698000,0.076824513,11551.410,false
SPEA-II_PC70,204,8.036000,0.076313523,11728.835,false
SPEA-II_PC70,204,7.730000,0.076686483,11627.082,false
SPEA-II_PC70,204,7.734000,0.076597806,11738.045,false
SPEA-II_PC70,205,9.944000,0.076336163,11513.204,false
SPEA-II_PC70,205,9.898000,0.076517560,11673.489,false
SPEA-II_PC70,205,11.472000,0.075305703,11400.116,false
SPEA-II_PC70,205,8.772000,0.077381489,11673.874,false
SPEA-II_PC70,205,8.044000,0.078289431,11686.626,false
SPEA-II_PC70,205,10.044000,0.076176815,11538.746,false
SPEA-II_PC70,205,8.634000,0.077682028,11673.874,false
SPEA-II_PC70,205,7.832000,0.078814912,11543.477,false
SPEA-II_PC70,205,11.160000,0.075476739,11668.257,false
SPEA-II_PC70,205,11.512000,0.075289753,11611.216,false
SPEA-II_PC70,205,10.694000,0.075759199,11272.592,false
SPEA-II_PC70,205,9.974000,0.076283043,11572.315,false
SPEA-II_PC70,205,8.050000,0.078130233,11626.342,false
SPEA-II_PC70,205,9.256000,0.077049628,11669.638,false
SPEA-II_PC70,205,8.080000,0.078064990,11408.536,false
SPEA-II_PC70,205,9.322000,0.076674708,11510.958,false
SPEA-II_PC70,205,7.946000,0.078492092,11668.930,false
SPEA-II_PC70,205,10.538000,0.075973734,11662.529,false
SPEA-II_PC70,205,10.130000,0.076022580,11650.771,false
SPEA-II_PC70,205,10.586000,0.075866828,11745.771,false
SPEA-II_PC70,205,9.676000,0.076543957,11536.647,false
SPEA-II_PC70,205,8.230000,0.077767055,11262.541,false
SPEA-II_PC70,205,10.846000,0.075722709,11491.890,false
SPEA-II_PC70,205,7.998000,0.078427310,11521.727,false
SPEA-II_PC70,205,11.256000,0.075352226,11547.342,false
SPEA-II_PC70,205,8.844000,0.077125645,11589.901,false
SPEA-II_PC70,205,7.838000,0.078593768,11576.376,false
SPEA-II_PC70,205,10.006000,0.076226209,11261.186,false
SPEA-II_PC70,205,10.806000,0.075725684,11494.120,false
SPEA-II_PC70,205,8.026000,0.078345673,11522.408,false
SPEA-II_PC70,205,10.854000,0.075508707,11722.531,false
SPEA-II_PC70,205,9.674000,0.076630684,11542.924,false
SPEA-II_PC70,205,8.714000,0.077542055,11648.714,false
SPEA-II_PC70,206,9.556000,0.079512052,11601.426,false
SPEA-II_PC70,206,9.566000,0.079483862,11684.607,false
SPEA-II_PC70,206,9.512000,0.079561541,11565.274,false
SPEA-II_PC70,206,9.262000,0.080583985,11729.889,false
SPEA-II_PC70,206,9.290000,0.079675561,11633.757,false
SPEA-II_PC70,206,11.594000,0.077887962,11535.809,false
SPEA-II_PC70,206,9.532000,0.079533955,11676.299,false
SPEA-II_PC70,206,11.146000,0.078545165,11612.912,false
SPEA-II_PC70,206,10.908000,0.078579391,11538.939,false
SPEA-II_PC70,206,11.164000,0.078410871,11680.267,false
SPEA-II_PC70,206,9.268000,0.080513674,11453.000,false
SPEA-II_PC70,206,9.848000,0.079294939,11634.133,false
SPEA-II_PC70,206,9.952000,0.079226330,11747.255,false
SPEA-II_PC70,206,11.436000,0.078194751,11515.425,false
SPEA-II_PC70,206,11.250000,0.078341296,11534.515,false
SPEA-II_PC70,206,10.522000,0.078910525,11650.895,false
SPEA-II_PC70,206,10.210000,0.078986790,11653.468,false
SPEA-II_PC70,206,9.576000,0.079312927,11442.578,false
SPEA-II_PC70,206,10.786000,0.078747885,11723.681,false
SPEA-II_PC70,206,10.036000,0.079163857,11707.796,false
SPEA-II_PC70,206,9.210000,0.080746478,11467.602,false
SPEA-II_PC70,206,9.654000,0.079307195,11645.838,false
SPEA-II_PC70,207,9.554000,0.077555879,11564.245,false
SPEA-II_PC70,207,8.830000,0.078148654,11623.648,false
SPEA-II_PC70,207,9.996000,0.077221081,11448.210,false
SPEA-II_PC70,207,10.046000,0.077185761,11520.237,false
SPEA-II_PC70,207,9.654000,0.077449454,11648.677,false
SPEA-II_PC70,207,10.262000,0.077103126,11618.873,false
SPEA-II_PC70,207,9.480000,0.077577293,11488.851,false
SPEA-II_PC70,207,8.602000,0.078476819,11345.590,false
SPEA-II_PC70,207,8.498000,0.078494998,11560.026,false
SPEA-II_PC70,207,9.952000,0.077234607,11488.739,false
SPEA-II_PC70,207,10.394000,0.077091284,11610.643,false
SPEA-II_PC70,207,9.434000,0.077580477,11614.136,false
SPEA-II_PC70,207,10.752000,0.076959955,11348.462,false
SPEA-II_PC70,207,8.662000,0.078368655,11324.437,false
SPEA-II_PC70,207,10.604000,0.077000863,11696.292,false
SPEA-II_PC70,207,9.120000,0.077886923,11528.903,false
SPEA-II_PC70,207,9.906000,0.077256055,11537.835,false
SPEA-II_PC70,207,9.712000,0.077367719,11570.097,false
SPEA-II_PC70,207,10.480000,0.077081356,11598.384,false
SPEA-II_PC70,207,10.000000,0.077188922,11536.178,false
SPEA-II_PC70,207,8.724000,0.078238870,11584.215,false
SPEA-II_PC70,207,10.188000,0.077107405,11606.322,false
SPEA-II_PC70,207,9.728000,0.077297608,11572.327,false
SPEA-II_PC70,207,10.076000,0.077161959,11549.475,false
SPEA-II_PC70,207,10.510000,0.077063355,11680.618,false
SPEA-II_PC70,207,9.632000,0.077516719,11677.812,false
SPEA-II_PC70,207,9.134000,0.077678718,11455.174,false
SPEA-II_PC70,207,10.102000,0.077116081,11471.867,false
SPEA-II_PC70,207,9.400000,0.077627348,11648.641,false
SPEA-II_PC70,207,9.424000,0.077600146,11506.663,false
SPEA-II_PC70,207,10.564000,0.077058451,11527.671,false
SPEA-II_PC70,207,9.596000,0.077525054,11598.990,false
SPEA-II_PC70,207,8.878000,0.077976871,11525.148,false
SPEA-II_PC70,207,8.368000,0.078516723,11493.630,false
SPEA-II_PC70,208,7.752000,0.077745216,11522.879,false
SPEA-II_PC70,208,8.548000,0.075550995,11657.608,false
SPEA-II_PC70,208,8.090000,0.075928308,11616.692,false
SPEA-II_PC70,208,7.782000,0.077253041,11511.125,false
SPEA-II_PC70,208,7.840000,0.076605346,11665.796,false
SPEA-II_PC70,208,8.710000,0.075433982,11672.838,false
SPEA-II_PC70,208,8.868000,0.075319027,11439.735,false
SPEA-II_PC70,208,7.926000,0.076216056,11335.351,false
SPEA-II_PC70,208,7.812000,0.077082283,11474.008,false
SPEA-II_PC70,208,7.694000,0.077842081,11656.599,false
SPEA-II_PC70,208,7.950000,0.076197845,11626.819,false
SPEA-II_PC70,208,7.754000,0.077370402,11676.989,false
SPEA-II_PC70,208,7.834000,0.076768646,11554.447,false
SPEA-II_PC70,208,8.158000,0.075893884,11738.432,false
SPEA-II_PC70,208,7.914000,0.076449867,11601.594,false
SPEA-II_PC70,208,8.668000,0.075548127,11355.936,false
SPEA-II_PC70,208,8.076000,0.076118217,11439.297,false
SPEA-II_PC70,208,8.084000,0.076024484,11571.240,false
SPEA-II_PC70,208,7.856000,0.076502865,11683.297,false
SPEA-II_PC70,208,7.996000,0.076128673,11579.855,false
SPEA-II_PC70,208,8.186000,0.075592127,11433.662,false
SPEA-II_PC70,209,9.724000,0.079338937,11624.907,false
SPEA-II_PC70,209,9.190000,0.079683313,11551.057,false
SPEA-II_PC70,209,9.874000,0.079247609,11349.323,false
SPEA-II_PC70,209,9.208000,0.079639711,11484.589,false
SPEA-II_PC70,209,9.106000,0.079883238,11551.057,false
SPEA-II_PC70,209,9.836000,0.079297650,11679.552,false
SPEA-II_PC70,209,10.090000,0.079107896,11515.041,false
SPEA-II_PC70,209,10.548000,0.079042033,11560.517,false
SPEA-II_PC70,209,10.040000,0.079132013,11746.846,false
SPEA-II_PC70,209,9.414000,0.079608340,11737.266,false
SPEA-II_PC70,209,8.924000,0.080303156,11664.637,false
SPEA-II_PC70,209,9.418000,0.079343197,11652.298,false
AMOSA_PC70,200,12.642000,0.081412312,11706.068,false
AMOSA_PC70,200,12.312000,0.081859666,11754.997,false
AMOSA_PC70,200,13.346000,0.080799200,11527.385,false
AMOSA_PC70,200,13.146000,0.081210435,11650.239,false
AMOSA_PC70,200,11.184000,0.084221045,11753.670,false
AMOSA_PC70,200,11.324000,0.082478635,11693.809,false
AMOSA_PC70,200,11.930000,0.082196825,11735.141,false
AMOSA_PC70,200,12.798000,0.081378011,11727.991,false
AMOSA_PC70,200,12.538000,0.081439856,11754.684,false
AMOSA_PC70,201,15.988000,0.080745266,11716.685,false
AMOSA_PC70,201,16.844000,0.080335424,11719.579,false
AMOSA_PC70,201,16.466000,0.080485800,11578.216,false
AMOSA_PC70,201,13.930000,0.081585148,11750.875,false
AMOSA_PC70,201,14.024000,0.081501503,11738.998,false
AMOSA_PC70,201,14.324000,0.081196833,11627.763,false
AMOSA_PC70,201,14.438000,0.081136264,11649.300,false
AMOSA_PC70,201,14.114000,0.081454502,11731.936,false
AMOSA_PC70,201,12.800000,0.081707687,11738.196,false
AMOSA_PC70,201,12.256000,0.082108554,11668.791,false
AMOSA_PC70,201,12.608000,0.081947822,11665.361,false
AMOSA_PC70,201,12.320000,0.081973623,11714.458,false
AMOSA_PC70,201,11.536000,0.082870150,11724.559,false
AMOSA_PC70,201,11.826000,0.082134081,11676.301,false
AMOSA_PC70,201,11.578000,0.082659013,11662.017,false
AMOSA_PC70,201,11.588000,0.082497533,11712.269,false
AMOSA_PC70,201,15.016000,0.080846788,11613.010,false
AMOSA_PC70,201,14.568000,0.081097123,11650.691,false
AMOSA_PC70,201,16.152000,0.080686231,11706.157,false
AMOSA_PC70,201,15.772000,0.080775069,11753.801,false
AMOSA_PC70,201,16.186000,0.080575437,11578.434,false
AMOSA_PC70,202,13.514000,0.082389297,11688.464,false
AMOSA_PC70,202,13.016000,0.082946271,11640.350,false
AMOSA_PC70,202,13.278000,0.082448137,11704.888,false
AMOSA_PC70,202,14.218000,0.082118258,11709.147,false
AMOSA_PC70,202,12.304000,0.083370389,11728.598,false
AMOSA_PC70,202,12.164000,0.083927520,11740.784,false
AMOSA_PC70,202,14.292000,0.081901950,11746.686,false
AMOSA_PC70,202,13.990000,0.082319606,11692.617,false
AMOSA_PC70,202,14.060000,0.082140489,11673.313,false
AMOSA_PC70,202,13.064000,0.082543680,11751.410,false
AMOSA_PC70,203,14.800000,0.081098876,11697.183,false
AMOSA_PC70,203,14.892000,0.080815297,11695.426,false
AMOSA_PC70,203,11.618000,0.082119192,11613.828,false
AMOSA_PC70,203,12.042000,0.081662176,11610.116,false
AMOSA_PC70,203,11.814000,0.081790107,11690.978,false
AMOSA_PC70,203,12.162000,0.081179946,11735.400,false
AMOSA_PC70,203,15.232000,0.080566730,11738.033,false
AMOSA_PC70,204,13.102000,0.080548162,11752.534,false
AMOSA_PC70,204,14.892000,0.079694262,11747.151,false
AMOSA_PC70,204,14.130000,0.079764682,11610.124,false
AMOSA_PC70,204,12.858000,0.080661344,11711.853,false
AMOSA_PC70,204,11.758000,0.082350148,11620.492,false
AMOSA_PC70,204,12.078000,0.081331615,11747.685,false
AMOSA_PC70,204,12.086000,0.080945747,11754.595,false
AMOSA_PC70,204,13.178000,0.080300994,11732.880,false
AMOSA_PC70,204,13.052000,0.080565784,11724.001,false
AMOSA_PC70,204,13.658000,0.080104009,11728.835,false
AMOSA_PC70,205,13.194000,0.080451171,11730.236,false
AMOSA_PC70,205,13.334000,0.080428446,11741.614,false
AMOSA_PC70,205,13.112000,0.080513723,11736.999,false
AMOSA_PC70,205,12.368000,0.080543301,11745.611,false
AMOSA_PC70,205,14.250000,0.080181703,11743.776,false
AMOSA_PC70,205,14.304000,0.080100312,11742.839,false
AMOSA_PC70,205,14.008000,0.080410652,11748.802,false
AMOSA_PC70,205,14.054000,0.080278518,11609.015,false
AMOSA_PC70,205,11.892000,0.083479650,11753.386,false
AMOSA_PC70,205,12.014000,0.082399655,11751.095,false
AMOSA_PC70,205,12.270000,0.081633518,11683.323,false
AMOSA_PC70,205,12.024000,0.081703498,11710.091,false
AMOSA_PC70,205,12.276000,0.081188444,11716.783,false
AMOSA_PC70,206,12.236000,0.082632969,11730.600,false
AMOSA_PC70,206,15.110000,0.081131812,11632.361,false
AMOSA_PC70,206,14.566000,0.081251828,11734.855,false
AMOSA_PC70,206,17.618000,0.080662867,11754.838,false
AMOSA_PC70,206,15.760000,0.080848081,11711.380,false
AMOSA_PC70,206,15.260000,0.080910418,11691.874,false
AMOSA_PC70,206,13.952000,0.081428825,11699.821,false
AMOSA_PC70,206,13.666000,0.081445088,11737.850,false
AMOSA_PC70,206,13.462000,0.081467426,11717.697,false
AMOSA_PC70,206,13.224000,0.081605002,11718.533,false
AMOSA_PC70,206,13.022000,0.081916820,11691.912,false
AMOSA_PC70,206,12.918000,0.082048496,11675.597,false
AMOSA_PC70,206,12.238000,0.082140098,11710.949,false
AMOSA_PC70,206,11.946000,0.082897675,11754.532,false
AMOSA_PC70,206,12.160000,0.082861365,11746.520,false
AMOSA_PC70,207,15.118000,0.080440993,11716.070,false
AMOSA_PC70,207,13.206000,0.083186593,11698.321,false
AMOSA_PC70,207,13.702000,0.082538293,11683.210,false
AMOSA_PC70,207,13.408000,0.082801845,11680.846,false
AMOSA_PC70,207,13.716000,0.082375801,11649.489,false
AMOSA_PC70,207,13.848000,0.082155100,11735.336,false
AMOSA_PC70,207,14.754000,0.080607425,11726.681,false
AMOSA_PC70,207,15.164000,0.080265343,11547.961,false
AMOSA_PC70,207,13.920000,0.080737556,11658.896,false
AMOSA_PC70,207,14.854000,0.080519566,11479.357,false
AMOSA_PC70,208,12.486000,0.081026407,11710.212,false
AMOSA_PC70,208,14.200000,0.080474467,11678.821,false
AMOSA_PC70,208,14.306000,0.080206410,11734.909,false
AMOSA_PC70,208,14.790000,0.080118134,11640.655,false
AMOSA_PC70,208,14.814000,0.079727992,11572.871,false
AMOSA_PC70,208,11.594000,0.082663375,11720.794,false
AMOSA_PC70,208,11.586000,0.082872030,11662.102,false
AMOSA_PC70,208,11.474000,0.083099573,11644.500,false
AMOSA_PC70,208,11.900000,0.082136848,11715.300,false
AMOSA_PC70,208,11.728000,0.082383377,11735.911,false
AMOSA_PC70,208,11.776000,0.082236442,11712.688,false
AMOSA_PC70,208,11.634000,0.082391010,11674.724,false
AMOSA_PC70,208,12.996000,0.080492057,11716.139,false
AMOSA_PC70,208,12.660000,0.080694792,11609.694,false
AMOSA_PC70,208,12.086000,0.081034228,11745.646,false
AMOSA_PC70,208,12.516000,0.080803719,11695.692,false
AMOSA_PC70,208,12.974000,0.080616350,11610.468,false
AMOSA_PC70,209,14.950000,0.081543501,11746.114,false
AMOSA_PC70,209,13.926000,0.082916539,11681.507,false
AMOSA_PC70,209,14.034000,0.082112798,11652.743,false
AMOSA_PC70,209,12.228000,0.084066887,11724.718,false
AMOSA_PC70,209,11.936000,0.084248293,11740.140,false
AMOSA_PC70,209,11.346000,0.084842558,11745.284,false
AMOSA_PC70,209,11.722000,0.084607533,11720.052,false
AMOSA_PC70,209,13.034000,0.084016545,11751.759,false
AMOSA_PC70,209,13.278000,0.083922974,11640.891,false
AMOSA_PC70,209,13.378000,0.083668668,11689.631,false
AMOSA_PC70,209,13.584000,0.083459400,11744.164,false
AMOSA_PC70,209,13.406000,0.083468816,11697.175,false
AMOSA_PC70,209,13.680000,0.083257802,11707.816,false
AMOSA_PC70,209,15.504000,0.081121248,11728.877,false
AMOSA_PC70,209,15.436000,0.081380630,11754.067,false
AMOSA_PC70,209,15.072000,0.081477113,11721.592,false
AMOSA_PC70,209,14.746000,0.081577247,11624.501,false
AMOSA_PC70,209,14.188000,0.082063437,11741.388,false
AMOSA_PC70,209,15.108000,0.081419779,11700.539,false
AMOSA_PC70,209,14.330000,0.081799313,11746.114,false
AMOSA_PC70,209,13.942000,0.082312460,11692.087,false
AMOSA_PC70,209,14.378000,0.081719403,11602.990,false
GA_WaitingTime_Dominance_PC60,200,11.552000,0.082826599,10002.949,false
GA_WaitingTime_Dominance_PC60,200,11.592000,0.082810648,10052.046,false
GA_WaitingTime_Dominance_PC60,200,10.922000,0.083198410,10039.949,false
GA_WaitingTime_Dominance_PC60,200,10.720000,0.083334133,10044.189,false
GA_WaitingTime_Dominance_PC60,200,10.698000,0.083422078,10020.229,false
GA_WaitingTime_Dominance_PC60,200,10.188000,0.083450872,10002.115,false
GA_WaitingTime_Dominance_PC60,200,10.044000,0.083579903,10065.364,false
GA_WaitingTime_Dominance_PC60,200,9.368000,0.083636224,10066.774,false
GA_WaitingTime_Dominance_PC60,200,9.234000,0.083730334,10007.052,false
GA_WaitingTime_Dominance_PC60,200,9.088000,0.083776730,10068.941,false
GA_WaitingTime_Dominance_PC60,200,8.930000,0.083791387,10008.254,false
GA_WaitingTime_Dominance_PC60,200,8.918000,0.083984629,9966.408,false
GA_WaitingTime_Dominance_PC60,200,8.916000,0.084014495,10068.700,false
GA_WaitingTime_Dominance_PC60,200,8.786000,0.084938147,10068.708,false
GA_WaitingTime_Dominance_PC60,200,8.802000,0.084489491,10007.724,false
GA_WaitingTime_Dominance_PC60,200,8.818000,0.084055721,10018.676,false
GA_WaitingTime_Dominance_PC60,201,13.658000,0.082441498,10064.692,false
GA_WaitingTime_Dominance_PC60,201,14.600000,0.082229997,10016.142,false
GA_WaitingTime_Dominance_PC60,201,14.388000,0.082380254,10016.142,false
GA_WaitingTime_Dominance_PC60,201,8.878000,0.082621580,9994.750,false
GA_WaitingTime_Dominance_PC60,201,8.532000,0.082874888,10057.927,false
GA_WaitingTime_Dominance_PC60,201,8.488000,0.083342935,10066.071,false
GA_WaitingTime_Dominance_PC60,201,8.498000,0.083269423,10052.726,false
GA_WaitingTime_Dominance_PC60,201,8.418000,0.083523536,10066.071,false
GA_WaitingTime_Dominance_PC60,201,8.398000,0.083755848,10039.346,false
GA_WaitingTime_Dominance_PC60,201,8.432000,0.083380155,10057.927,false
GA_WaitingTime_Dominance_PC60,201,8.404000,0.083716506,10056.546,false
GA_WaitingTime_Dominance_PC60,202,12.466000,0.082445779,10073.208,false
GA_WaitingTime_Dominance_PC60,202,11.870000,0.082955897,9936.564,false
GA_WaitingTime_Dominance_PC60,202,11.246000,0.083138356,9995.417,false
GA_WaitingTime_Dominance_PC60,202,11.060000,0.083255114,10055.873,false
GA_WaitingTime_Dominance_PC60,202,10.740000,0.083285142,9996.517,false
GA_WaitingTime_Dominance_PC60,202,10.544000,0.083359827,10035.350,false
GA_WaitingTime_Dominance_PC60,202,8.578000,0.083491174,10048.134,false
GA_WaitingTime_Dominance_PC60,202,8.512000,0.083593770,10074.437,false
GA_WaitingTime_Dominance_PC60,202,8.522000,0.083569366,10061.975,false
GA_WaitingTime_Dominance_PC60,202,8.614000,0.083455457,10023.538,false
GA_WaitingTime_Dominance_PC60,202,8.464000,0.083647303,10065.468,false
GA_WaitingTime_Dominance_PC60,202,8.354000,0.083809775,10048.833,false
GA_WaitingTime_Dominance_PC60,202,8.402000,0.083731968,10061.422,false
GA_WaitingTime_Dominance_PC60,202,8.282000,0.083956218,10072.217,false
GA_WaitingTime_Dominance_PC60,203,12.162000,0.082372888,10070.719,false
GA_WaitingTime_Dominance_PC60,203,11.034000,0.082402835,10046.896,false
GA_WaitingTime_Dominance_PC60,203,10.824000,0.082477501,10061.703,false
GA_WaitingTime_Dominance_PC60,203,10.802000,0.082512484,10061.703,false
GA_WaitingTime_Dominance_PC60,203,9.252000,0.082533232,10066.570,false
GA_WaitingTime_Dominance_PC60,203,7.980000,0.082975647,10056.611,false
GA_WaitingTime_Dominance_PC60,203,7.954000,0.083163662,10040.693,false
GA_WaitingTime_Dominance_PC60,203,8.038000,0.082752852,10063.455,false
GA_WaitingTime_Dominance_PC60,203,7.936000,0.083650574,10063.108,false
GA_WaitingTime_Dominance_PC60,203,7.938000,0.083489046,10075.807,false
GA_WaitingTime_Dominance_PC60,203,8.322000,0.082644283,10076.044,false
GA_WaitingTime_Dominance_PC60,203,7.898000,0.083740271,10074.004,false
GA_WaitingTime_Dominance_PC60,204,14.254000,0.082921328,10043.796,false
GA_WaitingTime_Dominance_PC60,204,13.338000,0.083074509,9983.572,false
GA_WaitingTime_Dominance_PC60,204,13.074000,0.083171498,9963.345,false
GA_WaitingTime_Dominance_PC60,204,13.294000,0.083095602,10056.682,false
GA_WaitingTime_Dominance_PC60,204,13.086000,0.083115884,9952.218,false
GA_WaitingTime_Dominance_PC60,204,8.578000,0.083523420,10057.338,false
GA_WaitingTime_Dominance_PC60,204,8.748000,0.083229211,10074.423,false
GA_WaitingTime_Dominance_PC60,204,8.576000,0.083694992,10047.698,false
GA_WaitingTime_Dominance_PC60,204,8.572000,0.083877110,10058.320,false
GA_WaitingTime_Dominance_PC60,205,14.764000,0.083225882,10059.645,false
GA_WaitingTime_Dominance_PC60,205,10.990000,0.083228852,10038.556,false
GA_WaitingTime_Dominance_PC60,205,10.448000,0.083373300,10021.346,false
GA_WaitingTime_Dominance_PC60,205,9.150000,0.083505838,10059.839,false
GA_WaitingTime_Dominance_PC60,205,9.062000,0.083711015,10035.323,false
GA_WaitingTime_Dominance_PC60,205,9.284000,0.083429259,9968.245,false
GA_WaitingTime_Dominance_PC60,205,9.146000,0.083654470,10052.792,false
GA_WaitingTime_Dominance_PC60,206,13.794000,0.082112818,10067.406,false
GA_WaitingTime_Dominance_PC60,206,13.292000,0.082244908,10031.878,false
GA_WaitingTime_Dominance_PC60,206,13.024000,0.082640463,9971.219,false
GA_WaitingTime_Dominance_PC60,206,13.284000,0.082373672,10064.230,false
GA_WaitingTime_Dominance_PC60,206,12.998000,0.082791269,9984.119,false
GA_WaitingTime_Dominance_PC60,206,12.566000,0.082870471,10059.321,false
GA_WaitingTime_Dominance_PC60,206,12.484000,0.082912958,10000.262,false
GA_WaitingTime_Dominance_PC60,206,12.052000,0.082974399,9986.824,false
GA_WaitingTime_Dominance_PC60,206,11.314000,0.083103175,10035.306,false
GA_WaitingTime_Dominance_PC60,206,9.174000,0.083140480,10020.601,false
GA_WaitingTime_Dominance_PC60,206,8.728000,0.083416008,9968.934,false
GA_WaitingTime_Dominance_PC60,206,8.082000,0.083501957,10065.143,false
GA_WaitingTime_Dominance_PC60,206,7.954000,0.083994760,10024.862,false
GA_WaitingTime_Dominance_PC60,206,7.944000,0.084109752,10050.244,false
GA_WaitingTime_Dominance_PC60,206,7.974000,0.083747343,10031.066,false
GA_WaitingTime_Dominance_PC60,206,7.938000,0.084258842,10045.575,false
GA_WaitingTime_Dominance_PC60,207,12.298000,0.083704574,10030.577,false
GA_WaitingTime_Dominance_PC60,207,11.714000,0.084083982,10057.302,false
GA_WaitingTime_Dominance_PC60,207,11.802000,0.083886312,10029.942,false
GA_WaitingTime_Dominance_PC60,207,11.074000,0.084205531,10062.823,false
GA_WaitingTime_Dominance_PC60,207,11.100000,0.084200010,10062.823,false
GA_WaitingTime_Dominance_PC60,207,10.894000,0.084462607,10072.731,false
GA_WaitingTime_Dominance_PC60,207,11.050000,0.084455567,10075.674,false
GA_WaitingTime_Dominance_PC60,207,10.714000,0.084606330,10061.381,false
GA_WaitingTime_Dominance_PC60,207,10.664000,0.084627715,10071.549,false
GA_WaitingTime_Dominance_PC60,207,10.692000,0.084606330,10061.381,false
GA_WaitingTime_Dominance_PC60,207,10.630000,0.084649367,10069.598,false
GA_WaitingTime_Dominance_PC60,207,10.140000,0.084877749,10075.040,false
GA_WaitingTime_Dominance_PC60,207,10.286000,0.084711783,10074.667,false
GA_WaitingTime_Dominance_PC60,207,10.210000,0.084801510,10069.886,false
GA_WaitingTime_Dominance_PC60,207,10.380000,0.084653905,10003.345,false
GA_WaitingTime_Dominance_PC60,207,10.168000,0.084866309,10069.886,false
GA_WaitingTime_Dominance_PC60,207,9.902000,0.084937197,10069.776,false
GA_WaitingTime_Dominance_PC60,207,9.832000,0.085336632,10069.886,false
GA_WaitingTime_Dominance_PC60,208,15.428000,0.082061371,10053.589,false
GA_WaitingTime_Dominance_PC60,208,15.162000,0.082068002,10015.337,false
GA_WaitingTime_Dominance_PC60,208,15.438000,0.081913652,10073.973,false
GA_WaitingTime_Dominance_PC60,208,13.588000,0.082278419,10057.632,false
GA_WaitingTime_Dominance_PC60,208,14.040000,0.082275600,10048.713,false
GA_WaitingTime_Dominance_PC60,208,12.570000,0.082629093,10048.139,false
GA_WaitingTime_Dominance_PC60,208,12.694000,0.082563651,10044.798,false
GA_WaitingTime_Dominance_PC60,208,12.822000,0.082394035,10060.728,false
GA_WaitingTime_Dominance_PC60,208,10.160000,0.082692530,10063.262,false
GA_WaitingTime_Dominance_PC60,208,10.034000,0.082767247,10074.902,false
GA_WaitingTime_Dominance_PC60,208,10.072000,0.082736647,10074.902,false
GA_WaitingTime_Dominance_PC60,208,9.998000,0.082835169,10074.902,false
GA_WaitingTime_Dominance_PC60,208,10.162000,0.082649891,10059.286,false
GA_WaitingTime_Dominance_PC60,208,9.680000,0.082858642,10052.770,false
GA_WaitingTime_Dominance_PC60,208,9.418000,0.082948806,10042.813,false
GA_WaitingTime_Dominance_PC60,208,9.464000,0.082918351,10064.068,false
GA_WaitingTime_Dominance_PC60,208,9.390000,0.083037159,10060.276,false
GA_WaitingTime_Dominance_PC60,208,9.286000,0.083153119,10064.625,false
GA_WaitingTime_Dominance_PC60,208,9.188000,0.083563502,10063.879,false
GA_WaitingTime_Dominance_PC60,208,9.328000,0.083066719,10074.200,false
GA_WaitingTime_Dominance_PC60,208,9.248000,0.083192806,10060.910,false
GA_WaitingTime_Dominance_PC60,208,9.214000,0.083233211,10013.498,false
GA_WaitingTime_Dominance_PC60,208,9.204000,0.083497421,10016.486,false
GA_WaitingTime_Dominance_PC60,208,9.212000,0.083367829,9993.940,false
GA_WaitingTime_Dominance_PC60,208,9.168000,0.083725135,10063.433,false
GA_WaitingTime_Dominance_PC60,209,10.090000,0.081726947,10032.839,false
GA_WaitingTime_Dominance_PC60,209,10.040000,0.081920968,10041.480,false
GA_WaitingTime_Dominance_PC60,209,9.826000,0.081921641,10049.037,false
GA_WaitingTime_Dominance_PC60,209,9.758000,0.081974271,10073.852,false
GA_WaitingTime_Dominance_PC60,209,8.986000,0.081975993,10072.622,false
GA_WaitingTime_Dominance_PC60,209,8.748000,0.082148398,10061.001,false
GA_WaitingTime_Dominance_PC60,209,8.700000,0.082317290,10061.001,false
GA_WaitingTime_Dominance_PC60,209,8.784000,0.082094477,10061.001,false
GA_WaitingTime_Dominance_PC60,209,8.800000,0.081999023,10050.614,false
GA_WaitingTime_Dominance_PC60,209,8.680000,0.082371385,10064.975,false
GA_WaitingTime_Dominance_PC60,209,8.794000,0.082056660,10065.120,false
GA_Energy_Dominance_PC60,200,21.416000,0.084288110,10017.911,false
GA_Energy_Dominance_PC60,200,21.338000,0.084426408,10032.524,false
GA_Energy_Dominance_PC60,200,20.436000,0.084690427,10036.445,false
GA_Energy_Dominance_PC60,200,22.184000,0.083262050,10052.258,false
GA_Energy_Dominance_PC60,200,21.696000,0.083669343,10050.453,false
GA_Energy_Dominance_PC60,200,21.498000,0.083678659,10058.939,false
GA_Energy_Dominance_PC60,200,21.858000,0.083475307,10025.382,false
GA_Energy_Dominance_PC60,200,22.516000,0.083093407,10074.463,false
GA_Energy_Dominance_PC60,200,22.250000,0.083133041,10017.925,false
GA_Energy_Dominance_PC60,200,22.634000,0.081749528,10044.477,false
GA_Energy_Dominance_PC60,200,23.148000,0.080815569,10040.845,false
GA_Energy_Dominance_PC60,200,24.300000,0.078594536,10061.678,false
GA_Energy_Dominance_PC60,200,23.438000,0.078886205,10055.180,false
GA_Energy_Dominance_PC60,200,24.292000,0.078678143,10061.678,false
GA_Energy_Dominance_PC60,200,24.230000,0.078714733,9947.777,false
GA_Energy_Dominance_PC60,200,24.372000,0.078378693,9982.990,false
GA_Energy_Dominance_PC60,200,24.698000,0.077657413,9830.590,false
GA_Energy_Dominance_PC60,200,24.706000,0.077554644,9984.676,false
GA_Energy_Dominance_PC60,200,24.474000,0.077742713,9992.770,false
GA_Energy_Dominance_PC60,200,26.032000,0.076706576,10059.536,false
GA_Energy_Dominance_PC60,200,25.310000,0.076834073,9784.202,false
GA_Energy_Dominance_PC60,200,25.414000,0.076765059,10051.105,false
GA_Energy_Dominance_PC60,200,24.720000,0.076960814,9888.994,false
GA_Energy_Dominance_PC60,200,26.240000,0.076694463,9928.421,false
GA_Energy_Dominance_PC60,200,25.046000,0.076941406,9875.896,false
GA_Energy_Dominance_PC60,200,25.242000,0.076935102,9875.875,false
GA_Energy_Dominance_PC60,200,26.908000,0.076671814,9954.618,false
GA_Energy_Dominance_PC60,201,19.532000,0.081641361,10062.731,false
GA_Energy_Dominance_PC60,201,19.998000,0.081500019,9957.500,false
GA_Energy_Dominance_PC60,201,19.756000,0.081540497,9957.500,false
GA_Energy_Dominance_PC60,201,20.114000,0.081386341,9995.729,false
GA_Energy_Dominance_PC60,201,20.290000,0.081340817,10069.302,false
GA_Energy_Dominance_PC60,201,18.722000,0.081745072,9988.396,false
GA_Energy_Dominance_PC60,201,19.676000,0.081585454,10035.043,false
GA_Energy_Dominance_PC60,201,20.000000,0.081435644,10008.318,false
GA_Energy_Dominance_PC60,201,20.364000,0.081037164,10062.350,false
GA_Energy_Dominance_PC60,201,20.700000,0.080944040,10035.006,false
GA_Energy_Dominance_PC60,201,22.240000,0.079978085,10064.867,false
GA_Energy_Dominance_PC60,201,21.912000,0.080063420,9964.337,false
GA_Energy_Dominance_PC60,201,22.470000,0.079914545,9957.404,false
GA_Energy_Dominance_PC60,201,20.714000,0.080513975,10034.096,false
GA_Energy_Dominance_PC60,201,21.296000,0.080093973,9978.230,false
GA_Energy_Dominance_PC60,201,21.268000,0.080161846,9956.927,false
GA_Energy_Dominance_PC60,201,22.536000,0.079787995,10056.755,false
GA_Energy_Dominance_PC60,201,22.256000,0.079951530,10023.339,false
GA_Energy_Dominance_PC60,201,22.164000,0.079992293,9972.408,false
GA_Energy_Dominance_PC60,201,22.740000,0.079785962,10019.175,false
GA_Energy_Dominance_PC60,201,22.780000,0.079747504,9969.151,false
GA_Energy_Dominance_PC60,201,23.116000,0.079425671,9932.033,false
GA_Energy_Dominance_PC60,201,23.290000,0.079257780,10004.747,false
GA_Energy_Dominance_PC60,201,23.204000,0.079395659,9990.738,false
GA_Energy_Dominance_PC60,201,23.360000,0.079163529,10014.337,false
GA_Energy_Dominance_PC60,201,22.826000,0.079565764,10047.195,false
GA_Energy_Dominance_PC60,201,24.514000,0.078122104,10025.293,false
GA_Energy_Dominance_PC60,201,24.138000,0.078612652,10031.518,false
GA_Energy_Dominance_PC60,201,24.646000,0.078102917,10029.845,false
GA_Energy_Dominance_PC60,201,23.612000,0.078885620,9913.660,false
GA_Energy_Dominance_PC60,201,24.194000,0.078172709,9914.532,false
GA_Energy_Dominance_PC60,201,24.722000,0.077001771,9862.133,false
GA_Energy_Dominance_PC60,201,24.890000,0.076255660,9994.955,false
GA_Energy_Dominance_PC60,201,25.208000,0.075933023,9978.097,false
GA_Energy_Dominance_PC60,201,25.260000,0.074722938,10047.766,false
GA_Energy_Dominance_PC60,201,25.742000,0.074011473,10051.908,false
GA_Energy_Dominance_PC60,201,26.082000,0.073795613,9907.543,false
GA_Energy_Dominance_PC60,201,26.248000,0.073585839,9841.702,false
GA_Energy_Dominance_PC60,201,26.340000,0.073548270,9949.659,false
GA_Energy_Dominance_PC60,201,26.096000,0.073647196,9894.827,false
GA_Energy_Dominance_PC60,201,26.734000,0.073325910,9625.408,false
GA_Energy_Dominance_PC60,201,26.996000,0.073276667,9706.535,false
GA_Energy_Dominance_PC60,201,27.208000,0.073234317,9900.579,false
GA_Energy_Dominance_PC60,201,26.444000,0.073459990,9556.617,false
GA_Energy_Dominance_PC60,201,27.668000,0.073197714,9937.769,false
GA_Energy_Dominance_PC60,202,12.594000,0.082295264,10012.046,false
GA_Energy_Dominance_PC60,202,13.242000,0.081712028,10028.444,false
GA_Energy_Dominance_PC60,202,12.642000,0.081754483,10040.987,false
GA_Energy_Dominance_PC60,202,13.570000,0.081228946,10023.562,false
GA_Energy_Dominance_PC60,202,13.302000,0.081508280,10007.633,false
GA_Energy_Dominance_PC60,202,13.274000,0.081665039,10046.699,false
GA_Energy_Dominance_PC60,202,13.308000,0.081266753,10010.673,false
GA_Energy_Dominance_PC60,202,14.210000,0.080708209,10061.402,false
GA_Energy_Dominance_PC60,202,13.870000,0.080895000,10052.652,false
GA_Energy_Dominance_PC60,202,14.332000,0.080400830,10040.681,false
GA_Energy_Dominance_PC60,202,14.576000,0.079780350,10054.251,false
GA_Energy_Dominance_PC60,202,14.296000,0.080515779,10008.555,false
GA_Energy_Dominance_PC60,202,15.486000,0.079005644,9969.157,false
GA_Energy_Dominance_PC60,202,14.914000,0.079437215,10004.745,false
GA_Energy_Dominance_PC60,202,16.624000,0.078703524,10068.276,false
GA_Energy_Dominance_PC60,202,16.752000,0.077650457,9944.965,false
GA_Energy_Dominance_PC60,202,16.864000,0.077129205,9985.136,false
GA_Energy_Dominance_PC60,202,17.156000,0.076730557,10069.076,false
GA_Energy_Dominance_PC60,202,17.646000,0.076635636,10005.260,false
GA_Energy_Dominance_PC60,202,17.678000,0.076132268,9986.367,false
GA_Energy_Dominance_PC60,202,18.028000,0.075182388,9941.947,false
GA_Energy_Dominance_PC60,202,17.834000,0.075444621,9922.677,false
GA_Energy_Dominance_PC60,202,17.730000,0.075460969,9919.964,false
GA_Energy_Dominance_PC60,202,19.312000,0.075077692,9905.957,false
GA_Energy_Dominance_PC60,202,19.146000,0.075096692,9937.001,false
GA_Energy_Dominance_PC60,202,19.548000,0.074982338,9886.194,false
GA_Energy_Dominance_PC60,202,20.476000,0.074850282,9981.571,false
GA_Energy_Dominance_PC60,202,19.948000,0.074869337,10040.137,false
GA_Energy_Dominance_PC60,202,19.692000,0.074920391,10071.025,false
GA_Energy_Dominance_PC60,203,16.920000,0.084708956,9975.477,false
GA_Energy_Dominance_PC60,203,17.282000,0.083557542,10049.178,false
GA_Energy_Dominance_PC60,203,17.240000,0.083594282,9980.218,false
GA_Energy_Dominance_PC60,203,17.428000,0.082756798,9988.686,false
GA_Energy_Dominance_PC60,203,17.450000,0.082520110,10002.505,false
GA_Energy_Dominance_PC60,203,17.602000,0.081691869,9929.134,false
GA_Energy_Dominance_PC60,203,17.692000,0.081397829,9895.551,false
GA_Energy_Dominance_PC60,203,17.902000,0.079303985,10053.662,false
GA_Energy_Dominance_PC60,203,17.856000,0.079456489,9792.283,false
GA_Energy_Dominance_PC60,203,18.476000,0.079124342,9967.813,false
GA_Energy_Dominance_PC60,203,18.396000,0.079217247,10042.110,false
GA_Energy_Dominance_PC60,203,19.066000,0.078951046,10028.228,false
GA_Energy_Dominance_PC60,203,18.796000,0.078983470,10030.546,false
GA_Energy_Dominance_PC60,203,19.224000,0.078342805,9947.528,false
GA_Energy_Dominance_PC60,203,18.988000,0.078962357,10001.260,false
GA_Energy_Dominance_PC60,203,19.132000,0.078422556,9946.925,false
GA_Energy_Dominance_PC60,203,19.476000,0.078341422,9999.183,false
GA_Energy_Dominance_PC60,203,19.492000,0.077318765,9949.413,false
GA_Energy_Dominance_PC60,203,19.748000,0.076221329,9964.895,false
GA_Energy_Dominance_PC60,203,19.496000,0.076540402,10054.529,false
GA_Energy_Dominance_PC60,203,20.050000,0.075916240,9973.727,false
GA_Energy_Dominance_PC60,203,19.910000,0.075993050,9999.820,false
GA_Energy_Dominance_PC60,203,20.276000,0.075885043,9974.642,false
GA_Energy_Dominance_PC60,203,20.278000,0.075530042,9975.859,false
GA_Energy_Dominance_PC60,203,20.778000,0.075474211,9903.872,false
GA_Energy_Dominance_PC60,203,20.944000,0.074914082,9986.968,false
GA_Energy_Dominance_PC60,203,21.188000,0.074707030,9945.546,false
GA_Energy_Dominance_PC60,203,21.250000,0.074459915,9940.420,false
GA_Energy_Dominance_PC60,203,22.272000,0.074323065,9823.765,false
GA_Energy_Dominance_PC60,203,21.398000,0.074415494,9996.049,false
GA_Energy_Dominance_PC60,203,21.990000,0.074377841,9880.578,false
GA_Energy_Dominance_PC60,203,21.894000,0.074381209,9805.080,false
GA_Energy_Dominance_PC60,203,21.818000,0.074414286,9929.231,false
GA_Energy_Dominance_PC60,203,22.134000,0.074363454,9812.202,false
GA_Energy_Dominance_PC60,204,12.824000,0.080995531,10011.517,false
GA_Energy_Dominance_PC60,204,12.832000,0.079157116,9953.192,false
GA_Energy_Dominance_PC60,204,12.876000,0.078630477,9941.242,false
GA_Energy_Dominance_PC60,204,13.340000,0.077699811,10058.171,false
GA_Energy_Dominance_PC60,204,13.274000,0.077808355,10058.171,false
GA_Energy_Dominance_PC60,204,12.992000,0.077922142,10060.579,false
GA_Energy_Dominance_PC60,204,13.354000,0.077639987,10061.404,false
GA_Energy_Dominance_PC60,204,13.628000,0.077624981,10059.726,false
GA_Energy_Dominance_PC60,204,13.694000,0.077321933,9978.163,false
GA_Energy_Dominance_PC60,204,13.758000,0.077308737,10023.134,false
GA_Energy_Dominance_PC60,204,13.642000,0.077475170,9996.388,false
GA_Energy_Dominance_PC60,204,13.822000,0.076979985,10001.036,false
GA_Energy_Dominance_PC60,204,13.844000,0.076961562,9870.767,false
GA_Energy_Dominance_PC60,204,13.802000,0.077039834,10048.508,false
GA_Energy_Dominance_PC60,204,13.908000,0.076895207,9931.006,false
GA_Energy_Dominance_PC60,204,13.936000,0.076791612,10021.044,false
GA_Energy_Dominance_PC60,204,13.884000,0.076958140,9994.621,false
GA_Energy_Dominance_PC60,204,13.950000,0.076347325,9964.117,false
GA_Energy_Dominance_PC60,204,14.112000,0.076066224,9953.749,false
GA_Energy_Dominance_PC60,204,14.248000,0.075477308,9969.555,false
GA_Energy_Dominance_PC60,204,14.194000,0.075854388,9960.154,false
GA_Energy_Dominance_PC60,204,14.206000,0.075524003,9892.881,false
GA_Energy_Dominance_PC60,204,14.254000,0.075256210,9998.649,false
GA_Energy_Dominance_PC60,204,14.284000,0.075055379,9928.501,false
GA_Energy_Dominance_PC60,204,14.308000,0.074870392,9954.955,false
GA_Energy_Dominance_PC60,204,14.626000,0.074796966,9845.171,false
GA_Energy_Dominance_PC60,204,14.580000,0.074824626,10013.800,false
GA_Energy_Dominance_PC60,204,14.628000,0.074678710,9965.759,false
GA_Energy_Dominance_PC60,204,14.856000,0.074495207,9932.322,false
GA_Energy_Dominance_PC60,204,15.012000,0.074443798,9991.567,false
GA_Energy_Dominance_PC60,204,14.816000,0.074528034,9719.041,false
GA_Energy_Dominance_PC60,204,14.648000,0.074563394,9895.504,false
GA_Energy_Dominance_PC60,204,15.220000,0.074396225,10017.650,false
GA_Energy_Dominance_PC60,204,14.754000,0.074559329,9862.992,false
GA_Energy_Dominance_PC60,204,14.936000,0.074473357,9833.779,false
GA_Energy_Dominance_PC60,205,16.772000,0.083263532,10067.326,false
GA_Energy_Dominance_PC60,205,17.204000,0.082103051,10017.424,false
GA_Energy_Dominance_PC60,205,16.896000,0.082248230,10067.382,false
GA_Energy_Dominance_PC60,205,17.158000,0.082115216,10041.554,false
GA_Energy_Dominance_PC60,205,17.208000,0.081567069,9959.351,false
GA_Energy_Dominance_PC60,205,17.558000,0.081207317,10015.981,false
GA_Energy_Dominance_PC60,205,17.746000,0.081125730,9992.211,false
GA_Energy_Dominance_PC60,205,17.758000,0.080919875,9871.049,false
GA_Energy_Dominance_PC60,205,17.710000,0.081186485,10039.568,false
GA_Energy_Dominance_PC60,205,17.780000,0.080425116,10038.772,false
GA_Energy_Dominance_PC60,205,17.952000,0.080381094,10013.632,false
GA_Energy_Dominance_PC60,205,18.572000,0.079571842,10050.092,false
GA_Energy_Dominance_PC60,205,18.110000,0.079913368,10042.709,false
GA_Energy_Dominance_PC60,205,18.598000,0.079459700,9979.177,false
GA_Energy_Dominance_PC60,205,18.982000,0.079299202,9951.917,false
GA_Energy_Dominance_PC60,205,19.162000,0.079127070,10050.191,false
GA_Energy_Dominance_PC60,205,18.740000,0.079315861,9951.557,false
GA_Energy_Dominance_PC60,205,19.078000,0.079147941,9999.242,false
GA_Energy_Dominance_PC60,205,19.244000,0.078639384,10025.684,false
GA_Energy_Dominance_PC60,205,19.296000,0.077401201,10001.747,false
GA_Energy_Dominance_PC60,205,19.588000,0.077313300,9858.847,false
GA_Energy_Dominance_PC60,205,19.648000,0.077109592,9877.594,false
GA_Energy_Dominance_PC60,205,19.774000,0.076961683,10058.287,false
GA_Energy_Dominance_PC60,205,20.070000,0.076782668,10015.635,false
GA_Energy_Dominance_PC60,205,19.816000,0.076845855,9911.751,false
GA_Energy_Dominance_PC60,205,20.182000,0.076762371,9846.506,false
GA_Energy_Dominance_PC60,205,20.218000,0.076540606,10064.839,false
GA_Energy_Dominance_PC60,205,20.534000,0.076251460,9971.355,false
GA_Energy_Dominance_PC60,205,21.118000,0.076092833,10005.452,false
GA_Energy_Dominance_PC60,205,20.264000,0.076297511,9945.392,false
GA_Energy_Dominance_PC60,205,20.554000,0.076121155,10015.509,false
GA_Energy_Dominance_PC60,205,21.546000,0.075342192,9887.488,false
GA_Energy_Dominance_PC60,205,21.690000,0.075096256,9930.919,false
GA_Energy_Dominance_PC60,205,21.570000,0.075251822,9874.058,false
GA_Energy_Dominance_PC60,205,21.120000,0.075391890,9826.101,false
GA_Energy_Dominance_PC60,205,21.816000,0.074883742,9690.202,false
GA_Energy_Dominance_PC60,205,22.034000,0.074636564,9802.402,false
GA_Energy_Dominance_PC60,205,22.424000,0.074344395,9758.655,false
GA_Energy_Dominance_PC60,205,22.204000,0.074349582,9956.175,false
GA_Energy_Dominance_PC60,205,22.098000,0.074513461,9874.978,false
GA_Energy_Dominance_PC60,205,21.848000,0.074708752,9582.647,false
GA_Energy_Dominance_PC60,205,22.544000,0.074230354,9683.787,false
GA_Energy_Dominance_PC60,205,22.856000,0.074228256,9900.204,false
GA_Energy_Dominance_PC60,205,23.086000,0.074207047,9789.242,false
GA_Energy_Dominance_PC60,205,22.960000,0.074208923,9955.834,false
GA_Energy_Dominance_PC60,205,23.164000,0.074126618,10058.547,false
GA_Energy_Dominance_PC60,205,23.326000,0.073873031,9974.695,false
GA_Energy_Dominance_PC60,205,23.510000,0.073814774,9996.312,false
GA_Energy_Dominance_PC60,205,23.808000,0.073741117,10033.028,false
GA_Energy_Dominance_PC60,205,24.012000,0.073700261,9720.824,false
GA_Energy_Dominance_PC60,205,24.374000,0.073675090,9744.791,false
GA_Energy_Dominance_PC60,205,24.128000,0.073691943,9898.958,false
GA_Energy_Dominance_PC60,206,18.418000,0.084179440,10012.470,false
GA_Energy_Dominance_PC60,206,18.370000,0.084323980,10046.441,false
GA_Energy_Dominance_PC60,206,17.602000,0.084327421,10054.567,false
GA_Energy_Dominance_PC60,206,18.420000,0.083747462,10064.411,false
GA_Energy_Dominance_PC60,206,18.426000,0.081965102,9971.821,false
GA_Energy_Dominance_PC60,206,18.628000,0.081704504,9937.269,false
GA_Energy_Dominance_PC60,206,19.670000,0.077424558,9982.590,false
GA_Energy_Dominance_PC60,206,19.100000,0.077668984,10028.133,false
GA_Energy_Dominance_PC60,206,19.374000,0.077650683,10030.632,false
GA_Energy_Dominance_PC60,206,19.822000,0.077414621,9970.440,false
GA_Energy_Dominance_PC60,206,19.452000,0.077487259,10067.028,false
GA_Energy_Dominance_PC60,206,18.808000,0.077672510,10017.607,false
GA_Energy_Dominance_PC60,206,19.926000,0.077375250,10066.716,false
GA_Energy_Dominance_PC60,206,20.006000,0.077303383,10052.383,false
GA_Energy_Dominance_PC60,206,20.026000,0.076416661,10069.022,false
GA_Energy_Dominance_PC60,206,20.164000,0.076096531,9958.657,false
GA_Energy_Dominance_PC60,206,20.160000,0.076376316,9900.215,false
GA_Energy_Dominance_PC60,206,20.226000,0.075785559,9706.110,false
GA_Energy_Dominance_PC60,206,20.504000,0.075114480,10012.728,false
GA_Energy_Dominance_PC60,206,20.750000,0.074996774,9707.635,false
GA_Energy_Dominance_PC60,206,20.932000,0.074566304,9993.162,false
GA_Energy_Dominance_PC60,206,21.090000,0.074427219,10010.575,false
GA_Energy_Dominance_PC60,206,20.812000,0.074575281,10070.874,false
GA_Energy_Dominance_PC60,206,22.672000,0.074379481,9803.589,false
GA_Energy_Dominance_PC60,206,22.002000,0.074394168,9982.111,false
GA_Energy_Dominance_PC60,206,22.816000,0.074301559,9854.603,false
GA_Energy_Dominance_PC60,206,23.242000,0.074271922,10071.165,false
GA_Energy_Dominance_PC60,206,22.968000,0.074284165,9845.980,false
GA_Energy_Dominance_PC60,206,23.174000,0.074276563,9901.713,false
GA_Energy_Dominance_PC60,206,23.392000,0.074262461,10020.878,false
GA_Energy_Dominance_PC60,207,16.572000,0.082130453,10068.827,false
GA_Energy_Dominance_PC60,207,17.184000,0.081863491,10011.778,false
GA_Energy_Dominance_PC60,207,17.354000,0.081710662,10068.096,false
GA_Energy_Dominance_PC60,207,17.032000,0.081986635,10029.017,false
GA_Energy_Dominance_PC60,207,17.712000,0.080177132,10075.181,false
GA_Energy_Dominance_PC60,207,17.420000,0.080969636,10000.217,false
GA_Energy_Dominance_PC60,207,17.672000,0.080429635,10008.505,false
GA_Energy_Dominance_PC60,207,18.782000,0.079763196,10017.283,false
GA_Energy_Dominance_PC60,207,18.424000,0.079964952,10008.544,false
GA_Energy_Dominance_PC60,207,18.930000,0.079464448,9981.896,false
GA_Energy_Dominance_PC60,207,17.964000,0.080013491,10042.582,false
GA_Energy_Dominance_PC60,207,19.344000,0.078977925,9832.224,false
GA_Energy_Dominance_PC60,207,19.484000,0.078858523,10009.324,false
GA_Energy_Dominance_PC60,207,19.180000,0.079052434,9934.636,false
GA_Energy_Dominance_PC60,207,19.856000,0.078687083,10011.808,false
GA_Energy_Dominance_PC60,207,19.550000,0.078709549,10062.074,false
GA_Energy_Dominance_PC60,207,20.056000,0.078378708,10019.288,false
GA_Energy_Dominance_PC60,207,19.898000,0.078459171,10045.529,false
GA_Energy_Dominance_PC60,207,20.176000,0.078152656,9971.775,false
GA_Energy_Dominance_PC60,207,20.550000,0.078025554,10001.190,false
GA_Energy_Dominance_PC60,207,20.676000,0.077918552,10000.463,false
GA_Energy_Dominance_PC60,207,20.210000,0.078084088,9946.063,false
GA_Energy_Dominance_PC60,207,20.784000,0.077915919,10072.756,false
GA_Energy_Dominance_PC60,207,20.880000,0.077643312,9935.663,false
GA_Energy_Dominance_PC60,207,21.620000,0.077538469,9911.787,false
GA_Energy_Dominance_PC60,207,21.118000,0.077542979,10049.741,false
GA_Energy_Dominance_PC60,207,21.054000,0.077633560,9803.612,false
GA_Energy_Dominance_PC60,207,21.882000,0.077536695,9831.597,false
GA_Energy_Dominance_PC60,207,21.954000,0.077432870,10058.132,false
GA_Energy_Dominance_PC60,207,22.058000,0.077416699,9856.790,false
GA_Energy_Dominance_PC60,207,22.114000,0.075706664,10070.254,false
GA_Energy_Dominance_PC60,207,22.688000,0.075382463,9960.097,false
GA_Energy_Dominance_PC60,207,22.840000,0.075147189,9944.360,false
GA_Energy_Dominance_PC60,207,22.994000,0.074987565,9916.000,false
GA_Energy_Dominance_PC60,207,23.266000,0.074612642,9933.521,false
GA_Energy_Dominance_PC60,207,23.318000,0.074335982,9763.705,false
GA_Energy_Dominance_PC60,207,23.404000,0.074218456,9970.314,false
GA_Energy_Dominance_PC60,207,23.728000,0.074077048,9948.664,false
GA_Energy_Dominance_PC60,207,23.754000,0.073881315,10040.000,false
GA_Energy_Dominance_PC60,207,24.276000,0.073735868,9976.419,false
GA_Energy_Dominance_PC60,207,24.488000,0.073627704,9994.465,false
GA_Energy_Dominance_PC60,207,24.372000,0.073671267,10048.489,false
GA_Energy_Dominance_PC60,207,24.620000,0.073528023,9824.149,false
GA_Energy_Dominance_PC60,207,24.956000,0.073227319,9806.179,false
GA_Energy_Dominance_PC60,207,25.066000,0.072973476,9998.737,false
GA_Energy_Dominance_PC60,207,25.662000,0.072246357,9859.973,false
GA_Energy_Dominance_PC60,207,25.750000,0.072090958,9963.154,false
GA_Energy_Dominance_PC60,207,25.870000,0.072083848,9896.751,false
GA_Energy_Dominance_PC60,207,25.264000,0.072540789,10047.313,false
GA_Energy_Dominance_PC60,207,25.372000,0.072310850,9934.641,false
GA_Energy_Dominance_PC60,207,26.968000,0.071892925,9516.359,false
GA_Energy_Dominance_PC60,207,26.816000,0.071939824,9700.633,false
GA_Energy_Dominance_PC60,207,26.210000,0.071974714,9794.336,false
GA_Energy_Dominance_PC60,207,26.064000,0.072011450,9832.398,false
GA_Energy_Dominance_PC60,208,13.534000,0.081796177,10048.508,false
GA_Energy_Dominance_PC60,208,13.684000,0.081643465,10071.381,false
GA_Energy_Dominance_PC60,208,13.782000,0.081207972,10070.429,false
GA_Energy_Dominance_PC60,208,13.544000,0.081650506,10013.977,false
GA_Energy_Dominance_PC60,208,13.700000,0.081492056,10071.787,false
GA_Energy_Dominance_PC60,208,14.086000,0.081005406,10070.262,false
GA_Energy_Dominance_PC60,208,13.504000,0.081878278,9998.661,false
GA_Energy_Dominance_PC60,208,13.774000,0.081349337,10048.563,false
GA_Energy_Dominance_PC60,208,13.816000,0.081053771,10070.072,false
GA_Energy_Dominance_PC60,208,14.170000,0.079002702,10060.068,false
GA_Energy_Dominance_PC60,208,14.090000,0.079261917,10055.303,false
GA_Energy_Dominance_PC60,208,14.322000,0.078917009,10065.021,false
GA_Energy_Dominance_PC60,208,14.580000,0.078124199,10050.048,false
GA_Energy_Dominance_PC60,208,14.612000,0.077889319,10053.388,false
GA_Energy_Dominance_PC60,208,15.612000,0.077339926,10055.820,false
GA_Energy_Dominance_PC60,208,16.208000,0.075030782,10003.506,false
GA_Energy_Dominance_PC60,208,16.106000,0.075068553,10056.087,false
GA_Energy_Dominance_PC60,208,16.278000,0.074775920,9952.189,false
GA_Energy_Dominance_PC60,208,15.636000,0.075225350,10023.747,false
GA_Energy_Dominance_PC60,208,16.466000,0.074346773,10002.384,false
GA_Energy_Dominance_PC60,208,16.342000,0.074373385,10013.771,false
GA_Energy_Dominance_PC60,208,16.592000,0.074271902,9861.421,false
GA_Energy_Dominance_PC60,208,16.724000,0.074195843,10047.622,false
GA_Energy_Dominance_PC60,208,16.524000,0.074330262,9923.129,false
GA_Energy_Dominance_PC60,208,17.202000,0.074163286,9938.499,false
GA_Energy_Dominance_PC60,208,16.982000,0.074192151,9850.818,false
GA_Energy_Dominance_PC60,208,17.256000,0.072751236,9730.157,false
GA_Energy_Dominance_PC60,208,17.914000,0.072078052,9993.424,false
GA_Energy_Dominance_PC60,208,17.444000,0.072132491,9761.537,false
GA_Energy_Dominance_PC60,208,17.970000,0.072002309,9896.598,false
GA_Energy_Dominance_PC60,208,18.116000,0.071988443,9908.925,false
GA_Energy_Dominance_PC60,208,18.398000,0.071938143,9664.308,false
GA_Energy_Dominance_PC60,208,18.038000,0.071990868,9908.925,false
GA_Energy_Dominance_PC60,208,17.748000,0.072125428,9807.872,false
GA_Energy_Dominance_PC60,209,13.296000,0.083440287,10049.286,false
GA_Energy_Dominance_PC60,209,13.804000,0.083225409,10070.459,false
GA_Energy_Dominance_PC60,209,13.326000,0.083351110,10049.286,false
GA_Energy_Dominance_PC60,209,14.884000,0.082676338,10040.152,false
GA_Energy_Dominance_PC60,209,15.058000,0.082670500,10036.811,false
GA_Energy_Dominance_PC60,209,14.488000,0.082759254,10046.004,false
GA_Energy_Dominance_PC60,209,14.184000,0.082842317,10059.926,false
GA_Energy_Dominance_PC60,209,14.390000,0.082767306,10074.523,false
GA_Energy_Dominance_PC60,209,15.154000,0.082455378,10071.346,false
GA_Energy_Dominance_PC60,209,16.360000,0.081814173,10071.245,false
GA_Energy_Dominance_PC60,209,15.468000,0.082211619,10027.440,false
GA_Energy_Dominance_PC60,209,15.542000,0.081997465,10051.559,false
GA_Energy_Dominance_PC60,209,15.770000,0.081862989,10063.248,false
GA_Energy_Dominance_PC60,209,16.212000,0.081822629,10056.716,false
GA_Energy_Dominance_PC60,209,16.432000,0.081614301,10064.088,false
GA_Energy_Dominance_PC60,209,17.084000,0.081322008,10072.325,false
GA_Energy_Dominance_PC60,209,15.722000,0.081990408,9981.284,false
GA_Energy_Dominance_PC60,209,16.718000,0.081479387,10012.520,false
GA_Energy_Dominance_PC60,209,18.720000,0.080495818,10065.850,false
GA_Energy_Dominance_PC60,209,17.132000,0.080934040,10011.401,false
GA_Energy_Dominance_PC60,209,17.694000,0.080787742,9996.601,false
GA_Energy_Dominance_PC60,209,17.328000,0.080851734,9999.471,false
GA_Energy_Dominance_PC60,209,18.582000,0.080588470,10027.548,false
GA_Energy_Dominance_PC60,209,18.190000,0.080644002,10037.697,false
GA_Energy_Dominance_PC60,209,18.456000,0.080627371,10047.819,false
GA_Energy_Dominance_PC60,209,17.696000,0.080748971,9996.601,false
GA_Energy_Dominance_PC60,209,18.840000,0.080347311,10016.531,false
GA_Energy_Dominance_PC60,209,18.756000,0.080405915,10003.942,false
GA_Energy_Dominance_PC60,209,18.998000,0.080205789,10048.042,false
GA_Energy_Dominance_PC60,209,18.974000,0.080299217,9932.500,false
GA_Energy_Dominance_PC60,209,19.336000,0.079865522,9996.069,false
GA_Energy_Dominance_PC60,209,19.060000,0.080121354,10032.532,false
GA_Energy_Dominance_PC60,209,19.528000,0.079602744,10075.942,false
GA_Energy_Dominance_PC60,209,19.548000,0.079472467,10033.919,false
GA_Energy_Dominance_PC60,209,19.296000,0.080073110,10055.521,false
GA_Energy_Dominance_PC60,209,19.890000,0.078892322,9916.900,false
GA_Energy_Dominance_PC60,209,19.812000,0.078915271,9950.620,false
GA_Energy_Dominance_PC60,209,20.060000,0.078661660,10053.570,false
GA_Energy_Dominance_PC60,209,19.682000,0.079033154,10061.897,false
GA_Energy_Dominance_PC60,209,20.010000,0.078830997,9934.923,false
GA_Energy_Dominance_PC60,209,20.054000,0.078742836,10053.992,false
GA_Energy_Dominance_PC60,209,20.246000,0.078591046,9854.665,false
GA_Energy_Dominance_PC60,209,20.284000,0.077162918,10018.237,false
GA_Energy_Dominance_PC60,209,20.532000,0.076758824,10022.960,false
GA_Energy_Dominance_PC60,209,20.470000,0.076874196,9930.899,false
GA_Energy_Dominance_PC60,209,20.872000,0.076633334,9979.511,false
GA_Energy_Dominance_PC60,209,21.170000,0.075317329,9900.616,false
GA_Energy_Dominance_PC60,209,21.150000,0.075700649,9844.763,false
GA_Energy_Dominance_PC60,209,21.256000,0.074621153,9649.209,false
GA_Energy_Dominance_PC60,209,22.352000,0.074144782,9904.090,false
GA_Energy_Dominance_PC60,209,21.920000,0.074284353,9953.375,false
GA_Energy_Dominance_PC60,209,22.424000,0.073906375,9862.416,false
GA_Energy_Dominance_PC60,209,22.768000,0.073736712,9877.322,false
GA_Energy_Dominance_PC60,209,22.916000,0.073718329,9842.532,false
GA_Energy_Dominance_PC60,209,22.702000,0.073900070,10039.768,false
GA_Energy_Dominance_PC60,209,22.934000,0.073285502,9784.657,false
GA_Energy_Dominance_PC60,209,23.702000,0.073139775,9840.699,false
GA_Energy_Dominance_PC60,209,24.196000,0.073050569,9821.931,false
GA_Energy_Dominance_PC60,209,24.066000,0.073066405,9956.609,false
GA_Energy_Dominance_PC60,209,24.382000,0.073000436,10002.786,false
GA_Energy_Dominance_PC60,209,23.428000,0.073177749,9773.096,false
SA_WaitingTime_Dominance_PC60,200,7.282000,0.081889532,10075.762,false
SA_WaitingTime_Dominance_PC60,200,7.186000,0.082126913,10075.762,false
SA_WaitingTime_Dominance_PC60,200,7.182000,0.082147965,10075.762,false
SA_WaitingTime_Dominance_PC60,200,7.130000,0.082171766,10074.000,false
SA_WaitingTime_Dominance_PC60,200,7.058000,0.082511889,10074.692,false
SA_WaitingTime_Dominance_PC60,200,7.188000,0.082002542,10058.940,false
SA_WaitingTime_Dominance_PC60,200,7.072000,0.082292493,10058.940,false
SA_WaitingTime_Dominance_PC60,200,7.068000,0.082302425,10058.940,false
SA_WaitingTime_Dominance_PC60,200,6.788000,0.082842234,10076.030,false
SA_WaitingTime_Dominance_PC60,200,6.792000,0.082778198,10069.816,false
SA_WaitingTime_Dominance_PC60,200,6.760000,0.082844980,10059.352,false
SA_WaitingTime_Dominance_PC60,200,6.708000,0.083159010,10061.133,false
SA_WaitingTime_Dominance_PC60,200,6.716000,0.083098092,10061.133,false
SA_WaitingTime_Dominance_PC60,200,6.736000,0.082937709,10072.386,false
SA_WaitingTime_Dominance_PC60,200,6.734000,0.082975607,10067.882,false
SA_WaitingTime_Dominance_PC60,200,6.730000,0.083020102,10076.094,false
SA_WaitingTime_Dominance_PC60,200,6.720000,0.083062208,10076.094,false
SA_WaitingTime_Dominance_PC60,200,6.728000,0.083041155,10076.094,false
SA_WaitingTime_Dominance_PC60,200,6.842000,0.082763634,10068.876,false
SA_WaitingTime_Dominance_PC60,200,6.922000,0.082740324,10068.876,false
SA_WaitingTime_Dominance_PC60,201,7.520000,0.083222378,10059.654,false
SA_WaitingTime_Dominance_PC60,201,7.494000,0.083226957,10072.054,false
SA_WaitingTime_Dominance_PC60,201,7.466000,0.083274029,10072.054,false
SA_WaitingTime_Dominance_PC60,201,7.486000,0.083252976,10072.054,false
SA_WaitingTime_Dominance_PC60,201,7.534000,0.083189817,10073.814,false
SA_WaitingTime_Dominance_PC60,201,8.350000,0.082827094,10073.181,false
SA_WaitingTime_Dominance_PC60,201,8.224000,0.082971717,10050.840,false
SA_WaitingTime_Dominance_PC60,201,8.470000,0.082808655,10059.776,false
SA_WaitingTime_Dominance_PC60,201,8.474000,0.082770923,10065.629,false
SA_WaitingTime_Dominance_PC60,201,8.442000,0.082811162,10060.697,false
SA_WaitingTime_Dominance_PC60,201,8.478000,0.082612439,10060.697,false
SA_WaitingTime_Dominance_PC60,201,8.334000,0.082905254,10069.944,false
SA_WaitingTime_Dominance_PC60,201,8.078000,0.083073146,10067.707,false
SA_WaitingTime_Dominance_PC60,201,8.086000,0.082998200,10067.707,false
SA_WaitingTime_Dominance_PC60,201,8.058000,0.083082593,10066.704,false
SA_WaitingTime_Dominance_PC60,201,7.990000,0.083170191,10055.725,false
SA_WaitingTime_Dominance_PC60,201,7.008000,0.083381488,10072.223,false
SA_WaitingTime_Dominance_PC60,201,6.938000,0.083486752,10072.223,false
SA_WaitingTime_Dominance_PC60,201,6.948000,0.083467125,10054.530,false
SA_WaitingTime_Dominance_PC60,201,6.976000,0.083405549,10072.223,false
SA_WaitingTime_Dominance_PC60,201,6.852000,0.083652127,10075.278,false
SA_WaitingTime_Dominance_PC60,201,6.822000,0.083739754,10075.278,false
SA_WaitingTime_Dominance_PC60,201,6.890000,0.083591803,10075.789,false
SA_WaitingTime_Dominance_PC60,202,8.078000,0.082208948,10075.732,false
SA_WaitingTime_Dominance_PC60,202,8.040000,0.082266850,10075.732,false
SA_WaitingTime_Dominance_PC60,202,8.028000,0.082317389,10075.732,false
SA_WaitingTime_Dominance_PC60,202,6.714000,0.082797144,10069.477,false
SA_WaitingTime_Dominance_PC60,202,6.720000,0.082758373,10069.477,false
SA_WaitingTime_Dominance_PC60,202,6.766000,0.082661359,10069.477,false
SA_WaitingTime_Dominance_PC60,202,6.756000,0.082707465,10069.477,false
SA_WaitingTime_Dominance_PC60,202,6.706000,0.082818197,10069.477,false
SA_WaitingTime_Dominance_PC60,202,6.716000,0.082775811,10069.477,false
SA_WaitingTime_Dominance_PC60,202,6.698000,0.082960870,10069.477,false
SA_WaitingTime_Dominance_PC60,202,6.702000,0.082834277,10074.758,false
SA_WaitingTime_Dominance_PC60,202,6.692000,0.082999311,10074.758,false
SA_WaitingTime_Dominance_PC60,202,6.662000,0.083211827,10070.538,false
SA_WaitingTime_Dominance_PC60,202,6.620000,0.083258977,10070.538,false
SA_WaitingTime_Dominance_PC60,202,6.844000,0.082353271,10071.658,false
SA_WaitingTime_Dominance_PC60,203,6.654000,0.081924822,10070.271,false
SA_WaitingTime_Dominance_PC60,203,6.608000,0.082092369,10070.271,false
SA_WaitingTime_Dominance_PC60,203,6.624000,0.081957571,10070.271,false
SA_WaitingTime_Dominance_PC60,203,6.612000,0.082071405,10070.271,false
SA_WaitingTime_Dominance_PC60,203,6.598000,0.082546934,10059.212,false
SA_WaitingTime_Dominance_PC60,203,6.578000,0.082588172,10058.950,false
SA_WaitingTime_Dominance_PC60,203,6.592000,0.082570938,10058.950,false
SA_WaitingTime_Dominance_PC60,203,6.568000,0.082603703,10058.950,false
SA_WaitingTime_Dominance_PC60,203,6.596000,0.082567500,10058.950,false
SA_WaitingTime_Dominance_PC60,203,6.540000,0.082935530,10075.551,false
SA_WaitingTime_Dominance_PC60,203,6.514000,0.082997448,10055.842,false
SA_WaitingTime_Dominance_PC60,203,6.516000,0.082953155,10041.013,false
SA_WaitingTime_Dominance_PC60,203,6.426000,0.083000843,10061.020,false
SA_WaitingTime_Dominance_PC60,203,6.348000,0.083039614,10073.609,false
SA_WaitingTime_Dominance_PC60,203,6.342000,0.083255694,10072.163,false
SA_WaitingTime_Dominance_PC60,203,6.332000,0.083277501,10075.396,false
SA_WaitingTime_Dominance_PC60,203,6.322000,0.083281712,10075.396,false
SA_WaitingTime_Dominance_PC60,203,6.320000,0.083306427,10075.396,false
SA_WaitingTime_Dominance_PC60,204,7.216000,0.082052962,10071.131,false
SA_WaitingTime_Dominance_PC60,204,6.836000,0.082306685,10065.118,false
SA_WaitingTime_Dominance_PC60,204,6.830000,0.082328920,10065.118,false
SA_WaitingTime_Dominance_PC60,204,6.884000,0.082054475,10065.118,false
SA_WaitingTime_Dominance_PC60,204,6.872000,0.082126662,10065.794,false
SA_WaitingTime_Dominance_PC60,204,6.386000,0.082964181,10065.771,false
SA_WaitingTime_Dominance_PC60,204,6.350000,0.083028491,10075.468,false
SA_WaitingTime_Dominance_PC60,204,6.338000,0.083129752,10075.468,false
SA_WaitingTime_Dominance_PC60,204,6.312000,0.083206162,10075.468,false
SA_WaitingTime_Dominance_PC60,204,6.318000,0.083164056,10075.468,false
SA_WaitingTime_Dominance_PC60,204,6.174000,0.083662514,10074.554,false
SA_WaitingTime_Dominance_PC60,204,6.158000,0.083717676,10074.554,false
SA_WaitingTime_Dominance_PC60,204,6.152000,0.083981865,10074.554,false
SA_WaitingTime_Dominance_PC60,205,8.120000,0.082502836,10076.288,false
SA_WaitingTime_Dominance_PC60,205,6.808000,0.082972378,10066.003,false
SA_WaitingTime_Dominance_PC60,205,6.592000,0.083064023,10069.089,false
SA_WaitingTime_Dominance_PC60,205,6.338000,0.083492524,10069.561,false
SA_WaitingTime_Dominance_PC60,205,6.356000,0.083173174,10069.561,false
SA_WaitingTime_Dominance_PC60,205,6.340000,0.083337636,10070.887,false
SA_WaitingTime_Dominance_PC60,205,6.666000,0.082998555,10074.737,false
SA_WaitingTime_Dominance_PC60,205,6.694000,0.082972536,10074.737,false
SA_WaitingTime_Dominance_PC60,206,6.656000,0.081985514,10075.075,false
SA_WaitingTime_Dominance_PC60,206,6.586000,0.082146048,10072.918,false
SA_WaitingTime_Dominance_PC60,206,6.500000,0.082399668,10065.326,false
SA_WaitingTime_Dominance_PC60,206,6.508000,0.082202544,10066.329,false
SA_WaitingTime_Dominance_PC60,206,6.474000,0.082453535,10066.329,false
SA_WaitingTime_Dominance_PC60,206,6.468000,0.082474588,10066.329,false
SA_WaitingTime_Dominance_PC60,206,6.464000,0.082677559,10063.402,false
SA_WaitingTime_Dominance_PC60,206,6.466000,0.082673732,10048.157,false
SA_WaitingTime_Dominance_PC60,206,6.460000,0.082691578,10075.991,false
SA_WaitingTime_Dominance_PC60,206,6.458000,0.082733683,10075.991,false
SA_WaitingTime_Dominance_PC60,206,6.452000,0.082796841,10074.102,false
SA_WaitingTime_Dominance_PC60,207,6.936000,0.083487876,10075.026,false
SA_WaitingTime_Dominance_PC60,207,6.848000,0.083693382,10059.404,false
SA_WaitingTime_Dominance_PC60,207,6.870000,0.083646174,10073.870,false
SA_WaitingTime_Dominance_PC60,207,6.920000,0.083608539,10073.870,false
SA_WaitingTime_Dominance_PC60,207,7.054000,0.083445420,10059.404,false
SA_WaitingTime_Dominance_PC60,207,7.090000,0.082853861,10066.230,false
SA_WaitingTime_Dominance_PC60,207,7.070000,0.083134444,10062.057,false
SA_WaitingTime_Dominance_PC60,207,7.068000,0.083145659,10062.057,false
SA_WaitingTime_Dominance_PC60,207,6.266000,0.084310247,10072.298,false
SA_WaitingTime_Dominance_PC60,207,6.260000,0.084328935,10072.298,false
SA_WaitingTime_Dominance_PC60,207,6.270000,0.083900274,10072.298,false
SA_WaitingTime_Dominance_PC60,208,7.648000,0.082371151,10074.148,false
SA_WaitingTime_Dominance_PC60,208,8.230000,0.082228682,10076.287,false
SA_WaitingTime_Dominance_PC60,208,8.418000,0.082021051,10063.294,false
SA_WaitingTime_Dominance_PC60,208,8.340000,0.082121070,10063.294,false
SA_WaitingTime_Dominance_PC60,208,8.330000,0.082193493,10063.294,false
SA_WaitingTime_Dominance_PC60,208,7.654000,0.082248496,10059.024,false
SA_WaitingTime_Dominance_PC60,208,7.482000,0.082373149,10063.387,false
SA_WaitingTime_Dominance_PC60,208,6.996000,0.082412727,10050.014,false
SA_WaitingTime_Dominance_PC60,208,6.994000,0.082832242,10051.017,false
SA_WaitingTime_Dominance_PC60,208,6.978000,0.082836507,10051.017,false
SA_WaitingTime_Dominance_PC60,209,7.336000,0.082439442,10076.223,false
SA_WaitingTime_Dominance_PC60,209,6.546000,0.082593844,10073.742,false
SA_WaitingTime_Dominance_PC60,209,6.420000,0.082863015,10073.742,false
SA_WaitingTime_Dominance_PC60,209,6.440000,0.082712214,10075.550,false
SA_WaitingTime_Dominance_PC60,209,6.426000,0.082812383,10075.550,false
SA_WaitingTime_Dominance_PC60,209,6.278000,0.082960843,10075.667,false
SA_WaitingTime_Dominance_PC60,209,6.280000,0.082863626,10075.667,false
SA_WaitingTime_Dominance_PC60,209,6.268000,0.083180274,10073.789,false
SA_Energy_Dominance_PC60,200,15.908000,0.080828122,10041.600,false
SA_Energy_Dominance_PC60,200,15.994000,0.080753148,10041.600,false
SA_Energy_Dominance_PC60,200,16.056000,0.080592861,10068.325,false
SA_Energy_Dominance_PC60,200,16.514000,0.080387971,9976.167,false
SA_Energy_Dominance_PC60,200,16.616000,0.080279427,10064.255,false
SA_Energy_Dominance_PC60,200,16.770000,0.080203745,10064.255,false
SA_Energy_Dominance_PC60,200,16.810000,0.080132491,10025.264,false
SA_Energy_Dominance_PC60,200,16.806000,0.080185720,10034.526,false
SA_Energy_Dominance_PC60,200,16.942000,0.080046481,10014.519,false
SA_Energy_Dominance_PC60,200,17.512000,0.079635853,9839.245,false
SA_Energy_Dominance_PC60,200,17.408000,0.079646641,9970.702,false
SA_Energy_Dominance_PC60,200,17.354000,0.079652255,9958.113,false
SA_Energy_Dominance_PC60,200,17.286000,0.079745985,9958.113,false
SA_Energy_Dominance_PC60,200,17.328000,0.079663329,10040.919,false
SA_Energy_Dominance_PC60,200,17.326000,0.079737994,10040.919,false
SA_Energy_Dominance_PC60,200,17.576000,0.079635835,10040.919,false
SA_Energy_Dominance_PC60,200,17.826000,0.079525400,10040.919,false
SA_Energy_Dominance_PC60,200,17.636000,0.079564117,10040.919,false
SA_Energy_Dominance_PC60,200,18.136000,0.079440966,9949.047,false
SA_Energy_Dominance_PC60,200,18.340000,0.079356498,9949.047,false
SA_Energy_Dominance_PC60,200,18.520000,0.079241876,10051.620,false
SA_Energy_Dominance_PC60,200,18.412000,0.079280974,10051.620,false
SA_Energy_Dominance_PC60,200,18.574000,0.079194805,10051.620,false
SA_Energy_Dominance_PC60,200,18.672000,0.079161148,10051.620,false
SA_Energy_Dominance_PC60,200,18.772000,0.079115704,10051.620,false
SA_Energy_Dominance_PC60,200,19.068000,0.078638316,9939.364,false
SA_Energy_Dominance_PC60,200,18.900000,0.078849800,9939.364,false
SA_Energy_Dominance_PC60,200,19.148000,0.078426412,9927.085,false
SA_Energy_Dominance_PC60,200,19.164000,0.078375943,9920.940,false
SA_Energy_Dominance_PC60,200,19.230000,0.078240546,9941.424,false
SA_Energy_Dominance_PC60,200,19.494000,0.078203635,9956.349,false
SA_Energy_Dominance_PC60,200,19.726000,0.078113189,10029.531,false
SA_Energy_Dominance_PC60,200,19.802000,0.078103461,10029.531,false
SA_Energy_Dominance_PC60,200,19.606000,0.078130292,10002.806,false
SA_Energy_Dominance_PC60,200,19.588000,0.078192445,10002.806,false
SA_Energy_Dominance_PC60,200,19.952000,0.078071029,10052.287,false
SA_Energy_Dominance_PC60,200,19.896000,0.078086560,10052.287,false
SA_Energy_Dominance_PC60,200,20.208000,0.077296844,10050.974,false
SA_Energy_Dominance_PC60,200,20.162000,0.077386099,10050.974,false
SA_Energy_Dominance_PC60,200,20.012000,0.077526782,10050.974,false
SA_Energy_Dominance_PC60,200,20.726000,0.077145732,10065.440,false
SA_Energy_Dominance_PC60,200,20.722000,0.077195170,10065.440,false
SA_Energy_Dominance_PC60,200,20.812000,0.077139443,10065.440,false
SA_Energy_Dominance_PC60,200,20.700000,0.077276297,10065.440,false
SA_Energy_Dominance_PC60,200,20.952000,0.077095151,10065.440,false
SA_Energy_Dominance_PC60,200,20.966000,0.077030354,10073.506,false
SA_Energy_Dominance_PC60,200,21.028000,0.076811468,9939.299,false
SA_Energy_Dominance_PC60,200,21.128000,0.076614508,9939.299,false
SA_Energy_Dominance_PC60,200,21.062000,0.076673307,9946.109,false
SA_Energy_Dominance_PC60,200,21.544000,0.075600443,10069.789,false
SA_Energy_Dominance_PC60,200,21.276000,0.076010022,10069.789,false
SA_Energy_Dominance_PC60,200,21.626000,0.075567914,10069.789,false
SA_Energy_Dominance_PC60,200,21.784000,0.075479926,10056.761,false
SA_Energy_Dominance_PC60,200,21.878000,0.075465266,10053.257,false
SA_Energy_Dominance_PC60,200,22.676000,0.075074708,10019.187,false
SA_Energy_Dominance_PC60,200,21.974000,0.075259503,10043.087,false
SA_Energy_Dominance_PC60,200,22.762000,0.075025527,9943.801,false
SA_Energy_Dominance_PC60,200,22.480000,0.075134076,10007.877,false
SA_Energy_Dominance_PC60,200,22.962000,0.074807822,9967.468,false
SA_Energy_Dominance_PC60,200,22.912000,0.074897380,10025.502,false
SA_Energy_Dominance_PC60,200,23.324000,0.074358568,10030.252,false
SA_Energy_Dominance_PC60,200,23.150000,0.074418962,10030.252,false
SA_Energy_Dominance_PC60,200,23.244000,0.074368381,10030.252,false
SA_Energy_Dominance_PC60,200,23.002000,0.074549382,10037.755,false
SA_Energy_Dominance_PC60,200,23.542000,0.074241648,10067.706,false
SA_Energy_Dominance_PC60,200,23.872000,0.074093666,10067.706,false
SA_Energy_Dominance_PC60,200,23.708000,0.074212215,9986.958,false
SA_Energy_Dominance_PC60,200,23.944000,0.073877436,9945.892,false
SA_Energy_Dominance_PC60,200,24.046000,0.073804073,9917.093,false
SA_Energy_Dominance_PC60,200,23.874000,0.073968656,9913.860,false
SA_Energy_Dominance_PC60,200,24.292000,0.069826573,9483.060,false
SA_Energy_Dominance_PC60,200,24.590000,0.069507455,9407.570,false
SA_Energy_Dominance_PC60,200,24.394000,0.069649495,9386.221,false
SA_Energy_Dominance_PC60,200,24.266000,0.070204451,9923.322,false
SA_Energy_Dominance_PC60,200,24.448000,0.069527902,9490.274,false
SA_Energy_Dominance_PC60,201,18.612000,0.081225042,10031.812,false
SA_Energy_Dominance_PC60,201,18.644000,0.080887256,10005.682,false
SA_Energy_Dominance_PC60,201,18.676000,0.080872295,10021.612,false
SA_Energy_Dominance_PC60,201,19.128000,0.080748420,10021.612,false
SA_Energy_Dominance_PC60,201,19.158000,0.080697734,10048.337,false
SA_Energy_Dominance_PC60,201,19.332000,0.080689188,10048.337,false
SA_Energy_Dominance_PC60,201,18.008000,0.081734900,10060.060,false
SA_Energy_Dominance_PC60,201,18.324000,0.081338352,10068.335,false
SA_Energy_Dominance_PC60,201,18.468000,0.081320609,10068.335,false
SA_Energy_Dominance_PC60,201,18.482000,0.081299556,10070.565,false
SA_Energy_Dominance_PC60,201,19.510000,0.080670767,10056.590,false
SA_Energy_Dominance_PC60,201,22.704000,0.080451659,10069.803,false
SA_Energy_Dominance_PC60,201,22.914000,0.080328350,10069.803,false
SA_Energy_Dominance_PC60,201,24.368000,0.079861755,10075.828,false
SA_Energy_Dominance_PC60,201,25.502000,0.078359784,10055.073,false
SA_Energy_Dominance_PC60,201,24.784000,0.078376825,10060.472,false
SA_Energy_Dominance_PC60,201,27.136000,0.077826188,9928.086,false
SA_Energy_Dominance_PC60,201,26.712000,0.077881216,10049.057,false
SA_Energy_Dominance_PC60,201,27.326000,0.069157443,9849.483,false
SA_Energy_Dominance_PC60,201,27.618000,0.069080288,9841.104,false
SA_Energy_Dominance_PC60,201,27.438000,0.069125732,9841.104,false
SA_Energy_Dominance_PC60,201,27.252000,0.069347958,9841.104,false
SA_Energy_Dominance_PC60,202,17.350000,0.081587525,10025.778,false
SA_Energy_Dominance_PC60,202,17.132000,0.081629092,10009.848,false
SA_Energy_Dominance_PC60,202,16.698000,0.081811006,10029.214,false
SA_Energy_Dominance_PC60,202,17.018000,0.081727536,10055.939,false
SA_Energy_Dominance_PC60,202,17.022000,0.081721484,10044.318,false
SA_Energy_Dominance_PC60,202,17.510000,0.081385126,10065.568,false
SA_Energy_Dominance_PC60,202,17.490000,0.081410360,10065.568,false
SA_Energy_Dominance_PC60,202,18.300000,0.081342594,9986.701,false
SA_Energy_Dominance_PC60,202,18.262000,0.081369586,9983.275,false
SA_Energy_Dominance_PC60,202,18.378000,0.081077158,10069.762,false
SA_Energy_Dominance_PC60,202,18.752000,0.080685907,10069.762,false
SA_Energy_Dominance_PC60,202,18.724000,0.080943360,10068.489,false
SA_Energy_Dominance_PC60,202,24.128000,0.080482721,10033.340,false
SA_Energy_Dominance_PC60,202,23.914000,0.080484908,10033.340,false
SA_Energy_Dominance_PC60,202,23.840000,0.080621851,10007.226,false
SA_Energy_Dominance_PC60,202,24.344000,0.078924340,9970.091,false
SA_Energy_Dominance_PC60,202,24.154000,0.079011344,9970.091,false
SA_Energy_Dominance_PC60,202,24.556000,0.078668233,10040.402,false
SA_Energy_Dominance_PC60,202,24.754000,0.078610349,9922.404,false
SA_Energy_Dominance_PC60,202,24.994000,0.078514460,9922.404,false
SA_Energy_Dominance_PC60,202,24.580000,0.078617986,9971.501,false
SA_Energy_Dominance_PC60,202,25.192000,0.078505143,9959.889,false
SA_Energy_Dominance_PC60,202,24.838000,0.078534598,9959.889,false
SA_Energy_Dominance_PC60,202,24.492000,0.078731162,9947.721,false
SA_Energy_Dominance_PC60,202,25.808000,0.078502976,10029.211,false
SA_Energy_Dominance_PC60,202,27.082000,0.078238851,9964.628,false
SA_Energy_Dominance_PC60,202,29.248000,0.068732577,9261.871,false
SA_Energy_Dominance_PC60,202,27.996000,0.068865668,8813.219,false
SA_Energy_Dominance_PC60,202,27.418000,0.069212176,8861.436,false
SA_Energy_Dominance_PC60,202,28.188000,0.068732577,8861.436,false
SA_Energy_Dominance_PC60,203,18.886000,0.080160661,10025.106,false
SA_Energy_Dominance_PC60,203,18.278000,0.080530480,10025.106,false
SA_Energy_Dominance_PC60,203,18.880000,0.080186592,10027.728,false
SA_Energy_Dominance_PC60,203,18.730000,0.080243670,10054.487,false
SA_Energy_Dominance_PC60,203,18.662000,0.080366652,10054.487,false
SA_Energy_Dominance_PC60,203,18.716000,0.080325194,10033.691,false
SA_Energy_Dominance_PC60,203,18.132000,0.080613204,10046.280,false
SA_Energy_Dominance_PC60,203,16.868000,0.080714393,10075.112,false
SA_Energy_Dominance_PC60,203,16.776000,0.080816008,10075.112,false
SA_Energy_Dominance_PC60,203,16.824000,0.080770674,10058.304,false
SA_Energy_Dominance_PC60,203,16.770000,0.080900558,10074.431,false
SA_Energy_Dominance_PC60,203,16.348000,0.081366218,10061.823,false
SA_Energy_Dominance_PC60,203,16.288000,0.081569034,10020.093,false
SA_Energy_Dominance_PC60,203,16.264000,0.081650664,10072.755,false
SA_Energy_Dominance_PC60,203,20.336000,0.078396977,10068.423,false
SA_Energy_Dominance_PC60,203,20.282000,0.078460674,9996.084,false
SA_Energy_Dominance_PC60,203,20.420000,0.078256590,9813.755,false
SA_Energy_Dominance_PC60,203,20.516000,0.078221047,10024.855,false
SA_Energy_Dominance_PC60,203,19.538000,0.078461796,10021.066,false
SA_Energy_Dominance_PC60,203,20.374000,0.078282879,10021.327,false
SA_Energy_Dominance_PC60,203,20.624000,0.078211295,10021.327,false
SA_Energy_Dominance_PC60,203,20.812000,0.078208319,10057.739,false
SA_Energy_Dominance_PC60,203,20.938000,0.078106602,9976.990,false
SA_Energy_Dominance_PC60,203,20.850000,0.078128253,10025.773,false
SA_Energy_Dominance_PC60,203,21.076000,0.078083665,10021.260,false
SA_Energy_Dominance_PC60,203,21.202000,0.078038011,9964.814,false
SA_Energy_Dominance_PC60,203,21.282000,0.078016958,9964.814,false
SA_Energy_Dominance_PC60,203,21.294000,0.077974852,9938.298,false
SA_Energy_Dominance_PC60,203,21.348000,0.077972577,9950.887,false
SA_Energy_Dominance_PC60,203,21.418000,0.077951525,9967.816,false
SA_Energy_Dominance_PC60,203,21.554000,0.077930472,9977.612,false
SA_Energy_Dominance_PC60,203,22.022000,0.074947693,10070.938,false
SA_Energy_Dominance_PC60,203,21.752000,0.075021841,10059.317,false
SA_Energy_Dominance_PC60,203,22.142000,0.074929289,9980.664,false
SA_Energy_Dominance_PC60,203,22.586000,0.074881165,10028.737,false
SA_Energy_Dominance_PC60,203,22.742000,0.074841343,10046.314,false
SA_Energy_Dominance_PC60,203,22.980000,0.072667703,9562.864,false
SA_Energy_Dominance_PC60,203,22.844000,0.072683596,9760.045,false
SA_Energy_Dominance_PC60,203,23.408000,0.072571735,9788.602,false
SA_Energy_Dominance_PC60,203,23.282000,0.072578731,9945.065,false
SA_Energy_Dominance_PC60,203,23.482000,0.072550682,9999.702,false
SA_Energy_Dominance_PC60,203,24.316000,0.068704092,9889.354,false
SA_Energy_Dominance_PC60,203,24.224000,0.069142458,9889.354,false
SA_Energy_Dominance_PC60,203,24.460000,0.068673181,9913.254,false
SA_Energy_Dominance_PC60,203,24.588000,0.068658244,9889.354,false
SA_Energy_Dominance_PC60,203,24.138000,0.069323181,9693.980,false
SA_Energy_Dominance_PC60,204,18.804000,0.081381759,10049.152,false
SA_Energy_Dominance_PC60,204,18.448000,0.081652554,10036.563,false
SA_Energy_Dominance_PC60,204,18.412000,0.081712862,10075.573,false
SA_Energy_Dominance_PC60,204,18.166000,0.082326033,10054.860,false
SA_Energy_Dominance_PC60,204,21.008000,0.079008771,10074.497,false
SA_Energy_Dominance_PC60,204,21.058000,0.078932780,10074.497,false
SA_Energy_Dominance_PC60,204,21.560000,0.078851280,10069.991,false
SA_Energy_Dominance_PC60,204,20.418000,0.079513697,10062.710,false
SA_Energy_Dominance_PC60,204,20.628000,0.079302510,10059.816,false
SA_Energy_Dominance_PC60,204,20.812000,0.079074622,9979.169,false
SA_Energy_Dominance_PC60,204,20.054000,0.080228318,10061.699,false
SA_Energy_Dominance_PC60,204,20.212000,0.080118393,10061.699,false
SA_Energy_Dominance_PC60,204,23.034000,0.078783023,10054.288,false
SA_Energy_Dominance_PC60,204,23.266000,0.078485909,10064.789,false
SA_Energy_Dominance_PC60,204,23.210000,0.078748580,10064.789,false
SA_Energy_Dominance_PC60,204,23.896000,0.070230878,9224.246,false
SA_Energy_Dominance_PC60,204,23.994000,0.070193637,9224.246,false
SA_Energy_Dominance_PC60,204,24.094000,0.070161430,9280.668,false
SA_Energy_Dominance_PC60,204,24.292000,0.070153806,9572.723,false
SA_Energy_Dominance_PC60,204,24.712000,0.070150982,9590.070,false
SA_Energy_Dominance_PC60,204,24.414000,0.070150982,9467.147,false
SA_Energy_Dominance_PC60,205,17.092000,0.084495584,9977.435,false
SA_Energy_Dominance_PC60,205,17.364000,0.084369565,10065.623,false
SA_Energy_Dominance_PC60,205,18.534000,0.082248065,10056.374,false
SA_Energy_Dominance_PC60,205,17.896000,0.082488522,10064.547,false
SA_Energy_Dominance_PC60,205,17.786000,0.082500870,10064.547,false
SA_Energy_Dominance_PC60,205,17.738000,0.082520802,10064.547,false
SA_Energy_Dominance_PC60,205,17.986000,0.082353629,10062.579,false
SA_Energy_Dominance_PC60,205,17.596000,0.082716694,10054.742,false
SA_Energy_Dominance_PC60,205,18.656000,0.081798184,10031.624,false
SA_Energy_Dominance_PC60,205,18.696000,0.081225503,10073.071,false
SA_Energy_Dominance_PC60,205,18.712000,0.080922837,10073.071,false
SA_Energy_Dominance_PC60,205,19.036000,0.078517610,9968.306,false
SA_Energy_Dominance_PC60,205,18.892000,0.078787632,9988.568,false
SA_Energy_Dominance_PC60,205,19.080000,0.078395742,10028.736,false
SA_Energy_Dominance_PC60,205,19.204000,0.078010532,10071.050,false
SA_Energy_Dominance_PC60,205,19.498000,0.076838970,10058.806,false
SA_Energy_Dominance_PC60,205,19.466000,0.076865545,10058.806,false
SA_Energy_Dominance_PC60,205,19.420000,0.076917373,10061.632,false
SA_Energy_Dominance_PC60,205,19.798000,0.075703178,10016.685,false
SA_Energy_Dominance_PC60,205,19.718000,0.075804780,10016.685,false
SA_Energy_Dominance_PC60,205,19.568000,0.075937804,10016.685,false
SA_Energy_Dominance_PC60,205,19.842000,0.075667423,10000.941,false
SA_Energy_Dominance_PC60,205,19.852000,0.075472973,10054.129,false
SA_Energy_Dominance_PC60,205,20.158000,0.075439686,10070.059,false
SA_Energy_Dominance_PC60,205,20.162000,0.075196775,10004.714,false
SA_Energy_Dominance_PC60,205,20.222000,0.075181244,9980.219,false
SA_Energy_Dominance_PC60,205,20.436000,0.075116458,10033.669,false
SA_Energy_Dominance_PC60,205,20.562000,0.075110315,9976.821,false
SA_Energy_Dominance_PC60,205,20.838000,0.075022786,10061.950,false
SA_Energy_Dominance_PC60,205,20.776000,0.075072224,10061.950,false
SA_Energy_Dominance_PC60,205,21.350000,0.074723003,9908.832,false
SA_Energy_Dominance_PC60,205,21.156000,0.074792396,9908.832,false
SA_Energy_Dominance_PC60,205,21.402000,0.074711595,9879.460,false
SA_Energy_Dominance_PC60,205,21.620000,0.069695315,8498.668,false
SA_Energy_Dominance_PC60,205,21.754000,0.069687847,8399.354,false
SA_Energy_Dominance_PC60,205,21.828000,0.069667101,8299.279,false
SA_Energy_Dominance_PC60,205,21.564000,0.069973461,8341.011,false
SA_Energy_Dominance_PC60,206,20.364000,0.082689253,10043.434,false
SA_Energy_Dominance_PC60,206,19.276000,0.085103924,10056.209,false
SA_Energy_Dominance_PC60,206,19.284000,0.084572407,10056.209,false
SA_Energy_Dominance_PC60,206,22.542000,0.082617225,9997.124,false
SA_Energy_Dominance_PC60,206,22.422000,0.082680383,9997.124,false
SA_Energy_Dominance_PC60,206,22.574000,0.081818990,10036.695,false
SA_Energy_Dominance_PC60,206,23.154000,0.081520702,10037.698,false
SA_Energy_Dominance_PC60,206,23.046000,0.081599011,10037.698,false
SA_Energy_Dominance_PC60,206,23.124000,0.081580526,10037.698,false
SA_Energy_Dominance_PC60,206,23.220000,0.079073115,10069.151,false
SA_Energy_Dominance_PC60,206,23.448000,0.078801687,10071.338,false
SA_Energy_Dominance_PC60,206,23.476000,0.078442664,10074.678,false
SA_Energy_Dominance_PC60,206,23.550000,0.078395592,10074.678,false
SA_Energy_Dominance_PC60,206,23.854000,0.078151146,10073.675,false
SA_Energy_Dominance_PC60,206,23.942000,0.078106358,10075.770,false
SA_Energy_Dominance_PC60,206,23.974000,0.070438584,10021.532,false
SA_Energy_Dominance_PC60,206,24.168000,0.069880375,10010.923,false
SA_Energy_Dominance_PC60,206,24.296000,0.069838622,9935.102,false
SA_Energy_Dominance_PC60,206,24.080000,0.069960058,9935.102,false
SA_Energy_Dominance_PC60,206,24.856000,0.069838622,9866.778,false
SA_Energy_Dominance_PC60,207,16.664000,0.084144420,10071.544,false
SA_Energy_Dominance_PC60,207,16.464000,0.084528009,10072.997,false
SA_Energy_Dominance_PC60,207,16.928000,0.082502583,10071.502,false
SA_Energy_Dominance_PC60,207,16.822000,0.082591642,10071.502,false
SA_Energy_Dominance_PC60,207,17.064000,0.082430149,10061.559,false
SA_Energy_Dominance_PC60,207,17.098000,0.082258479,10039.976,false
SA_Energy_Dominance_PC60,207,17.162000,0.081859958,10027.387,false
SA_Energy_Dominance_PC60,207,17.408000,0.081766435,10052.610,false
SA_Energy_Dominance_PC60,207,17.538000,0.081682224,10068.327,false
SA_Energy_Dominance_PC60,207,17.548000,0.081498651,10064.986,false
SA_Energy_Dominance_PC60,207,17.566000,0.081400103,10054.893,false
SA_Energy_Dominance_PC60,207,17.682000,0.081295987,10054.893,false
SA_Energy_Dominance_PC60,207,17.750000,0.081274934,10054.893,false
SA_Energy_Dominance_PC60,207,17.856000,0.081109471,10032.702,false
SA_Energy_Dominance_PC60,207,18.024000,0.080690833,10017.830,false
SA_Energy_Dominance_PC60,207,17.966000,0.080711238,10017.830,false
SA_Energy_Dominance_PC60,207,17.868000,0.080768915,10017.830,false
SA_Energy_Dominance_PC60,207,18.392000,0.080640856,10017.830,false
SA_Energy_Dominance_PC60,207,18.458000,0.080633451,10017.830,false
SA_Energy_Dominance_PC60,207,18.550000,0.080583733,10073.127,false
SA_Energy_Dominance_PC60,207,18.780000,0.080029588,9929.630,false
SA_Energy_Dominance_PC60,207,18.834000,0.080007296,9929.630,false
SA_Energy_Dominance_PC60,207,18.616000,0.080079741,9915.899,false
SA_Energy_Dominance_PC60,207,18.810000,0.080028121,9994.814,false
SA_Energy_Dominance_PC60,207,19.240000,0.079990454,10008.109,false
SA_Energy_Dominance_PC60,207,19.430000,0.079958803,10008.109,false
SA_Energy_Dominance_PC60,207,19.464000,0.079942853,10008.109,false
SA_Energy_Dominance_PC60,207,19.712000,0.079825945,10008.109,false
SA_Energy_Dominance_PC60,207,19.784000,0.079820331,10008.109,false
SA_Energy_Dominance_PC60,207,19.844000,0.079806991,10008.109,false
SA_Energy_Dominance_PC60,207,19.998000,0.079779164,10034.834,false
SA_Energy_Dominance_PC60,207,20.252000,0.079589913,10075.721,false
SA_Energy_Dominance_PC60,207,20.144000,0.079624879,10075.721,false
SA_Energy_Dominance_PC60,207,20.388000,0.079547807,10075.721,false
SA_Energy_Dominance_PC60,207,20.660000,0.079480906,10075.721,false
SA_Energy_Dominance_PC60,207,20.672000,0.079293271,10071.847,false
SA_Energy_Dominance_PC60,207,20.710000,0.078246044,10054.110,false
SA_Energy_Dominance_PC60,207,20.764000,0.078246044,10054.110,false
SA_Energy_Dominance_PC60,207,21.008000,0.078037522,10071.084,false
SA_Energy_Dominance_PC60,207,20.866000,0.078183811,10060.882,false
SA_Energy_Dominance_PC60,207,21.010000,0.070395938,9832.059,false
SA_Energy_Dominance_PC60,207,21.076000,0.070186862,9481.221,false
SA_Energy_Dominance_PC60,207,21.250000,0.069935903,9858.222,false
SA_Energy_Dominance_PC60,207,21.300000,0.069932583,9836.291,false
SA_Energy_Dominance_PC60,207,21.214000,0.070111775,9108.841,false
SA_Energy_Dominance_PC60,207,21.426000,0.069924038,9463.308,false
SA_Energy_Dominance_PC60,208,18.108000,0.083335594,10070.488,false
SA_Energy_Dominance_PC60,208,17.604000,0.083509233,10070.488,false
SA_Energy_Dominance_PC60,208,18.172000,0.083089328,10073.120,false
SA_Energy_Dominance_PC60,208,18.194000,0.083039891,10073.120,false
SA_Energy_Dominance_PC60,208,18.368000,0.081830173,10023.379,false
SA_Energy_Dominance_PC60,208,18.594000,0.081723158,10070.889,false
SA_Energy_Dominance_PC60,208,18.422000,0.081788199,10070.889,false
SA_Energy_Dominance_PC60,208,19.010000,0.081606001,10026.619,false
SA_Energy_Dominance_PC60,208,18.604000,0.081677032,10041.912,false
SA_Energy_Dominance_PC60,208,18.704000,0.081655979,10046.103,false
SA_Energy_Dominance_PC60,208,19.050000,0.081604625,10072.369,false
SA_Energy_Dominance_PC60,208,18.942000,0.081639215,10072.369,false
SA_Energy_Dominance_PC60,208,19.380000,0.080998057,9951.263,false
SA_Energy_Dominance_PC60,208,19.458000,0.080825056,9951.263,false
SA_Energy_Dominance_PC60,208,19.602000,0.080752202,10034.430,false
SA_Energy_Dominance_PC60,208,19.688000,0.080749046,10034.065,false
SA_Energy_Dominance_PC60,208,19.776000,0.080450765,10034.065,false
SA_Energy_Dominance_PC60,208,19.124000,0.081284585,10052.868,false
SA_Energy_Dominance_PC60,208,19.238000,0.081244106,10052.868,false
SA_Energy_Dominance_PC60,208,19.304000,0.081156042,10052.868,false
SA_Energy_Dominance_PC60,208,19.420000,0.080861831,10056.208,false
SA_Energy_Dominance_PC60,208,23.390000,0.079942485,9995.653,false
SA_Energy_Dominance_PC60,208,23.426000,0.079895404,9995.653,false
SA_Energy_Dominance_PC60,208,23.858000,0.079586319,10011.547,false
SA_Energy_Dominance_PC60,208,23.778000,0.079607372,9989.139,false
SA_Energy_Dominance_PC60,208,23.614000,0.079651378,9989.139,false
SA_Energy_Dominance_PC60,208,24.220000,0.079436083,10043.625,false
SA_Energy_Dominance_PC60,208,24.998000,0.077599496,10037.524,false
SA_Energy_Dominance_PC60,208,24.916000,0.077778759,10037.524,false
SA_Energy_Dominance_PC60,208,24.922000,0.077659623,10037.524,false
SA_Energy_Dominance_PC60,208,25.150000,0.077556400,10041.096,false
SA_Energy_Dominance_PC60,208,25.568000,0.077545172,10041.096,false
SA_Energy_Dominance_PC60,208,25.588000,0.077475152,9980.093,false
SA_Energy_Dominance_PC60,208,24.740000,0.078072353,10013.844,false
SA_Energy_Dominance_PC60,208,26.004000,0.077330255,10001.101,false
SA_Energy_Dominance_PC60,208,25.678000,0.077386958,10012.797,false
SA_Energy_Dominance_PC60,208,25.862000,0.077340281,10012.797,false
SA_Energy_Dominance_PC60,208,24.450000,0.078535846,10050.962,false
SA_Energy_Dominance_PC60,208,24.248000,0.078669780,10054.195,false
SA_Energy_Dominance_PC60,208,24.528000,0.078450378,9938.623,false
SA_Energy_Dominance_PC60,208,26.628000,0.070808417,9920.001,false
SA_Energy_Dominance_PC60,208,26.946000,0.070523125,9920.001,false
SA_Energy_Dominance_PC60,208,26.812000,0.070576707,9893.276,false
SA_Energy_Dominance_PC60,208,27.042000,0.070519805,9965.066,false
SA_Energy_Dominance_PC60,208,27.768000,0.070519805,9812.573,false
SA_Energy_Dominance_PC60,209,15.664000,0.083251459,10040.873,false
SA_Energy_Dominance_PC60,209,16.030000,0.083185772,10041.139,false
SA_Energy_Dominance_PC60,209,16.284000,0.083106538,10041.139,false
SA_Energy_Dominance_PC60,209,16.170000,0.083171597,10041.139,false
SA_Energy_Dominance_PC60,209,16.272000,0.083157486,10018.767,false
SA_Energy_Dominance_PC60,209,16.286000,0.083053849,10018.767,false
SA_Energy_Dominance_PC60,209,16.394000,0.082950924,10063.900,false
SA_Energy_Dominance_PC60,209,16.296000,0.082987834,10063.900,false
SA_Energy_Dominance_PC60,209,16.382000,0.082952868,10063.900,false
SA_Energy_Dominance_PC60,209,16.424000,0.082876118,10063.900,false
SA_Energy_Dominance_PC60,209,16.320000,0.082963121,10042.305,false
SA_Energy_Dominance_PC60,209,16.466000,0.082867030,10047.713,false
SA_Energy_Dominance_PC60,209,16.546000,0.082857098,10047.713,false
SA_Energy_Dominance_PC60,209,16.994000,0.082851076,10047.713,false
SA_Energy_Dominance_PC60,209,17.228000,0.082841457,10047.713,false
SA_Energy_Dominance_PC60,209,17.380000,0.082774405,9996.245,false
SA_Energy_Dominance_PC60,209,17.524000,0.082733325,9996.245,false
SA_Energy_Dominance_PC60,209,17.554000,0.082702536,9996.245,false
SA_Energy_Dominance_PC60,209,18.888000,0.080988196,10017.637,false
SA_Energy_Dominance_PC60,209,17.626000,0.081691127,10035.719,false
SA_Energy_Dominance_PC60,209,18.232000,0.081015614,10049.468,false
SA_Energy_Dominance_PC60,209,17.902000,0.081095873,10049.468,false
SA_Energy_Dominance_PC60,209,18.200000,0.081061883,10049.468,false
SA_Energy_Dominance_PC60,209,17.772000,0.081569981,10055.103,false
SA_Energy_Dominance_PC60,209,17.832000,0.081531210,10055.103,false
SA_Energy_Dominance_PC60,209,17.872000,0.081399260,10066.178,false
SA_Energy_Dominance_PC60,209,20.334000,0.080800129,10053.298,false
SA_Energy_Dominance_PC60,209,20.242000,0.080865098,10053.298,false
SA_Energy_Dominance_PC60,209,20.288000,0.080829762,10009.028,false
SA_Energy_Dominance_PC60,209,21.070000,0.079281234,10049.398,false
SA_Energy_Dominance_PC60,209,20.436000,0.079609327,10053.271,false
SA_Energy_Dominance_PC60,209,21.080000,0.079218075,10047.863,false
SA_Energy_Dominance_PC60,209,21.472000,0.079207812,10003.593,false
SA_Energy_Dominance_PC60,209,22.518000,0.078966777,10065.671,false
SA_Energy_Dominance_PC60,209,22.384000,0.079205515,10049.309,false
SA_Energy_Dominance_PC60,209,22.984000,0.078357706,10044.302,false
SA_Energy_Dominance_PC60,209,23.766000,0.077947459,9938.255,false
SA_Energy_Dominance_PC60,209,23.830000,0.077739555,10043.820,false
SA_Energy_Dominance_PC60,209,24.064000,0.077605992,10053.381,false
SA_Energy_Dominance_PC60,209,24.632000,0.077552762,10069.310,false
SA_Energy_Dominance_PC60,209,25.226000,0.076444490,9997.624,false
SA_Energy_Dominance_PC60,209,25.354000,0.076358026,9997.624,false
SA_Energy_Dominance_PC60,209,25.572000,0.076294868,10014.026,false
SA_Energy_Dominance_PC60,209,25.882000,0.076246143,10014.026,false
SA_Energy_Dominance_PC60,209,24.648000,0.077131188,10059.006,false
SA_Energy_Dominance_PC60,209,24.806000,0.076922306,10055.539,false
SA_Energy_Dominance_PC60,209,25.020000,0.076864595,10013.808,false
SA_Energy_Dominance_PC60,209,26.016000,0.073993214,10061.140,false
SA_Energy_Dominance_PC60,209,26.140000,0.073886461,9893.218,false
SA_Energy_Dominance_PC60,209,26.414000,0.073772009,9919.943,false
SA_Energy_Dominance_PC60,209,26.496000,0.073667322,9944.437,false
SA_Energy_Dominance_PC60,209,26.824000,0.073640707,9976.089,false
SA_Energy_Dominance_PC60,209,29.102000,0.068358292,9625.004,false
SA_Energy_Dominance_PC60,209,29.606000,0.068198199,9623.036,false
NSGA-II_PC60,200,12.868000,0.079304282,10005.805,false
NSGA-II_PC60,200,12.472000,0.079683378,10012.370,false
NSGA-II_PC60,200,13.326000,0.078658454,9920.254,false
NSGA-II_PC60,200,12.124000,0.080955827,10001.319,false
NSGA-II_PC60,200,11.934000,0.081437384,9906.721,false
NSGA-II_PC60,200,14.086000,0.078193137,10034.210,false
NSGA-II_PC60,200,12.810000,0.079564424,9993.544,false
NSGA-II_PC60,200,12.838000,0.079359315,9953.016,false
NSGA-II_PC60,200,14.328000,0.077902234,10054.149,false
NSGA-II_PC60,200,12.870000,0.079219410,10057.398,false
NSGA-II_PC60,200,14.630000,0.077704439,10056.712,false
NSGA-II_PC60,200,14.538000,0.077845953,10056.551,false
NSGA-II_PC60,200,15.316000,0.077623656,9885.657,false
NSGA-II_PC60,200,12.386000,0.079712397,9997.593,false
NSGA-II_PC60,200,13.384000,0.078235444,9921.034,false
NSGA-II_PC60,200,12.880000,0.078668787,9958.983,false
NSGA-II_PC60,200,14.132000,0.078103686,9898.067,false
NSGA-II_PC60,200,11.922000,0.082655065,9965.248,false
NSGA-II_PC60,200,12.312000,0.079760732,10044.853,false
NSGA-II_PC60,201,16.348000,0.086581411,10039.915,false
NSGA-II_PC60,201,15.984000,0.086861184,9981.844,false
NSGA-II_PC60,201,16.648000,0.085491893,10050.885,false
NSGA-II_PC60,201,16.474000,0.086562699,10035.311,false
NSGA-II_PC60,202,12.852000,0.079953934,9879.618,false
NSGA-II_PC60,202,14.066000,0.079447697,9987.711,false
NSGA-II_PC60,202,17.214000,0.078407263,9815.302,false
NSGA-II_PC60,202,12.330000,0.080326232,10001.512,false
NSGA-II_PC60,202,17.346000,0.078287848,9992.570,false
NSGA-II_PC60,202,15.536000,0.078909360,9994.387,false
NSGA-II_PC60,202,14.168000,0.079351451,9874.797,false
NSGA-II_PC60,202,15.542000,0.078684575,10004.161,false
NSGA-II_PC60,202,13.002000,0.079702185,9943.439,false
NSGA-II_PC60,202,13.678000,0.079504885,9964.463,false
NSGA-II_PC60,202,17.306000,0.078384639,9838.755,false
NSGA-II_PC60,202,17.418000,0.078286830,9906.064,false
NSGA-II_PC60,202,15.194000,0.079002597,10073.970,false
NSGA-II_PC60,202,14.638000,0.079005811,10021.866,false
NSGA-II_PC60,202,17.576000,0.078224332,10008.775,false
NSGA-II_PC60,202,13.588000,0.079545215,9821.185,false
NSGA-II_PC60,202,16.218000,0.078521950,10048.590,false
NSGA-II_PC60,202,14.280000,0.079230740,9853.173,false
NSGA-II_PC60,202,12.150000,0.081367936,10026.290,false
NSGA-II_PC60,202,17.152000,0.078424598,9882.923,false
NSGA-II_PC60,203,12.148000,0.083080719,10059.859,false
NSGA-II_PC60,203,12.156000,0.082520440,10075.248,false
NSGA-II_PC60,203,13.314000,0.080981028,9927.199,false
NSGA-II_PC60,203,12.860000,0.081412223,10000.813,false
NSGA-II_PC60,203,13.614000,0.080905930,9986.344,false
NSGA-II_PC60,203,12.332000,0.081785235,9991.972,false
NSGA-II_PC60,203,12.582000,0.081414061,10027.924,false
NSGA-II_PC60,203,12.132000,0.083851096,10073.989,false
NSGA-II_PC60,203,12.904000,0.081220835,10070.653,false
NSGA-II_PC60,203,12.172000,0.082304200,10034.808,false
NSGA-II_PC60,204,13.352000,0.077179106,10039.024,false
NSGA-II_PC60,204,15.584000,0.076600760,9938.557,false
NSGA-II_PC60,204,15.842000,0.076518793,9967.781,false
NSGA-II_PC60,204,12.382000,0.077330259,9890.649,false
NSGA-II_PC60,204,13.280000,0.077260594,9662.879,false
NSGA-II_PC60,204,13.804000,0.077046274,10009.113,false
NSGA-II_PC60,204,11.320000,0.077972809,10053.010,false
NSGA-II_PC60,204,14.244000,0.076722194,9865.226,false
NSGA-II_PC60,204,11.206000,0.078238583,9947.487,false
NSGA-II_PC60,204,16.808000,0.076305877,9941.510,false
NSGA-II_PC60,204,17.842000,0.076151642,9742.620,false
NSGA-II_PC60,204,10.766000,0.078802914,9841.784,false
NSGA-II_PC60,204,13.664000,0.077147683,10020.895,false
NSGA-II_PC60,204,13.894000,0.077033292,9975.438,false
NSGA-II_PC60,204,14.086000,0.076934196,10036.323,false
NSGA-II_PC60,204,17.416000,0.076170403,9834.686,false
NSGA-II_PC60,204,10.464000,0.079219162,9769.271,false
NSGA-II_PC60,204,16.240000,0.076340897,9662.692,false
NSGA-II_PC60,204,10.666000,0.078863695,9630.143,false
NSGA-II_PC60,204,15.934000,0.076510638,9636.746,false
NSGA-II_PC60,204,14.360000,0.076623132,9947.335,false
NSGA-II_PC60,204,10.544000,0.079170539,9798.342,false
NSGA-II_PC60,204,11.856000,0.077644520,9999.550,false
NSGA-II_PC60,204,11.742000,0.077836385,10031.006,false
NSGA-II_PC60,204,11.334000,0.077908388,10053.010,false
NSGA-II_PC60,204,12.190000,0.077524923,9938.362,false
NSGA-II_PC60,204,11.688000,0.077892236,10033.460,false
NSGA-II_PC60,204,16.180000,0.076434025,9757.242,false
NSGA-II_PC60,204,10.796000,0.078355800,9882.940,false
NSGA-II_PC60,205,14.016000,0.077460449,9927.519,false
NSGA-II_PC60,205,11.446000,0.080322980,9742.470,false
NSGA-II_PC60,205,14.556000,0.077241675,10017.154,false
NSGA-II_PC60,205,11.580000,0.080264345,9988.396,false
NSGA-II_PC60,205,11.706000,0.079900720,9833.241,false
NSGA-II_PC60,205,10.922000,0.080861095,9951.281,false
NSGA-II_PC60,205,12.502000,0.078474143,10058.878,false
NSGA-II_PC60,205,14.630000,0.077150250,10026.841,false
NSGA-II_PC60,205,12.816000,0.078155486,9931.747,false
NSGA-II_PC60,205,12.680000,0.078362070,10012.980,false
NSGA-II_PC60,205,11.316000,0.080601537,10056.038,false
NSGA-II_PC60,205,10.906000,0.080943968,10045.270,false
NSGA-II_PC60,205,13.966000,0.077522739,9952.128,false
NSGA-II_PC60,205,14.514000,0.077279839,10041.809,false
NSGA-II_PC60,205,12.044000,0.078669340,9965.359,false
NSGA-II_PC60,205,12.996000,0.077804521,9822.910,false
NSGA-II_PC60,205,12.310000,0.078556109,9799.867,false
NSGA-II_PC60,205,11.100000,0.080841065,10052.183,false
NSGA-II_PC60,205,12.756000,0.078228647,9925.225,false
NSGA-II_PC60,205,14.702000,0.077037306,10011.283,false
NSGA-II_PC60,205,14.296000,0.077428332,9945.571,false
NSGA-II_PC60,205,11.022000,0.080852071,9805.052,false
NSGA-II_PC60,205,13.202000,0.077703762,9958.357,false
NSGA-II_PC60,205,11.796000,0.079087008,9827.718,false
NSGA-II_PC60,205,13.426000,0.077614121,9766.840,false
NSGA-II_PC60,205,12.014000,0.078935292,9867.922,false
NSGA-II_PC60,206,10.968000,0.080047027,9930.712,false
NSGA-II_PC60,206,11.222000,0.079797681,9934.323,false
NSGA-II_PC60,206,10.404000,0.080558632,10031.495,false
NSGA-II_PC60,206,11.266000,0.079620753,10046.274,false
NSGA-II_PC60,206,11.754000,0.079339979,9724.453,false
NSGA-II_PC60,206,10.872000,0.080085676,10057.935,false
NSGA-II_PC60,206,13.648000,0.078636840,9768.882,false
NSGA-II_PC60,206,11.048000,0.079976047,9841.722,false
NSGA-II_PC60,206,11.272000,0.079557686,9986.753,false
NSGA-II_PC60,206,10.608000,0.080105676,9863.916,false
NSGA-II_PC60,206,11.098000,0.079889720,10052.224,false
NSGA-II_PC60,206,11.320000,0.079521277,9796.711,false
NSGA-II_PC60,206,12.606000,0.078955999,9980.572,false
NSGA-II_PC60,206,13.028000,0.078781844,9866.904,false
NSGA-II_PC60,206,13.132000,0.078685446,9963.022,false
NSGA-II_PC60,206,12.978000,0.078859779,10021.081,false
NSGA-II_PC60,206,13.082000,0.078727682,10052.933,false
NSGA-II_PC60,206,12.864000,0.078884704,9800.058,false
NSGA-II_PC60,206,11.732000,0.079386539,9939.726,false
NSGA-II_PC60,206,11.698000,0.079434718,9876.647,false
NSGA-II_PC60,206,12.088000,0.079126333,10057.260,false
NSGA-II_PC60,206,11.802000,0.079288697,10067.618,false
NSGA-II_PC60,206,10.558000,0.080427346,9893.834,false
NSGA-II_PC60,206,12.098000,0.079002769,10057.260,false
NSGA-II_PC60,207,10.542000,0.080509170,9990.521,false
NSGA-II_PC60,207,11.206000,0.079734581,9840.697,false
NSGA-II_PC60,207,10.966000,0.079927805,9760.312,false
NSGA-II_PC60,207,10.580000,0.080112747,10035.959,false
NSGA-II_PC60,207,11.448000,0.079629945,9926.626,false
NSGA-II_PC60,207,11.624000,0.078849261,10034.742,false
NSGA-II_PC60,207,10.936000,0.079931098,9867.347,false
NSGA-II_PC60,207,10.864000,0.079971497,10069.659,false
NSGA-II_PC60,207,11.494000,0.079597384,10041.035,false
NSGA-II_PC60,207,11.610000,0.079521545,9941.150,false
NSGA-II_PC60,207,10.524000,0.080814256,9994.383,false
NSGA-II_PC60,207,11.232000,0.079634367,10071.594,false
NSGA-II_PC60,207,10.466000,0.080911893,9931.463,false
NSGA-II_PC60,207,11.056000,0.079746452,10025.909,false
NSGA-II_PC60,208,12.636000,0.079676177,10039.042,false
NSGA-II_PC60,208,11.452000,0.081056722,9960.384,false
NSGA-II_PC60,208,11.272000,0.081795780,10029.092,false
NSGA-II_PC60,208,12.202000,0.079731283,10020.072,false
NSGA-II_PC60,208,11.354000,0.081770397,10026.736,false
NSGA-II_PC60,208,12.306000,0.079699258,9999.778,false
NSGA-II_PC60,208,11.486000,0.080863200,9980.477,false
NSGA-II_PC60,208,11.662000,0.080326719,9939.158,false
NSGA-II_PC60,208,13.564000,0.079346857,9859.324,false
NSGA-II_PC60,208,11.788000,0.080265317,10061.065,false
NSGA-II_PC60,208,12.770000,0.079439661,9800.963,false
NSGA-II_PC60,208,14.198000,0.079012429,9919.390,false
NSGA-II_PC60,208,11.894000,0.080247631,9944.114,false
NSGA-II_PC60,208,11.420000,0.081165997,10043.979,false
NSGA-II_PC60,208,12.044000,0.079855041,9934.885,false
NSGA-II_PC60,208,11.964000,0.080168970,9883.789,false
NSGA-II_PC60,208,12.000000,0.080060669,10027.893,false
NSGA-II_PC60,208,13.052000,0.079370866,10056.201,false
NSGA-II_PC60,208,12.864000,0.079409324,9867.420,false
NSGA-II_PC60,208,12.674000,0.079500572,9757.503,false
NSGA-II_PC60,208,13.684000,0.079238167,9820.378,false
NSGA-II_PC60,209,13.136000,0.078056078,10044.525,false
NSGA-II_PC60,209,14.368000,0.077625310,9962.266,false
NSGA-II_PC60,209,12.996000,0.078097897,10000.872,false
NSGA-II_PC60,209,13.652000,0.077690305,10010.429,false
NSGA-II_PC60,209,12.422000,0.078767755,10067.526,false
NSGA-II_PC60,209,11.726000,0.079272803,10039.731,false
NSGA-II_PC60,209,13.218000,0.078012180,9922.176,false
NSGA-II_PC60,209,11.456000,0.079587170,10049.072,false
NSGA-II_PC60,209,11.008000,0.080355049,10036.937,false
NSGA-II_PC60,209,11.794000,0.078857169,10022.561,false
NSGA-II_PC60,209,14.610000,0.077512635,9970.066,false
NSGA-II_PC60,209,13.236000,0.077978166,9904.831,false
NSGA-II_PC60,209,12.238000,0.078810054,10042.734,false
NSGA-II_PC60,209,11.552000,0.079424428,10008.593,false
NSGA-II_PC60,209,11.024000,0.079874597,9826.924,false
NSGA-II_PC60,209,13.582000,0.077878832,9996.848,false
NSGA-II_PC60,209,11.566000,0.079291592,10049.780,false
NSGA-II_PC60,209,12.902000,0.078236565,9902.554,false
NSGA-II_PC60,209,13.462000,0.077882343,9949.508,false
NSGA-II_PC60,209,12.494000,0.078354813,10021.039,false
NSGA-II_PC60,209,11.498000,0.079500402,10021.229,false
NSGA-II_PC60,209,13.744000,0.077666898,10038.027,false
NSGA-II_PC60,209,13.996000,0.077645221,10051.463,false
NSGA-II_PC60,209,12.770000,0.078257935,9856.238,false
NSGA-II_PC60,209,13.064000,0.078060497,10042.404,false
SPEA-II_PC60,200,12.282000,0.079422184,9738.218,false
SPEA-II_PC60,200,11.734000,0.079551159,10050.975,false
SPEA-II_PC60,200,14.078000,0.078548202,9805.821,false
SPEA-II_PC60,200,12.626000,0.079152394,10024.735,false
SPEA-II_PC60,200,12.520000,0.079279755,10052.585,false
SPEA-II_PC60,200,12.802000,0.079122129,10029.509,false
SPEA-II_PC60,200,14.146000,0.078366739,9930.745,false
SPEA-II_PC60,200,12.814000,0.078954760,10016.558,false
SPEA-II_PC60,200,12.352000,0.079330456,10054.963,false
SPEA-II_PC60,200,13.668000,0.078728933,9982.559,false
SPEA-II_PC60,200,13.262000,0.078829697,10073.985,false
SPEA-II_PC60,200,11.450000,0.081182352,9950.730,false
SPEA-II_PC60,200,12.208000,0.079428143,9987.002,false
SPEA-II_PC60,200,13.324000,0.078817800,10051.302,false
SPEA-II_PC60,200,13.424000,0.078749800,10007.869,false
SPEA-II_PC60,200,11.476000,0.079816178,9887.819,false
SPEA-II_PC60,200,14.276000,0.078276825,10042.758,false
SPEA-II_PC60,200,13.736000,0.078575621,9907.847,false
SPEA-II_PC60,200,15.002000,0.078134146,9978.854,false
SPEA-II_PC60,200,12.668000,0.079139122,9889.345,false
SPEA-II_PC60,200,12.020000,0.079453095,9978.637,false
SPEA-II_PC60,201,12.518000,0.082072960,9963.528,false
SPEA-II_PC60,201,13.630000,0.081349160,10023.813,false
SPEA-II_PC60,201,12.132000,0.082381751,10067.007,false
SPEA-II_PC60,201,12.734000,0.081862638,10047.548,false
SPEA-II_PC60,201,12.462000,0.082234607,10029.916,false
SPEA-II_PC60,201,12.794000,0.081725316,10067.170,false
SPEA-II_PC60,201,12.158000,0.082369790,10029.293,false
SPEA-II_PC60,201,13.074000,0.081403051,10063.991,false
SPEA-II_PC60,201,11.824000,0.082575987,10046.848,false
SPEA-II_PC60,201,12.948000,0.081602595,10005.811,false
SPEA-II_PC60,202,13.816000,0.078938368,9708.591,false
SPEA-II_PC60,202,11.654000,0.080282879,10040.969,false
SPEA-II_PC60,202,11.698000,0.080204693,9897.853,false
SPEA-II_PC60,202,11.564000,0.080283305,9876.739,false
SPEA-II_PC60,202,13.864000,0.078911717,9810.710,false
SPEA-II_PC60,202,12.310000,0.079616226,9804.818,false
SPEA-II_PC60,202,12.448000,0.079454381,10049.270,false
SPEA-II_PC60,202,11.290000,0.081066279,9955.586,false
SPEA-II_PC60,202,13.418000,0.078972344,9855.630,false
SPEA-II_PC60,202,12.508000,0.079430966,10052.587,false
SPEA-II_PC60,202,11.370000,0.080682196,9887.534,false
SPEA-II_PC60,202,13.930000,0.078766130,9796.767,false
SPEA-II_PC60,202,12.534000,0.079198694,10075.410,false
SPEA-II_PC60,202,11.858000,0.079705949,10030.838,false
SPEA-II_PC60,202,11.434000,0.080544996,10001.461,false
SPEA-II_PC60,202,13.002000,0.079014727,9988.895,false
SPEA-II_PC60,202,12.910000,0.079191373,9951.053,false
SPEA-II_PC60,203,15.614000,0.082978558,10016.799,false
SPEA-II_PC60,203,15.244000,0.083023299,10005.385,false
SPEA-II_PC60,203,15.776000,0.082817615,10021.493,false
SPEA-II_PC60,203,14.212000,0.084137254,9897.537,false
SPEA-II_PC60,203,14.452000,0.083704444,9929.474,false
SPEA-II_PC60,203,14.616000,0.083613934,9984.822,false
SPEA-II_PC60,203,14.296000,0.083760423,10059.748,false
SPEA-II_PC60,203,14.748000,0.083237946,10056.319,false
SPEA-II_PC60,203,14.986000,0.083033843,9956.838,false
SPEA-II_PC60,203,14.648000,0.083339258,10055.277,false
SPEA-II_PC60,203,17.418000,0.082239433,9983.255,false
SPEA-II_PC60,203,13.944000,0.084291487,10045.346,false
SPEA-II_PC60,203,16.118000,0.082575491,10074.431,false
SPEA-II_PC60,203,14.636000,0.083571053,9986.152,false
SPEA-II_PC60,204,11.450000,0.078435166,9980.834,false
SPEA-II_PC60,204,12.312000,0.077704232,10044.614,false
SPEA-II_PC60,204,13.626000,0.077101809,9963.990,false
SPEA-II_PC60,204,13.462000,0.077353747,9840.921,false
SPEA-II_PC60,204,11.728000,0.078157018,9819.081,false
SPEA-II_PC60,204,12.390000,0.077654018,9917.177,false
SPEA-II_PC60,204,11.176000,0.079186637,9970.219,false
SPEA-II_PC60,204,11.804000,0.077817165,9841.474,false
SPEA-II_PC60,204,14.252000,0.076998019,10055.756,false
SPEA-II_PC60,204,11.230000,0.079115848,10008.044,false
SPEA-II_PC60,204,13.160000,0.077355224,9845.501,false
SPEA-II_PC60,204,11.348000,0.078903397,10003.127,false
SPEA-II_PC60,204,12.036000,0.077722869,9954.890,false
SPEA-II_PC60,204,12.374000,0.077688783,9973.392,false
SPEA-II_PC60,204,11.438000,0.078629908,9964.131,false
SPEA-II_PC60,204,12.478000,0.077375825,9937.897,false
SPEA-II_PC60,204,12.254000,0.077719143,10025.244,false
SPEA-II_PC60,204,12.400000,0.077543966,10013.110,false
SPEA-II_PC60,204,11.316000,0.079004409,9999.010,false
SPEA-II_PC60,204,14.422000,0.076863171,9985.092,false
SPEA-II_PC60,204,11.594000,0.078165303,10066.579,false
SPEA-II_PC60,205,12.542000,0.075692489,9980.654,false
SPEA-II_PC60,205,9.832000,0.077680037,10036.854,false
SPEA-II_PC60,205,11.806000,0.076066603,10074.811,false
SPEA-II_PC60,205,12.100000,0.075859486,9955.438,false
SPEA-II_PC60,205,12.774000,0.075640826,9669.584,false
SPEA-II_PC60,205,12.290000,0.075775483,9680.484,false
SPEA-II_PC60,205,10.372000,0.076924491,9799.569,false
SPEA-II_PC60,205,9.654000,0.077874772,10042.369,false
SPEA-II_PC60,205,11.488000,0.076272458,9895.819,false
SPEA-II_PC60,205,11.768000,0.076129630,10058.495,false
SPEA-II_PC60,205,9.532000,0.078092014,9948.647,false
SPEA-II_PC60,205,9.580000,0.077999148,10034.746,false
SPEA-II_PC60,205,10.954000,0.076597114,9992.389,false
SPEA-II_PC60,205,11.828000,0.076028685,9909.329,false
SPEA-II_PC60,205,11.092000,0.076468382,10005.387,false
SPEA-II_PC60,205,11.222000,0.076391795,9979.031,false
SPEA-II_PC60,205,11.964000,0.075870935,9849.580,false
SPEA-II_PC60,205,12.224000,0.075849806,9854.445,false
SPEA-II_PC60,205,12.366000,0.075753726,9677.968,false
SPEA-II_PC60,205,10.004000,0.077331952,10048.846,false
SPEA-II_PC60,205,10.030000,0.077093439,9991.310,false
SPEA-II_PC60,205,11.378000,0.076341016,9986.437,false
SPEA-II_PC60,205,9.904000,0.077347603,10015.674,false
SPEA-II_PC60,205,9.770000,0.077727777,9804.658,false
SPEA-II_PC60,205,9.582000,0.077904201,10068.664,false
SPEA-II_PC60,205,10.624000,0.076640208,9991.830,false
SPEA-II_PC60,205,9.454000,0.078102487,9896.121,false
SPEA-II_PC60,205,9.850000,0.077524534,10071.533,false
SPEA-II_PC60,205,9.894000,0.077377117,9841.913,false
SPEA-II_PC60,205,12.704000,0.075692369,10016.515,false
SPEA-II_PC60,205,9.616000,0.077888059,10068.664,false
SPEA-II_PC60,205,10.276000,0.076975590,10020.903,false
SPEA-II_PC60,205,11.422000,0.076301697,9986.437,false
SPEA-II_PC60,205,10.220000,0.077065521,10049.726,false
SPEA-II_PC60,205,10.992000,0.076472067,10031.650,false
SPEA-II_PC60,205,11.666000,0.076169198,9925.206,false
SPEA-II_PC60,205,9.672000,0.077757296,9872.539,false
SPEA-II_PC60,205,10.864000,0.076617276,9892.132,false
SPEA-II_PC60,205,12.408000,0.075725933,9994.257,false
SPEA-II_PC60,206,14.268000,0.080522995,9779.597,false
SPEA-II_PC60,206,13.588000,0.081245761,9882.646,false
SPEA-II_PC60,206,13.290000,0.081361992,9991.454,false
SPEA-II_PC60,206,13.678000,0.081151102,9841.803,false
SPEA-II_PC60,206,14.976000,0.080321627,9992.953,false
SPEA-II_PC60,206,14.112000,0.080775628,9843.775,false
SPEA-II_PC60,206,15.612000,0.079948317,9868.783,false
SPEA-II_PC60,206,16.820000,0.079699742,9971.912,false
SPEA-II_PC60,206,12.884000,0.081535990,9920.500,false
SPEA-II_PC60,206,12.710000,0.081856949,9954.280,false
SPEA-II_PC60,206,13.770000,0.080990112,10029.630,false
SPEA-II_PC60,206,13.144000,0.081459105,10055.627,false
SPEA-II_PC60,206,12.410000,0.082853365,10075.040,false
SPEA-II_PC60,206,13.890000,0.080857060,9944.319,false
SPEA-II_PC60,206,12.534000,0.081970836,10054.616,false
SPEA-II_PC60,206,12.592000,0.081912185,9982.402,false
SPEA-II_PC60,207,13.958000,0.079951836,9937.413,false
SPEA-II_PC60,207,14.824000,0.079712908,9949.130,false
SPEA-II_PC60,207,16.932000,0.079222535,9987.880,false
SPEA-II_PC60,207,14.298000,0.079727584,9929.297,false
SPEA-II_PC60,207,16.178000,0.079352227,9978.892,false
SPEA-II_PC60,207,13.814000,0.080078137,9922.128,false
SPEA-II_PC60,207,12.864000,0.080312174,9806.373,false
SPEA-II_PC60,207,11.970000,0.081561629,9986.737,false
SPEA-II_PC60,207,12.826000,0.080367554,10025.671,false
SPEA-II_PC60,207,13.082000,0.080270262,10072.274,false
SPEA-II_PC60,207,14.084000,0.079792843,9750.132,false
SPEA-II_PC60,207,16.488000,0.079252502,10049.352,false
SPEA-II_PC60,207,12.782000,0.080393572,10025.671,false
SPEA-II_PC60,207,13.526000,0.080221446,10075.994,false
SPEA-II_PC60,207,13.658000,0.080131093,10051.342,false
SPEA-II_PC60,207,14.886000,0.079467594,10054.495,false
SPEA-II_PC60,207,11.954000,0.081837071,9900.818,false
SPEA-II_PC60,207,13.602000,0.080179692,10069.228,false
SPEA-II_PC60,207,12.304000,0.080947736,10043.214,false
SPEA-II_PC60,207,13.918000,0.080047296,9951.225,false
SPEA-II_PC60,207,12.084000,0.081383922,9870.505,false
SPEA-II_PC60,207,12.522000,0.080798274,10021.687,false
SPEA-II_PC60,208,9.786000,0.077217100,9993.662,false
SPEA-II_PC60,208,10.508000,0.076740851,10044.981,false
SPEA-II_PC60,208,9.456000,0.078486306,10034.876,false
SPEA-II_PC60,208,9.926000,0.077063145,10030.385,false
SPEA-II_PC60,208,10.628000,0.076551004,10056.415,false
SPEA-II_PC60,208,9.766000,0.077346231,9958.392,false
SPEA-II_PC60,208,9.284000,0.078755863,10069.509,false
SPEA-II_PC60,208,11.102000,0.076321330,9844.354,false
SPEA-II_PC60,208,10.394000,0.076891227,9993.877,false
SPEA-II_PC60,208,9.648000,0.077354364,10036.120,false
SPEA-II_PC60,208,10.888000,0.076473902,9929.866,false
SPEA-II_PC60,208,10.838000,0.076543132,10001.443,false
SPEA-II_PC60,208,11.022000,0.076403109,9938.831,false
SPEA-II_PC60,208,10.424000,0.076783661,10025.113,false
SPEA-II_PC60,208,9.568000,0.077376197,9938.016,false
SPEA-II_PC60,208,9.478000,0.077723671,10008.027,false
SPEA-II_PC60,208,10.582000,0.076723150,9981.467,false
SPEA-II_PC60,208,10.318000,0.076899103,9934.466,false
SPEA-II_PC60,208,10.264000,0.076950086,10039.330,false
SPEA-II_PC60,208,9.560000,0.077597467,9878.645,false
SPEA-II_PC60,208,9.468000,0.078221434,9956.448,false
SPEA-II_PC60,208,10.076000,0.076978332,10045.000,false
SPEA-II_PC60,209,14.718000,0.083482569,9975.713,false
SPEA-II_PC60,209,16.848000,0.082337991,10015.959,false
SPEA-II_PC60,209,17.174000,0.082123360,9994.373,false
SPEA-II_PC60,209,15.368000,0.082805218,10074.874,false
SPEA-II_PC60,209,18.790000,0.081631350,10055.346,false
SPEA-II_PC60,209,15.262000,0.083153815,10021.068,false
SPEA-II_PC60,209,15.492000,0.082774901,10074.874,false
SPEA-II_PC60,209,17.602000,0.081791255,10049.409,false
SPEA-II_PC60,209,15.562000,0.082521391,9999.725,false
SPEA-II_PC60,209,17.216000,0.082050769,10054.979,false
SPEA-II_PC60,209,17.056000,0.082242525,10055.211,false
SPEA-II_PC60,209,16.078000,0.082449558,10034.551,false
AMOSA_PC60,200,16.262000,0.084021268,10064.368,false
AMOSA_PC60,200,16.264000,0.083075337,10025.929,false
AMOSA_PC60,200,17.704000,0.082508654,10012.109,false
AMOSA_PC60,200,17.854000,0.082031543,10044.765,false
AMOSA_PC60,200,17.798000,0.082232815,10043.871,false
AMOSA_PC60,200,18.364000,0.081483211,10070.238,false
AMOSA_PC60,200,19.190000,0.081206201,10049.787,false
AMOSA_PC60,201,21.930000,0.081417721,10075.908,false
AMOSA_PC60,201,19.434000,0.081998457,10045.690,false
AMOSA_PC60,201,20.040000,0.081872101,9978.330,false
AMOSA_PC60,201,20.270000,0.081783778,10024.380,false
AMOSA_PC60,201,20.398000,0.081506184,10035.121,false
AMOSA_PC60,201,20.948000,0.081451914,10071.201,false
AMOSA_PC60,201,22.242000,0.080969386,10071.056,false
AMOSA_PC60,201,22.208000,0.081341768,9984.924,false
AMOSA_PC60,201,22.696000,0.080747142,10071.246,false
AMOSA_PC60,203,20.574000,0.081361533,10068.920,false
AMOSA_PC60,203,18.582000,0.081920782,10026.657,false
AMOSA_PC60,203,18.840000,0.081588656,10063.889,false
AMOSA_PC60,203,20.238000,0.081587850,10024.665,false
AMOSA_PC60,203,20.568000,0.081372928,10033.406,false
AMOSA_PC60,203,21.140000,0.081160446,9958.803,false
AMOSA_PC60,203,21.910000,0.080524180,10076.002,false
AMOSA_PC60,203,21.186000,0.080718428,9994.029,false
AMOSA_PC60,204,16.096000,0.082145776,10059.804,false
AMOSA_PC60,204,16.884000,0.081937594,10031.713,false
AMOSA_PC60,204,16.138000,0.082039448,10058.920,false
AMOSA_PC60,204,15.894000,0.082257925,10047.860,false
AMOSA_PC60,204,15.458000,0.082421428,10074.096,false
AMOSA_PC60,204,15.516000,0.082357720,10067.620,false
AMOSA_PC60,204,15.426000,0.083019672,10069.794,false
AMOSA_PC60,204,17.172000,0.081774436,10044.636,false
AMOSA_PC60,205,15.052000,0.084653671,10070.656,false
AMOSA_PC60,205,15.918000,0.082350573,10020.191,false
AMOSA_PC60,205,15.596000,0.082720065,9976.388,false
AMOSA_PC60,205,15.902000,0.082674375,9992.062,false
AMOSA_PC60,205,15.284000,0.082747970,10044.585,false
AMOSA_PC60,205,15.076000,0.083216024,10042.303,false
AMOSA_PC60,205,15.086000,0.082948429,10023.517,false
AMOSA_PC60,205,14.760000,0.084748349,10001.401,false
AMOSA_PC60,206,17.834000,0.083102601,10066.605,false
AMOSA_PC60,206,19.372000,0.082191023,10076.133,false
AMOSA_PC60,206,18.504000,0.082628482,10046.677,false
AMOSA_PC60,206,17.598000,0.083783176,9996.872,false
AMOSA_PC60,206,17.142000,0.083970392,10060.770,false
AMOSA_PC60,206,17.634000,0.083342608,10067.647,false
AMOSA_PC60,206,17.766000,0.083282113,10053.492,false
AMOSA_PC60,207,18.646000,0.080995300,10032.913,false
AMOSA_PC60,207,17.506000,0.081199535,9975.782,false
AMOSA_PC60,207,16.424000,0.081656917,9992.922,false
AMOSA_PC60,207,17.266000,0.081345048,10039.728,false
AMOSA_PC60,207,16.648000,0.081454837,10041.228,false
AMOSA_PC60,207,16.004000,0.082582448,10013.285,false
AMOSA_PC60,207,15.534000,0.082976417,10043.602,false
AMOSA_PC60,207,16.278000,0.082519399,10000.774,false
AMOSA_PC60,207,15.710000,0.082721682,10023.744,false
AMOSA_PC60,207,15.436000,0.083137180,10061.600,false
AMOSA_PC60,207,15.018000,0.083151960,10003.056,false
AMOSA_PC60,208,16.518000,0.081770168,10046.271,false
AMOSA_PC60,208,17.080000,0.081351855,9972.570,false
AMOSA_PC60,208,16.476000,0.081818873,10072.460,false
AMOSA_PC60,208,15.842000,0.081951661,10064.387,false
AMOSA_PC60,208,16.080000,0.081855077,10012.796,false
AMOSA_PC60,208,15.088000,0.082834741,10018.196,false
AMOSA_PC60,208,14.920000,0.083243907,9953.170,false
AMOSA_PC60,208,17.036000,0.081501027,10052.734,false
AMOSA_PC60,208,16.862000,0.081707348,10066.735,false
AMOSA_PC60,209,16.120000,0.083082172,10006.374,false
AMOSA_PC60,209,17.054000,0.082982045,10040.206,false
GA_WaitingTime_Dominance_PC50,202,18.186000,0.083497340,8386.553,false
GA_WaitingTime_Dominance_PC50,202,18.430000,0.083394026,8392.864,false
GA_WaitingTime_Dominance_PC50,202,16.892000,0.083752185,8387.877,false
GA_WaitingTime_Dominance_PC50,202,16.376000,0.083820362,8380.748,false
GA_WaitingTime_Dominance_PC50,202,16.916000,0.083524363,8345.929,false
GA_WaitingTime_Dominance_PC50,202,15.668000,0.083970967,8365.619,false
GA_WaitingTime_Dominance_PC50,202,16.204000,0.083918146,8375.237,false
GA_WaitingTime_Dominance_PC50,202,16.174000,0.083970144,8378.208,false
GA_WaitingTime_Dominance_PC50,202,15.458000,0.084148638,8365.619,false
GA_WaitingTime_Dominance_PC50,202,15.394000,0.084201984,8366.176,false
GA_WaitingTime_Dominance_PC50,202,15.612000,0.084082198,8383.965,false
GA_WaitingTime_Dominance_PC50,202,14.626000,0.085143233,8382.264,false
GA_WaitingTime_Dominance_PC50,202,15.362000,0.084221914,8380.021,false
GA_WaitingTime_Dominance_PC50,202,14.752000,0.084578185,8361.425,false
GA_WaitingTime_Dominance_PC50,202,14.926000,0.084360027,8374.014,false
GA_WaitingTime_Dominance_PC50,202,14.814000,0.084519947,8384.519,false
GA_WaitingTime_Dominance_PC50,202,15.052000,0.084322961,8389.373,false
GA_WaitingTime_Dominance_PC50,206,19.718000,0.083775628,8380.942,false
GA_WaitingTime_Dominance_PC50,206,17.736000,0.083861921,8394.569,false
GA_WaitingTime_Dominance_PC50,206,17.302000,0.083900705,8390.090,false
GA_WaitingTime_Dominance_PC50,206,16.796000,0.084096621,8360.571,false
GA_WaitingTime_Dominance_PC50,206,16.656000,0.085120859,8388.555,false
GA_Energy_Dominance_PC50,201,19.606000,0.084007808,8376.877,false
GA_Energy_Dominance_PC50,201,19.594000,0.084430621,8391.818,false
GA_Energy_Dominance_PC50,201,19.666000,0.083906420,8382.994,false
GA_Energy_Dominance_PC50,201,19.826000,0.083268254,8353.230,false
GA_Energy_Dominance_PC50,201,19.738000,0.083375651,8386.747,false
GA_Energy_Dominance_PC50,201,19.802000,0.083312094,8382.020,false
GA_Energy_Dominance_PC50,201,19.942000,0.083240733,8385.008,false
GA_Energy_Dominance_PC50,201,20.150000,0.083060232,8376.827,false
GA_Energy_Dominance_PC50,201,21.396000,0.080785973,8356.396,false
GA_Energy_Dominance_PC50,201,20.208000,0.081248486,8264.849,false
GA_Energy_Dominance_PC50,201,20.576000,0.081056580,8308.475,false
GA_Energy_Dominance_PC50,201,20.940000,0.080938886,8253.719,false
GA_Energy_Dominance_PC50,201,21.816000,0.080413642,8299.639,false
GA_Energy_Dominance_PC50,201,22.116000,0.080014885,8340.825,false
GA_Energy_Dominance_PC50,201,22.788000,0.079827551,8378.190,false
GA_Energy_Dominance_PC50,201,22.700000,0.079885483,8346.705,false
GA_Energy_Dominance_PC50,201,22.238000,0.079920376,8343.900,false
GA_Energy_Dominance_PC50,201,23.528000,0.079340231,8317.162,false
GA_Energy_Dominance_PC50,201,22.838000,0.079625489,8339.415,false
GA_Energy_Dominance_PC50,201,22.908000,0.079561025,8388.376,false
GA_Energy_Dominance_PC50,201,23.062000,0.079456009,8264.109,false
GA_Energy_Dominance_PC50,201,23.340000,0.079364798,8271.789,false
GA_Energy_Dominance_PC50,201,23.252000,0.079396405,8316.285,false
GA_Energy_Dominance_PC50,201,23.042000,0.079513188,8382.237,false
GA_Energy_Dominance_PC50,201,23.652000,0.079229570,8355.351,false
GA_Energy_Dominance_PC50,201,23.558000,0.079255247,8325.541,false
GA_Energy_Dominance_PC50,201,23.884000,0.079175855,8196.757,false
GA_Energy_Dominance_PC50,205,19.382000,0.082473197,8396.509,false
GA_Energy_Dominance_PC50,205,19.512000,0.081979039,8388.133,false
GA_Energy_Dominance_PC50,205,19.822000,0.081557707,8386.797,false
GA_Energy_Dominance_PC50,205,20.168000,0.081520541,8391.474,false
GA_Energy_Dominance_PC50,205,19.666000,0.081634977,8374.271,false
GA_Energy_Dominance_PC50,205,21.328000,0.081014065,8388.133,false
GA_Energy_Dominance_PC50,205,20.762000,0.081095982,8387.600,false
GA_Energy_Dominance_PC50,205,21.156000,0.081065437,8371.212,false
GA_Energy_Dominance_PC50,205,20.856000,0.081075471,8387.600,false
GA_Energy_Dominance_PC50,205,21.250000,0.081044409,8385.498,false
GA_Energy_Dominance_PC50,205,21.506000,0.081013437,8367.338,false
GA_Energy_Dominance_PC50,205,20.226000,0.081121112,8394.247,false
GA_Energy_Dominance_PC50,206,20.120000,0.084339627,8386.441,false
GA_Energy_Dominance_PC50,206,19.774000,0.084491320,8387.058,false
GA_Energy_Dominance_PC50,206,19.288000,0.084584613,8321.147,false
GA_Energy_Dominance_PC50,206,20.630000,0.084051020,8375.646,false
GA_Energy_Dominance_PC50,206,19.166000,0.085144700,8385.556,false
GA_Energy_Dominance_PC50,206,19.380000,0.084541572,8355.331,false
GA_Energy_Dominance_PC50,206,19.246000,0.084998016,8374.597,false
GA_Energy_Dominance_PC50,206,20.496000,0.084326612,8351.591,false
GA_Energy_Dominance_PC50,206,21.048000,0.084001462,8375.646,false
GA_Energy_Dominance_PC50,207,21.004000,0.082691862,8395.438,false
GA_Energy_Dominance_PC50,207,21.062000,0.082670809,8395.438,false
GA_Energy_Dominance_PC50,207,21.204000,0.082436468,8389.559,false
GA_Energy_Dominance_PC50,207,20.960000,0.083962866,8389.109,false
GA_Energy_Dominance_PC50,207,21.072000,0.082472893,8396.152,false
GA_Energy_Dominance_PC50,207,21.470000,0.081970744,8393.109,false
GA_Energy_Dominance_PC50,207,21.262000,0.082289867,8388.106,false
GA_Energy_Dominance_PC50,207,21.358000,0.082261992,8386.244,false
GA_Energy_Dominance_PC50,207,21.162000,0.082460429,8376.958,false
GA_Energy_Dominance_PC50,207,21.824000,0.081509107,8396.240,false
GA_Energy_Dominance_PC50,207,21.744000,0.081957229,8392.899,false
GA_Energy_Dominance_PC50,207,22.652000,0.081362811,8382.274,false
GA_Energy_Dominance_PC50,207,23.618000,0.081249567,8394.090,false
GA_Energy_Dominance_PC50,208,15.048000,0.080503284,8386.446,false
GA_Energy_Dominance_PC50,208,15.404000,0.080455226,8372.786,false
GA_Energy_Dominance_PC50,208,15.590000,0.080343859,8277.042,false
GA_Energy_Dominance_PC50,208,15.632000,0.080238987,8299.894,false
GA_Energy_Dominance_PC50,208,15.708000,0.080148962,8318.908,false
GA_Energy_Dominance_PC50,208,15.800000,0.079740065,8375.750,false
GA_Energy_Dominance_PC50,208,15.880000,0.079509645,8364.634,false
GA_Energy_Dominance_PC50,208,15.846000,0.079710008,8392.895,false
GA_Energy_Dominance_PC50,208,16.136000,0.079480666,8331.369,false
GA_Energy_Dominance_PC50,208,16.200000,0.078851170,8383.201,false
GA_Energy_Dominance_PC50,208,16.404000,0.078766148,8385.439,false
GA_Energy_Dominance_PC50,208,16.720000,0.078334388,8365.218,false
GA_Energy_Dominance_PC50,208,16.816000,0.078285623,8354.764,false
GA_Energy_Dominance_PC50,208,16.628000,0.078406762,8389.643,false
GA_Energy_Dominance_PC50,208,16.718000,0.078360016,8365.218,false
GA_Energy_Dominance_PC50,208,16.948000,0.078119071,8385.780,false
SA_WaitingTime_Dominance_PC50,200,7.752000,0.082403848,8392.781,false
SA_WaitingTime_Dominance_PC50,200,7.706000,0.082490679,8396.835,false
SA_WaitingTime_Dominance_PC50,200,7.658000,0.082578071,8396.835,false
SA_WaitingTime_Dominance_PC50,201,8.024000,0.084079047,8394.834,false
SA_WaitingTime_Dominance_PC50,201,8.020000,0.084109397,8395.096,false
SA_WaitingTime_Dominance_PC50,201,7.998000,0.084130449,8394.834,false
SA_WaitingTime_Dominance_PC50,201,8.056000,0.082566430,8395.324,false
SA_WaitingTime_Dominance_PC50,201,8.050000,0.082629588,8392.092,false
SA_WaitingTime_Dominance_PC50,201,8.028000,0.082734852,8392.092,false
SA_WaitingTime_Dominance_PC50,201,8.040000,0.082705802,8392.092,false
SA_WaitingTime_Dominance_PC50,201,8.026000,0.082820711,8382.364,false
SA_WaitingTime_Dominance_PC50,201,8.048000,0.082654027,8385.877,false
SA_WaitingTime_Dominance_PC50,202,7.982000,0.082851157,8395.354,false
SA_WaitingTime_Dominance_PC50,202,7.922000,0.082966692,8393.232,false
SA_WaitingTime_Dominance_PC50,202,7.908000,0.082977614,8395.462,false
SA_WaitingTime_Dominance_PC50,202,7.984000,0.082808608,8395.385,false
SA_WaitingTime_Dominance_PC50,202,7.878000,0.083132267,8394.291,false
SA_WaitingTime_Dominance_PC50,202,7.888000,0.083107025,8396.439,false
SA_WaitingTime_Dominance_PC50,202,7.840000,0.083251286,8396.259,false
SA_WaitingTime_Dominance_PC50,202,7.858000,0.083140554,8396.259,false
SA_WaitingTime_Dominance_PC50,203,8.112000,0.084125483,8395.534,false
SA_WaitingTime_Dominance_PC50,203,8.178000,0.084021367,8395.534,false
SA_WaitingTime_Dominance_PC50,203,8.100000,0.084137581,8395.534,false
SA_WaitingTime_Dominance_PC50,203,8.124000,0.084053369,8395.534,false
SA_WaitingTime_Dominance_PC50,203,8.094000,0.084158633,8395.534,false
SA_WaitingTime_Dominance_PC50,203,8.276000,0.083953758,8390.331,false
SA_WaitingTime_Dominance_PC50,203,8.292000,0.083735220,8391.866,false
SA_WaitingTime_Dominance_PC50,203,8.286000,0.083796572,8388.406,false
SA_WaitingTime_Dominance_PC50,203,8.072000,0.084292942,8376.112,false
SA_WaitingTime_Dominance_PC50,203,8.066000,0.084393998,8394.923,false
SA_WaitingTime_Dominance_PC50,203,8.070000,0.084340077,8394.923,false
SA_WaitingTime_Dominance_PC50,204,12.146000,0.082162735,8396.613,false
SA_WaitingTime_Dominance_PC50,204,12.190000,0.082152349,8396.613,false
SA_WaitingTime_Dominance_PC50,204,12.018000,0.082173402,8396.613,false
SA_WaitingTime_Dominance_PC50,204,11.926000,0.082191120,8396.613,false
SA_WaitingTime_Dominance_PC50,204,11.922000,0.082275331,8396.613,false
SA_WaitingTime_Dominance_PC50,204,8.196000,0.082675947,8392.297,false
SA_WaitingTime_Dominance_PC50,204,8.180000,0.082812892,8396.571,false
SA_WaitingTime_Dominance_PC50,204,8.156000,0.082955733,8396.571,false
SA_WaitingTime_Dominance_PC50,204,8.146000,0.083169148,8396.571,false
SA_WaitingTime_Dominance_PC50,204,8.148000,0.083088834,8396.571,false
SA_WaitingTime_Dominance_PC50,204,7.938000,0.083336216,8393.227,false
SA_WaitingTime_Dominance_PC50,204,7.948000,0.083273058,8394.536,false
SA_WaitingTime_Dominance_PC50,204,7.966000,0.083185666,8390.662,false
SA_WaitingTime_Dominance_PC50,205,8.832000,0.082298973,8392.848,false
SA_WaitingTime_Dominance_PC50,205,9.074000,0.082058713,8389.158,false
SA_WaitingTime_Dominance_PC50,205,8.976000,0.082147525,8396.548,false
SA_WaitingTime_Dominance_PC50,205,9.002000,0.082126472,8396.548,false
SA_WaitingTime_Dominance_PC50,205,8.162000,0.082359850,8393.914,false
SA_WaitingTime_Dominance_PC50,205,8.164000,0.082332802,8393.914,false
SA_WaitingTime_Dominance_PC50,205,8.132000,0.082546217,8396.870,false
SA_WaitingTime_Dominance_PC50,205,8.134000,0.082521637,8396.870,false
SA_WaitingTime_Dominance_PC50,205,8.116000,0.082614228,8395.028,false
SA_WaitingTime_Dominance_PC50,205,8.918000,0.082297578,8396.565,false
SA_WaitingTime_Dominance_PC50,205,7.932000,0.082686904,8389.628,false
SA_WaitingTime_Dominance_PC50,205,7.920000,0.082706478,8395.135,false
SA_WaitingTime_Dominance_PC50,205,7.948000,0.082634569,8395.135,false
SA_WaitingTime_Dominance_PC50,205,7.936000,0.082664373,8395.135,false
SA_WaitingTime_Dominance_PC50,205,7.886000,0.082845713,8393.069,false
SA_WaitingTime_Dominance_PC50,206,24.192000,0.082724453,8388.185,false
SA_WaitingTime_Dominance_PC50,206,23.880000,0.082744257,8388.185,false
SA_WaitingTime_Dominance_PC50,206,21.818000,0.082884660,8394.094,false
SA_WaitingTime_Dominance_PC50,206,21.870000,0.082843850,8394.094,false
SA_WaitingTime_Dominance_PC50,206,14.976000,0.082885014,8392.227,false
SA_WaitingTime_Dominance_PC50,206,14.456000,0.083283132,8394.443,false
SA_WaitingTime_Dominance_PC50,206,13.254000,0.083493358,8393.935,false
SA_WaitingTime_Dominance_PC50,206,13.304000,0.083344970,8393.935,false
SA_WaitingTime_Dominance_PC50,206,13.152000,0.083505676,8394.430,false
SA_WaitingTime_Dominance_PC50,206,11.450000,0.083569984,8395.709,false
SA_WaitingTime_Dominance_PC50,206,11.882000,0.083550962,8368.238,false
SA_WaitingTime_Dominance_PC50,206,7.994000,0.083616540,8386.886,false
SA_WaitingTime_Dominance_PC50,206,7.952000,0.083671251,8383.943,false
SA_WaitingTime_Dominance_PC50,206,7.984000,0.083634802,8385.753,false
SA_WaitingTime_Dominance_PC50,206,7.942000,0.083822422,8387.160,false
SA_WaitingTime_Dominance_PC50,206,8.074000,0.083577840,8393.277,false
SA_WaitingTime_Dominance_PC50,207,8.910000,0.082115992,8396.771,false
SA_WaitingTime_Dominance_PC50,207,8.890000,0.082296304,8395.480,false
SA_WaitingTime_Dominance_PC50,207,8.870000,0.082308548,8395.480,false
SA_WaitingTime_Dominance_PC50,207,8.840000,0.082309569,8395.480,false
SA_WaitingTime_Dominance_PC50,207,8.646000,0.082395018,8392.744,false
SA_WaitingTime_Dominance_PC50,207,8.362000,0.082443695,8395.334,false
SA_WaitingTime_Dominance_PC50,207,8.286000,0.082819625,8393.882,false
SA_WaitingTime_Dominance_PC50,207,8.274000,0.082831531,8396.853,false
SA_WaitingTime_Dominance_PC50,207,8.294000,0.082580540,8396.853,false
SA_WaitingTime_Dominance_PC50,208,9.916000,0.082527537,8394.931,false
SA_WaitingTime_Dominance_PC50,208,9.918000,0.082443326,8394.931,false
SA_WaitingTime_Dominance_PC50,208,9.930000,0.082397662,8394.931,false
SA_WaitingTime_Dominance_PC50,208,8.308000,0.082546251,8396.610,false
SA_WaitingTime_Dominance_PC50,208,8.268000,0.082616764,8395.978,false
SA_WaitingTime_Dominance_PC50,208,8.236000,0.082618422,8395.736,false
SA_WaitingTime_Dominance_PC50,208,8.174000,0.082964230,8395.736,false
SA_WaitingTime_Dominance_PC50,208,8.178000,0.082837601,8390.268,false
SA_WaitingTime_Dominance_PC50,208,8.190000,0.082713460,8394.849,false
SA_WaitingTime_Dominance_PC50,208,8.170000,0.083050305,8394.849,false
SA_WaitingTime_Dominance_PC50,208,8.172000,0.083016001,8396.341,false
SA_WaitingTime_Dominance_PC50,209,8.686000,0.082842533,8395.895,false
SA_WaitingTime_Dominance_PC50,209,8.636000,0.083016423,8390.834,false
SA_WaitingTime_Dominance_PC50,209,8.662000,0.082902762,8390.834,false
SA_WaitingTime_Dominance_PC50,209,8.656000,0.083000530,8390.834,false
SA_WaitingTime_Dominance_PC50,209,8.634000,0.083079582,8395.895,false
SA_WaitingTime_Dominance_PC50,209,8.176000,0.083086822,8394.090,false
SA_WaitingTime_Dominance_PC50,209,8.156000,0.083148689,8393.716,false
SA_WaitingTime_Dominance_PC50,209,8.120000,0.083379109,8387.198,false
SA_WaitingTime_Dominance_PC50,209,8.138000,0.083371846,8388.151,false
SA_WaitingTime_Dominance_PC50,209,8.128000,0.083379109,8387.198,false
SA_Energy_Dominance_PC50,200,20.460000,0.083467516,8392.281,false
SA_Energy_Dominance_PC50,200,19.110000,0.083644241,8389.420,false
SA_Energy_Dominance_PC50,200,22.398000,0.082896001,8354.907,false
SA_Energy_Dominance_PC50,200,22.052000,0.083267528,8377.949,false
SA_Energy_Dominance_PC50,200,22.380000,0.083227049,8377.949,false
SA_Energy_Dominance_PC50,200,23.110000,0.080333039,8387.439,false
SA_Energy_Dominance_PC50,200,22.788000,0.080392731,8362.397,false
SA_Energy_Dominance_PC50,200,23.124000,0.080225634,8393.395,false
SA_Energy_Dominance_PC50,200,23.146000,0.080100442,8393.553,false
SA_Energy_Dominance_PC50,200,23.386000,0.080064603,8393.553,false
SA_Energy_Dominance_PC50,200,23.598000,0.080025066,8340.103,false
SA_Energy_Dominance_PC50,200,23.762000,0.080004013,8340.103,false
SA_Energy_Dominance_PC50,200,22.622000,0.081332485,8387.423,false
SA_Energy_Dominance_PC50,200,24.870000,0.079531306,8325.477,false
SA_Energy_Dominance_PC50,200,25.536000,0.079198801,8329.740,false
SA_Energy_Dominance_PC50,200,25.268000,0.079218227,8329.740,false
SA_Energy_Dominance_PC50,200,25.678000,0.079177748,8387.159,false
SA_Energy_Dominance_PC50,200,25.376000,0.079201059,8387.159,false
SA_Energy_Dominance_PC50,200,25.744000,0.079026262,8372.983,false
SA_Energy_Dominance_PC50,200,25.696000,0.079124986,8372.983,false
SA_Energy_Dominance_PC50,200,25.944000,0.078871964,8370.753,false
SA_Energy_Dominance_PC50,200,26.696000,0.075711278,8395.191,false
SA_Energy_Dominance_PC50,200,26.990000,0.075261564,8368.466,false
SA_Energy_Dominance_PC50,200,26.382000,0.076342917,8382.612,false
SA_Energy_Dominance_PC50,200,26.338000,0.076469233,8382.612,false
SA_Energy_Dominance_PC50,200,27.286000,0.074899714,8371.493,false
SA_Energy_Dominance_PC50,200,27.528000,0.074861271,8353.817,false
SA_Energy_Dominance_PC50,200,27.786000,0.074781347,8358.693,false
SA_Energy_Dominance_PC50,200,28.566000,0.073452091,8343.380,false
SA_Energy_Dominance_PC50,200,28.766000,0.073440421,8347.515,false
SA_Energy_Dominance_PC50,200,28.464000,0.073455962,8347.515,false
SA_Energy_Dominance_PC50,200,28.302000,0.073460111,8347.515,false
SA_Energy_Dominance_PC50,200,28.188000,0.073552195,8371.415,false
SA_Energy_Dominance_PC50,200,28.840000,0.073317137,8348.275,false
SA_Energy_Dominance_PC50,200,29.708000,0.072738623,8320.743,false
SA_Energy_Dominance_PC50,200,30.044000,0.071522923,8387.843,false
SA_Energy_Dominance_PC50,200,30.372000,0.071374291,8364.992,false
SA_Energy_Dominance_PC50,200,30.212000,0.071448926,8372.098,false
SA_Energy_Dominance_PC50,200,30.024000,0.071845850,8379.843,false
SA_Energy_Dominance_PC50,200,30.994000,0.069431372,8239.193,false
SA_Energy_Dominance_PC50,200,31.268000,0.069303443,8323.468,false
SA_Energy_Dominance_PC50,200,31.136000,0.069321700,8352.244,false
SA_Energy_Dominance_PC50,200,33.550000,0.069270868,7910.929,false
SA_Energy_Dominance_PC50,200,31.870000,0.069273126,8176.533,false
SA_Energy_Dominance_PC50,201,20.428000,0.085362843,8380.637,false
SA_Energy_Dominance_PC50,201,20.470000,0.085255327,8380.637,false
SA_Energy_Dominance_PC50,201,20.480000,0.085234274,8380.637,false
SA_Energy_Dominance_PC50,201,20.624000,0.085186551,8390.723,false
SA_Energy_Dominance_PC50,201,21.058000,0.081464494,8379.517,false
SA_Energy_Dominance_PC50,201,21.060000,0.081391511,8371.653,false
SA_Energy_Dominance_PC50,201,20.820000,0.081545441,8373.883,false
SA_Energy_Dominance_PC50,201,21.154000,0.081370458,8371.653,false
SA_Energy_Dominance_PC50,201,21.374000,0.081283067,8371.653,false
SA_Energy_Dominance_PC50,201,20.690000,0.083061036,8346.581,false
SA_Energy_Dominance_PC50,201,23.656000,0.080647013,8358.704,false
SA_Energy_Dominance_PC50,201,23.808000,0.080604348,8389.823,false
SA_Energy_Dominance_PC50,201,22.648000,0.081238080,8394.639,false
SA_Energy_Dominance_PC50,201,22.882000,0.080839252,8394.639,false
SA_Energy_Dominance_PC50,201,22.946000,0.080718094,8389.763,false
SA_Energy_Dominance_PC50,201,22.770000,0.080865933,8389.763,false
SA_Energy_Dominance_PC50,201,26.494000,0.079442294,8380.011,false
SA_Energy_Dominance_PC50,201,26.178000,0.079453418,8380.011,false
SA_Energy_Dominance_PC50,201,25.982000,0.079488259,8380.011,false
SA_Energy_Dominance_PC50,201,26.094000,0.079462104,8388.390,false
SA_Energy_Dominance_PC50,201,25.746000,0.079547228,8334.940,false
SA_Energy_Dominance_PC50,201,24.310000,0.080252405,8382.651,false
SA_Energy_Dominance_PC50,201,27.508000,0.078901881,8371.250,false
SA_Energy_Dominance_PC50,201,26.874000,0.079288671,8396.833,false
SA_Energy_Dominance_PC50,201,27.020000,0.079177172,8396.833,false
SA_Energy_Dominance_PC50,201,28.352000,0.078380982,8347.621,false
SA_Energy_Dominance_PC50,201,28.470000,0.078346678,8280.145,false
SA_Energy_Dominance_PC50,201,28.834000,0.077182481,8346.237,false
SA_Energy_Dominance_PC50,201,28.810000,0.077335067,8362.167,false
SA_Energy_Dominance_PC50,201,28.926000,0.077158119,8313.070,false
SA_Energy_Dominance_PC50,201,29.136000,0.077080347,8240.073,false
SA_Energy_Dominance_PC50,201,29.668000,0.077050030,8372.763,false
SA_Energy_Dominance_PC50,201,30.050000,0.077014191,8369.423,false
SA_Energy_Dominance_PC50,201,30.136000,0.075334232,8141.147,false
SA_Energy_Dominance_PC50,201,30.558000,0.075042722,8242.846,false
SA_Energy_Dominance_PC50,201,30.358000,0.075217350,8242.846,false
SA_Energy_Dominance_PC50,201,31.238000,0.074534845,8344.161,false
SA_Energy_Dominance_PC50,201,31.306000,0.074317918,8344.161,false
SA_Energy_Dominance_PC50,201,31.368000,0.074157681,8351.798,false
SA_Energy_Dominance_PC50,201,31.516000,0.074108476,8379.407,false
SA_Energy_Dominance_PC50,201,31.704000,0.074087423,8379.407,false
SA_Energy_Dominance_PC50,201,30.696000,0.074632211,8391.027,false
SA_Energy_Dominance_PC50,201,32.430000,0.073976124,8371.332,false
SA_Energy_Dominance_PC50,201,32.554000,0.073917625,8374.559,false
SA_Energy_Dominance_PC50,201,33.022000,0.073565039,8379.719,false
SA_Energy_Dominance_PC50,201,33.280000,0.073501881,8379.719,false
SA_Energy_Dominance_PC50,201,33.768000,0.073432965,8218.175,false
SA_Energy_Dominance_PC50,201,34.120000,0.073414920,8218.175,false
SA_Energy_Dominance_PC50,201,34.334000,0.073398854,8394.459,false
SA_Energy_Dominance_PC50,201,35.234000,0.072599643,8391.099,false
SA_Energy_Dominance_PC50,201,34.662000,0.072697381,8391.746,false
SA_Energy_Dominance_PC50,201,34.574000,0.072838362,8391.746,false
SA_Energy_Dominance_PC50,201,34.914000,0.072682444,8365.617,false
SA_Energy_Dominance_PC50,201,35.992000,0.068227921,8346.733,false
SA_Energy_Dominance_PC50,201,35.244000,0.068403367,8325.396,false
SA_Energy_Dominance_PC50,201,35.646000,0.068261260,8349.296,false
SA_Energy_Dominance_PC50,202,18.552000,0.082444414,8387.198,false
SA_Energy_Dominance_PC50,202,18.712000,0.081452457,8384.236,false
SA_Energy_Dominance_PC50,202,18.750000,0.081410448,8384.236,false
SA_Energy_Dominance_PC50,202,19.040000,0.081244742,8390.731,false
SA_Energy_Dominance_PC50,202,19.536000,0.079356319,8368.076,false
SA_Energy_Dominance_PC50,202,19.572000,0.079333079,8368.076,false
SA_Energy_Dominance_PC50,202,19.122000,0.079724330,8368.076,false
SA_Energy_Dominance_PC50,202,19.556000,0.079354132,8368.076,false
SA_Energy_Dominance_PC50,202,25.368000,0.079086745,8350.088,false
SA_Energy_Dominance_PC50,202,25.592000,0.078890593,8354.184,false
SA_Energy_Dominance_PC50,202,25.858000,0.078670496,8354.184,false
SA_Energy_Dominance_PC50,202,25.490000,0.078925980,8369.874,false
SA_Energy_Dominance_PC50,202,25.216000,0.079097587,8380.909,false
SA_Energy_Dominance_PC50,202,25.758000,0.078775148,8386.562,false
SA_Energy_Dominance_PC50,202,25.482000,0.079038801,8336.216,false
SA_Energy_Dominance_PC50,202,26.944000,0.078665882,8335.225,false
SA_Energy_Dominance_PC50,202,27.440000,0.078534766,8333.257,false
SA_Energy_Dominance_PC50,202,27.284000,0.078550435,8334.753,false
SA_Energy_Dominance_PC50,202,28.106000,0.078270705,8385.599,false
SA_Energy_Dominance_PC50,202,28.142000,0.078207547,8385.599,false
SA_Energy_Dominance_PC50,202,27.960000,0.078335476,8385.599,false
SA_Energy_Dominance_PC50,202,27.184000,0.078577366,8394.240,false
SA_Energy_Dominance_PC50,202,29.358000,0.077180902,8371.297,false
SA_Energy_Dominance_PC50,202,28.764000,0.077194879,8374.637,false
SA_Energy_Dominance_PC50,202,30.022000,0.076663475,8366.028,false
SA_Energy_Dominance_PC50,202,30.148000,0.076623645,8366.028,false
SA_Energy_Dominance_PC50,202,30.370000,0.076606480,8358.617,false
SA_Energy_Dominance_PC50,202,30.492000,0.076554061,8355.646,false
SA_Energy_Dominance_PC50,202,31.218000,0.076409776,8392.254,false
SA_Energy_Dominance_PC50,202,31.116000,0.076519913,8373.376,false
SA_Energy_Dominance_PC50,202,32.448000,0.076296149,8346.235,false
SA_Energy_Dominance_PC50,202,32.946000,0.076280609,8346.235,false
SA_Energy_Dominance_PC50,202,33.284000,0.076191440,8392.924,false
SA_Energy_Dominance_PC50,202,32.980000,0.076215932,8392.924,false
SA_Energy_Dominance_PC50,202,33.332000,0.076015685,8392.924,false
SA_Energy_Dominance_PC50,202,33.790000,0.075002932,8271.901,false
SA_Energy_Dominance_PC50,202,33.342000,0.075208435,8367.087,false
SA_Energy_Dominance_PC50,202,33.506000,0.075015780,8346.032,false
SA_Energy_Dominance_PC50,202,34.014000,0.074971982,8373.388,false
SA_Energy_Dominance_PC50,202,34.398000,0.074819623,8375.356,false
SA_Energy_Dominance_PC50,202,34.926000,0.074623103,8396.287,false
SA_Energy_Dominance_PC50,202,35.456000,0.074307090,8269.846,false
SA_Energy_Dominance_PC50,202,34.476000,0.074642686,8393.942,false
SA_Energy_Dominance_PC50,202,34.420000,0.074727523,8384.476,false
SA_Energy_Dominance_PC50,202,35.000000,0.074498276,8368.918,false
SA_Energy_Dominance_PC50,202,37.490000,0.073596160,8388.380,false
SA_Energy_Dominance_PC50,202,36.966000,0.073792196,8388.380,false
SA_Energy_Dominance_PC50,202,38.412000,0.073564982,8378.425,false
SA_Energy_Dominance_PC50,202,39.276000,0.073191337,8395.889,false
SA_Energy_Dominance_PC50,202,39.032000,0.073244566,8395.889,false
SA_Energy_Dominance_PC50,202,38.636000,0.073425193,8392.016,false
SA_Energy_Dominance_PC50,202,39.678000,0.072741054,8315.031,false
SA_Energy_Dominance_PC50,202,40.246000,0.070477286,8369.106,false
SA_Energy_Dominance_PC50,202,40.322000,0.070224489,8396.751,false
SA_Energy_Dominance_PC50,202,40.822000,0.070122888,8388.371,false
SA_Energy_Dominance_PC50,202,41.594000,0.070075465,8388.371,false
SA_Energy_Dominance_PC50,202,40.066000,0.070953574,8392.002,false
SA_Energy_Dominance_PC50,202,41.798000,0.069503626,8366.547,false
SA_Energy_Dominance_PC50,202,42.258000,0.069386606,8366.547,false
SA_Energy_Dominance_PC50,203,18.806000,0.083956036,8396.705,false
SA_Energy_Dominance_PC50,203,18.646000,0.084389393,8396.705,false
SA_Energy_Dominance_PC50,203,18.814000,0.083659279,8396.705,false
SA_Energy_Dominance_PC50,203,19.160000,0.083638874,8396.705,false
SA_Energy_Dominance_PC50,203,19.492000,0.083615151,8377.086,false
SA_Energy_Dominance_PC50,203,19.418000,0.083629937,8377.086,false
SA_Energy_Dominance_PC50,203,20.258000,0.082663184,8386.185,false
SA_Energy_Dominance_PC50,203,20.520000,0.082179217,8386.530,false
SA_Energy_Dominance_PC50,203,20.750000,0.082145128,8386.530,false
SA_Energy_Dominance_PC50,203,20.872000,0.082143501,8386.530,false
SA_Energy_Dominance_PC50,203,20.356000,0.082347118,8367.979,false
SA_Energy_Dominance_PC50,203,20.440000,0.082345870,8389.722,false
SA_Energy_Dominance_PC50,203,20.388000,0.082345870,8362.997,false
SA_Energy_Dominance_PC50,203,20.350000,0.082408599,8362.997,false
SA_Energy_Dominance_PC50,203,20.216000,0.083276378,8362.997,false
SA_Energy_Dominance_PC50,203,20.240000,0.082972218,8384.346,false
SA_Energy_Dominance_PC50,203,23.594000,0.079482470,8382.740,false
SA_Energy_Dominance_PC50,203,23.228000,0.079722768,8392.616,false
SA_Energy_Dominance_PC50,203,23.316000,0.079705050,8392.616,false
SA_Energy_Dominance_PC50,203,22.446000,0.079811673,8355.660,false
SA_Energy_Dominance_PC50,203,21.370000,0.079842644,8361.580,false
SA_Energy_Dominance_PC50,203,21.324000,0.079945194,8361.580,false
SA_Energy_Dominance_PC50,203,22.048000,0.079829506,8388.305,false
SA_Energy_Dominance_PC50,203,23.760000,0.079106814,8370.420,false
SA_Energy_Dominance_PC50,203,23.936000,0.078312985,8396.883,false
SA_Energy_Dominance_PC50,203,24.026000,0.078265412,8379.338,false
SA_Energy_Dominance_PC50,203,24.182000,0.078206796,8392.883,false
SA_Energy_Dominance_PC50,203,24.210000,0.078080479,8392.883,false
SA_Energy_Dominance_PC50,203,24.854000,0.076661953,8376.618,false
SA_Energy_Dominance_PC50,203,24.746000,0.076683006,8376.618,false
SA_Energy_Dominance_PC50,203,24.532000,0.077739480,8348.150,false
SA_Energy_Dominance_PC50,203,25.328000,0.075220319,8375.891,false
SA_Energy_Dominance_PC50,203,25.640000,0.075164676,8386.509,false
SA_Energy_Dominance_PC50,203,25.018000,0.075481360,8310.902,false
SA_Energy_Dominance_PC50,203,25.818000,0.075071995,8229.033,false
SA_Energy_Dominance_PC50,203,25.956000,0.075045544,8330.591,false
SA_Energy_Dominance_PC50,203,26.288000,0.074990714,8303.866,false
SA_Energy_Dominance_PC50,203,26.432000,0.074985157,8259.959,false
SA_Energy_Dominance_PC50,203,26.990000,0.074945228,8321.341,false
SA_Energy_Dominance_PC50,203,27.210000,0.074755594,8361.041,false
SA_Energy_Dominance_PC50,203,27.344000,0.074730544,8361.041,false
SA_Energy_Dominance_PC50,203,27.452000,0.074697078,8395.959,false
SA_Energy_Dominance_PC50,203,27.516000,0.074537063,8393.374,false
SA_Energy_Dominance_PC50,203,27.762000,0.074521523,8393.374,false
SA_Energy_Dominance_PC50,203,27.942000,0.074457570,8299.609,false
SA_Energy_Dominance_PC50,203,28.112000,0.074391220,8384.915,false
SA_Energy_Dominance_PC50,203,28.672000,0.074348996,8342.019,false
SA_Energy_Dominance_PC50,203,28.984000,0.074132060,8386.595,false
SA_Energy_Dominance_PC50,203,28.826000,0.074153996,8301.049,false
SA_Energy_Dominance_PC50,203,28.998000,0.074012133,8353.925,false
SA_Energy_Dominance_PC50,203,29.354000,0.073936451,8395.965,false
SA_Energy_Dominance_PC50,203,29.790000,0.073871082,8387.313,false
SA_Energy_Dominance_PC50,203,30.104000,0.073841227,8361.451,false
SA_Energy_Dominance_PC50,203,30.280000,0.073820822,8357.578,false
SA_Energy_Dominance_PC50,203,30.844000,0.073760576,8254.659,false
SA_Energy_Dominance_PC50,203,30.526000,0.073790893,8254.659,false
SA_Energy_Dominance_PC50,203,31.002000,0.072751463,8293.618,false
SA_Energy_Dominance_PC50,203,31.422000,0.072470590,8392.743,false
SA_Energy_Dominance_PC50,203,31.206000,0.072586978,8392.743,false
SA_Energy_Dominance_PC50,203,31.764000,0.072470590,8392.743,false
SA_Energy_Dominance_PC50,203,32.326000,0.072465063,8371.394,false
SA_Energy_Dominance_PC50,203,33.078000,0.070290416,8051.276,false
SA_Energy_Dominance_PC50,203,32.770000,0.070522643,8315.608,false
SA_Energy_Dominance_PC50,203,33.272000,0.069779593,8310.712,false
SA_Energy_Dominance_PC50,203,34.264000,0.069288431,8302.699,false
SA_Energy_Dominance_PC50,203,33.394000,0.069515508,8247.774,false
SA_Energy_Dominance_PC50,203,33.760000,0.069367744,8247.300,false
SA_Energy_Dominance_PC50,203,33.944000,0.069292062,8246.297,false
SA_Energy_Dominance_PC50,204,20.116000,0.084534820,8386.137,false
SA_Energy_Dominance_PC50,204,20.608000,0.084326322,8393.243,false
SA_Energy_Dominance_PC50,204,21.206000,0.083647796,8300.216,false
SA_Energy_Dominance_PC50,204,21.532000,0.083082047,8382.468,false
SA_Energy_Dominance_PC50,204,21.484000,0.083120818,8396.247,false
SA_Energy_Dominance_PC50,204,21.404000,0.083122994,8392.906,false
SA_Energy_Dominance_PC50,204,21.572000,0.080859455,8392.863,false
SA_Energy_Dominance_PC50,204,21.598000,0.080799631,8392.863,false
SA_Energy_Dominance_PC50,204,21.790000,0.080671704,8374.925,false
SA_Energy_Dominance_PC50,204,21.686000,0.080713156,8390.854,false
SA_Energy_Dominance_PC50,204,22.088000,0.080460523,8390.854,false
SA_Energy_Dominance_PC50,204,22.060000,0.080556242,8390.854,false
SA_Energy_Dominance_PC50,204,21.890000,0.080645128,8390.854,false
SA_Energy_Dominance_PC50,204,23.848000,0.079192823,8383.455,false
SA_Energy_Dominance_PC50,204,23.904000,0.079171770,8370.866,false
SA_Energy_Dominance_PC50,204,24.150000,0.078785718,8389.199,false
SA_Energy_Dominance_PC50,204,24.196000,0.078757333,8389.199,false
SA_Energy_Dominance_PC50,204,24.254000,0.078579680,8391.429,false
SA_Energy_Dominance_PC50,204,24.354000,0.078574960,8391.429,false
SA_Energy_Dominance_PC50,204,24.224000,0.078677364,8379.485,false
SA_Energy_Dominance_PC50,204,24.378000,0.078470596,8353.166,false
SA_Energy_Dominance_PC50,204,24.554000,0.078372138,8373.173,false
SA_Energy_Dominance_PC50,204,24.622000,0.078351085,8373.173,false
SA_Energy_Dominance_PC50,204,24.894000,0.078208096,8387.369,false
SA_Energy_Dominance_PC50,204,24.652000,0.078271757,8330.164,false
SA_Energy_Dominance_PC50,204,24.900000,0.078118920,8330.426,false
SA_Energy_Dominance_PC50,204,25.074000,0.078064196,8330.426,false
SA_Energy_Dominance_PC50,204,25.000000,0.078078982,8330.426,false
SA_Energy_Dominance_PC50,204,25.790000,0.078059235,8333.397,false
SA_Energy_Dominance_PC50,204,25.972000,0.078008762,8330.901,false
SA_Energy_Dominance_PC50,204,26.066000,0.077996128,8330.901,false
SA_Energy_Dominance_PC50,204,26.438000,0.077458950,8391.819,false
SA_Energy_Dominance_PC50,204,28.190000,0.075631324,8373.113,false
SA_Energy_Dominance_PC50,204,28.372000,0.075611898,8389.541,false
SA_Energy_Dominance_PC50,204,26.612000,0.076310226,8383.045,false
SA_Energy_Dominance_PC50,204,26.724000,0.075903405,8383.045,false
SA_Energy_Dominance_PC50,204,26.896000,0.075765964,8383.045,false
SA_Energy_Dominance_PC50,204,27.138000,0.075743301,8383.045,false
SA_Energy_Dominance_PC50,204,26.698000,0.076001713,8374.404,false
SA_Energy_Dominance_PC50,204,27.262000,0.075686141,8364.676,false
SA_Energy_Dominance_PC50,204,27.352000,0.075658407,8364.405,false
SA_Energy_Dominance_PC50,204,26.316000,0.077827693,8346.121,false
SA_Energy_Dominance_PC50,204,28.442000,0.069878333,8311.971,false
SA_Energy_Dominance_PC50,204,28.826000,0.069719207,8296.041,false
SA_Energy_Dominance_PC50,204,28.564000,0.069769788,8296.041,false
SA_Energy_Dominance_PC50,204,28.728000,0.069760017,8296.041,false
SA_Energy_Dominance_PC50,204,28.920000,0.069719207,8243.244,false
SA_Energy_Dominance_PC50,204,29.044000,0.069717190,8347.775,false
SA_Energy_Dominance_PC50,205,19.082000,0.083265440,8372.797,false
SA_Energy_Dominance_PC50,205,19.568000,0.083126033,8370.829,false
SA_Energy_Dominance_PC50,205,19.702000,0.082971610,8384.764,false
SA_Energy_Dominance_PC50,205,19.798000,0.082868606,8381.910,false
SA_Energy_Dominance_PC50,205,19.964000,0.082839930,8394.499,false
SA_Energy_Dominance_PC50,205,20.032000,0.082839930,8394.499,false
SA_Energy_Dominance_PC50,205,20.482000,0.080693951,8371.549,false
SA_Energy_Dominance_PC50,205,20.500000,0.080693951,8371.549,false
SA_Energy_Dominance_PC50,205,23.852000,0.080276641,8369.431,false
SA_Energy_Dominance_PC50,205,25.426000,0.079067785,8388.780,false
SA_Energy_Dominance_PC50,205,25.296000,0.079078171,8383.953,false
SA_Energy_Dominance_PC50,205,25.208000,0.079084438,8383.953,false
SA_Energy_Dominance_PC50,205,24.786000,0.079307690,8383.953,false
SA_Energy_Dominance_PC50,205,24.848000,0.079133794,8364.555,false
SA_Energy_Dominance_PC50,205,24.966000,0.079116076,8364.555,false
SA_Energy_Dominance_PC50,205,25.682000,0.079011773,8347.629,false
SA_Energy_Dominance_PC50,205,26.646000,0.078666953,8383.144,false
SA_Energy_Dominance_PC50,205,26.470000,0.078846039,8330.124,false
SA_Energy_Dominance_PC50,205,26.672000,0.078488142,8345.783,false
SA_Energy_Dominance_PC50,205,26.720000,0.078423357,8348.013,false
SA_Energy_Dominance_PC50,205,27.028000,0.078243357,8355.791,false
SA_Energy_Dominance_PC50,205,27.514000,0.077942840,8360.307,false
SA_Energy_Dominance_PC50,205,27.054000,0.077964524,8360.307,false
SA_Energy_Dominance_PC50,205,27.630000,0.077394432,8369.690,false
SA_Energy_Dominance_PC50,205,28.168000,0.077016162,8344.622,false
SA_Energy_Dominance_PC50,205,29.016000,0.076331396,8378.223,false
SA_Energy_Dominance_PC50,205,28.540000,0.076768550,8378.223,false
SA_Energy_Dominance_PC50,205,28.560000,0.076379080,8378.223,false
SA_Energy_Dominance_PC50,205,29.048000,0.076249777,8384.566,false
SA_Energy_Dominance_PC50,205,29.134000,0.076170489,8384.566,false
SA_Energy_Dominance_PC50,205,29.524000,0.076100934,8370.805,false
SA_Energy_Dominance_PC50,205,30.214000,0.075703226,8370.805,false
SA_Energy_Dominance_PC50,205,30.368000,0.075678358,8349.456,false
SA_Energy_Dominance_PC50,205,29.628000,0.075777758,8300.359,false
SA_Energy_Dominance_PC50,205,29.610000,0.075968070,8278.842,false
SA_Energy_Dominance_PC50,205,32.126000,0.075655040,8392.283,false
SA_Energy_Dominance_PC50,205,32.982000,0.075511624,8392.283,false
SA_Energy_Dominance_PC50,205,32.646000,0.075565369,8392.283,false
SA_Energy_Dominance_PC50,205,33.786000,0.075480729,8368.907,false
SA_Energy_Dominance_PC50,205,33.958000,0.074791479,8371.922,false
SA_Energy_Dominance_PC50,205,33.840000,0.074930178,8371.922,false
SA_Energy_Dominance_PC50,205,34.322000,0.074657020,8366.958,false
SA_Energy_Dominance_PC50,205,34.092000,0.074672529,8387.852,false
SA_Energy_Dominance_PC50,205,34.328000,0.074543148,8359.733,false
SA_Energy_Dominance_PC50,205,34.742000,0.074522095,8359.733,false
SA_Energy_Dominance_PC50,205,34.996000,0.073990521,8392.815,false
SA_Energy_Dominance_PC50,205,36.096000,0.070688208,8367.517,false
SA_Energy_Dominance_PC50,205,36.698000,0.070639959,8389.365,false
SA_Energy_Dominance_PC50,205,36.350000,0.070672034,8378.615,false
SA_Energy_Dominance_PC50,205,37.302000,0.070622821,8391.312,false
SA_Energy_Dominance_PC50,205,35.502000,0.070962195,8356.222,false
SA_Energy_Dominance_PC50,205,35.222000,0.071730579,8330.500,false
SA_Energy_Dominance_PC50,205,37.668000,0.069358539,8368.479,false
SA_Energy_Dominance_PC50,205,38.478000,0.068970027,8325.464,false
SA_Energy_Dominance_PC50,205,38.098000,0.069144622,8357.779,false
SA_Energy_Dominance_PC50,205,38.858000,0.068930946,8360.423,false
SA_Energy_Dominance_PC50,206,21.374000,0.083505342,8385.382,false
SA_Energy_Dominance_PC50,206,20.486000,0.083754563,8365.375,false
SA_Energy_Dominance_PC50,206,20.778000,0.083709420,8341.165,false
SA_Energy_Dominance_PC50,206,21.470000,0.083102505,8385.435,false
SA_Energy_Dominance_PC50,206,21.570000,0.082301274,8393.244,false
SA_Energy_Dominance_PC50,206,21.526000,0.082316805,8393.244,false
SA_Energy_Dominance_PC50,206,21.478000,0.082564721,8369.344,false
SA_Energy_Dominance_PC50,206,21.506000,0.082398895,8369.344,false
SA_Energy_Dominance_PC50,206,21.678000,0.081660328,8365.963,false
SA_Energy_Dominance_PC50,206,22.420000,0.081563405,8365.963,false
SA_Energy_Dominance_PC50,206,22.530000,0.081500247,8365.963,false
SA_Energy_Dominance_PC50,206,22.692000,0.081392173,8366.721,false
SA_Energy_Dominance_PC50,206,22.536000,0.081462106,8366.721,false
SA_Energy_Dominance_PC50,206,22.744000,0.081376642,8366.721,false
SA_Energy_Dominance_PC50,206,22.822000,0.081310814,8370.062,false
SA_Energy_Dominance_PC50,206,22.830000,0.080945039,8382.777,false
SA_Energy_Dominance_PC50,206,23.006000,0.079249381,8394.382,false
SA_Energy_Dominance_PC50,206,23.024000,0.079062781,8372.826,false
SA_Energy_Dominance_PC50,206,23.228000,0.079013333,8382.554,false
SA_Energy_Dominance_PC50,206,23.354000,0.079007806,8381.352,false
SA_Energy_Dominance_PC50,206,23.550000,0.078956840,8394.338,false
SA_Energy_Dominance_PC50,206,24.116000,0.078948313,8390.322,false
SA_Energy_Dominance_PC50,206,24.212000,0.078945488,8384.516,false
SA_Energy_Dominance_PC50,206,24.392000,0.078916040,8384.516,false
SA_Energy_Dominance_PC50,206,24.552000,0.078888844,8384.516,false
SA_Energy_Dominance_PC50,206,24.654000,0.078874404,8396.136,false
SA_Energy_Dominance_PC50,206,24.678000,0.078598388,8370.589,false
SA_Energy_Dominance_PC50,206,24.884000,0.078577983,8370.589,false
SA_Energy_Dominance_PC50,206,26.042000,0.077298364,8363.582,false
SA_Energy_Dominance_PC50,206,26.340000,0.077209379,8363.582,false
SA_Energy_Dominance_PC50,206,26.160000,0.077266111,8329.769,false
SA_Energy_Dominance_PC50,206,26.576000,0.076903178,8386.984,false
SA_Energy_Dominance_PC50,206,26.652000,0.076768380,8386.984,false
SA_Energy_Dominance_PC50,206,26.962000,0.076562622,8377.256,false
SA_Energy_Dominance_PC50,206,26.772000,0.076629061,8377.256,false
SA_Energy_Dominance_PC50,206,27.158000,0.076526074,8376.649,false
SA_Energy_Dominance_PC50,206,27.354000,0.076480180,8378.878,false
SA_Energy_Dominance_PC50,206,27.252000,0.076514770,8378.878,false
SA_Energy_Dominance_PC50,206,27.976000,0.076400568,8395.137,false
SA_Energy_Dominance_PC50,206,28.480000,0.076385292,8395.137,false
SA_Energy_Dominance_PC50,206,28.538000,0.076172298,8322.959,false
SA_Energy_Dominance_PC50,206,28.912000,0.076170111,8367.724,false
SA_Energy_Dominance_PC50,206,29.936000,0.075657377,8379.410,false
SA_Energy_Dominance_PC50,206,29.260000,0.075723769,8387.654,false
SA_Energy_Dominance_PC50,206,30.402000,0.075300710,8391.547,false
SA_Energy_Dominance_PC50,206,30.172000,0.075531941,8391.547,false
SA_Energy_Dominance_PC50,206,30.570000,0.075297229,8314.743,false
SA_Energy_Dominance_PC50,206,31.182000,0.069355894,8150.509,false
SA_Energy_Dominance_PC50,206,30.990000,0.069433050,8150.509,false
SA_Energy_Dominance_PC50,206,30.704000,0.069847715,8157.354,false
SA_Energy_Dominance_PC50,206,31.320000,0.069350368,8136.005,false
SA_Energy_Dominance_PC50,206,32.032000,0.069238395,8217.455,false
SA_Energy_Dominance_PC50,206,32.160000,0.069234123,8373.917,false
SA_Energy_Dominance_PC50,206,32.770000,0.069234123,8259.234,false
SA_Energy_Dominance_PC50,206,32.914000,0.069221012,8062.385,false
SA_Energy_Dominance_PC50,207,19.202000,0.081568534,8395.382,false
SA_Energy_Dominance_PC50,207,19.356000,0.081212278,8384.137,false
SA_Energy_Dominance_PC50,207,19.540000,0.080896371,8374.306,false
SA_Energy_Dominance_PC50,207,19.472000,0.080928431,8374.306,false
SA_Energy_Dominance_PC50,207,19.660000,0.080754218,8380.478,false
SA_Energy_Dominance_PC50,207,19.868000,0.080740636,8380.478,false
SA_Energy_Dominance_PC50,207,20.024000,0.080597962,8380.478,false
SA_Energy_Dominance_PC50,207,20.202000,0.080571768,8383.449,false
SA_Energy_Dominance_PC50,207,20.206000,0.080058710,8377.527,false
SA_Energy_Dominance_PC50,207,20.210000,0.080037657,8377.527,false
SA_Energy_Dominance_PC50,207,20.378000,0.080019306,8386.537,false
SA_Energy_Dominance_PC50,207,20.432000,0.079988437,8382.327,false
SA_Energy_Dominance_PC50,207,20.410000,0.079989446,8382.327,false
SA_Energy_Dominance_PC50,207,20.562000,0.079890294,8382.327,false
SA_Energy_Dominance_PC50,207,20.640000,0.079811328,8382.327,false
SA_Energy_Dominance_PC50,207,20.866000,0.079587887,8375.031,false
SA_Energy_Dominance_PC50,207,20.652000,0.079627544,8396.074,false
SA_Energy_Dominance_PC50,207,20.892000,0.076733856,8311.990,false
SA_Energy_Dominance_PC50,207,21.098000,0.076586784,8385.570,false
SA_Energy_Dominance_PC50,207,21.142000,0.076376245,8395.004,false
SA_Energy_Dominance_PC50,207,21.324000,0.076350227,8391.131,false
SA_Energy_Dominance_PC50,207,21.720000,0.076342013,8314.069,false
SA_Energy_Dominance_PC50,207,21.800000,0.076337033,8358.416,false
SA_Energy_Dominance_PC50,207,22.426000,0.075761844,8379.655,false
SA_Energy_Dominance_PC50,207,22.454000,0.075664626,8379.655,false
SA_Energy_Dominance_PC50,207,22.344000,0.075824964,8357.742,false
SA_Energy_Dominance_PC50,207,22.220000,0.075868679,8357.742,false
SA_Energy_Dominance_PC50,207,22.020000,0.075919184,8396.418,false
SA_Energy_Dominance_PC50,207,22.526000,0.075626181,8390.007,false
SA_Energy_Dominance_PC50,207,22.612000,0.075602870,8395.415,false
SA_Energy_Dominance_PC50,207,22.652000,0.075466977,8395.415,false
SA_Energy_Dominance_PC50,207,22.804000,0.074621172,8351.756,false
SA_Energy_Dominance_PC50,207,22.778000,0.074701745,8351.756,false
SA_Energy_Dominance_PC50,207,22.888000,0.074612418,8348.775,false
SA_Energy_Dominance_PC50,207,22.966000,0.070956612,8394.762,false
SA_Energy_Dominance_PC50,207,23.284000,0.070900417,8358.617,false
SA_Energy_Dominance_PC50,207,23.150000,0.070941498,8290.447,false
SA_Energy_Dominance_PC50,207,23.336000,0.070885479,8290.447,false
SA_Energy_Dominance_PC50,207,23.220000,0.070925658,8346.267,false
SA_Energy_Dominance_PC50,207,24.008000,0.070848569,8345.580,false
SA_Energy_Dominance_PC50,208,17.958000,0.082872198,8394.960,false
SA_Energy_Dominance_PC50,208,18.112000,0.082817569,8394.960,false
SA_Energy_Dominance_PC50,208,18.114000,0.082796516,8394.960,false
SA_Energy_Dominance_PC50,208,18.186000,0.082590003,8394.960,false
SA_Energy_Dominance_PC50,208,18.274000,0.082572285,8394.960,false
SA_Energy_Dominance_PC50,208,18.570000,0.082557499,8394.960,false
SA_Energy_Dominance_PC50,208,18.588000,0.082510966,8396.413,false
SA_Energy_Dominance_PC50,208,18.782000,0.082450049,8378.866,false
SA_Energy_Dominance_PC50,208,18.974000,0.082242704,8365.913,false
SA_Energy_Dominance_PC50,208,18.982000,0.082203933,8365.913,false
SA_Energy_Dominance_PC50,208,19.000000,0.082194685,8365.913,false
SA_Energy_Dominance_PC50,208,19.010000,0.082175183,8375.637,false
SA_Energy_Dominance_PC50,208,19.024000,0.082013284,8389.817,false
SA_Energy_Dominance_PC50,208,19.012000,0.082060434,8389.817,false
SA_Energy_Dominance_PC50,208,19.056000,0.081926106,8380.284,false
SA_Energy_Dominance_PC50,208,19.234000,0.081904423,8389.817,false
SA_Energy_Dominance_PC50,208,19.284000,0.081896799,8389.817,false
SA_Energy_Dominance_PC50,208,21.756000,0.081641327,8386.373,false
SA_Energy_Dominance_PC50,208,22.364000,0.081151280,8386.842,false
SA_Energy_Dominance_PC50,208,22.408000,0.080945141,8376.030,false
SA_Energy_Dominance_PC50,208,22.764000,0.080927097,8376.030,false
SA_Energy_Dominance_PC50,208,17.422000,0.082883061,8373.993,false
SA_Energy_Dominance_PC50,208,17.280000,0.083315807,8373.993,false
SA_Energy_Dominance_PC50,208,24.810000,0.080711197,8391.896,false
SA_Energy_Dominance_PC50,208,25.176000,0.077842787,8392.531,false
SA_Energy_Dominance_PC50,208,24.918000,0.077912720,8392.531,false
SA_Energy_Dominance_PC50,208,24.824000,0.077991686,8392.531,false
SA_Energy_Dominance_PC50,208,25.038000,0.077892916,8392.531,false
SA_Energy_Dominance_PC50,208,25.292000,0.077825106,8382.269,false
SA_Energy_Dominance_PC50,208,25.432000,0.077799087,8382.269,false
SA_Energy_Dominance_PC50,208,25.542000,0.077726881,8354.750,false
SA_Energy_Dominance_PC50,208,26.644000,0.077378609,8370.327,false
SA_Energy_Dominance_PC50,208,26.480000,0.077399662,8370.327,false
SA_Energy_Dominance_PC50,208,26.366000,0.077485756,8370.327,false
SA_Energy_Dominance_PC50,208,27.736000,0.077277231,8378.900,false
SA_Energy_Dominance_PC50,208,27.920000,0.077234524,8361.000,false
SA_Energy_Dominance_PC50,208,28.306000,0.077196080,8347.299,false
SA_Energy_Dominance_PC50,208,28.656000,0.077041068,8374.431,false
SA_Energy_Dominance_PC50,208,28.424000,0.077128847,8394.456,false
SA_Energy_Dominance_PC50,208,28.884000,0.076909269,8374.431,false
SA_Energy_Dominance_PC50,208,28.694000,0.076920276,8374.431,false
SA_Energy_Dominance_PC50,208,29.478000,0.076868061,8369.483,false
SA_Energy_Dominance_PC50,208,29.710000,0.076796163,8394.194,false
SA_Energy_Dominance_PC50,208,29.814000,0.076661673,8394.194,false
SA_Energy_Dominance_PC50,208,29.898000,0.076556409,8394.194,false
SA_Energy_Dominance_PC50,208,30.044000,0.076513649,8391.560,false
SA_Energy_Dominance_PC50,208,30.444000,0.076149440,8386.454,false
SA_Energy_Dominance_PC50,208,30.304000,0.076201063,8386.454,false
SA_Energy_Dominance_PC50,208,30.086000,0.076294793,8386.454,false
SA_Energy_Dominance_PC50,208,30.540000,0.076057391,8362.559,false
SA_Energy_Dominance_PC50,208,31.818000,0.075923632,8388.046,false
SA_Energy_Dominance_PC50,208,31.870000,0.075540452,8393.823,false
SA_Energy_Dominance_PC50,208,31.918000,0.075202755,8363.865,false
SA_Energy_Dominance_PC50,208,31.846000,0.075683030,8367.477,false
SA_Energy_Dominance_PC50,208,33.296000,0.074547735,8375.774,false
SA_Energy_Dominance_PC50,208,33.062000,0.074559564,8375.774,false
SA_Energy_Dominance_PC50,208,32.772000,0.074587301,8384.415,false
SA_Energy_Dominance_PC50,208,32.398000,0.074812865,8384.415,false
SA_Energy_Dominance_PC50,208,35.148000,0.074530600,8353.079,false
SA_Energy_Dominance_PC50,208,35.416000,0.074416523,8382.003,false
SA_Energy_Dominance_PC50,208,35.970000,0.074188560,8392.341,false
SA_Energy_Dominance_PC50,208,36.050000,0.073950017,8281.979,false
SA_Energy_Dominance_PC50,208,36.402000,0.073938188,8281.979,false
SA_Energy_Dominance_PC50,208,36.784000,0.073919997,8373.903,false
SA_Energy_Dominance_PC50,208,37.084000,0.073912666,8361.314,false
SA_Energy_Dominance_PC50,208,37.384000,0.073900837,8361.314,false
SA_Energy_Dominance_PC50,208,37.830000,0.069659272,8331.684,false
SA_Energy_Dominance_PC50,208,37.420000,0.069790821,8331.684,false
SA_Energy_Dominance_PC50,208,37.874000,0.069490282,8365.515,false
SA_Energy_Dominance_PC50,209,18.962000,0.083514144,8325.459,false
SA_Energy_Dominance_PC50,209,18.866000,0.083522619,8396.226,false
SA_Energy_Dominance_PC50,209,18.764000,0.083572510,8396.226,false
SA_Energy_Dominance_PC50,209,18.690000,0.083597416,8391.826,false
SA_Energy_Dominance_PC50,209,20.764000,0.081616847,8389.163,false
SA_Energy_Dominance_PC50,209,20.982000,0.081028857,8366.102,false
SA_Energy_Dominance_PC50,209,20.850000,0.081101584,8366.102,false
SA_Energy_Dominance_PC50,209,21.068000,0.080942458,8366.102,false
SA_Energy_Dominance_PC50,209,21.174000,0.080910297,8366.102,false
SA_Energy_Dominance_PC50,209,21.178000,0.080880663,8362.870,false
SA_Energy_Dominance_PC50,209,21.198000,0.080690302,8381.243,false
SA_Energy_Dominance_PC50,209,21.266000,0.080667062,8382.232,false
SA_Energy_Dominance_PC50,209,21.440000,0.080256451,8396.094,false
SA_Energy_Dominance_PC50,209,21.616000,0.079542631,8361.042,false
SA_Energy_Dominance_PC50,209,22.000000,0.079393045,8380.906,false
SA_Energy_Dominance_PC50,209,21.958000,0.079402660,8380.906,false
SA_Energy_Dominance_PC50,209,21.514000,0.079725582,8374.062,false
SA_Energy_Dominance_PC50,209,25.516000,0.077313351,8393.731,false
SA_Energy_Dominance_PC50,209,25.344000,0.077372077,8393.731,false
SA_Energy_Dominance_PC50,209,26.144000,0.076889661,8345.150,false
SA_Energy_Dominance_PC50,209,26.356000,0.076815042,8393.063,false
SA_Energy_Dominance_PC50,209,26.752000,0.076771183,8394.777,false
SA_Energy_Dominance_PC50,209,26.834000,0.076721746,8394.777,false
SA_Energy_Dominance_PC50,209,26.906000,0.076651127,8394.515,false
SA_Energy_Dominance_PC50,209,27.000000,0.076479119,8394.515,false
SA_Energy_Dominance_PC50,209,27.540000,0.076425092,8394.515,false
SA_Energy_Dominance_PC50,209,27.684000,0.076235617,8394.515,false
SA_Energy_Dominance_PC50,209,28.008000,0.076214564,8394.515,false
SA_Energy_Dominance_PC50,209,28.416000,0.076036502,8382.263,false
SA_Energy_Dominance_PC50,209,28.524000,0.075786591,8389.124,false
SA_Energy_Dominance_PC50,209,28.278000,0.076059913,8389.124,false
SA_Energy_Dominance_PC50,209,28.994000,0.075782724,8389.124,false
SA_Energy_Dominance_PC50,209,29.146000,0.075758075,8394.532,false
SA_Energy_Dominance_PC50,209,32.496000,0.075313841,8395.785,false
SA_Energy_Dominance_PC50,209,32.632000,0.075160305,8392.793,false
SA_Energy_Dominance_PC50,209,33.438000,0.075092392,8387.598,false
SA_Energy_Dominance_PC50,209,34.218000,0.075081089,8393.954,false
SA_Energy_Dominance_PC50,209,32.438000,0.075538543,8395.335,false
SA_Energy_Dominance_PC50,209,34.872000,0.068980658,8257.892,false
SA_Energy_Dominance_PC50,209,34.686000,0.069152664,8284.617,false
SA_Energy_Dominance_PC50,209,35.564000,0.068722246,8385.329,false
SA_Energy_Dominance_PC50,209,35.274000,0.068752563,8282.739,false
SA_Energy_Dominance_PC50,209,35.168000,0.068912243,8332.306,false
SA_Energy_Dominance_PC50,209,35.744000,0.068702442,8354.678,false
SA_Energy_Dominance_PC50,209,36.090000,0.068681389,8125.438,false
SA_Energy_Dominance_PC50,209,36.560000,0.068492624,8165.099,false
SA_Energy_Dominance_PC50,209,36.306000,0.068651749,8165.099,false
NSGA-II_PC50,204,18.314000,0.081025102,8338.154,false
NSGA-II_PC50,204,18.500000,0.080913430,8388.412,false
NSGA-II_PC50,204,18.242000,0.081043814,8316.772,false
NSGA-II_PC50,204,18.970000,0.080448904,8375.390,false
NSGA-II_PC50,204,18.408000,0.080985102,8314.896,false
NSGA-II_PC50,204,15.808000,0.082444495,8366.189,false
NSGA-II_PC50,204,18.006000,0.081192654,8390.390,false
NSGA-II_PC50,204,16.668000,0.081225503,8234.195,false
NSGA-II_PC50,204,15.884000,0.082136350,8319.020,false
NSGA-II_PC50,204,18.750000,0.080611205,8319.422,false
NSGA-II_PC50,204,16.016000,0.081767440,8290.374,false
NSGA-II_PC50,204,15.618000,0.082473145,8382.993,false
NSGA-II_PC50,205,18.562000,0.081133400,8367.820,false
NSGA-II_PC50,205,18.060000,0.081944491,8395.766,false
NSGA-II_PC50,205,18.076000,0.081542357,8347.771,false
NSGA-II_PC50,205,18.248000,0.081497436,8323.047,false
NSGA-II_PC50,205,18.372000,0.081237999,8368.463,false
NSGA-II_PC50,205,18.960000,0.080315833,8192.914,false
NSGA-II_PC50,205,17.954000,0.082383570,8168.320,false
NSGA-II_PC50,205,17.942000,0.083143606,8368.055,false
NSGA-II_PC50,206,17.672000,0.084045384,8385.218,false
NSGA-II_PC50,206,18.072000,0.083901164,8375.777,false
NSGA-II_PC50,206,18.114000,0.083856589,8371.565,false
NSGA-II_PC50,206,19.102000,0.083489426,8376.807,false
NSGA-II_PC50,209,18.620000,0.081449574,8347.438,false
SPEA-II_PC50,202,20.884000,0.082944355,8346.676,false
SPEA-II_PC50,202,19.274000,0.083883412,8375.016,false
SPEA-II_PC50,202,20.648000,0.083523949,8358.271,false
SPEA-II_PC50,202,22.318000,0.082867349,8336.746,false
SPEA-II_PC50,202,20.866000,0.083512971,8392.986,false
SPEA-II_PC50,205,17.152000,0.080982102,8360.777,false
SPEA-II_PC50,205,20.000000,0.079108202,8374.400,false
SPEA-II_PC50,205,16.888000,0.081049762,8360.834,false
SPEA-II_PC50,205,17.474000,0.080422512,8338.592,false
SPEA-II_PC50,205,17.644000,0.080093443,8376.338,false
SPEA-II_PC50,205,17.504000,0.080174646,8274.771,false
SPEA-II_PC50,205,19.808000,0.079118206,8320.882,false
SPEA-II_PC50,205,17.200000,0.080915007,8362.739,false
SPEA-II_PC50,205,18.194000,0.079255586,8357.984,false
SPEA-II_PC50,205,17.704000,0.079995430,8297.039,false
SPEA-II_PC50,205,17.922000,0.079784800,8394.549,false
SPEA-II_PC50,205,17.532000,0.080121371,8392.904,false
SPEA-II_PC50,205,20.154000,0.078993486,8320.832,false
SPEA-II_PC50,205,21.108000,0.078758792,8385.534,false
SPEA-II_PC50,205,17.370000,0.080741114,8384.763,false
SPEA-II_PC50,205,17.256000,0.080814870,8373.423,false
SPEA-II_PC50,208,14.302000,0.082371060,8370.981,false
SPEA-II_PC50,208,15.004000,0.081854611,8376.655,false
SPEA-II_PC50,208,14.696000,0.082011504,8340.976,false
SPEA-II_PC50,208,15.866000,0.081680314,8309.877,false
SPEA-II_PC50,208,16.170000,0.081125689,8348.013,false
SPEA-II_PC50,208,15.072000,0.081783644,8383.977,false
SPEA-II_PC50,208,14.742000,0.081918038,8348.951,false
Universal_Pareto,0,4.496000,0.083834982,,true
Universal_Pareto,0,4.500000,0.083713053,,true
Universal_Pareto,0,4.510000,0.083486598,,true
Universal_Pareto,0,4.572000,0.083247892,,true
Universal_Pareto,0,4.574000,0.083153775,,true
Universal_Pareto,0,4.592000,0.083096430,,true
Universal_Pareto,0,4.600000,0.083025642,,true
Universal_Pareto,0,4.608000,0.082972878,,true
Universal_Pareto,0,4.626000,0.082884984,,true
Universal_Pareto,0,4.628000,0.082736216,,true
Universal_Pareto,0,4.722000,0.082567333,,true
Universal_Pareto,0,4.726000,0.082483315,,true
Universal_Pareto,0,4.734000,0.082325661,,true
Universal_Pareto,0,4.738000,0.082309718,,true
Universal_Pareto,0,4.744000,0.082214753,,true
Universal_Pareto,0,4.766000,0.082156806,,true
Universal_Pareto,0,4.772000,0.082144893,,true
Universal_Pareto,0,4.776000,0.082124525,,true
Universal_Pareto,0,4.782000,0.082093127,,true
Universal_Pareto,0,4.788000,0.082042660,,true
Universal_Pareto,0,4.814000,0.082038800,,true
Universal_Pareto,0,4.848000,0.082017572,,true
Universal_Pareto,0,5.024000,0.080626537,,true
Universal_Pareto,0,5.030000,0.080601645,,true
Universal_Pareto,0,5.034000,0.080460838,,true
Universal_Pareto,0,5.036000,0.080402297,,true
Universal_Pareto,0,5.046000,0.080367786,,true
Universal_Pareto,0,5.050000,0.080145655,,true
Universal_Pareto,0,5.054000,0.080068442,,true
Universal_Pareto,0,5.056000,0.079874682,,true
Universal_Pareto,0,5.074000,0.079852312,,true
Universal_Pareto,0,5.086000,0.079263488,,true
Universal_Pareto,0,5.090000,0.079234901,,true
Universal_Pareto,0,5.094000,0.079187705,,true
Universal_Pareto,0,5.100000,0.079019814,,true
Universal_Pareto,0,5.114000,0.079011394,,true
Universal_Pareto,0,5.138000,0.078858614,,true
Universal_Pareto,0,5.766000,0.078837461,,true
Universal_Pareto,0,5.814000,0.077406589,,true
Universal_Pareto,0,5.824000,0.077091191,,true
Universal_Pareto,0,5.832000,0.076824643,,true
Universal_Pareto,0,5.852000,0.076811274,,true
Universal_Pareto,0,5.868000,0.076738439,,true
Universal_Pareto,0,5.882000,0.076679996,,true
Universal_Pareto,0,5.894000,0.076677809,,true
Universal_Pareto,0,5.898000,0.076658944,,true
Universal_Pareto,0,5.900000,0.076609501,,true
Universal_Pareto,0,5.910000,0.076588449,,true
Universal_Pareto,0,5.940000,0.076561105,,true
Universal_Pareto,0,5.956000,0.076468785,,true
Universal_Pareto,0,5.992000,0.076405527,,true
Universal_Pareto,0,6.032000,0.076313252,,true
Universal_Pareto,0,6.130000,0.076278028,,true
Universal_Pareto,0,6.160000,0.076104294,,true
Universal_Pareto,0,6.212000,0.076080902,,true
Universal_Pareto,0,6.226000,0.075981805,,true
Universal_Pareto,0,6.234000,0.075961617,,true
Universal_Pareto,0,6.238000,0.075923519,,true
Universal_Pareto,0,6.288000,0.075903651,,true
Universal_Pareto,0,6.318000,0.075876060,,true
Universal_Pareto,0,6.332000,0.075841021,,true
Universal_Pareto,0,6.376000,0.075797043,,true
Universal_Pareto,0,6.434000,0.075788861,,true
Universal_Pareto,0,6.452000,0.075761307,,true
Universal_Pareto,0,6.480000,0.075743605,,true
Universal_Pareto,0,6.484000,0.075713906,,true
Universal_Pareto,0,6.496000,0.075678416,,true
Universal_Pareto,0,6.520000,0.075659648,,true
Universal_Pareto,0,6.572000,0.075651158,,true
Universal_Pareto,0,6.856000,0.075559762,,true
Universal_Pareto,0,6.876000,0.075502144,,true
Universal_Pareto,0,6.894000,0.075330950,,true
Universal_Pareto,0,6.934000,0.075322087,,true
Universal_Pareto,0,6.982000,0.075312740,,true
Universal_Pareto,0,7.008000,0.075232934,,true
Universal_Pareto,0,7.032000,0.075120810,,true
Universal_Pareto,0,7.058000,0.075107221,,true
Universal_Pareto,0,7.072000,0.074984716,,true
Universal_Pareto,0,7.164000,0.074834133,,true
Universal_Pareto,0,7.192000,0.074764793,,true
Universal_Pareto,0,7.244000,0.074720372,,true
Universal_Pareto,0,7.322000,0.074692173,,true
Universal_Pareto,0,7.326000,0.074617695,,true
Universal_Pareto,0,7.430000,0.074488059,,true
Universal_Pareto,0,7.496000,0.074461620,,true
Universal_Pareto,0,7.556000,0.074458990,,true
Universal_Pareto,0,7.586000,0.074443807,,true
Universal_Pareto,0,7.632000,0.074158784,,true
Universal_Pareto,0,7.768000,0.074137003,,true
Universal_Pareto,0,7.804000,0.073996627,,true
Universal_Pareto,0,7.962000,0.073936196,,true
Universal_Pareto,0,7.970000,0.073910174,,true
Universal_Pareto,0,8.078000,0.073896873,,true
Universal_Pareto,0,8.106000,0.073875493,,true
Universal_Pareto,0,8.156000,0.073757250,,true
Universal_Pareto,0,8.190000,0.073683686,,true
Universal_Pareto,0,8.276000,0.073679915,,true
Universal_Pareto,0,8.340000,0.073651803,,true
Universal_Pareto,0,8.420000,0.073554629,,true
Universal_Pareto,0,8.434000,0.073463687,,true
Universal_Pareto,0,8.484000,0.073342714,,true
Universal_Pareto,0,8.692000,0.073265084,,true
Universal_Pareto,0,8.776000,0.073099861,,true
Universal_Pareto,0,9.202000,0.073034268,,true
Universal_Pareto,0,9.376000,0.072993301,,true
Universal_Pareto,0,9.462000,0.072971956,,true
Universal_Pareto,0,9.510000,0.072834476,,true
Universal_Pareto,0,9.794000,0.072778031,,true
Universal_Pareto,0,9.918000,0.072684933,,true
Universal_Pareto,0,10.068000,0.072568431,,true
Universal_Pareto,0,10.318000,0.072499800,,true
Universal_Pareto,0,10.444000,0.072470600,,true
Universal_Pareto,0,10.680000,0.072467918,,true
Universal_Pareto,0,10.906000,0.072428898,,true
Universal_Pareto,0,10.974000,0.072414724,,true
Universal_Pareto,0,14.096000,0.072180567,,true
Universal_Pareto,0,14.114000,0.071827819,,true
Universal_Pareto,0,14.306000,0.071440169,,true
Universal_Pareto,0,14.418000,0.071153993,,true
Universal_Pareto,0,14.486000,0.071047413,,true
Universal_Pareto,0,14.774000,0.071020570,,true
Universal_Pareto,0,14.866000,0.070980055,,true
Universal_Pareto,0,15.068000,0.070922043,,true
Universal_Pareto,0,15.196000,0.070888522,,true
Universal_Pareto,0,15.244000,0.070791003,,true
Universal_Pareto,0,15.316000,0.070770303,,true
Universal_Pareto,0,15.410000,0.070731317,,true
Universal_Pareto,0,15.562000,0.070721351,,true
Universal_Pareto,0,15.982000,0.069793228,,true
Universal_Pareto,0,16.090000,0.069776684,,true
Universal_Pareto,0,16.142000,0.069644235,,true
Universal_Pareto,0,16.310000,0.069623489,,true
Universal_Pareto,0,17.526000,0.069593007,,true
Universal_Pareto,0,17.544000,0.069563927,,true
Universal_Pareto,0,17.554000,0.069445001,,true
Universal_Pareto,0,17.804000,0.069360817,,true
Universal_Pareto,0,17.844000,0.069231940,,true
Universal_Pareto,0,17.882000,0.069099962,,true
Universal_Pareto,0,18.008000,0.068999138,,true
Universal_Pareto,0,18.288000,0.068989774,,true
Universal_Pareto,0,18.530000,0.068958691,,true
Universal_Pareto,0,19.074000,0.068295258,,true
Universal_Pareto,0,19.252000,0.068155671,,true
Universal_Pareto,0,19.374000,0.068114112,,true
Universal_Pareto,0,20.078000,0.068081062,,true
Universal_Pareto,0,20.198000,0.068061397,,true
Universal_Pareto,0,22.206000,0.067828053,,true
Universal_Pareto,0,22.660000,0.067793777,,true
Universal_Pareto,0,22.886000,0.067776789,,true
Universal_Pareto,0,22.984000,0.067444952,,true
Universal_Pareto,0,23.100000,0.067047305,,true
Universal_Pareto,0,23.452000,0.067007139,,true
Universal_Pareto,0,23.648000,0.066833647,,true
Universal_Pareto,0,24.350000,0.066796921,,true
Universal_Pareto,0,24.578000,0.066752823,,true
Universal_Pareto,0,24.822000,0.066698630,,true
Universal_Pareto,0,25.330000,0.066680162,,true
Universal_Pareto,0,25.882000,0.066660547,,true
Universal_Pareto,0,31.548000,0.066651226,,true
Universal_Pareto,0,31.838000,0.066421235,,true
Universal_Pareto,0,32.114000,0.066039076,,true
Universal_Pareto,0,32.622000,0.065954865,,true
Universal_Pareto,0,33.066000,0.065933812,,true
Universal_Pareto,0,33.320000,0.065916120,,true
Universal_Pareto,0,33.578000,0.065858593,,true
Universal_Pareto,0,34.128000,0.065846885,,true
Universal_Pareto,0,34.794000,0.065841906,,true
