Algorithm,WaitingTime,Energy
GA_WaitingTime_Dominance,1.418000,0.046091287
GA_WaitingTime_Dominance,1.420000,0.046018762
GA_WaitingTime_Dominance,1.422000,0.045963229
GA_WaitingTime_Dominance,1.424000,0.045781889
GA_WaitingTime_Dominance,1.430000,0.045743366
GA_WaitingTime_Dominance,1.434000,0.045490490
GA_WaitingTime_Dominance,1.436000,0.045150086
GA_WaitingTime_Dominance,1.442000,0.045073331
GA_WaitingTime_Dominance,1.446000,0.045025267
GA_WaitingTime_Dominance,1.462000,0.044994958
GA_WaitingTime_Dominance,1.502000,0.044967345
GA_WaitingTime_Dominance,3.022000,0.044718838
GA_WaitingTime_Dominance,3.452000,0.044545570
GA_WaitingTime_Dominance,4.082000,0.044475040
GA_WaitingTime_Dominance,4.194000,0.044447819
GA_WaitingTime_Dominance,4.444000,0.044268209
GA_WaitingTime_Dominance,4.978000,0.044263780
GA_Energy_Dominance,2.980000,0.046813953
GA_Energy_Dominance,2.984000,0.044539579
GA_Energy_Dominance,2.996000,0.044482399
GA_Energy_Dominance,3.204000,0.044283625
GA_Energy_Dominance,3.224000,0.044082693
GA_Energy_Dominance,3.288000,0.043795651
GA_Energy_Dominance,3.424000,0.043759555
GA_Energy_Dominance,3.478000,0.043662182
GA_Energy_Dominance,3.482000,0.043138351
GA_Energy_Dominance,3.690000,0.042627686
GA_Energy_Dominance,3.826000,0.042455273
GA_Energy_Dominance,3.898000,0.042330872
GA_Energy_Dominance,4.118000,0.041900129
GA_Energy_Dominance,4.206000,0.041734965
GA_Energy_Dominance,4.484000,0.041345659
GA_Energy_Dominance,4.680000,0.041325167
GA_Energy_Dominance,4.812000,0.041043247
GA_Energy_Dominance,4.846000,0.040492392
GA_Energy_Dominance,5.106000,0.040285977
GA_Energy_Dominance,5.182000,0.040078226
GA_Energy_Dominance,5.252000,0.040042863
GA_Energy_Dominance,5.538000,0.040037933
GA_Energy_Dominance,5.574000,0.039547826
GA_Energy_Dominance,5.674000,0.039345258
GA_Energy_Dominance,5.956000,0.038918316
GA_Energy_Dominance,6.072000,0.038827384
GA_Energy_Dominance,6.222000,0.038412025
GA_Energy_Dominance,6.380000,0.038372498
GA_Energy_Dominance,6.654000,0.038260838
GA_Energy_Dominance,6.806000,0.037929818
GA_Energy_Dominance,6.860000,0.037825539
GA_Energy_Dominance,7.208000,0.037712360
GA_Energy_Dominance,7.214000,0.037598615
GA_Energy_Dominance,7.452000,0.037361120
GA_Energy_Dominance,7.578000,0.037357544
GA_Energy_Dominance,7.652000,0.037326307
GA_Energy_Dominance,7.720000,0.036875442
GA_Energy_Dominance,8.020000,0.036873306
GA_Energy_Dominance,8.100000,0.036789184
GA_Energy_Dominance,8.250000,0.036787726
GA_Energy_Dominance,8.358000,0.036648300
GA_Energy_Dominance,8.572000,0.036609699
GA_Energy_Dominance,8.640000,0.036559828
GA_Energy_Dominance,8.710000,0.036545042
GA_Energy_Dominance,8.854000,0.036448811
GA_Energy_Dominance,8.856000,0.036279747
GA_Energy_Dominance,8.932000,0.036243619
GA_Energy_Dominance,9.024000,0.036041174
GA_Energy_Dominance,9.344000,0.035942902
GA_Energy_Dominance,9.730000,0.035827199
GA_Energy_Dominance,9.746000,0.035782738
GA_Energy_Dominance,9.836000,0.035698241
GA_Energy_Dominance,9.954000,0.035677619
GA_Energy_Dominance,10.206000,0.035565920
GA_Energy_Dominance,10.234000,0.035516899
GA_Energy_Dominance,10.296000,0.035456601
GA_Energy_Dominance,10.594000,0.035312329
GA_Energy_Dominance,10.788000,0.035234069
GA_Energy_Dominance,10.860000,0.035086997
GA_Energy_Dominance,11.062000,0.035001357
GA_Energy_Dominance,11.272000,0.034973916
GA_Energy_Dominance,11.336000,0.034872672
GA_Energy_Dominance,11.410000,0.034650692
GA_Energy_Dominance,11.416000,0.034466803
GA_Energy_Dominance,11.766000,0.034427212
GA_Energy_Dominance,12.062000,0.034296122
GA_Energy_Dominance,12.426000,0.034220925
GA_Energy_Dominance,12.792000,0.033961281
GA_Energy_Dominance,12.926000,0.033792462
GA_Energy_Dominance,13.208000,0.033657258
GA_Energy_Dominance,13.498000,0.033559441
GA_Energy_Dominance,13.626000,0.033483347
GA_Energy_Dominance,13.772000,0.033329464
GA_Energy_Dominance,14.022000,0.033304656
GA_Energy_Dominance,14.368000,0.033270221
GA_Energy_Dominance,14.374000,0.033072334
GA_Energy_Dominance,14.522000,0.033028187
GA_Energy_Dominance,14.858000,0.032916616
GA_Energy_Dominance,15.012000,0.032854277
GA_Energy_Dominance,15.182000,0.032815801
GA_Energy_Dominance,15.362000,0.032712289
GA_Energy_Dominance,15.540000,0.032670192
GA_Energy_Dominance,15.710000,0.032568176
GA_Energy_Dominance,15.880000,0.032565239
GA_Energy_Dominance,16.000000,0.032462590
GA_Energy_Dominance,16.240000,0.032342907
GA_Energy_Dominance,16.468000,0.032224328
GA_Energy_Dominance,16.636000,0.032148907
GA_Energy_Dominance,16.916000,0.032109647
GA_Energy_Dominance,17.126000,0.032049464
GA_Energy_Dominance,17.328000,0.031989139
GA_Energy_Dominance,17.418000,0.031974382
GA_Energy_Dominance,17.616000,0.031888218
GA_Energy_Dominance,17.842000,0.031759712
GA_Energy_Dominance,18.026000,0.031750653
GA_Energy_Dominance,18.182000,0.031578082
GA_Energy_Dominance,18.366000,0.031491248
GA_Energy_Dominance,18.544000,0.031436423
GA_Energy_Dominance,18.732000,0.031407049
GA_Energy_Dominance,19.008000,0.031375381
GA_Energy_Dominance,19.246000,0.031344594
GA_Energy_Dominance,19.456000,0.031293746
GA_Energy_Dominance,19.706000,0.031204585
GA_Energy_Dominance,19.784000,0.031143560
GA_Energy_Dominance,20.084000,0.031097196
GA_Energy_Dominance,20.266000,0.031063288
GA_Energy_Dominance,20.444000,0.031044324
GA_Energy_Dominance,20.562000,0.031043776
GA_Energy_Dominance,20.628000,0.031025834
GA_Energy_Dominance,20.744000,0.030986659
GA_Energy_Dominance,20.842000,0.030926321
GA_Energy_Dominance,21.068000,0.030881811
GA_Energy_Dominance,21.130000,0.030837160
GA_Energy_Dominance,21.470000,0.030757328
GA_Energy_Dominance,21.730000,0.030685441
GA_Energy_Dominance,21.750000,0.030682545
GA_Energy_Dominance,22.046000,0.030594684
GA_Energy_Dominance,22.268000,0.030502138
GA_Energy_Dominance,22.584000,0.030369055
GA_Energy_Dominance,22.862000,0.030292909
GA_Energy_Dominance,23.078000,0.030207785
GA_Energy_Dominance,23.368000,0.030143547
GA_Energy_Dominance,23.620000,0.030021772
GA_Energy_Dominance,24.094000,0.030002378
GA_Energy_Dominance,24.316000,0.029998819
GA_Energy_Dominance,24.836000,0.029984423
GA_Energy_Dominance,25.406000,0.029942072
GA_Energy_Dominance,25.874000,0.029877093
GA_Energy_Dominance,26.172000,0.029868888
GA_Energy_Dominance,26.784000,0.029852208
GA_Energy_Dominance,27.226000,0.029842658
SA_WaitingTime_Dominance,1.282000,0.047309953
SA_WaitingTime_Dominance,1.284000,0.047267848
SA_WaitingTime_Dominance,1.290000,0.047203664
SA_WaitingTime_Dominance,1.292000,0.047010248
SA_WaitingTime_Dominance,1.294000,0.046968143
SA_WaitingTime_Dominance,1.296000,0.046546632
SA_WaitingTime_Dominance,1.298000,0.046543406
SA_WaitingTime_Dominance,1.302000,0.046468872
SA_WaitingTime_Dominance,1.304000,0.046452698
SA_WaitingTime_Dominance,1.308000,0.046430149
SA_WaitingTime_Dominance,1.310000,0.045763054
SA_WaitingTime_Dominance,1.312000,0.045742001
SA_WaitingTime_Dominance,1.316000,0.045709173
SA_WaitingTime_Dominance,1.318000,0.045678843
SA_WaitingTime_Dominance,1.320000,0.045657790
SA_WaitingTime_Dominance,1.322000,0.045365675
SA_WaitingTime_Dominance,1.324000,0.045344622
SA_WaitingTime_Dominance,1.340000,0.045301739
SA_WaitingTime_Dominance,1.344000,0.045244282
SA_WaitingTime_Dominance,2.230000,0.045043242
SA_WaitingTime_Dominance,2.244000,0.045040396
SA_WaitingTime_Dominance,2.246000,0.044956030
SA_WaitingTime_Dominance,2.254000,0.044774840
SA_WaitingTime_Dominance,2.264000,0.044771695
SA_WaitingTime_Dominance,2.278000,0.044761734
SA_Energy_Dominance,3.158000,0.044783767
SA_Energy_Dominance,3.236000,0.044658648
SA_Energy_Dominance,3.240000,0.044376778
SA_Energy_Dominance,3.242000,0.044306835
SA_Energy_Dominance,3.258000,0.043842676
SA_Energy_Dominance,3.288000,0.043614340
SA_Energy_Dominance,3.310000,0.043570739
SA_Energy_Dominance,3.320000,0.043549686
SA_Energy_Dominance,3.328000,0.043199031
SA_Energy_Dominance,3.338000,0.043147084
SA_Energy_Dominance,3.362000,0.043121168
SA_Energy_Dominance,3.366000,0.043116852
SA_Energy_Dominance,3.394000,0.042996049
SA_Energy_Dominance,3.396000,0.042926797
SA_Energy_Dominance,3.402000,0.042882761
SA_Energy_Dominance,3.422000,0.042808324
SA_Energy_Dominance,3.424000,0.042632502
SA_Energy_Dominance,3.474000,0.042598161
SA_Energy_Dominance,3.480000,0.042588930
SA_Energy_Dominance,3.554000,0.042534583
SA_Energy_Dominance,3.558000,0.042533577
SA_Energy_Dominance,3.560000,0.042498901
SA_Energy_Dominance,3.586000,0.042455904
SA_Energy_Dominance,3.600000,0.042420496
SA_Energy_Dominance,3.604000,0.042414938
SA_Energy_Dominance,3.610000,0.042403469
SA_Energy_Dominance,3.638000,0.042397220
SA_Energy_Dominance,3.676000,0.042385438
SA_Energy_Dominance,3.680000,0.041906503
SA_Energy_Dominance,3.688000,0.041890442
SA_Energy_Dominance,3.700000,0.041853230
SA_Energy_Dominance,3.710000,0.041839427
SA_Energy_Dominance,3.718000,0.041835154
SA_Energy_Dominance,3.750000,0.041826320
SA_Energy_Dominance,3.796000,0.041702580
SA_Energy_Dominance,3.820000,0.041695041
SA_Energy_Dominance,3.830000,0.041694692
SA_Energy_Dominance,3.834000,0.041649798
SA_Energy_Dominance,3.876000,0.041618849
SA_Energy_Dominance,3.884000,0.041605251
SA_Energy_Dominance,3.904000,0.041600531
SA_Energy_Dominance,3.960000,0.041593369
SA_Energy_Dominance,3.972000,0.041579488
SA_Energy_Dominance,4.002000,0.041559974
SA_Energy_Dominance,4.030000,0.041557271
SA_Energy_Dominance,4.036000,0.041555894
SA_Energy_Dominance,4.040000,0.041531340
SA_Energy_Dominance,4.060000,0.041518093
SA_Energy_Dominance,4.064000,0.041461777
SA_Energy_Dominance,4.080000,0.041447149
SA_Energy_Dominance,4.094000,0.041432520
SA_Energy_Dominance,4.106000,0.041423439
SA_Energy_Dominance,4.124000,0.041404959
SA_Energy_Dominance,4.164000,0.041404467
SA_Energy_Dominance,4.182000,0.041404132
SA_Energy_Dominance,4.184000,0.041383108
SA_Energy_Dominance,4.202000,0.041368420
SA_Energy_Dominance,4.212000,0.041340409
SA_Energy_Dominance,4.222000,0.041293734
SA_Energy_Dominance,4.238000,0.041266026
SA_Energy_Dominance,4.244000,0.040943439
SA_Energy_Dominance,4.322000,0.040894484
SA_Energy_Dominance,4.356000,0.040870286
SA_Energy_Dominance,4.378000,0.040864976
SA_Energy_Dominance,4.416000,0.040837554
SA_Energy_Dominance,4.464000,0.040835240
SA_Energy_Dominance,4.490000,0.040819083
SA_Energy_Dominance,4.520000,0.040714355
SA_Energy_Dominance,4.548000,0.040705617
SA_Energy_Dominance,4.632000,0.040690989
SA_Energy_Dominance,4.660000,0.040664924
SA_Energy_Dominance,4.704000,0.040565368
SA_Energy_Dominance,4.738000,0.040559938
SA_Energy_Dominance,4.754000,0.040538885
SA_Energy_Dominance,4.862000,0.040538615
SA_Energy_Dominance,4.880000,0.040274701
SA_Energy_Dominance,4.916000,0.040253648
SA_Energy_Dominance,4.948000,0.040220943
SA_Energy_Dominance,4.976000,0.040206787
SA_Energy_Dominance,5.010000,0.040170424
SA_Energy_Dominance,5.030000,0.040131179
SA_Energy_Dominance,5.050000,0.040108137
SA_Energy_Dominance,5.084000,0.040090061
SA_Energy_Dominance,5.124000,0.040075457
SA_Energy_Dominance,5.152000,0.040051429
SA_Energy_Dominance,5.176000,0.040039959
SA_Energy_Dominance,5.210000,0.040013548
SA_Energy_Dominance,5.246000,0.040000788
SA_Energy_Dominance,5.284000,0.039938608
SA_Energy_Dominance,5.314000,0.039938276
SA_Energy_Dominance,5.346000,0.039930379
SA_Energy_Dominance,5.348000,0.039902145
SA_Energy_Dominance,5.378000,0.039889182
SA_Energy_Dominance,5.418000,0.039887708
SA_Energy_Dominance,5.446000,0.039805265
SA_Energy_Dominance,5.496000,0.039781068
SA_Energy_Dominance,5.528000,0.039747508
SA_Energy_Dominance,5.554000,0.039708487
SA_Energy_Dominance,5.584000,0.039649559
SA_Energy_Dominance,5.618000,0.039618227
SA_Energy_Dominance,5.652000,0.039603496
SA_Energy_Dominance,5.718000,0.039603496
SA_Energy_Dominance,5.732000,0.039567656
SA_Energy_Dominance,5.772000,0.039548671
SA_Energy_Dominance,5.808000,0.039546159
SA_Energy_Dominance,5.818000,0.039541859
SA_Energy_Dominance,5.840000,0.039393997
SA_Energy_Dominance,5.890000,0.039375646
SA_Energy_Dominance,5.936000,0.039370757
SA_Energy_Dominance,5.972000,0.039280104
SA_Energy_Dominance,5.982000,0.039242339
SA_Energy_Dominance,6.010000,0.039196320
SA_Energy_Dominance,6.034000,0.038852656
SA_Energy_Dominance,6.102000,0.038839550
SA_Energy_Dominance,6.136000,0.038833993
SA_Energy_Dominance,6.180000,0.037718018
SA_Energy_Dominance,6.236000,0.037580058
SA_Energy_Dominance,6.268000,0.037564545
SA_Energy_Dominance,6.312000,0.037537952
SA_Energy_Dominance,6.346000,0.037516129
SA_Energy_Dominance,6.382000,0.037514478
SA_Energy_Dominance,6.414000,0.037514478
SA_Energy_Dominance,6.878000,0.036430913
SA_Energy_Dominance,6.926000,0.036406715
SA_Energy_Dominance,8.514000,0.036166912
SA_Energy_Dominance,8.532000,0.035874466
SA_Energy_Dominance,8.596000,0.035840442
SA_Energy_Dominance,8.744000,0.035840442
SA_Energy_Dominance,10.478000,0.035471779
SA_Energy_Dominance,10.554000,0.035256848
SA_Energy_Dominance,10.658000,0.035138046
SA_Energy_Dominance,10.810000,0.035101960
SA_Energy_Dominance,12.948000,0.034782691
SA_Energy_Dominance,13.062000,0.034777480
SA_Energy_Dominance,13.106000,0.034651665
SA_Energy_Dominance,13.284000,0.034637946
SA_Energy_Dominance,15.842000,0.034250150
SA_Energy_Dominance,15.930000,0.034127160
SA_Energy_Dominance,16.070000,0.034114765
SA_Energy_Dominance,16.208000,0.034110616
NSGA-II,1.734000,0.045919773
NSGA-II,1.738000,0.044813246
NSGA-II,1.758000,0.044419179
NSGA-II,1.776000,0.044214598
NSGA-II,1.778000,0.043651024
NSGA-II,1.782000,0.043439592
NSGA-II,1.792000,0.043204813
NSGA-II,1.806000,0.043139818
NSGA-II,1.814000,0.043091986
NSGA-II,1.832000,0.042827596
NSGA-II,1.834000,0.042356957
NSGA-II,1.870000,0.041959035
NSGA-II,1.922000,0.041937131
NSGA-II,1.928000,0.041752651
NSGA-II,1.984000,0.041484997
NSGA-II,2.010000,0.041391122
NSGA-II,2.112000,0.041041307
NSGA-II,2.146000,0.040178104
NSGA-II,2.160000,0.040040789
NSGA-II,2.186000,0.040006474
NSGA-II,2.218000,0.039487332
NSGA-II,2.244000,0.039229034
NSGA-II,2.286000,0.039088508
NSGA-II,2.300000,0.038810674
NSGA-II,2.412000,0.038667946
NSGA-II,2.468000,0.038443830
NSGA-II,2.522000,0.038412365
NSGA-II,2.598000,0.038219302
NSGA-II,2.642000,0.038203431
NSGA-II,2.684000,0.038078220
NSGA-II,2.728000,0.038024039
NSGA-II,2.770000,0.037962886
NSGA-II,2.814000,0.037956451
NSGA-II,2.844000,0.037843151
NSGA-II,2.896000,0.037741207
NSGA-II,2.948000,0.037613457
NSGA-II,3.012000,0.037523882
NSGA-II,3.116000,0.037498750
NSGA-II,3.190000,0.037467007
NSGA-II,3.194000,0.037372124
NSGA-II,3.276000,0.037342495
NSGA-II,3.316000,0.037292781
NSGA-II,3.366000,0.037270250
NSGA-II,3.384000,0.037223072
NSGA-II,3.772000,0.037064085
NSGA-II,3.948000,0.036999214
NSGA-II,4.134000,0.036959322
NSGA-II,4.310000,0.036934533
NSGA-II,4.362000,0.036931718
NSGA-II,4.404000,0.036891334
NSGA-II,4.778000,0.036868528
SPEA-II,1.672000,0.044627588
SPEA-II,1.686000,0.044558738
SPEA-II,1.690000,0.044331101
SPEA-II,1.698000,0.044320828
SPEA-II,1.702000,0.044302933
SPEA-II,1.710000,0.044215185
SPEA-II,1.716000,0.044083460
SPEA-II,1.742000,0.044045275
SPEA-II,1.748000,0.043924527
SPEA-II,1.752000,0.043808191
SPEA-II,1.756000,0.043749331
SPEA-II,1.768000,0.043710874
SPEA-II,1.770000,0.043589753
SPEA-II,1.772000,0.043561468
SPEA-II,1.780000,0.043183647
SPEA-II,1.802000,0.043149467
SPEA-II,1.804000,0.042853861
SPEA-II,1.808000,0.042823103
SPEA-II,1.826000,0.042406080
SPEA-II,1.860000,0.042200947
SPEA-II,1.872000,0.041967814
SPEA-II,1.916000,0.041616845
SPEA-II,1.936000,0.041613210
SPEA-II,1.964000,0.041549714
SPEA-II,1.970000,0.041418941
SPEA-II,1.990000,0.041387361
SPEA-II,1.998000,0.041329224
SPEA-II,2.022000,0.041328176
SPEA-II,2.050000,0.041319738
SPEA-II,2.052000,0.041100644
SPEA-II,2.062000,0.040993974
SPEA-II,2.120000,0.040945080
SPEA-II,2.144000,0.040894156
SPEA-II,2.150000,0.040420046
SPEA-II,2.228000,0.040330656
SPEA-II,2.232000,0.039809710
SPEA-II,2.244000,0.039809184
SPEA-II,2.322000,0.039639940
SPEA-II,2.386000,0.039483849
SPEA-II,2.404000,0.039386848
SPEA-II,2.432000,0.039239914
SPEA-II,2.446000,0.039215139
SPEA-II,2.476000,0.039197868
SPEA-II,2.520000,0.039117738
SPEA-II,2.548000,0.039107375
SPEA-II,2.552000,0.039068031
SPEA-II,2.568000,0.039031301
SPEA-II,2.590000,0.039006755
SPEA-II,2.608000,0.038892554
SPEA-II,2.640000,0.038848351
SPEA-II,2.674000,0.038760863
SPEA-II,2.718000,0.038658120
SPEA-II,2.752000,0.038617219
SPEA-II,2.790000,0.038596723
SPEA-II,2.862000,0.038558117
SPEA-II,2.874000,0.038546447
SPEA-II,2.882000,0.038402665
SPEA-II,2.912000,0.038286923
SPEA-II,2.980000,0.038256376
SPEA-II,3.020000,0.038218834
SPEA-II,3.024000,0.038142498
SPEA-II,3.062000,0.038141349
SPEA-II,3.122000,0.037985428
SPEA-II,3.202000,0.037985391
SPEA-II,3.234000,0.037979762
SPEA-II,3.266000,0.037897744
SPEA-II,3.292000,0.037882310
SPEA-II,3.338000,0.037844774
SPEA-II,3.390000,0.037807913
SPEA-II,3.430000,0.037775148
SPEA-II,3.482000,0.037640245
SPEA-II,3.636000,0.037639151
SPEA-II,4.114000,0.037583574
SPEA-II,4.252000,0.037502862
AMOSA,1.778000,0.046703373
AMOSA,1.780000,0.046182002
AMOSA,1.782000,0.045534161
AMOSA,1.812000,0.045523063
AMOSA,1.820000,0.045459402
AMOSA,1.826000,0.045449925
AMOSA,1.848000,0.045362414
AMOSA,1.856000,0.045333688
AMOSA,1.886000,0.045288049
AMOSA,1.914000,0.045252853
AMOSA,1.916000,0.045153160
AMOSA,1.956000,0.045131294
AMOSA,1.986000,0.045035343
AMOSA,2.162000,0.044956390
AMOSA,2.262000,0.044922656
AMOSA,2.306000,0.044827237
AMOSA,2.412000,0.044811614
AMOSA,2.514000,0.044755187
AMOSA,2.542000,0.044594105
AMOSA,2.614000,0.044524110
AMOSA,2.842000,0.044349837
AMOSA,3.136000,0.044342395
AMOSA,3.180000,0.044306640
AMOSA,3.220000,0.044224503
AMOSA,3.276000,0.044041459
AMOSA,3.280000,0.043944518
AMOSA,3.340000,0.043929429
AMOSA,3.404000,0.043829963
AMOSA,3.408000,0.043778068
AMOSA,3.494000,0.043680763
AMOSA,3.668000,0.043254927
GA_WaitingTime_Dominance_PC90,1.474000,0.047233490
GA_WaitingTime_Dominance_PC90,1.482000,0.047177761
GA_WaitingTime_Dominance_PC90,1.484000,0.047123901
GA_WaitingTime_Dominance_PC90,1.486000,0.046853179
GA_WaitingTime_Dominance_PC90,1.490000,0.046822933
GA_WaitingTime_Dominance_PC90,1.492000,0.045683260
GA_WaitingTime_Dominance_PC90,1.500000,0.045623910
GA_WaitingTime_Dominance_PC90,1.504000,0.045522928
GA_WaitingTime_Dominance_PC90,1.506000,0.045399433
GA_WaitingTime_Dominance_PC90,1.532000,0.045348718
GA_WaitingTime_Dominance_PC90,1.542000,0.045298067
GA_WaitingTime_Dominance_PC90,1.670000,0.045246406
GA_WaitingTime_Dominance_PC90,2.602000,0.045190352
GA_WaitingTime_Dominance_PC90,2.608000,0.045048477
GA_WaitingTime_Dominance_PC90,2.812000,0.045039149
GA_WaitingTime_Dominance_PC90,2.850000,0.044901728
GA_WaitingTime_Dominance_PC90,3.266000,0.044641589
GA_WaitingTime_Dominance_PC90,3.650000,0.044464377
GA_WaitingTime_Dominance_PC90,3.676000,0.044362115
GA_WaitingTime_Dominance_PC90,3.724000,0.043861293
GA_Energy_Dominance_PC90,2.906000,0.044097095
GA_Energy_Dominance_PC90,3.128000,0.043811360
GA_Energy_Dominance_PC90,3.420000,0.043702482
GA_Energy_Dominance_PC90,3.652000,0.043608600
GA_Energy_Dominance_PC90,3.670000,0.043468156
GA_Energy_Dominance_PC90,3.720000,0.043326988
GA_Energy_Dominance_PC90,3.756000,0.042874842
GA_Energy_Dominance_PC90,3.970000,0.042712049
GA_Energy_Dominance_PC90,4.048000,0.042549056
GA_Energy_Dominance_PC90,4.108000,0.042294361
GA_Energy_Dominance_PC90,4.168000,0.041715311
GA_Energy_Dominance_PC90,4.190000,0.041634975
GA_Energy_Dominance_PC90,4.380000,0.041562046
GA_Energy_Dominance_PC90,4.438000,0.041413185
GA_Energy_Dominance_PC90,4.560000,0.040970842
GA_Energy_Dominance_PC90,4.750000,0.040876355
GA_Energy_Dominance_PC90,4.754000,0.040623385
GA_Energy_Dominance_PC90,4.866000,0.040501177
GA_Energy_Dominance_PC90,5.082000,0.040342205
GA_Energy_Dominance_PC90,5.216000,0.039609968
GA_Energy_Dominance_PC90,5.540000,0.039495577
GA_Energy_Dominance_PC90,5.840000,0.039348528
GA_Energy_Dominance_PC90,5.848000,0.039345891
GA_Energy_Dominance_PC90,5.912000,0.039125258
GA_Energy_Dominance_PC90,6.016000,0.039054140
GA_Energy_Dominance_PC90,6.022000,0.038807460
GA_Energy_Dominance_PC90,6.296000,0.038565659
GA_Energy_Dominance_PC90,6.298000,0.038461137
GA_Energy_Dominance_PC90,6.386000,0.038089773
GA_Energy_Dominance_PC90,6.760000,0.038023524
GA_Energy_Dominance_PC90,7.044000,0.038023207
GA_Energy_Dominance_PC90,7.134000,0.037909750
GA_Energy_Dominance_PC90,7.244000,0.037860591
GA_Energy_Dominance_PC90,7.462000,0.037633026
GA_Energy_Dominance_PC90,7.542000,0.037525256
GA_Energy_Dominance_PC90,7.620000,0.037475545
GA_Energy_Dominance_PC90,7.774000,0.037431972
GA_Energy_Dominance_PC90,7.838000,0.037233732
GA_Energy_Dominance_PC90,7.974000,0.037140691
GA_Energy_Dominance_PC90,8.164000,0.037098311
GA_Energy_Dominance_PC90,8.334000,0.036985696
GA_Energy_Dominance_PC90,8.512000,0.036951707
GA_Energy_Dominance_PC90,8.580000,0.036467622
GA_Energy_Dominance_PC90,8.862000,0.036380375
GA_Energy_Dominance_PC90,9.064000,0.036320537
GA_Energy_Dominance_PC90,9.112000,0.036217204
GA_Energy_Dominance_PC90,9.500000,0.035869815
GA_Energy_Dominance_PC90,9.506000,0.035730196
GA_Energy_Dominance_PC90,9.666000,0.035718371
GA_Energy_Dominance_PC90,9.718000,0.035579346
GA_Energy_Dominance_PC90,9.858000,0.035485654
GA_Energy_Dominance_PC90,10.362000,0.035352638
GA_Energy_Dominance_PC90,10.394000,0.035188070
GA_Energy_Dominance_PC90,10.530000,0.035098313
GA_Energy_Dominance_PC90,10.654000,0.034834917
GA_Energy_Dominance_PC90,10.734000,0.034720441
GA_Energy_Dominance_PC90,10.836000,0.034612762
GA_Energy_Dominance_PC90,11.054000,0.034588988
GA_Energy_Dominance_PC90,11.144000,0.034572741
GA_Energy_Dominance_PC90,11.268000,0.034422926
GA_Energy_Dominance_PC90,11.576000,0.034266513
GA_Energy_Dominance_PC90,11.826000,0.034210046
GA_Energy_Dominance_PC90,11.988000,0.034160408
GA_Energy_Dominance_PC90,12.202000,0.034063713
GA_Energy_Dominance_PC90,12.308000,0.033938952
GA_Energy_Dominance_PC90,12.434000,0.033920340
GA_Energy_Dominance_PC90,12.710000,0.033844612
GA_Energy_Dominance_PC90,12.832000,0.033790013
GA_Energy_Dominance_PC90,12.964000,0.033787796
GA_Energy_Dominance_PC90,13.110000,0.033775070
GA_Energy_Dominance_PC90,13.166000,0.033635690
GA_Energy_Dominance_PC90,13.658000,0.033562700
GA_Energy_Dominance_PC90,13.802000,0.033332107
GA_Energy_Dominance_PC90,14.152000,0.033306375
GA_Energy_Dominance_PC90,14.324000,0.033226271
GA_Energy_Dominance_PC90,14.466000,0.033210094
GA_Energy_Dominance_PC90,14.670000,0.033178980
GA_Energy_Dominance_PC90,14.762000,0.033140275
GA_Energy_Dominance_PC90,14.984000,0.033131884
GA_Energy_Dominance_PC90,14.994000,0.033110861
GA_Energy_Dominance_PC90,15.114000,0.033085436
GA_Energy_Dominance_PC90,15.140000,0.033067850
GA_Energy_Dominance_PC90,15.250000,0.032995586
GA_Energy_Dominance_PC90,15.274000,0.032919656
GA_Energy_Dominance_PC90,15.406000,0.032917623
GA_Energy_Dominance_PC90,15.596000,0.032835479
GA_Energy_Dominance_PC90,15.730000,0.032620748
GA_Energy_Dominance_PC90,15.954000,0.032580595
GA_Energy_Dominance_PC90,16.130000,0.032464627
GA_Energy_Dominance_PC90,16.408000,0.032417226
GA_Energy_Dominance_PC90,16.560000,0.032412347
GA_Energy_Dominance_PC90,16.728000,0.032409430
GA_Energy_Dominance_PC90,17.246000,0.032399028
GA_Energy_Dominance_PC90,17.482000,0.032370220
GA_Energy_Dominance_PC90,17.698000,0.032174281
GA_Energy_Dominance_PC90,17.894000,0.032149762
GA_Energy_Dominance_PC90,17.922000,0.032014100
GA_Energy_Dominance_PC90,18.130000,0.031949131
GA_Energy_Dominance_PC90,18.310000,0.031825993
GA_Energy_Dominance_PC90,18.566000,0.031760478
GA_Energy_Dominance_PC90,18.850000,0.031720309
GA_Energy_Dominance_PC90,19.168000,0.031612191
GA_Energy_Dominance_PC90,19.412000,0.031542434
GA_Energy_Dominance_PC90,19.974000,0.031508801
GA_Energy_Dominance_PC90,20.182000,0.031501722
GA_Energy_Dominance_PC90,20.374000,0.031496511
GA_Energy_Dominance_PC90,21.116000,0.031446205
GA_Energy_Dominance_PC90,21.334000,0.031444227
GA_Energy_Dominance_PC90,21.588000,0.031438512
GA_Energy_Dominance_PC90,21.600000,0.031382295
GA_Energy_Dominance_PC90,21.832000,0.031345939
GA_Energy_Dominance_PC90,22.156000,0.031322769
GA_Energy_Dominance_PC90,22.408000,0.031113080
GA_Energy_Dominance_PC90,22.792000,0.031068195
GA_Energy_Dominance_PC90,22.900000,0.030998880
GA_Energy_Dominance_PC90,22.936000,0.030906565
GA_Energy_Dominance_PC90,23.166000,0.030858339
GA_Energy_Dominance_PC90,23.400000,0.030826032
GA_Energy_Dominance_PC90,23.632000,0.030742497
GA_Energy_Dominance_PC90,23.880000,0.030652628
GA_Energy_Dominance_PC90,24.128000,0.030626830
GA_Energy_Dominance_PC90,24.390000,0.030597754
GA_Energy_Dominance_PC90,24.872000,0.030454383
GA_Energy_Dominance_PC90,25.324000,0.030370726
GA_Energy_Dominance_PC90,25.680000,0.030301413
GA_Energy_Dominance_PC90,27.644000,0.030198623
GA_Energy_Dominance_PC90,28.626000,0.030032569
GA_Energy_Dominance_PC90,29.106000,0.029930471
GA_Energy_Dominance_PC90,29.696000,0.029927910
GA_Energy_Dominance_PC90,29.980000,0.029926511
SA_WaitingTime_Dominance_PC90,1.392000,0.045465986
SA_WaitingTime_Dominance_PC90,1.404000,0.045452880
SA_WaitingTime_Dominance_PC90,1.406000,0.045394426
SA_WaitingTime_Dominance_PC90,1.420000,0.045292439
SA_WaitingTime_Dominance_PC90,1.424000,0.045170921
SA_WaitingTime_Dominance_PC90,1.526000,0.045069918
SA_WaitingTime_Dominance_PC90,1.534000,0.045045720
SA_WaitingTime_Dominance_PC90,1.536000,0.044796802
SA_WaitingTime_Dominance_PC90,1.544000,0.044782174
SA_WaitingTime_Dominance_PC90,1.546000,0.044767104
SA_WaitingTime_Dominance_PC90,1.554000,0.044756140
SA_WaitingTime_Dominance_PC90,1.558000,0.044746106
SA_WaitingTime_Dominance_PC90,1.562000,0.044745473
SA_WaitingTime_Dominance_PC90,1.564000,0.044738422
SA_WaitingTime_Dominance_PC90,1.566000,0.044670185
SA_Energy_Dominance_PC90,3.200000,0.045666103
SA_Energy_Dominance_PC90,3.218000,0.044639934
SA_Energy_Dominance_PC90,3.226000,0.044584645
SA_Energy_Dominance_PC90,3.252000,0.044534670
SA_Energy_Dominance_PC90,3.256000,0.044449673
SA_Energy_Dominance_PC90,3.278000,0.044409699
SA_Energy_Dominance_PC90,3.284000,0.044218302
SA_Energy_Dominance_PC90,3.288000,0.044168512
SA_Energy_Dominance_PC90,3.292000,0.043931607
SA_Energy_Dominance_PC90,3.302000,0.043817668
SA_Energy_Dominance_PC90,3.320000,0.043733267
SA_Energy_Dominance_PC90,3.402000,0.043648445
SA_Energy_Dominance_PC90,3.466000,0.043443456
SA_Energy_Dominance_PC90,3.476000,0.043388281
SA_Energy_Dominance_PC90,3.508000,0.043159853
SA_Energy_Dominance_PC90,3.514000,0.043114496
SA_Energy_Dominance_PC90,3.536000,0.043056964
SA_Energy_Dominance_PC90,3.554000,0.042933570
SA_Energy_Dominance_PC90,3.672000,0.042896169
SA_Energy_Dominance_PC90,3.686000,0.042861999
SA_Energy_Dominance_PC90,3.692000,0.042833967
SA_Energy_Dominance_PC90,3.704000,0.042809859
SA_Energy_Dominance_PC90,3.708000,0.042789872
SA_Energy_Dominance_PC90,3.722000,0.042771582
SA_Energy_Dominance_PC90,3.732000,0.042757927
SA_Energy_Dominance_PC90,3.738000,0.042696769
SA_Energy_Dominance_PC90,3.750000,0.042658853
SA_Energy_Dominance_PC90,3.766000,0.042632260
SA_Energy_Dominance_PC90,3.814000,0.042613957
SA_Energy_Dominance_PC90,3.820000,0.042610906
SA_Energy_Dominance_PC90,3.834000,0.042609518
SA_Energy_Dominance_PC90,3.838000,0.042584424
SA_Energy_Dominance_PC90,3.880000,0.042582797
SA_Energy_Dominance_PC90,3.882000,0.042553874
SA_Energy_Dominance_PC90,3.930000,0.042499542
SA_Energy_Dominance_PC90,3.942000,0.042481809
SA_Energy_Dominance_PC90,3.958000,0.042398404
SA_Energy_Dominance_PC90,3.972000,0.042068110
SA_Energy_Dominance_PC90,3.986000,0.042051656
SA_Energy_Dominance_PC90,4.000000,0.042047705
SA_Energy_Dominance_PC90,4.030000,0.042039658
SA_Energy_Dominance_PC90,4.048000,0.042018605
SA_Energy_Dominance_PC90,4.060000,0.041971901
SA_Energy_Dominance_PC90,4.080000,0.041964278
SA_Energy_Dominance_PC90,4.108000,0.041958721
SA_Energy_Dominance_PC90,4.110000,0.041861089
SA_Energy_Dominance_PC90,4.122000,0.041850810
SA_Energy_Dominance_PC90,4.132000,0.041785396
SA_Energy_Dominance_PC90,4.146000,0.041776460
SA_Energy_Dominance_PC90,4.168000,0.041734235
SA_Energy_Dominance_PC90,4.192000,0.041691877
SA_Energy_Dominance_PC90,4.254000,0.041685371
SA_Energy_Dominance_PC90,4.266000,0.041649771
SA_Energy_Dominance_PC90,4.290000,0.041637008
SA_Energy_Dominance_PC90,4.306000,0.041632130
SA_Energy_Dominance_PC90,4.336000,0.041623075
SA_Energy_Dominance_PC90,4.380000,0.041515524
SA_Energy_Dominance_PC90,4.418000,0.041472976
SA_Energy_Dominance_PC90,4.430000,0.041430992
SA_Energy_Dominance_PC90,4.446000,0.041415850
SA_Energy_Dominance_PC90,4.460000,0.041410292
SA_Energy_Dominance_PC90,4.464000,0.041231469
SA_Energy_Dominance_PC90,4.492000,0.041210416
SA_Energy_Dominance_PC90,4.548000,0.041206063
SA_Energy_Dominance_PC90,4.586000,0.041188345
SA_Energy_Dominance_PC90,4.620000,0.041137766
SA_Energy_Dominance_PC90,4.670000,0.041132208
SA_Energy_Dominance_PC90,4.696000,0.041127330
SA_Energy_Dominance_PC90,4.732000,0.041126248
SA_Energy_Dominance_PC90,4.748000,0.041123546
SA_Energy_Dominance_PC90,4.764000,0.041098020
SA_Energy_Dominance_PC90,4.802000,0.041083289
SA_Energy_Dominance_PC90,4.842000,0.041075192
SA_Energy_Dominance_PC90,4.872000,0.041069383
SA_Energy_Dominance_PC90,4.912000,0.040895497
SA_Energy_Dominance_PC90,4.936000,0.040856155
SA_Energy_Dominance_PC90,4.978000,0.040844372
SA_Energy_Dominance_PC90,5.000000,0.040800080
SA_Energy_Dominance_PC90,5.018000,0.040785076
SA_Energy_Dominance_PC90,5.052000,0.040773904
SA_Energy_Dominance_PC90,5.080000,0.040761809
SA_Energy_Dominance_PC90,5.174000,0.040740756
SA_Energy_Dominance_PC90,5.208000,0.040715566
SA_Energy_Dominance_PC90,5.232000,0.040708144
SA_Energy_Dominance_PC90,5.354000,0.040692372
SA_Energy_Dominance_PC90,5.360000,0.040641106
SA_Energy_Dominance_PC90,5.386000,0.040286463
SA_Energy_Dominance_PC90,5.434000,0.040280728
SA_Energy_Dominance_PC90,5.480000,0.040275992
SA_Energy_Dominance_PC90,5.508000,0.040238050
SA_Energy_Dominance_PC90,5.646000,0.039500603
SA_Energy_Dominance_PC90,5.714000,0.039483121
SA_Energy_Dominance_PC90,5.746000,0.039407027
SA_Energy_Dominance_PC90,5.774000,0.039405908
SA_Energy_Dominance_PC90,5.800000,0.039391331
SA_Energy_Dominance_PC90,5.850000,0.039375437
SA_Energy_Dominance_PC90,5.916000,0.039365404
SA_Energy_Dominance_PC90,5.942000,0.039303851
SA_Energy_Dominance_PC90,5.984000,0.039277681
SA_Energy_Dominance_PC90,6.014000,0.039260455
SA_Energy_Dominance_PC90,6.040000,0.039206551
SA_Energy_Dominance_PC90,6.064000,0.039061485
SA_Energy_Dominance_PC90,6.134000,0.039039844
SA_Energy_Dominance_PC90,6.150000,0.038933805
SA_Energy_Dominance_PC90,6.180000,0.038917310
SA_Energy_Dominance_PC90,6.264000,0.038875720
SA_Energy_Dominance_PC90,6.300000,0.038855311
SA_Energy_Dominance_PC90,6.376000,0.038846731
SA_Energy_Dominance_PC90,6.422000,0.038706542
SA_Energy_Dominance_PC90,6.528000,0.038696014
SA_Energy_Dominance_PC90,6.572000,0.038679032
SA_Energy_Dominance_PC90,6.614000,0.038677381
SA_Energy_Dominance_PC90,6.664000,0.038674679
SA_Energy_Dominance_PC90,6.726000,0.038661573
SA_Energy_Dominance_PC90,6.768000,0.038643556
SA_Energy_Dominance_PC90,6.804000,0.038613368
SA_Energy_Dominance_PC90,6.814000,0.038549922
SA_Energy_Dominance_PC90,6.886000,0.038527521
SA_Energy_Dominance_PC90,6.952000,0.038520046
SA_Energy_Dominance_PC90,6.992000,0.038500929
SA_Energy_Dominance_PC90,7.032000,0.038479876
SA_Energy_Dominance_PC90,7.074000,0.038412242
SA_Energy_Dominance_PC90,7.140000,0.038362790
SA_Energy_Dominance_PC90,7.144000,0.038297632
SA_Energy_Dominance_PC90,7.186000,0.038236474
SA_Energy_Dominance_PC90,7.228000,0.038233771
SA_Energy_Dominance_PC90,7.254000,0.038151862
SA_Energy_Dominance_PC90,7.306000,0.038084480
SA_Energy_Dominance_PC90,7.358000,0.038061805
SA_Energy_Dominance_PC90,7.428000,0.038040026
SA_Energy_Dominance_PC90,7.486000,0.037947976
SA_Energy_Dominance_PC90,7.570000,0.037905372
SA_Energy_Dominance_PC90,7.674000,0.037902820
SA_Energy_Dominance_PC90,7.686000,0.036614270
SA_Energy_Dominance_PC90,7.764000,0.036557441
SA_Energy_Dominance_PC90,7.840000,0.036550687
SA_Energy_Dominance_PC90,7.900000,0.036546774
SA_Energy_Dominance_PC90,8.814000,0.036167545
SA_Energy_Dominance_PC90,8.948000,0.036143050
SA_Energy_Dominance_PC90,9.014000,0.036133521
SA_Energy_Dominance_PC90,9.486000,0.036062368
SA_Energy_Dominance_PC90,9.564000,0.036017465
SA_Energy_Dominance_PC90,9.632000,0.035989730
SA_Energy_Dominance_PC90,9.860000,0.035967671
SA_Energy_Dominance_PC90,9.878000,0.035827602
SA_Energy_Dominance_PC90,9.942000,0.035628005
SA_Energy_Dominance_PC90,10.098000,0.035612666
SA_Energy_Dominance_PC90,10.186000,0.035591920
SA_Energy_Dominance_PC90,10.646000,0.035540488
SA_Energy_Dominance_PC90,10.764000,0.035521709
SA_Energy_Dominance_PC90,11.108000,0.034872082
SA_Energy_Dominance_PC90,11.278000,0.034676443
SA_Energy_Dominance_PC90,11.498000,0.034661073
SA_Energy_Dominance_PC90,11.588000,0.034658897
NSGA-II_PC90,2.038000,0.041466554
NSGA-II_PC90,2.130000,0.040912808
NSGA-II_PC90,2.148000,0.040736100
NSGA-II_PC90,2.192000,0.040580611
NSGA-II_PC90,2.204000,0.040527948
NSGA-II_PC90,2.238000,0.040285888
NSGA-II_PC90,2.262000,0.040161535
NSGA-II_PC90,2.274000,0.040116727
NSGA-II_PC90,2.322000,0.040024081
NSGA-II_PC90,2.354000,0.039937260
NSGA-II_PC90,2.366000,0.039630561
NSGA-II_PC90,2.394000,0.039554604
NSGA-II_PC90,2.426000,0.039537533
NSGA-II_PC90,2.444000,0.039270720
NSGA-II_PC90,2.470000,0.039164549
NSGA-II_PC90,2.518000,0.039002271
NSGA-II_PC90,2.528000,0.038939963
NSGA-II_PC90,2.558000,0.038795129
NSGA-II_PC90,2.564000,0.038726876
NSGA-II_PC90,2.604000,0.038540338
NSGA-II_PC90,2.610000,0.038484414
NSGA-II_PC90,2.652000,0.038479735
NSGA-II_PC90,2.680000,0.038477166
NSGA-II_PC90,2.696000,0.038345401
NSGA-II_PC90,2.730000,0.038115879
NSGA-II_PC90,2.766000,0.038100604
NSGA-II_PC90,2.786000,0.038020781
NSGA-II_PC90,2.834000,0.037920953
NSGA-II_PC90,2.862000,0.037883472
NSGA-II_PC90,2.886000,0.037879164
NSGA-II_PC90,2.972000,0.037709101
NSGA-II_PC90,3.012000,0.037671514
NSGA-II_PC90,3.038000,0.037478055
NSGA-II_PC90,3.172000,0.037366263
NSGA-II_PC90,3.256000,0.037297776
NSGA-II_PC90,3.292000,0.037287464
NSGA-II_PC90,3.324000,0.037226384
NSGA-II_PC90,3.350000,0.037207073
NSGA-II_PC90,3.392000,0.037145640
NSGA-II_PC90,3.408000,0.037137934
NSGA-II_PC90,3.446000,0.037105984
NSGA-II_PC90,3.474000,0.037068622
NSGA-II_PC90,3.520000,0.037018305
NSGA-II_PC90,3.536000,0.037009630
NSGA-II_PC90,3.582000,0.036942361
NSGA-II_PC90,3.622000,0.036895193
NSGA-II_PC90,3.772000,0.036798929
NSGA-II_PC90,3.878000,0.036749908
NSGA-II_PC90,3.908000,0.036749270
NSGA-II_PC90,3.964000,0.036611840
NSGA-II_PC90,4.114000,0.036575113
NSGA-II_PC90,4.120000,0.036532408
NSGA-II_PC90,4.224000,0.036432326
NSGA-II_PC90,4.304000,0.036391971
NSGA-II_PC90,4.344000,0.036391148
NSGA-II_PC90,4.414000,0.036350744
NSGA-II_PC90,4.472000,0.036283296
NSGA-II_PC90,4.476000,0.036274104
NSGA-II_PC90,4.574000,0.036271237
NSGA-II_PC90,4.578000,0.036131193
NSGA-II_PC90,4.778000,0.036079741
NSGA-II_PC90,4.852000,0.036009768
NSGA-II_PC90,4.942000,0.035991214
NSGA-II_PC90,5.030000,0.035959454
NSGA-II_PC90,5.134000,0.035904489
NSGA-II_PC90,5.382000,0.035855226
NSGA-II_PC90,5.516000,0.035803852
NSGA-II_PC90,5.612000,0.035769054
SPEA-II_PC90,1.980000,0.044016102
SPEA-II_PC90,1.984000,0.039952223
SPEA-II_PC90,2.030000,0.039860784
SPEA-II_PC90,2.044000,0.039768148
SPEA-II_PC90,2.064000,0.039672206
SPEA-II_PC90,2.094000,0.039662341
SPEA-II_PC90,2.108000,0.039624700
SPEA-II_PC90,2.120000,0.039561908
SPEA-II_PC90,2.128000,0.039439234
SPEA-II_PC90,2.130000,0.039350519
SPEA-II_PC90,2.158000,0.039263219
SPEA-II_PC90,2.184000,0.039198061
SPEA-II_PC90,2.188000,0.039065413
SPEA-II_PC90,2.208000,0.039004618
SPEA-II_PC90,2.246000,0.038892201
SPEA-II_PC90,2.280000,0.038723797
SPEA-II_PC90,2.310000,0.038709686
SPEA-II_PC90,2.350000,0.038677718
SPEA-II_PC90,2.390000,0.038616241
SPEA-II_PC90,2.414000,0.038580372
SPEA-II_PC90,2.446000,0.038552393
SPEA-II_PC90,2.462000,0.038483080
SPEA-II_PC90,2.466000,0.038434278
SPEA-II_PC90,2.472000,0.038343379
SPEA-II_PC90,2.530000,0.038337086
SPEA-II_PC90,2.556000,0.038253917
SPEA-II_PC90,2.574000,0.038215022
SPEA-II_PC90,2.618000,0.038132465
SPEA-II_PC90,2.662000,0.038024915
SPEA-II_PC90,2.724000,0.037973041
SPEA-II_PC90,2.800000,0.037956267
SPEA-II_PC90,2.808000,0.037884454
SPEA-II_PC90,2.866000,0.037796384
SPEA-II_PC90,2.894000,0.037739886
SPEA-II_PC90,3.024000,0.037722893
SPEA-II_PC90,3.070000,0.037689456
SPEA-II_PC90,3.130000,0.037641639
SPEA-II_PC90,3.150000,0.037574208
SPEA-II_PC90,3.202000,0.037542573
SPEA-II_PC90,3.272000,0.037527266
SPEA-II_PC90,3.340000,0.037483204
SPEA-II_PC90,3.390000,0.037363839
SPEA-II_PC90,3.422000,0.037303084
SPEA-II_PC90,3.464000,0.037263330
SPEA-II_PC90,3.504000,0.037261715
SPEA-II_PC90,3.540000,0.037161691
SPEA-II_PC90,3.598000,0.037133542
SPEA-II_PC90,3.656000,0.037086719
SPEA-II_PC90,3.686000,0.037069226
SPEA-II_PC90,3.690000,0.036993455
SPEA-II_PC90,3.750000,0.036872720
SPEA-II_PC90,3.830000,0.036852124
SPEA-II_PC90,3.892000,0.036727347
SPEA-II_PC90,3.996000,0.036615100
SPEA-II_PC90,4.044000,0.036574416
SPEA-II_PC90,4.126000,0.036551581
SPEA-II_PC90,4.218000,0.036475314
SPEA-II_PC90,4.272000,0.036473387
SPEA-II_PC90,4.348000,0.036388897
SPEA-II_PC90,4.400000,0.036374024
SPEA-II_PC90,4.440000,0.036354793
SPEA-II_PC90,4.504000,0.036337265
SPEA-II_PC90,4.698000,0.036259813
SPEA-II_PC90,4.796000,0.036219703
SPEA-II_PC90,5.284000,0.036154247
AMOSA_PC90,1.812000,0.046486970
AMOSA_PC90,1.814000,0.046108056
AMOSA_PC90,1.834000,0.046063801
AMOSA_PC90,1.840000,0.045953855
AMOSA_PC90,1.848000,0.045605959
AMOSA_PC90,1.856000,0.045472735
AMOSA_PC90,1.858000,0.045034120
AMOSA_PC90,1.886000,0.044939648
AMOSA_PC90,1.890000,0.044903470
AMOSA_PC90,1.902000,0.044791430
AMOSA_PC90,1.924000,0.044711951
AMOSA_PC90,1.942000,0.044515250
AMOSA_PC90,1.978000,0.044495371
AMOSA_PC90,2.032000,0.044413498
AMOSA_PC90,2.052000,0.044316624
AMOSA_PC90,2.074000,0.044258162
AMOSA_PC90,2.090000,0.044201097
AMOSA_PC90,2.092000,0.044134296
AMOSA_PC90,2.106000,0.043997276
AMOSA_PC90,2.130000,0.043915664
AMOSA_PC90,2.148000,0.043751490
AMOSA_PC90,2.196000,0.043636637
AMOSA_PC90,2.430000,0.043599790
AMOSA_PC90,2.702000,0.043579771
AMOSA_PC90,2.722000,0.043521000
AMOSA_PC90,2.834000,0.043478051
AMOSA_PC90,3.018000,0.043337443
AMOSA_PC90,3.108000,0.043161534
AMOSA_PC90,3.192000,0.043127027
AMOSA_PC90,3.212000,0.043077659
AMOSA_PC90,3.282000,0.042969136
AMOSA_PC90,3.284000,0.042904672
AMOSA_PC90,3.448000,0.042788969
AMOSA_PC90,3.658000,0.042747630
AMOSA_PC90,3.756000,0.042658011
AMOSA_PC90,3.904000,0.042463532
AMOSA_PC90,3.962000,0.042374020
AMOSA_PC90,4.024000,0.042234442
AMOSA_PC90,4.120000,0.042060702
AMOSA_PC90,4.216000,0.041956699
AMOSA_PC90,4.256000,0.041955999
AMOSA_PC90,4.360000,0.041906933
AMOSA_PC90,4.486000,0.041797447
AMOSA_PC90,4.532000,0.041734207
AMOSA_PC90,4.576000,0.041621768
AMOSA_PC90,4.686000,0.041402124
AMOSA_PC90,5.488000,0.041357499
GA_WaitingTime_Dominance_PC80,1.612000,0.045045240
GA_WaitingTime_Dominance_PC80,1.614000,0.045024187
GA_WaitingTime_Dominance_PC80,1.618000,0.044997594
GA_WaitingTime_Dominance_PC80,1.622000,0.044931332
GA_WaitingTime_Dominance_PC80,1.628000,0.044849781
GA_WaitingTime_Dominance_PC80,1.644000,0.044819006
GA_WaitingTime_Dominance_PC80,1.650000,0.044804027
GA_WaitingTime_Dominance_PC80,2.112000,0.044758918
GA_WaitingTime_Dominance_PC80,2.434000,0.044758495
GA_WaitingTime_Dominance_PC80,2.524000,0.044570921
GA_WaitingTime_Dominance_PC80,2.956000,0.044561032
GA_WaitingTime_Dominance_PC80,2.974000,0.044477806
GA_WaitingTime_Dominance_PC80,3.078000,0.044356139
GA_WaitingTime_Dominance_PC80,3.138000,0.044143049
GA_WaitingTime_Dominance_PC80,3.556000,0.044063211
GA_WaitingTime_Dominance_PC80,3.568000,0.044019914
GA_WaitingTime_Dominance_PC80,3.884000,0.043678647
GA_WaitingTime_Dominance_PC80,5.772000,0.043560057
GA_WaitingTime_Dominance_PC80,6.376000,0.043400716
GA_Energy_Dominance_PC80,3.110000,0.044419667
GA_Energy_Dominance_PC80,3.126000,0.044393605
GA_Energy_Dominance_PC80,3.150000,0.043818663
GA_Energy_Dominance_PC80,3.254000,0.043785580
GA_Energy_Dominance_PC80,3.280000,0.043507658
GA_Energy_Dominance_PC80,3.294000,0.043441731
GA_Energy_Dominance_PC80,3.344000,0.042857274
GA_Energy_Dominance_PC80,3.354000,0.042816726
GA_Energy_Dominance_PC80,3.376000,0.042360500
GA_Energy_Dominance_PC80,3.506000,0.042285135
GA_Energy_Dominance_PC80,3.562000,0.042267035
GA_Energy_Dominance_PC80,3.628000,0.042172740
GA_Energy_Dominance_PC80,3.698000,0.041940347
GA_Energy_Dominance_PC80,3.704000,0.041865046
GA_Energy_Dominance_PC80,3.834000,0.041804908
GA_Energy_Dominance_PC80,3.870000,0.041544086
GA_Energy_Dominance_PC80,3.896000,0.041140877
GA_Energy_Dominance_PC80,3.958000,0.041053878
GA_Energy_Dominance_PC80,4.104000,0.041032192
GA_Energy_Dominance_PC80,4.204000,0.040981964
GA_Energy_Dominance_PC80,4.276000,0.040879373
GA_Energy_Dominance_PC80,4.286000,0.040785127
GA_Energy_Dominance_PC80,4.332000,0.040784101
GA_Energy_Dominance_PC80,4.352000,0.040742140
GA_Energy_Dominance_PC80,4.532000,0.040688322
GA_Energy_Dominance_PC80,4.626000,0.040626949
GA_Energy_Dominance_PC80,4.634000,0.040501114
GA_Energy_Dominance_PC80,4.660000,0.040447503
GA_Energy_Dominance_PC80,4.674000,0.040349257
GA_Energy_Dominance_PC80,4.848000,0.040287675
GA_Energy_Dominance_PC80,4.856000,0.040097749
GA_Energy_Dominance_PC80,4.920000,0.039840531
GA_Energy_Dominance_PC80,4.992000,0.039814490
GA_Energy_Dominance_PC80,5.018000,0.039734454
GA_Energy_Dominance_PC80,5.056000,0.039721957
GA_Energy_Dominance_PC80,5.108000,0.039708292
GA_Energy_Dominance_PC80,5.170000,0.039695971
GA_Energy_Dominance_PC80,5.178000,0.039643801
GA_Energy_Dominance_PC80,5.216000,0.039576231
GA_Energy_Dominance_PC80,5.248000,0.039480186
GA_Energy_Dominance_PC80,5.296000,0.039425506
GA_Energy_Dominance_PC80,5.352000,0.039358861
GA_Energy_Dominance_PC80,5.384000,0.039352273
GA_Energy_Dominance_PC80,5.420000,0.039297370
GA_Energy_Dominance_PC80,5.438000,0.038924533
GA_Energy_Dominance_PC80,5.548000,0.038640756
GA_Energy_Dominance_PC80,5.664000,0.038574450
GA_Energy_Dominance_PC80,5.766000,0.038504248
GA_Energy_Dominance_PC80,5.894000,0.038449425
GA_Energy_Dominance_PC80,5.918000,0.038348946
GA_Energy_Dominance_PC80,5.972000,0.038263617
GA_Energy_Dominance_PC80,6.034000,0.038202254
GA_Energy_Dominance_PC80,6.074000,0.038198102
GA_Energy_Dominance_PC80,6.132000,0.038157015
GA_Energy_Dominance_PC80,6.196000,0.038126685
GA_Energy_Dominance_PC80,6.198000,0.038047550
GA_Energy_Dominance_PC80,6.214000,0.038014985
GA_Energy_Dominance_PC80,6.322000,0.037971452
GA_Energy_Dominance_PC80,6.368000,0.037970308
GA_Energy_Dominance_PC80,6.380000,0.037918296
GA_Energy_Dominance_PC80,6.410000,0.037786676
GA_Energy_Dominance_PC80,6.528000,0.037748770
GA_Energy_Dominance_PC80,6.546000,0.037639981
GA_Energy_Dominance_PC80,6.632000,0.037628168
GA_Energy_Dominance_PC80,6.676000,0.037561783
GA_Energy_Dominance_PC80,6.736000,0.037483724
GA_Energy_Dominance_PC80,6.896000,0.037274445
GA_Energy_Dominance_PC80,7.166000,0.037251375
GA_Energy_Dominance_PC80,7.262000,0.037090045
GA_Energy_Dominance_PC80,7.390000,0.037056101
GA_Energy_Dominance_PC80,7.494000,0.037047140
GA_Energy_Dominance_PC80,7.522000,0.036917086
GA_Energy_Dominance_PC80,7.690000,0.036855952
GA_Energy_Dominance_PC80,7.790000,0.036809123
GA_Energy_Dominance_PC80,7.958000,0.036769526
GA_Energy_Dominance_PC80,7.982000,0.036598423
GA_Energy_Dominance_PC80,8.196000,0.036583650
GA_Energy_Dominance_PC80,8.290000,0.036538064
GA_Energy_Dominance_PC80,8.348000,0.036409228
GA_Energy_Dominance_PC80,8.432000,0.036325003
GA_Energy_Dominance_PC80,8.508000,0.036204947
GA_Energy_Dominance_PC80,8.630000,0.036181543
GA_Energy_Dominance_PC80,8.672000,0.036041234
GA_Energy_Dominance_PC80,8.900000,0.036031527
GA_Energy_Dominance_PC80,8.996000,0.036025783
GA_Energy_Dominance_PC80,9.064000,0.035901174
GA_Energy_Dominance_PC80,9.124000,0.035787534
GA_Energy_Dominance_PC80,9.254000,0.035574752
GA_Energy_Dominance_PC80,9.418000,0.035499494
GA_Energy_Dominance_PC80,9.520000,0.035448526
GA_Energy_Dominance_PC80,9.604000,0.035443761
GA_Energy_Dominance_PC80,9.780000,0.035297533
GA_Energy_Dominance_PC80,9.932000,0.035251992
GA_Energy_Dominance_PC80,10.042000,0.035167423
GA_Energy_Dominance_PC80,10.148000,0.034942377
GA_Energy_Dominance_PC80,10.358000,0.034932254
GA_Energy_Dominance_PC80,10.524000,0.034919210
GA_Energy_Dominance_PC80,10.702000,0.034881871
GA_Energy_Dominance_PC80,10.736000,0.034807772
GA_Energy_Dominance_PC80,10.858000,0.034776908
GA_Energy_Dominance_PC80,10.950000,0.034766014
GA_Energy_Dominance_PC80,10.970000,0.034756072
GA_Energy_Dominance_PC80,11.054000,0.034682051
GA_Energy_Dominance_PC80,11.160000,0.034514182
GA_Energy_Dominance_PC80,11.330000,0.034508143
GA_Energy_Dominance_PC80,11.408000,0.034400279
GA_Energy_Dominance_PC80,11.750000,0.034347585
GA_Energy_Dominance_PC80,11.912000,0.034232490
GA_Energy_Dominance_PC80,12.028000,0.034214340
GA_Energy_Dominance_PC80,12.030000,0.034201493
GA_Energy_Dominance_PC80,12.130000,0.034181645
GA_Energy_Dominance_PC80,12.262000,0.034145811
GA_Energy_Dominance_PC80,12.366000,0.034119966
GA_Energy_Dominance_PC80,12.468000,0.034010220
GA_Energy_Dominance_PC80,12.582000,0.033927642
GA_Energy_Dominance_PC80,12.734000,0.033881794
GA_Energy_Dominance_PC80,12.866000,0.033831759
GA_Energy_Dominance_PC80,12.986000,0.033819363
GA_Energy_Dominance_PC80,13.068000,0.033787734
GA_Energy_Dominance_PC80,13.186000,0.033778349
GA_Energy_Dominance_PC80,13.202000,0.033761183
GA_Energy_Dominance_PC80,13.254000,0.033715071
GA_Energy_Dominance_PC80,13.374000,0.033484538
GA_Energy_Dominance_PC80,13.694000,0.033430655
GA_Energy_Dominance_PC80,13.842000,0.033359583
GA_Energy_Dominance_PC80,14.118000,0.033268243
GA_Energy_Dominance_PC80,14.344000,0.033253615
GA_Energy_Dominance_PC80,14.574000,0.033181048
GA_Energy_Dominance_PC80,14.604000,0.033117145
GA_Energy_Dominance_PC80,14.846000,0.033060636
GA_Energy_Dominance_PC80,14.870000,0.032892521
GA_Energy_Dominance_PC80,15.046000,0.032885581
GA_Energy_Dominance_PC80,15.228000,0.032855664
GA_Energy_Dominance_PC80,15.402000,0.032832047
GA_Energy_Dominance_PC80,15.604000,0.032816096
GA_Energy_Dominance_PC80,15.738000,0.032811806
GA_Energy_Dominance_PC80,16.048000,0.032809470
GA_Energy_Dominance_PC80,16.190000,0.032712243
GA_Energy_Dominance_PC80,16.302000,0.032685227
GA_Energy_Dominance_PC80,16.458000,0.032649092
GA_Energy_Dominance_PC80,16.728000,0.032624626
GA_Energy_Dominance_PC80,16.862000,0.032619776
SA_WaitingTime_Dominance_PC80,1.596000,0.045875851
SA_WaitingTime_Dominance_PC80,1.598000,0.045854895
SA_WaitingTime_Dominance_PC80,1.600000,0.045775529
SA_WaitingTime_Dominance_PC80,1.604000,0.045751698
SA_WaitingTime_Dominance_PC80,1.616000,0.045623821
SA_WaitingTime_Dominance_PC80,1.622000,0.045602768
SA_WaitingTime_Dominance_PC80,1.626000,0.045600257
SA_WaitingTime_Dominance_PC80,1.628000,0.045120533
SA_WaitingTime_Dominance_PC80,1.670000,0.045020547
SA_WaitingTime_Dominance_PC80,1.680000,0.044985700
SA_WaitingTime_Dominance_PC80,1.714000,0.044731017
SA_WaitingTime_Dominance_PC80,1.720000,0.044711383
SA_WaitingTime_Dominance_PC80,1.730000,0.044642094
SA_WaitingTime_Dominance_PC80,1.796000,0.044457158
SA_Energy_Dominance_PC80,3.228000,0.044905937
SA_Energy_Dominance_PC80,3.270000,0.044898331
SA_Energy_Dominance_PC80,3.274000,0.044699799
SA_Energy_Dominance_PC80,3.292000,0.044629308
SA_Energy_Dominance_PC80,3.314000,0.044317324
SA_Energy_Dominance_PC80,3.322000,0.044221337
SA_Energy_Dominance_PC80,3.332000,0.044210413
SA_Energy_Dominance_PC80,3.376000,0.044164849
SA_Energy_Dominance_PC80,3.386000,0.044104843
SA_Energy_Dominance_PC80,3.394000,0.044078609
SA_Energy_Dominance_PC80,3.474000,0.044009421
SA_Energy_Dominance_PC80,3.488000,0.043989016
SA_Energy_Dominance_PC80,3.516000,0.043958231
SA_Energy_Dominance_PC80,3.538000,0.043908437
SA_Energy_Dominance_PC80,3.560000,0.043880702
SA_Energy_Dominance_PC80,3.578000,0.043880344
SA_Energy_Dominance_PC80,3.590000,0.043859649
SA_Energy_Dominance_PC80,3.644000,0.043822257
SA_Energy_Dominance_PC80,3.650000,0.043798946
SA_Energy_Dominance_PC80,3.816000,0.043107158
SA_Energy_Dominance_PC80,3.860000,0.043070709
SA_Energy_Dominance_PC80,3.864000,0.043028058
SA_Energy_Dominance_PC80,3.900000,0.042985953
SA_Energy_Dominance_PC80,4.004000,0.042973144
SA_Energy_Dominance_PC80,4.108000,0.042964647
SA_Energy_Dominance_PC80,4.116000,0.042941738
SA_Energy_Dominance_PC80,4.134000,0.042937526
SA_Energy_Dominance_PC80,4.136000,0.042872475
SA_Energy_Dominance_PC80,4.162000,0.042863523
SA_Energy_Dominance_PC80,4.222000,0.042774610
SA_Energy_Dominance_PC80,4.300000,0.042629419
SA_Energy_Dominance_PC80,4.308000,0.042464398
SA_Energy_Dominance_PC80,4.322000,0.042424568
SA_Energy_Dominance_PC80,4.350000,0.042416772
SA_Energy_Dominance_PC80,4.378000,0.042407358
SA_Energy_Dominance_PC80,4.394000,0.042404655
SA_Energy_Dominance_PC80,4.400000,0.042167180
SA_Energy_Dominance_PC80,4.466000,0.042112551
SA_Energy_Dominance_PC80,4.542000,0.042095729
SA_Energy_Dominance_PC80,4.566000,0.042034570
SA_Energy_Dominance_PC80,4.622000,0.041999980
SA_Energy_Dominance_PC80,4.696000,0.041916127
SA_Energy_Dominance_PC80,4.744000,0.041885880
SA_Energy_Dominance_PC80,4.780000,0.041831752
SA_Energy_Dominance_PC80,4.806000,0.041576409
SA_Energy_Dominance_PC80,4.882000,0.041474504
SA_Energy_Dominance_PC80,4.914000,0.041454700
SA_Energy_Dominance_PC80,4.970000,0.041230806
SA_Energy_Dominance_PC80,5.012000,0.041154057
SA_Energy_Dominance_PC80,5.064000,0.041135577
SA_Energy_Dominance_PC80,5.094000,0.041079297
SA_Energy_Dominance_PC80,5.160000,0.041040526
SA_Energy_Dominance_PC80,5.200000,0.041036050
SA_Energy_Dominance_PC80,5.250000,0.041024615
SA_Energy_Dominance_PC80,5.280000,0.041023001
SA_Energy_Dominance_PC80,5.290000,0.040978293
SA_Energy_Dominance_PC80,5.330000,0.040877187
SA_Energy_Dominance_PC80,5.352000,0.040777914
SA_Energy_Dominance_PC80,5.434000,0.040769867
SA_Energy_Dominance_PC80,5.472000,0.040731110
SA_Energy_Dominance_PC80,5.546000,0.040718968
SA_Energy_Dominance_PC80,5.550000,0.040717655
SA_Energy_Dominance_PC80,5.638000,0.040706540
SA_Energy_Dominance_PC80,5.674000,0.040682343
SA_Energy_Dominance_PC80,5.754000,0.040612248
SA_Energy_Dominance_PC80,5.782000,0.040510716
SA_Energy_Dominance_PC80,5.784000,0.040192013
SA_Energy_Dominance_PC80,5.836000,0.040139695
SA_Energy_Dominance_PC80,5.866000,0.040096988
SA_Energy_Dominance_PC80,5.886000,0.040036161
SA_Energy_Dominance_PC80,6.016000,0.039911428
SA_Energy_Dominance_PC80,6.062000,0.039891768
SA_Energy_Dominance_PC80,6.110000,0.039877631
SA_Energy_Dominance_PC80,6.146000,0.039829929
SA_Energy_Dominance_PC80,6.196000,0.039664686
SA_Energy_Dominance_PC80,6.270000,0.039645551
SA_Energy_Dominance_PC80,6.326000,0.039609952
SA_Energy_Dominance_PC80,6.390000,0.039562977
SA_Energy_Dominance_PC80,6.466000,0.039513954
SA_Energy_Dominance_PC80,6.520000,0.039511251
SA_Energy_Dominance_PC80,6.596000,0.039452989
SA_Energy_Dominance_PC80,6.680000,0.039448270
SA_Energy_Dominance_PC80,6.724000,0.039408126
SA_Energy_Dominance_PC80,6.874000,0.039389008
SA_Energy_Dominance_PC80,6.886000,0.038900928
SA_Energy_Dominance_PC80,6.952000,0.038871636
SA_Energy_Dominance_PC80,7.062000,0.038821912
SA_Energy_Dominance_PC80,7.106000,0.038781180
SA_Energy_Dominance_PC80,7.230000,0.038760128
SA_Energy_Dominance_PC80,7.282000,0.038747365
SA_Energy_Dominance_PC80,7.396000,0.038732074
SA_Energy_Dominance_PC80,7.560000,0.038629394
SA_Energy_Dominance_PC80,7.604000,0.038620442
SA_Energy_Dominance_PC80,7.670000,0.038594144
SA_Energy_Dominance_PC80,7.720000,0.038586273
SA_Energy_Dominance_PC80,7.802000,0.038553355
SA_Energy_Dominance_PC80,7.878000,0.038525620
SA_Energy_Dominance_PC80,8.024000,0.038514982
SA_Energy_Dominance_PC80,8.138000,0.038445453
SA_Energy_Dominance_PC80,8.206000,0.038411919
SA_Energy_Dominance_PC80,8.282000,0.038406110
SA_Energy_Dominance_PC80,8.344000,0.038249610
SA_Energy_Dominance_PC80,8.364000,0.038050325
SA_Energy_Dominance_PC80,8.500000,0.038027458
SA_Energy_Dominance_PC80,8.566000,0.036139061
SA_Energy_Dominance_PC80,8.668000,0.036099865
SA_Energy_Dominance_PC80,8.774000,0.036089338
SA_Energy_Dominance_PC80,10.660000,0.035804440
SA_Energy_Dominance_PC80,10.850000,0.035643455
SA_Energy_Dominance_PC80,10.934000,0.035629332
SA_Energy_Dominance_PC80,11.016000,0.035626911
SA_Energy_Dominance_PC80,13.240000,0.034934151
SA_Energy_Dominance_PC80,13.306000,0.034684068
SA_Energy_Dominance_PC80,13.350000,0.034546726
SA_Energy_Dominance_PC80,13.474000,0.034521280
SA_Energy_Dominance_PC80,13.594000,0.034508979
SA_Energy_Dominance_PC80,13.724000,0.034503734
SA_Energy_Dominance_PC80,16.908000,0.033889861
SA_Energy_Dominance_PC80,17.132000,0.033745127
SA_Energy_Dominance_PC80,17.362000,0.033712333
SA_Energy_Dominance_PC80,17.570000,0.033712333
NSGA-II_PC80,2.304000,0.040867771
NSGA-II_PC80,2.356000,0.040578167
NSGA-II_PC80,2.370000,0.039624345
NSGA-II_PC80,2.390000,0.039215704
NSGA-II_PC80,2.442000,0.039181479
NSGA-II_PC80,2.462000,0.039097268
NSGA-II_PC80,2.492000,0.039021095
NSGA-II_PC80,2.538000,0.038932355
NSGA-II_PC80,2.574000,0.038883594
NSGA-II_PC80,2.588000,0.038749579
NSGA-II_PC80,2.590000,0.038741580
NSGA-II_PC80,2.596000,0.038704027
NSGA-II_PC80,2.618000,0.038622121
NSGA-II_PC80,2.656000,0.038573063
NSGA-II_PC80,2.688000,0.038554417
NSGA-II_PC80,2.712000,0.038502290
NSGA-II_PC80,2.716000,0.038497108
NSGA-II_PC80,2.740000,0.038395980
NSGA-II_PC80,2.768000,0.038382920
NSGA-II_PC80,2.794000,0.038373687
NSGA-II_PC80,2.802000,0.038303477
NSGA-II_PC80,2.842000,0.038278070
NSGA-II_PC80,2.900000,0.038263318
NSGA-II_PC80,2.906000,0.038251252
NSGA-II_PC80,2.910000,0.038183887
NSGA-II_PC80,2.930000,0.038047931
NSGA-II_PC80,2.990000,0.038032124
NSGA-II_PC80,3.026000,0.038027858
NSGA-II_PC80,3.034000,0.037998755
NSGA-II_PC80,3.048000,0.037954840
NSGA-II_PC80,3.054000,0.037944024
NSGA-II_PC80,3.070000,0.037931082
NSGA-II_PC80,3.098000,0.037888330
NSGA-II_PC80,3.114000,0.037884399
NSGA-II_PC80,3.124000,0.037847878
NSGA-II_PC80,3.142000,0.037829487
NSGA-II_PC80,3.196000,0.037819084
NSGA-II_PC80,3.216000,0.037809947
NSGA-II_PC80,3.226000,0.037775634
NSGA-II_PC80,3.238000,0.037756239
NSGA-II_PC80,3.276000,0.037754410
NSGA-II_PC80,3.316000,0.037690569
NSGA-II_PC80,3.356000,0.037640787
NSGA-II_PC80,3.370000,0.037565203
NSGA-II_PC80,3.416000,0.037531226
NSGA-II_PC80,3.434000,0.037471489
NSGA-II_PC80,3.580000,0.037432215
NSGA-II_PC80,3.602000,0.037311862
NSGA-II_PC80,3.694000,0.037285137
NSGA-II_PC80,3.766000,0.037262498
NSGA-II_PC80,3.798000,0.037155507
NSGA-II_PC80,3.886000,0.037147981
NSGA-II_PC80,3.976000,0.037128901
NSGA-II_PC80,4.006000,0.037063134
NSGA-II_PC80,4.052000,0.037048537
NSGA-II_PC80,4.098000,0.037003834
NSGA-II_PC80,4.106000,0.036976055
NSGA-II_PC80,4.176000,0.036886505
NSGA-II_PC80,4.214000,0.036758855
NSGA-II_PC80,4.370000,0.036681989
NSGA-II_PC80,4.672000,0.036617830
NSGA-II_PC80,4.844000,0.036598819
NSGA-II_PC80,4.916000,0.036589761
NSGA-II_PC80,4.982000,0.036535029
NSGA-II_PC80,5.378000,0.036523487
NSGA-II_PC80,5.420000,0.036522294
NSGA-II_PC80,5.458000,0.036471300
NSGA-II_PC80,5.544000,0.036435040
NSGA-II_PC80,5.656000,0.036413987
NSGA-II_PC80,5.808000,0.036351107
NSGA-II_PC80,5.844000,0.036348405
NSGA-II_PC80,6.926000,0.036334026
SPEA-II_PC80,2.132000,0.041853390
SPEA-II_PC80,2.136000,0.041805639
SPEA-II_PC80,2.150000,0.041737038
SPEA-II_PC80,2.154000,0.041695555
SPEA-II_PC80,2.160000,0.041594348
SPEA-II_PC80,2.176000,0.041464344
SPEA-II_PC80,2.180000,0.041390103
SPEA-II_PC80,2.186000,0.041389230
SPEA-II_PC80,2.200000,0.041251194
SPEA-II_PC80,2.230000,0.040955764
SPEA-II_PC80,2.242000,0.040934139
SPEA-II_PC80,2.252000,0.040486541
SPEA-II_PC80,2.270000,0.040481562
SPEA-II_PC80,2.304000,0.040200227
SPEA-II_PC80,2.318000,0.040078243
SPEA-II_PC80,2.324000,0.039979149
SPEA-II_PC80,2.348000,0.039939151
SPEA-II_PC80,2.350000,0.039902529
SPEA-II_PC80,2.378000,0.039867588
SPEA-II_PC80,2.404000,0.039665052
SPEA-II_PC80,2.424000,0.039546995
SPEA-II_PC80,2.478000,0.039499684
SPEA-II_PC80,2.490000,0.039382262
SPEA-II_PC80,2.540000,0.039263590
SPEA-II_PC80,2.550000,0.039194669
SPEA-II_PC80,2.586000,0.039169053
SPEA-II_PC80,2.600000,0.039139039
SPEA-II_PC80,2.608000,0.038983011
SPEA-II_PC80,2.652000,0.038914801
SPEA-II_PC80,2.672000,0.038891548
SPEA-II_PC80,2.720000,0.038871735
SPEA-II_PC80,2.724000,0.038735300
SPEA-II_PC80,2.732000,0.038717468
SPEA-II_PC80,2.804000,0.038691610
SPEA-II_PC80,2.808000,0.038575558
SPEA-II_PC80,2.850000,0.038545655
SPEA-II_PC80,2.864000,0.038508688
SPEA-II_PC80,2.896000,0.038459374
SPEA-II_PC80,2.908000,0.038436034
SPEA-II_PC80,2.922000,0.038401616
SPEA-II_PC80,2.952000,0.038248580
SPEA-II_PC80,3.000000,0.038217480
SPEA-II_PC80,3.030000,0.038171055
SPEA-II_PC80,3.046000,0.038023273
SPEA-II_PC80,3.092000,0.037808279
SPEA-II_PC80,3.194000,0.037802536
SPEA-II_PC80,3.218000,0.037765350
SPEA-II_PC80,3.256000,0.037688959
SPEA-II_PC80,3.268000,0.037638061
SPEA-II_PC80,3.332000,0.037598914
SPEA-II_PC80,3.364000,0.037575175
SPEA-II_PC80,3.392000,0.037555664
SPEA-II_PC80,3.396000,0.037457322
SPEA-II_PC80,3.414000,0.037399094
SPEA-II_PC80,3.452000,0.037368847
SPEA-II_PC80,3.468000,0.037362258
SPEA-II_PC80,3.510000,0.037342995
SPEA-II_PC80,3.546000,0.037304834
SPEA-II_PC80,3.624000,0.037291040
SPEA-II_PC80,3.626000,0.037270487
SPEA-II_PC80,3.640000,0.037236542
SPEA-II_PC80,3.642000,0.037187666
SPEA-II_PC80,3.728000,0.037155589
SPEA-II_PC80,3.802000,0.037153729
SPEA-II_PC80,3.812000,0.037139204
SPEA-II_PC80,3.840000,0.037122353
SPEA-II_PC80,3.876000,0.037077650
SPEA-II_PC80,3.914000,0.037033960
SPEA-II_PC80,3.958000,0.037010272
SPEA-II_PC80,3.980000,0.036973736
SPEA-II_PC80,4.082000,0.036957918
SPEA-II_PC80,4.110000,0.036931976
SPEA-II_PC80,4.148000,0.036922937
SPEA-II_PC80,4.160000,0.036856942
SPEA-II_PC80,4.230000,0.036836986
AMOSA_PC80,2.430000,0.044268582
AMOSA_PC80,2.468000,0.044255429
AMOSA_PC80,2.486000,0.043373683
AMOSA_PC80,2.570000,0.043019036
AMOSA_PC80,2.616000,0.042950747
AMOSA_PC80,2.644000,0.042920547
AMOSA_PC80,2.672000,0.042785088
AMOSA_PC80,2.738000,0.042779812
AMOSA_PC80,2.750000,0.042628604
AMOSA_PC80,2.790000,0.042366406
AMOSA_PC80,2.858000,0.042284778
AMOSA_PC80,2.906000,0.042265332
AMOSA_PC80,2.922000,0.042226399
AMOSA_PC80,2.926000,0.042110756
AMOSA_PC80,3.014000,0.041930098
AMOSA_PC80,3.042000,0.041923726
AMOSA_PC80,3.092000,0.041891079
AMOSA_PC80,3.154000,0.041876996
AMOSA_PC80,3.172000,0.041867062
AMOSA_PC80,3.180000,0.041837976
AMOSA_PC80,3.192000,0.041809354
AMOSA_PC80,3.248000,0.041690066
AMOSA_PC80,3.302000,0.041685138
AMOSA_PC80,3.346000,0.041633234
AMOSA_PC80,3.372000,0.041616261
AMOSA_PC80,3.416000,0.041612770
AMOSA_PC80,3.424000,0.041532635
AMOSA_PC80,3.446000,0.041516746
AMOSA_PC80,3.456000,0.041493750
AMOSA_PC80,3.478000,0.041338018
AMOSA_PC80,3.546000,0.041328140
AMOSA_PC80,3.658000,0.041283784
AMOSA_PC80,3.696000,0.041250499
AMOSA_PC80,3.752000,0.041195062
AMOSA_PC80,3.798000,0.041035744
AMOSA_PC80,3.944000,0.041030152
AMOSA_PC80,4.110000,0.040979285
AMOSA_PC80,4.174000,0.040907372
AMOSA_PC80,4.228000,0.040903863
AMOSA_PC80,4.356000,0.040897192
AMOSA_PC80,4.550000,0.040792482
GA_WaitingTime_Dominance_PC70,1.876000,0.044528113
GA_WaitingTime_Dominance_PC70,1.878000,0.044480362
GA_WaitingTime_Dominance_PC70,1.886000,0.044466430
GA_WaitingTime_Dominance_PC70,1.888000,0.044422849
GA_WaitingTime_Dominance_PC70,1.894000,0.044411396
GA_WaitingTime_Dominance_PC70,1.912000,0.044385616
GA_WaitingTime_Dominance_PC70,1.920000,0.044290774
GA_WaitingTime_Dominance_PC70,3.366000,0.044266537
GA_WaitingTime_Dominance_PC70,3.440000,0.044262585
GA_WaitingTime_Dominance_PC70,3.442000,0.044095094
GA_WaitingTime_Dominance_PC70,3.540000,0.044042192
GA_WaitingTime_Dominance_PC70,3.688000,0.044034559
GA_WaitingTime_Dominance_PC70,3.716000,0.043992502
GA_WaitingTime_Dominance_PC70,3.830000,0.043978956
GA_WaitingTime_Dominance_PC70,3.874000,0.043867347
GA_WaitingTime_Dominance_PC70,3.888000,0.043808819
GA_WaitingTime_Dominance_PC70,4.018000,0.043729358
GA_WaitingTime_Dominance_PC70,4.168000,0.043713683
GA_WaitingTime_Dominance_PC70,4.194000,0.043644098
GA_WaitingTime_Dominance_PC70,4.358000,0.043503878
GA_WaitingTime_Dominance_PC70,4.858000,0.043344451
GA_WaitingTime_Dominance_PC70,5.082000,0.043176726
GA_WaitingTime_Dominance_PC70,6.100000,0.043130730
GA_WaitingTime_Dominance_PC70,7.586000,0.042522681
GA_Energy_Dominance_PC70,3.800000,0.047137606
GA_Energy_Dominance_PC70,3.802000,0.046805612
GA_Energy_Dominance_PC70,3.808000,0.044340499
GA_Energy_Dominance_PC70,3.886000,0.043311481
GA_Energy_Dominance_PC70,4.096000,0.042848253
GA_Energy_Dominance_PC70,4.102000,0.042317506
GA_Energy_Dominance_PC70,4.278000,0.041451025
GA_Energy_Dominance_PC70,4.588000,0.041206738
GA_Energy_Dominance_PC70,4.624000,0.041167672
GA_Energy_Dominance_PC70,4.684000,0.041100255
GA_Energy_Dominance_PC70,4.708000,0.041001346
GA_Energy_Dominance_PC70,4.734000,0.040982569
GA_Energy_Dominance_PC70,4.760000,0.040809136
GA_Energy_Dominance_PC70,4.858000,0.040795939
GA_Energy_Dominance_PC70,4.876000,0.040645686
GA_Energy_Dominance_PC70,5.048000,0.040514951
GA_Energy_Dominance_PC70,5.088000,0.040498834
GA_Energy_Dominance_PC70,5.128000,0.040368538
GA_Energy_Dominance_PC70,5.242000,0.040275423
GA_Energy_Dominance_PC70,5.272000,0.039973056
GA_Energy_Dominance_PC70,5.290000,0.039740876
GA_Energy_Dominance_PC70,5.536000,0.039689158
GA_Energy_Dominance_PC70,5.606000,0.039542434
GA_Energy_Dominance_PC70,5.666000,0.039372872
GA_Energy_Dominance_PC70,5.814000,0.039310875
GA_Energy_Dominance_PC70,5.996000,0.039216229
GA_Energy_Dominance_PC70,6.030000,0.039134548
GA_Energy_Dominance_PC70,6.076000,0.039133920
GA_Energy_Dominance_PC70,6.098000,0.039050966
GA_Energy_Dominance_PC70,6.140000,0.039026465
GA_Energy_Dominance_PC70,6.224000,0.038937992
GA_Energy_Dominance_PC70,6.428000,0.038933440
GA_Energy_Dominance_PC70,6.442000,0.038863298
GA_Energy_Dominance_PC70,6.474000,0.038742000
GA_Energy_Dominance_PC70,6.596000,0.038691901
GA_Energy_Dominance_PC70,6.624000,0.038669518
GA_Energy_Dominance_PC70,6.650000,0.038596920
GA_Energy_Dominance_PC70,6.668000,0.038412206
GA_Energy_Dominance_PC70,6.906000,0.038393483
GA_Energy_Dominance_PC70,7.082000,0.038232911
GA_Energy_Dominance_PC70,7.232000,0.038213310
GA_Energy_Dominance_PC70,7.294000,0.038044073
GA_Energy_Dominance_PC70,7.358000,0.038041928
GA_Energy_Dominance_PC70,7.424000,0.037895367
GA_Energy_Dominance_PC70,7.540000,0.037859327
GA_Energy_Dominance_PC70,7.656000,0.037781705
GA_Energy_Dominance_PC70,7.728000,0.037779999
GA_Energy_Dominance_PC70,7.780000,0.037730913
GA_Energy_Dominance_PC70,7.846000,0.037451822
GA_Energy_Dominance_PC70,7.992000,0.037414763
GA_Energy_Dominance_PC70,8.090000,0.037398992
GA_Energy_Dominance_PC70,8.150000,0.037345906
GA_Energy_Dominance_PC70,8.288000,0.037205034
GA_Energy_Dominance_PC70,8.394000,0.036993458
GA_Energy_Dominance_PC70,8.582000,0.036922100
GA_Energy_Dominance_PC70,8.656000,0.036811295
GA_Energy_Dominance_PC70,8.754000,0.036631985
GA_Energy_Dominance_PC70,8.866000,0.036561922
GA_Energy_Dominance_PC70,9.042000,0.036535284
GA_Energy_Dominance_PC70,9.078000,0.036269303
GA_Energy_Dominance_PC70,9.094000,0.036189377
GA_Energy_Dominance_PC70,9.226000,0.036175524
GA_Energy_Dominance_PC70,9.376000,0.036072852
GA_Energy_Dominance_PC70,9.500000,0.036023341
GA_Energy_Dominance_PC70,9.628000,0.036022188
GA_Energy_Dominance_PC70,9.714000,0.035943204
GA_Energy_Dominance_PC70,9.728000,0.035814630
GA_Energy_Dominance_PC70,10.010000,0.035719591
GA_Energy_Dominance_PC70,10.106000,0.035714554
GA_Energy_Dominance_PC70,10.186000,0.035687785
GA_Energy_Dominance_PC70,10.244000,0.035597317
GA_Energy_Dominance_PC70,10.256000,0.035459256
GA_Energy_Dominance_PC70,10.468000,0.035398234
GA_Energy_Dominance_PC70,10.544000,0.035366089
GA_Energy_Dominance_PC70,10.648000,0.035307257
GA_Energy_Dominance_PC70,10.730000,0.035229746
GA_Energy_Dominance_PC70,10.826000,0.035213747
GA_Energy_Dominance_PC70,10.832000,0.035184568
GA_Energy_Dominance_PC70,10.948000,0.035174824
GA_Energy_Dominance_PC70,11.016000,0.035133195
GA_Energy_Dominance_PC70,11.060000,0.034984081
GA_Energy_Dominance_PC70,11.392000,0.034873238
GA_Energy_Dominance_PC70,11.556000,0.034872215
GA_Energy_Dominance_PC70,11.650000,0.034847969
GA_Energy_Dominance_PC70,11.874000,0.034769997
GA_Energy_Dominance_PC70,11.994000,0.034627278
GA_Energy_Dominance_PC70,12.152000,0.034620633
GA_Energy_Dominance_PC70,12.154000,0.034501640
GA_Energy_Dominance_PC70,12.368000,0.034464826
GA_Energy_Dominance_PC70,12.606000,0.034406898
GA_Energy_Dominance_PC70,12.736000,0.034306576
GA_Energy_Dominance_PC70,12.892000,0.034238265
GA_Energy_Dominance_PC70,12.990000,0.034171190
GA_Energy_Dominance_PC70,13.102000,0.034131269
GA_Energy_Dominance_PC70,13.258000,0.034104057
GA_Energy_Dominance_PC70,13.370000,0.034012445
GA_Energy_Dominance_PC70,13.520000,0.033928843
GA_Energy_Dominance_PC70,13.642000,0.033848675
GA_Energy_Dominance_PC70,13.812000,0.033783807
GA_Energy_Dominance_PC70,14.062000,0.033714815
GA_Energy_Dominance_PC70,14.180000,0.033602667
GA_Energy_Dominance_PC70,14.288000,0.033560751
GA_Energy_Dominance_PC70,14.496000,0.033492618
GA_Energy_Dominance_PC70,14.620000,0.033362821
GA_Energy_Dominance_PC70,14.884000,0.033361610
GA_Energy_Dominance_PC70,15.056000,0.033229275
GA_Energy_Dominance_PC70,15.314000,0.033221404
GA_Energy_Dominance_PC70,15.442000,0.033197914
GA_Energy_Dominance_PC70,15.674000,0.033138938
GA_Energy_Dominance_PC70,15.846000,0.033111441
GA_Energy_Dominance_PC70,16.008000,0.032971358
GA_Energy_Dominance_PC70,16.346000,0.032863279
GA_Energy_Dominance_PC70,16.536000,0.032861295
GA_Energy_Dominance_PC70,16.668000,0.032827542
GA_Energy_Dominance_PC70,16.884000,0.032813011
GA_Energy_Dominance_PC70,17.030000,0.032767804
GA_Energy_Dominance_PC70,17.350000,0.032707619
GA_Energy_Dominance_PC70,17.494000,0.032683941
GA_Energy_Dominance_PC70,17.698000,0.032640786
GA_Energy_Dominance_PC70,17.852000,0.032603314
GA_Energy_Dominance_PC70,18.316000,0.032549688
GA_Energy_Dominance_PC70,18.472000,0.032538799
GA_Energy_Dominance_PC70,18.890000,0.032303627
GA_Energy_Dominance_PC70,19.142000,0.032287454
GA_Energy_Dominance_PC70,19.386000,0.032218575
GA_Energy_Dominance_PC70,19.570000,0.032203655
GA_Energy_Dominance_PC70,19.812000,0.032170292
GA_Energy_Dominance_PC70,19.992000,0.032151592
GA_Energy_Dominance_PC70,20.336000,0.032090330
GA_Energy_Dominance_PC70,20.586000,0.032060367
GA_Energy_Dominance_PC70,20.766000,0.032057670
GA_Energy_Dominance_PC70,21.024000,0.032018046
GA_Energy_Dominance_PC70,21.316000,0.032017455
SA_WaitingTime_Dominance_PC70,1.830000,0.045172557
SA_WaitingTime_Dominance_PC70,1.836000,0.045130354
SA_WaitingTime_Dominance_PC70,1.838000,0.045089523
SA_WaitingTime_Dominance_PC70,1.846000,0.045040365
SA_WaitingTime_Dominance_PC70,1.852000,0.044994251
SA_WaitingTime_Dominance_PC70,1.854000,0.044958770
SA_WaitingTime_Dominance_PC70,1.866000,0.044666349
SA_WaitingTime_Dominance_PC70,1.876000,0.044644066
SA_WaitingTime_Dominance_PC70,1.884000,0.044288031
SA_WaitingTime_Dominance_PC70,1.888000,0.044266978
SA_WaitingTime_Dominance_PC70,1.892000,0.044238763
SA_WaitingTime_Dominance_PC70,1.896000,0.044203820
SA_WaitingTime_Dominance_PC70,1.900000,0.044198263
SA_WaitingTime_Dominance_PC70,1.904000,0.044165566
SA_WaitingTime_Dominance_PC70,1.910000,0.043882751
SA_WaitingTime_Dominance_PC70,1.930000,0.043851218
SA_WaitingTime_Dominance_PC70,1.942000,0.043804266
SA_WaitingTime_Dominance_PC70,1.946000,0.043773094
SA_WaitingTime_Dominance_PC70,1.952000,0.043757039
SA_WaitingTime_Dominance_PC70,2.080000,0.043715072
SA_WaitingTime_Dominance_PC70,2.242000,0.043625014
SA_WaitingTime_Dominance_PC70,2.260000,0.043591897
SA_WaitingTime_Dominance_PC70,2.266000,0.043579134
SA_WaitingTime_Dominance_PC70,2.274000,0.043561055
SA_WaitingTime_Dominance_PC70,2.290000,0.043555553
SA_Energy_Dominance_PC70,3.496000,0.045326031
SA_Energy_Dominance_PC70,3.500000,0.045283925
SA_Energy_Dominance_PC70,3.538000,0.045269177
SA_Energy_Dominance_PC70,3.736000,0.045186497
SA_Energy_Dominance_PC70,3.802000,0.045102286
SA_Energy_Dominance_PC70,3.836000,0.045102174
SA_Energy_Dominance_PC70,3.882000,0.045024112
SA_Energy_Dominance_PC70,3.896000,0.044974765
SA_Energy_Dominance_PC70,3.938000,0.044171957
SA_Energy_Dominance_PC70,3.968000,0.043907699
SA_Energy_Dominance_PC70,4.000000,0.043879507
SA_Energy_Dominance_PC70,4.164000,0.043868866
SA_Energy_Dominance_PC70,4.204000,0.043850168
SA_Energy_Dominance_PC70,4.212000,0.043816268
SA_Energy_Dominance_PC70,4.270000,0.043783248
SA_Energy_Dominance_PC70,4.300000,0.043719078
SA_Energy_Dominance_PC70,4.306000,0.043700301
SA_Energy_Dominance_PC70,4.326000,0.043628723
SA_Energy_Dominance_PC70,4.360000,0.043562058
SA_Energy_Dominance_PC70,4.370000,0.043475274
SA_Energy_Dominance_PC70,4.374000,0.043427196
SA_Energy_Dominance_PC70,4.386000,0.043216802
SA_Energy_Dominance_PC70,4.440000,0.043097512
SA_Energy_Dominance_PC70,4.456000,0.043075508
SA_Energy_Dominance_PC70,4.472000,0.043060385
SA_Energy_Dominance_PC70,4.478000,0.043029052
SA_Energy_Dominance_PC70,4.490000,0.042998873
SA_Energy_Dominance_PC70,4.494000,0.042948686
SA_Energy_Dominance_PC70,4.500000,0.042853358
SA_Energy_Dominance_PC70,4.534000,0.042824973
SA_Energy_Dominance_PC70,4.554000,0.042815937
SA_Energy_Dominance_PC70,4.562000,0.042796535
SA_Energy_Dominance_PC70,4.576000,0.042731189
SA_Energy_Dominance_PC70,4.584000,0.042712900
SA_Energy_Dominance_PC70,4.602000,0.042705029
SA_Energy_Dominance_PC70,4.626000,0.042660949
SA_Energy_Dominance_PC70,4.632000,0.042603128
SA_Energy_Dominance_PC70,4.640000,0.042598162
SA_Energy_Dominance_PC70,4.646000,0.042575849
SA_Energy_Dominance_PC70,4.648000,0.042462509
SA_Energy_Dominance_PC70,4.660000,0.042398291
SA_Energy_Dominance_PC70,4.738000,0.042311943
SA_Energy_Dominance_PC70,4.750000,0.042290891
SA_Energy_Dominance_PC70,4.760000,0.042211621
SA_Energy_Dominance_PC70,4.852000,0.042091635
SA_Energy_Dominance_PC70,4.884000,0.042034285
SA_Energy_Dominance_PC70,4.920000,0.042031105
SA_Energy_Dominance_PC70,4.940000,0.041990052
SA_Energy_Dominance_PC70,4.982000,0.041968999
SA_Energy_Dominance_PC70,4.984000,0.041906885
SA_Energy_Dominance_PC70,5.002000,0.041726306
SA_Energy_Dominance_PC70,5.010000,0.041693736
SA_Energy_Dominance_PC70,5.032000,0.041663519
SA_Energy_Dominance_PC70,5.040000,0.041647749
SA_Energy_Dominance_PC70,5.048000,0.041632578
SA_Energy_Dominance_PC70,5.066000,0.041630927
SA_Energy_Dominance_PC70,5.068000,0.041619211
SA_Energy_Dominance_PC70,5.094000,0.041613359
SA_Energy_Dominance_PC70,5.108000,0.041577105
SA_Energy_Dominance_PC70,5.122000,0.041556347
SA_Energy_Dominance_PC70,5.136000,0.041550877
SA_Energy_Dominance_PC70,5.144000,0.041550155
SA_Energy_Dominance_PC70,5.174000,0.041517062
SA_Energy_Dominance_PC70,5.208000,0.041472948
SA_Energy_Dominance_PC70,5.220000,0.041467888
SA_Energy_Dominance_PC70,5.242000,0.041456453
SA_Energy_Dominance_PC70,5.262000,0.041450177
SA_Energy_Dominance_PC70,5.290000,0.041431437
SA_Energy_Dominance_PC70,5.328000,0.041357346
SA_Energy_Dominance_PC70,5.362000,0.041302938
SA_Energy_Dominance_PC70,5.378000,0.041293409
SA_Energy_Dominance_PC70,5.392000,0.041157018
SA_Energy_Dominance_PC70,5.440000,0.041039603
SA_Energy_Dominance_PC70,5.488000,0.040997498
SA_Energy_Dominance_PC70,5.510000,0.040994178
SA_Energy_Dominance_PC70,5.532000,0.040968914
SA_Energy_Dominance_PC70,5.832000,0.040935163
SA_Energy_Dominance_PC70,5.856000,0.040868550
SA_Energy_Dominance_PC70,5.934000,0.040831572
SA_Energy_Dominance_PC70,5.976000,0.040830536
SA_Energy_Dominance_PC70,6.012000,0.040819128
SA_Energy_Dominance_PC70,6.028000,0.040803837
SA_Energy_Dominance_PC70,6.174000,0.040465135
SA_Energy_Dominance_PC70,6.218000,0.040400688
SA_Energy_Dominance_PC70,6.242000,0.040400355
SA_Energy_Dominance_PC70,6.266000,0.040350181
SA_Energy_Dominance_PC70,6.338000,0.040339257
SA_Energy_Dominance_PC70,6.368000,0.040201329
SA_Energy_Dominance_PC70,6.398000,0.040190115
SA_Energy_Dominance_PC70,6.456000,0.040082848
SA_Energy_Dominance_PC70,6.532000,0.040073203
SA_Energy_Dominance_PC70,6.576000,0.040061795
SA_Energy_Dominance_PC70,6.632000,0.040053058
SA_Energy_Dominance_PC70,6.718000,0.039572516
SA_Energy_Dominance_PC70,6.774000,0.039548069
SA_Energy_Dominance_PC70,6.812000,0.039543752
SA_Energy_Dominance_PC70,6.846000,0.039533028
SA_Energy_Dominance_PC70,6.890000,0.039484183
SA_Energy_Dominance_PC70,6.926000,0.039467489
SA_Energy_Dominance_PC70,6.966000,0.039442256
SA_Energy_Dominance_PC70,7.058000,0.039440238
SA_Energy_Dominance_PC70,7.122000,0.039326359
SA_Energy_Dominance_PC70,7.200000,0.039311095
SA_Energy_Dominance_PC70,7.294000,0.039262355
SA_Energy_Dominance_PC70,7.398000,0.039254308
SA_Energy_Dominance_PC70,7.508000,0.039151429
SA_Energy_Dominance_PC70,7.556000,0.039107673
SA_Energy_Dominance_PC70,7.610000,0.039049222
SA_Energy_Dominance_PC70,7.696000,0.039041746
SA_Energy_Dominance_PC70,7.802000,0.039035863
SA_Energy_Dominance_PC70,7.834000,0.038954343
SA_Energy_Dominance_PC70,8.018000,0.038913050
SA_Energy_Dominance_PC70,8.066000,0.038905427
SA_Energy_Dominance_PC70,8.122000,0.038868126
SA_Energy_Dominance_PC70,8.216000,0.038865151
SA_Energy_Dominance_PC70,8.238000,0.038747389
SA_Energy_Dominance_PC70,8.296000,0.038733124
SA_Energy_Dominance_PC70,8.346000,0.038710796
SA_Energy_Dominance_PC70,8.358000,0.038703262
SA_Energy_Dominance_PC70,8.414000,0.038650727
SA_Energy_Dominance_PC70,8.460000,0.038635642
SA_Energy_Dominance_PC70,8.576000,0.038617566
SA_Energy_Dominance_PC70,8.692000,0.038590370
SA_Energy_Dominance_PC70,8.888000,0.038574906
SA_Energy_Dominance_PC70,8.934000,0.038541346
SA_Energy_Dominance_PC70,8.986000,0.038532031
SA_Energy_Dominance_PC70,8.992000,0.038518504
SA_Energy_Dominance_PC70,9.100000,0.038505909
SA_Energy_Dominance_PC70,9.128000,0.038384841
SA_Energy_Dominance_PC70,9.202000,0.038317481
SA_Energy_Dominance_PC70,9.286000,0.038306047
SA_Energy_Dominance_PC70,9.336000,0.038300489
SA_Energy_Dominance_PC70,9.406000,0.038298838
SA_Energy_Dominance_PC70,9.524000,0.038298169
SA_Energy_Dominance_PC70,9.640000,0.038197177
SA_Energy_Dominance_PC70,9.752000,0.038147333
SA_Energy_Dominance_PC70,9.828000,0.038145157
SA_Energy_Dominance_PC70,9.946000,0.035979417
SA_Energy_Dominance_PC70,9.958000,0.035852554
SA_Energy_Dominance_PC70,10.086000,0.035701010
SA_Energy_Dominance_PC70,10.170000,0.035582208
SA_Energy_Dominance_PC70,10.252000,0.035577711
SA_Energy_Dominance_PC70,10.336000,0.035546122
SA_Energy_Dominance_PC70,11.720000,0.035385548
SA_Energy_Dominance_PC70,11.806000,0.035264597
SA_Energy_Dominance_PC70,11.890000,0.035180134
SA_Energy_Dominance_PC70,12.032000,0.035163590
SA_Energy_Dominance_PC70,12.318000,0.034795464
SA_Energy_Dominance_PC70,12.420000,0.034734053
SA_Energy_Dominance_PC70,12.516000,0.034684329
SA_Energy_Dominance_PC70,12.622000,0.034676706
SA_Energy_Dominance_PC70,13.504000,0.034470340
SA_Energy_Dominance_PC70,13.532000,0.034321570
SA_Energy_Dominance_PC70,13.694000,0.034283575
SA_Energy_Dominance_PC70,13.748000,0.034147360
SA_Energy_Dominance_PC70,13.930000,0.034144041
NSGA-II_PC70,2.500000,0.042520748
NSGA-II_PC70,2.526000,0.042268053
NSGA-II_PC70,2.544000,0.042129714
NSGA-II_PC70,2.552000,0.041906813
NSGA-II_PC70,2.568000,0.041585617
NSGA-II_PC70,2.630000,0.041533113
NSGA-II_PC70,2.636000,0.040624093
NSGA-II_PC70,2.668000,0.040536233
NSGA-II_PC70,2.696000,0.040522410
NSGA-II_PC70,2.702000,0.040498937
NSGA-II_PC70,2.708000,0.040292670
NSGA-II_PC70,2.724000,0.039866977
NSGA-II_PC70,2.736000,0.039697067
NSGA-II_PC70,2.738000,0.039626337
NSGA-II_PC70,2.776000,0.039419299
NSGA-II_PC70,2.820000,0.039258837
NSGA-II_PC70,2.894000,0.039216796
NSGA-II_PC70,2.902000,0.038948157
NSGA-II_PC70,2.978000,0.038921753
NSGA-II_PC70,2.986000,0.038837697
NSGA-II_PC70,3.038000,0.038819775
NSGA-II_PC70,3.086000,0.038747631
NSGA-II_PC70,3.102000,0.038627604
NSGA-II_PC70,3.184000,0.038555959
NSGA-II_PC70,3.188000,0.038496015
NSGA-II_PC70,3.192000,0.038463471
NSGA-II_PC70,3.242000,0.038443969
NSGA-II_PC70,3.248000,0.038429203
NSGA-II_PC70,3.252000,0.038384571
NSGA-II_PC70,3.254000,0.038310811
NSGA-II_PC70,3.342000,0.038258918
NSGA-II_PC70,3.400000,0.038156128
NSGA-II_PC70,3.418000,0.038095369
NSGA-II_PC70,3.444000,0.038041844
NSGA-II_PC70,3.516000,0.038000768
NSGA-II_PC70,3.546000,0.037980867
NSGA-II_PC70,3.572000,0.037873631
NSGA-II_PC70,3.592000,0.037804156
NSGA-II_PC70,3.712000,0.037767054
NSGA-II_PC70,3.728000,0.037739225
NSGA-II_PC70,3.734000,0.037737329
NSGA-II_PC70,3.748000,0.037666875
NSGA-II_PC70,3.798000,0.037559657
NSGA-II_PC70,3.824000,0.037552869
NSGA-II_PC70,3.878000,0.037547603
NSGA-II_PC70,3.902000,0.037547024
NSGA-II_PC70,3.934000,0.037511350
NSGA-II_PC70,3.964000,0.037487397
NSGA-II_PC70,3.966000,0.037445189
NSGA-II_PC70,4.010000,0.037422736
NSGA-II_PC70,4.046000,0.037339818
NSGA-II_PC70,4.084000,0.037214778
NSGA-II_PC70,4.302000,0.037207982
NSGA-II_PC70,4.344000,0.037170751
NSGA-II_PC70,4.374000,0.037151554
NSGA-II_PC70,4.414000,0.037146182
NSGA-II_PC70,4.496000,0.037139699
NSGA-II_PC70,4.548000,0.037131022
NSGA-II_PC70,4.720000,0.037086312
NSGA-II_PC70,5.486000,0.037053152
SPEA-II_PC70,2.318000,0.041955993
SPEA-II_PC70,2.326000,0.041755707
SPEA-II_PC70,2.336000,0.041700181
SPEA-II_PC70,2.366000,0.041633146
SPEA-II_PC70,2.372000,0.041444181
SPEA-II_PC70,2.402000,0.041036554
SPEA-II_PC70,2.420000,0.040359137
SPEA-II_PC70,2.448000,0.039965778
SPEA-II_PC70,2.460000,0.039730993
SPEA-II_PC70,2.468000,0.039442232
SPEA-II_PC70,2.512000,0.039392352
SPEA-II_PC70,2.536000,0.039371947
SPEA-II_PC70,2.544000,0.039228029
SPEA-II_PC70,2.548000,0.039086131
SPEA-II_PC70,2.586000,0.039038643
SPEA-II_PC70,2.610000,0.038937312
SPEA-II_PC70,2.642000,0.038900971
SPEA-II_PC70,2.662000,0.038848412
SPEA-II_PC70,2.668000,0.038753895
SPEA-II_PC70,2.704000,0.038731534
SPEA-II_PC70,2.708000,0.038695991
SPEA-II_PC70,2.734000,0.038608305
SPEA-II_PC70,2.744000,0.038574381
SPEA-II_PC70,2.772000,0.038515656
SPEA-II_PC70,2.818000,0.038480885
SPEA-II_PC70,2.828000,0.038443600
SPEA-II_PC70,2.836000,0.038357479
SPEA-II_PC70,2.858000,0.038311014
SPEA-II_PC70,2.886000,0.038291154
SPEA-II_PC70,2.916000,0.038236824
SPEA-II_PC70,2.930000,0.038190617
SPEA-II_PC70,2.976000,0.038136677
SPEA-II_PC70,3.018000,0.037958895
SPEA-II_PC70,3.100000,0.037953806
SPEA-II_PC70,3.114000,0.037867166
SPEA-II_PC70,3.176000,0.037751215
SPEA-II_PC70,3.326000,0.037730092
SPEA-II_PC70,3.398000,0.037729239
SPEA-II_PC70,3.428000,0.037713413
SPEA-II_PC70,3.444000,0.037638804
SPEA-II_PC70,3.558000,0.037624435
SPEA-II_PC70,3.664000,0.037522439
SPEA-II_PC70,3.764000,0.037470488
SPEA-II_PC70,3.836000,0.037466219
SPEA-II_PC70,3.892000,0.037440829
SPEA-II_PC70,3.914000,0.037374949
SPEA-II_PC70,3.990000,0.037312380
SPEA-II_PC70,4.028000,0.037225919
SPEA-II_PC70,4.116000,0.037212261
SPEA-II_PC70,4.158000,0.037181039
SPEA-II_PC70,4.160000,0.037127638
SPEA-II_PC70,4.190000,0.037115105
SPEA-II_PC70,4.248000,0.037088699
SPEA-II_PC70,4.288000,0.037025541
SPEA-II_PC70,4.324000,0.037023840
SPEA-II_PC70,4.450000,0.037008640
SPEA-II_PC70,4.530000,0.036977609
SPEA-II_PC70,4.594000,0.036937782
SPEA-II_PC70,4.690000,0.036930567
SPEA-II_PC70,4.724000,0.036898916
AMOSA_PC70,2.790000,0.044620413
AMOSA_PC70,2.794000,0.044336545
AMOSA_PC70,2.850000,0.044242539
AMOSA_PC70,2.876000,0.044176405
AMOSA_PC70,2.886000,0.044046530
AMOSA_PC70,2.894000,0.043800948
AMOSA_PC70,2.910000,0.043667997
AMOSA_PC70,2.920000,0.043114366
AMOSA_PC70,2.926000,0.043031663
AMOSA_PC70,2.930000,0.042828356
AMOSA_PC70,3.018000,0.042807772
AMOSA_PC70,3.042000,0.042807605
AMOSA_PC70,3.062000,0.042726627
AMOSA_PC70,3.108000,0.042712977
AMOSA_PC70,3.116000,0.042700321
AMOSA_PC70,3.118000,0.042632734
AMOSA_PC70,3.132000,0.042485201
AMOSA_PC70,3.230000,0.042426810
AMOSA_PC70,3.242000,0.042334127
AMOSA_PC70,3.256000,0.042070332
AMOSA_PC70,3.296000,0.042044826
AMOSA_PC70,3.316000,0.041970357
AMOSA_PC70,3.326000,0.041878260
AMOSA_PC70,3.338000,0.041867973
AMOSA_PC70,3.362000,0.041859276
AMOSA_PC70,3.368000,0.041819022
AMOSA_PC70,3.406000,0.041790388
AMOSA_PC70,3.420000,0.041744179
AMOSA_PC70,3.488000,0.041726485
AMOSA_PC70,3.492000,0.041695009
AMOSA_PC70,3.494000,0.041607012
AMOSA_PC70,3.538000,0.041582625
AMOSA_PC70,3.564000,0.041573082
AMOSA_PC70,3.578000,0.041554286
AMOSA_PC70,3.592000,0.041438817
AMOSA_PC70,3.694000,0.041430253
AMOSA_PC70,3.740000,0.041334381
AMOSA_PC70,3.852000,0.041301307
AMOSA_PC70,3.912000,0.041283377
AMOSA_PC70,3.952000,0.041024461
AMOSA_PC70,4.244000,0.040930509
AMOSA_PC70,4.286000,0.040915994
AMOSA_PC70,4.288000,0.040829830
AMOSA_PC70,4.294000,0.040713651
AMOSA_PC70,4.356000,0.040615468
AMOSA_PC70,4.556000,0.040598387
AMOSA_PC70,4.700000,0.040548356
AMOSA_PC70,4.748000,0.040463929
AMOSA_PC70,4.766000,0.040359531
AMOSA_PC70,4.942000,0.040341644
AMOSA_PC70,4.966000,0.040269730
AMOSA_PC70,4.970000,0.040070855
AMOSA_PC70,5.392000,0.040031779
GA_WaitingTime_Dominance_PC60,2.268000,0.044364682
GA_WaitingTime_Dominance_PC60,2.292000,0.044350684
GA_WaitingTime_Dominance_PC60,2.320000,0.044220788
GA_WaitingTime_Dominance_PC60,2.464000,0.043985282
GA_WaitingTime_Dominance_PC60,2.468000,0.043942177
GA_WaitingTime_Dominance_PC60,2.512000,0.043893115
GA_WaitingTime_Dominance_PC60,2.572000,0.043846520
GA_WaitingTime_Dominance_PC60,2.608000,0.043811679
GA_WaitingTime_Dominance_PC60,3.030000,0.043749978
GA_WaitingTime_Dominance_PC60,3.078000,0.043702832
GA_WaitingTime_Dominance_PC60,3.136000,0.043650727
GA_WaitingTime_Dominance_PC60,3.140000,0.043574966
GA_WaitingTime_Dominance_PC60,3.150000,0.043472113
GA_WaitingTime_Dominance_PC60,5.550000,0.043413477
GA_WaitingTime_Dominance_PC60,6.240000,0.043332855
GA_Energy_Dominance_PC60,4.350000,0.045719688
GA_Energy_Dominance_PC60,4.386000,0.045210423
GA_Energy_Dominance_PC60,4.468000,0.044864948
GA_Energy_Dominance_PC60,4.488000,0.044848175
GA_Energy_Dominance_PC60,4.526000,0.044524427
GA_Energy_Dominance_PC60,4.572000,0.044461759
GA_Energy_Dominance_PC60,4.584000,0.044284866
GA_Energy_Dominance_PC60,4.594000,0.044127257
GA_Energy_Dominance_PC60,4.602000,0.043976739
GA_Energy_Dominance_PC60,4.756000,0.043296440
GA_Energy_Dominance_PC60,4.936000,0.043168131
GA_Energy_Dominance_PC60,5.004000,0.043163329
GA_Energy_Dominance_PC60,5.058000,0.043074058
GA_Energy_Dominance_PC60,5.104000,0.042482841
GA_Energy_Dominance_PC60,5.146000,0.042258543
GA_Energy_Dominance_PC60,5.168000,0.042130362
GA_Energy_Dominance_PC60,5.214000,0.041895736
GA_Energy_Dominance_PC60,5.236000,0.041850924
GA_Energy_Dominance_PC60,5.286000,0.041801187
GA_Energy_Dominance_PC60,5.314000,0.041782246
GA_Energy_Dominance_PC60,5.364000,0.041739551
GA_Energy_Dominance_PC60,5.380000,0.041681486
GA_Energy_Dominance_PC60,5.392000,0.041669928
GA_Energy_Dominance_PC60,5.404000,0.041612221
GA_Energy_Dominance_PC60,5.456000,0.041556720
GA_Energy_Dominance_PC60,5.458000,0.040533038
GA_Energy_Dominance_PC60,5.710000,0.040451221
GA_Energy_Dominance_PC60,5.754000,0.040209537
GA_Energy_Dominance_PC60,5.906000,0.040099414
GA_Energy_Dominance_PC60,5.954000,0.040073415
GA_Energy_Dominance_PC60,5.978000,0.039991060
GA_Energy_Dominance_PC60,5.998000,0.039977142
GA_Energy_Dominance_PC60,6.042000,0.039861291
GA_Energy_Dominance_PC60,6.072000,0.039640534
GA_Energy_Dominance_PC60,6.122000,0.039593608
GA_Energy_Dominance_PC60,6.126000,0.039470400
GA_Energy_Dominance_PC60,6.314000,0.039302964
GA_Energy_Dominance_PC60,6.342000,0.039275791
GA_Energy_Dominance_PC60,6.386000,0.039230796
GA_Energy_Dominance_PC60,6.430000,0.039191827
GA_Energy_Dominance_PC60,6.450000,0.039040638
GA_Energy_Dominance_PC60,6.598000,0.038962658
GA_Energy_Dominance_PC60,6.678000,0.038937032
GA_Energy_Dominance_PC60,6.742000,0.038890284
GA_Energy_Dominance_PC60,6.770000,0.038717920
GA_Energy_Dominance_PC60,6.826000,0.038664355
GA_Energy_Dominance_PC60,6.830000,0.038598940
GA_Energy_Dominance_PC60,6.908000,0.038550250
GA_Energy_Dominance_PC60,6.954000,0.038509434
GA_Energy_Dominance_PC60,7.028000,0.038455495
GA_Energy_Dominance_PC60,7.098000,0.038376133
GA_Energy_Dominance_PC60,7.190000,0.038296871
GA_Energy_Dominance_PC60,7.270000,0.038280417
GA_Energy_Dominance_PC60,7.326000,0.038199056
GA_Energy_Dominance_PC60,7.410000,0.038176056
GA_Energy_Dominance_PC60,7.510000,0.038116676
GA_Energy_Dominance_PC60,7.634000,0.037859539
GA_Energy_Dominance_PC60,7.760000,0.037855250
GA_Energy_Dominance_PC60,7.866000,0.037800284
GA_Energy_Dominance_PC60,7.936000,0.037790391
GA_Energy_Dominance_PC60,7.960000,0.037707495
GA_Energy_Dominance_PC60,8.118000,0.037700765
GA_Energy_Dominance_PC60,8.138000,0.037607225
GA_Energy_Dominance_PC60,8.270000,0.037339926
GA_Energy_Dominance_PC60,8.342000,0.037323258
GA_Energy_Dominance_PC60,8.434000,0.037280643
GA_Energy_Dominance_PC60,8.538000,0.037252220
GA_Energy_Dominance_PC60,8.610000,0.037228711
GA_Energy_Dominance_PC60,8.716000,0.037176295
GA_Energy_Dominance_PC60,8.806000,0.037119784
GA_Energy_Dominance_PC60,8.894000,0.037103398
GA_Energy_Dominance_PC60,8.962000,0.037102963
GA_Energy_Dominance_PC60,9.048000,0.037085854
GA_Energy_Dominance_PC60,9.096000,0.037064639
GA_Energy_Dominance_PC60,9.104000,0.037017924
GA_Energy_Dominance_PC60,9.142000,0.036927119
GA_Energy_Dominance_PC60,9.240000,0.036875030
GA_Energy_Dominance_PC60,9.280000,0.036722913
GA_Energy_Dominance_PC60,9.346000,0.036697564
GA_Energy_Dominance_PC60,9.400000,0.036612796
GA_Energy_Dominance_PC60,9.452000,0.036491558
GA_Energy_Dominance_PC60,9.480000,0.036288819
GA_Energy_Dominance_PC60,9.580000,0.036277201
GA_Energy_Dominance_PC60,9.602000,0.035981158
GA_Energy_Dominance_PC60,9.738000,0.035971628
GA_Energy_Dominance_PC60,9.810000,0.035966358
GA_Energy_Dominance_PC60,9.822000,0.035806160
GA_Energy_Dominance_PC60,9.980000,0.035792707
GA_Energy_Dominance_PC60,10.068000,0.035739338
GA_Energy_Dominance_PC60,10.144000,0.035667464
GA_Energy_Dominance_PC60,10.248000,0.035609632
GA_Energy_Dominance_PC60,10.334000,0.035530662
GA_Energy_Dominance_PC60,10.506000,0.035496405
GA_Energy_Dominance_PC60,10.584000,0.035437491
GA_Energy_Dominance_PC60,10.680000,0.035418249
GA_Energy_Dominance_PC60,10.758000,0.035411820
GA_Energy_Dominance_PC60,10.828000,0.035398581
GA_Energy_Dominance_PC60,11.390000,0.035396385
GA_Energy_Dominance_PC60,11.932000,0.035329921
GA_Energy_Dominance_PC60,12.072000,0.035282972
GA_Energy_Dominance_PC60,12.234000,0.035272760
GA_Energy_Dominance_PC60,12.340000,0.035248049
GA_Energy_Dominance_PC60,12.562000,0.035065435
GA_Energy_Dominance_PC60,12.746000,0.035061435
GA_Energy_Dominance_PC60,12.924000,0.034893521
GA_Energy_Dominance_PC60,13.030000,0.034816844
GA_Energy_Dominance_PC60,13.146000,0.034783091
GA_Energy_Dominance_PC60,13.188000,0.034660636
GA_Energy_Dominance_PC60,13.448000,0.034650946
GA_Energy_Dominance_PC60,13.558000,0.034574212
GA_Energy_Dominance_PC60,13.766000,0.034563247
GA_Energy_Dominance_PC60,13.954000,0.034521661
GA_Energy_Dominance_PC60,14.114000,0.034435998
GA_Energy_Dominance_PC60,14.298000,0.034327808
GA_Energy_Dominance_PC60,14.408000,0.034286684
GA_Energy_Dominance_PC60,14.572000,0.034245739
GA_Energy_Dominance_PC60,14.720000,0.034226350
GA_Energy_Dominance_PC60,14.750000,0.034095566
GA_Energy_Dominance_PC60,14.956000,0.033992053
GA_Energy_Dominance_PC60,15.152000,0.033913884
GA_Energy_Dominance_PC60,15.300000,0.033911843
GA_Energy_Dominance_PC60,15.458000,0.033808814
GA_Energy_Dominance_PC60,15.654000,0.033660766
GA_Energy_Dominance_PC60,15.880000,0.033629550
GA_Energy_Dominance_PC60,16.064000,0.033612119
GA_Energy_Dominance_PC60,16.312000,0.033591066
GA_Energy_Dominance_PC60,16.496000,0.033571058
GA_Energy_Dominance_PC60,16.618000,0.033538728
GA_Energy_Dominance_PC60,16.750000,0.033534056
GA_Energy_Dominance_PC60,17.124000,0.033417673
GA_Energy_Dominance_PC60,17.286000,0.033294816
GA_Energy_Dominance_PC60,17.502000,0.033256975
GA_Energy_Dominance_PC60,17.686000,0.033249956
GA_Energy_Dominance_PC60,17.834000,0.033207744
GA_Energy_Dominance_PC60,18.046000,0.033200254
GA_Energy_Dominance_PC60,18.288000,0.033188927
GA_Energy_Dominance_PC60,19.242000,0.033153019
GA_Energy_Dominance_PC60,19.458000,0.033131138
GA_Energy_Dominance_PC60,19.632000,0.033102308
SA_WaitingTime_Dominance_PC60,2.170000,0.045046566
SA_WaitingTime_Dominance_PC60,2.188000,0.045033460
SA_WaitingTime_Dominance_PC60,2.198000,0.045013139
SA_WaitingTime_Dominance_PC60,2.202000,0.044960854
SA_WaitingTime_Dominance_PC60,2.234000,0.044924726
SA_WaitingTime_Dominance_PC60,2.236000,0.044915598
SA_WaitingTime_Dominance_PC60,2.242000,0.044814274
SA_WaitingTime_Dominance_PC60,2.246000,0.044736497
SA_WaitingTime_Dominance_PC60,2.260000,0.044711698
SA_WaitingTime_Dominance_PC60,2.270000,0.044494116
SA_WaitingTime_Dominance_PC60,2.290000,0.043346202
SA_WaitingTime_Dominance_PC60,2.292000,0.043337008
SA_WaitingTime_Dominance_PC60,2.298000,0.043329702
SA_WaitingTime_Dominance_PC60,2.300000,0.043328804
SA_WaitingTime_Dominance_PC60,2.306000,0.043323247
SA_WaitingTime_Dominance_PC60,2.308000,0.043310598
SA_WaitingTime_Dominance_PC60,2.326000,0.043298860
SA_WaitingTime_Dominance_PC60,2.332000,0.043268192
SA_WaitingTime_Dominance_PC60,2.362000,0.043207512
SA_WaitingTime_Dominance_PC60,2.380000,0.043145326
SA_Energy_Dominance_PC60,4.474000,0.046592058
SA_Energy_Dominance_PC60,4.530000,0.045642519
SA_Energy_Dominance_PC60,4.540000,0.045638043
SA_Energy_Dominance_PC60,4.574000,0.045334092
SA_Energy_Dominance_PC60,4.630000,0.045155568
SA_Energy_Dominance_PC60,4.638000,0.044850961
SA_Energy_Dominance_PC60,4.652000,0.044827708
SA_Energy_Dominance_PC60,4.742000,0.044701391
SA_Energy_Dominance_PC60,4.802000,0.044420197
SA_Energy_Dominance_PC60,4.852000,0.044391112
SA_Energy_Dominance_PC60,4.872000,0.044203160
SA_Energy_Dominance_PC60,4.936000,0.044182297
SA_Energy_Dominance_PC60,4.976000,0.044123372
SA_Energy_Dominance_PC60,4.998000,0.044064393
SA_Energy_Dominance_PC60,5.052000,0.043721058
SA_Energy_Dominance_PC60,5.080000,0.043513541
SA_Energy_Dominance_PC60,5.100000,0.043479205
SA_Energy_Dominance_PC60,5.144000,0.043426103
SA_Energy_Dominance_PC60,5.162000,0.043361330
SA_Energy_Dominance_PC60,5.198000,0.042044327
SA_Energy_Dominance_PC60,5.252000,0.042011562
SA_Energy_Dominance_PC60,5.264000,0.041999780
SA_Energy_Dominance_PC60,5.324000,0.041975145
SA_Energy_Dominance_PC60,5.394000,0.041969762
SA_Energy_Dominance_PC60,5.408000,0.041497543
SA_Energy_Dominance_PC60,5.468000,0.041456814
SA_Energy_Dominance_PC60,5.476000,0.041196911
SA_Energy_Dominance_PC60,5.482000,0.041082683
SA_Energy_Dominance_PC60,5.530000,0.041053472
SA_Energy_Dominance_PC60,5.552000,0.041002838
SA_Energy_Dominance_PC60,5.564000,0.040992218
SA_Energy_Dominance_PC60,5.576000,0.040684254
SA_Energy_Dominance_PC60,5.588000,0.040669625
SA_Energy_Dominance_PC60,6.016000,0.040662050
SA_Energy_Dominance_PC60,6.110000,0.040660741
SA_Energy_Dominance_PC60,6.130000,0.040596435
SA_Energy_Dominance_PC60,6.138000,0.040382909
SA_Energy_Dominance_PC60,6.150000,0.040299663
SA_Energy_Dominance_PC60,6.200000,0.040292195
SA_Energy_Dominance_PC60,6.276000,0.040154418
SA_Energy_Dominance_PC60,6.372000,0.040115193
SA_Energy_Dominance_PC60,6.438000,0.040112491
SA_Energy_Dominance_PC60,6.476000,0.040089180
SA_Energy_Dominance_PC60,6.488000,0.039819693
SA_Energy_Dominance_PC60,6.508000,0.039638620
SA_Energy_Dominance_PC60,6.558000,0.039630430
SA_Energy_Dominance_PC60,6.598000,0.039595488
SA_Energy_Dominance_PC60,6.620000,0.039555559
SA_Energy_Dominance_PC60,6.708000,0.039519110
SA_Energy_Dominance_PC60,6.758000,0.039506378
SA_Energy_Dominance_PC60,6.772000,0.039394393
SA_Energy_Dominance_PC60,6.816000,0.039390566
SA_Energy_Dominance_PC60,6.882000,0.039386934
SA_Energy_Dominance_PC60,6.992000,0.039378057
SA_Energy_Dominance_PC60,7.066000,0.039373078
SA_Energy_Dominance_PC60,7.184000,0.039361643
SA_Energy_Dominance_PC60,7.246000,0.039307377
SA_Energy_Dominance_PC60,7.282000,0.039242474
SA_Energy_Dominance_PC60,7.520000,0.039222227
SA_Energy_Dominance_PC60,7.560000,0.039185267
SA_Energy_Dominance_PC60,7.624000,0.039172504
SA_Energy_Dominance_PC60,7.700000,0.039155681
SA_Energy_Dominance_PC60,7.776000,0.039151768
SA_Energy_Dominance_PC60,7.866000,0.039130228
SA_Energy_Dominance_PC60,7.938000,0.039108520
SA_Energy_Dominance_PC60,8.032000,0.039096915
SA_Energy_Dominance_PC60,8.072000,0.039038370
SA_Energy_Dominance_PC60,8.148000,0.039032318
SA_Energy_Dominance_PC60,8.200000,0.039029360
SA_Energy_Dominance_PC60,8.246000,0.039010374
SA_Energy_Dominance_PC60,8.292000,0.038993421
SA_Energy_Dominance_PC60,8.352000,0.038895836
SA_Energy_Dominance_PC60,8.370000,0.038604915
SA_Energy_Dominance_PC60,8.476000,0.038589609
SA_Energy_Dominance_PC60,8.572000,0.038549333
SA_Energy_Dominance_PC60,8.620000,0.038529706
SA_Energy_Dominance_PC60,8.728000,0.038518340
SA_Energy_Dominance_PC60,8.852000,0.038489928
SA_Energy_Dominance_PC60,8.916000,0.038464694
SA_Energy_Dominance_PC60,9.054000,0.038424876
SA_Energy_Dominance_PC60,9.166000,0.038377414
SA_Energy_Dominance_PC60,9.284000,0.038347716
SA_Energy_Dominance_PC60,9.374000,0.038343193
SA_Energy_Dominance_PC60,9.492000,0.038326472
SA_Energy_Dominance_PC60,9.588000,0.038251083
SA_Energy_Dominance_PC60,9.708000,0.038181158
SA_Energy_Dominance_PC60,9.734000,0.038012735
SA_Energy_Dominance_PC60,9.802000,0.037789384
SA_Energy_Dominance_PC60,9.874000,0.037781155
SA_Energy_Dominance_PC60,9.950000,0.037753418
SA_Energy_Dominance_PC60,10.060000,0.037745622
SA_Energy_Dominance_PC60,10.170000,0.037735292
SA_Energy_Dominance_PC60,10.336000,0.037728731
SA_Energy_Dominance_PC60,10.612000,0.037668421
SA_Energy_Dominance_PC60,10.680000,0.037664594
SA_Energy_Dominance_PC60,10.772000,0.037632175
SA_Energy_Dominance_PC60,10.852000,0.037626617
SA_Energy_Dominance_PC60,11.028000,0.037615141
SA_Energy_Dominance_PC60,11.104000,0.035336124
SA_Energy_Dominance_PC60,11.200000,0.035334107
SA_Energy_Dominance_PC60,11.310000,0.035105492
SA_Energy_Dominance_PC60,11.414000,0.035098870
SA_Energy_Dominance_PC60,11.486000,0.035087946
SA_Energy_Dominance_PC60,11.582000,0.035085929
SA_Energy_Dominance_PC60,14.264000,0.035001844
SA_Energy_Dominance_PC60,14.390000,0.034975631
SA_Energy_Dominance_PC60,14.624000,0.034921576
SA_Energy_Dominance_PC60,14.828000,0.034886072
SA_Energy_Dominance_PC60,15.476000,0.034052563
SA_Energy_Dominance_PC60,15.960000,0.034014566
SA_Energy_Dominance_PC60,16.154000,0.033986770
SA_Energy_Dominance_PC60,16.272000,0.033985119
SA_Energy_Dominance_PC60,16.686000,0.033982698
SA_Energy_Dominance_PC60,16.908000,0.033699416
SA_Energy_Dominance_PC60,17.106000,0.033617062
SA_Energy_Dominance_PC60,17.282000,0.033559882
SA_Energy_Dominance_PC60,17.708000,0.033557864
NSGA-II_PC60,3.006000,0.042681281
NSGA-II_PC60,3.048000,0.040542604
NSGA-II_PC60,3.114000,0.040185106
NSGA-II_PC60,3.158000,0.040147650
NSGA-II_PC60,3.186000,0.040000542
NSGA-II_PC60,3.204000,0.039930448
NSGA-II_PC60,3.206000,0.039867407
NSGA-II_PC60,3.224000,0.039788105
NSGA-II_PC60,3.252000,0.039648407
NSGA-II_PC60,3.254000,0.039607695
NSGA-II_PC60,3.290000,0.039510005
NSGA-II_PC60,3.356000,0.039426079
NSGA-II_PC60,3.388000,0.039298367
NSGA-II_PC60,3.454000,0.039241223
NSGA-II_PC60,3.488000,0.039052740
NSGA-II_PC60,3.560000,0.038864112
NSGA-II_PC60,3.592000,0.038643663
NSGA-II_PC60,3.638000,0.038552556
NSGA-II_PC60,3.660000,0.038506202
NSGA-II_PC60,3.682000,0.038455547
NSGA-II_PC60,3.792000,0.038449210
NSGA-II_PC60,3.890000,0.038429973
NSGA-II_PC60,3.920000,0.038339011
NSGA-II_PC60,3.948000,0.038298166
NSGA-II_PC60,4.000000,0.038296658
NSGA-II_PC60,4.006000,0.038228252
NSGA-II_PC60,4.048000,0.038139803
NSGA-II_PC60,4.164000,0.038138130
NSGA-II_PC60,4.172000,0.038065131
NSGA-II_PC60,4.198000,0.037977526
NSGA-II_PC60,4.318000,0.037790045
NSGA-II_PC60,4.514000,0.037682523
NSGA-II_PC60,4.634000,0.037552468
NSGA-II_PC60,4.700000,0.037543720
NSGA-II_PC60,4.710000,0.037474423
NSGA-II_PC60,4.752000,0.037394396
NSGA-II_PC60,4.908000,0.037392499
NSGA-II_PC60,4.978000,0.037377115
NSGA-II_PC60,4.998000,0.037288951
NSGA-II_PC60,5.026000,0.037245666
NSGA-II_PC60,5.220000,0.037219823
NSGA-II_PC60,5.230000,0.037153282
NSGA-II_PC60,5.336000,0.037087077
NSGA-II_PC60,5.450000,0.037007721
NSGA-II_PC60,5.742000,0.036971112
NSGA-II_PC60,5.754000,0.036905038
NSGA-II_PC60,5.862000,0.036831450
NSGA-II_PC60,6.332000,0.036747715
NSGA-II_PC60,6.390000,0.036725771
SPEA-II_PC60,2.940000,0.041960014
SPEA-II_PC60,2.942000,0.041595483
SPEA-II_PC60,2.960000,0.040424514
SPEA-II_PC60,2.972000,0.040413305
SPEA-II_PC60,3.004000,0.040157210
SPEA-II_PC60,3.060000,0.039853015
SPEA-II_PC60,3.144000,0.039845492
SPEA-II_PC60,3.150000,0.039798094
SPEA-II_PC60,3.180000,0.039692665
SPEA-II_PC60,3.196000,0.039568958
SPEA-II_PC60,3.204000,0.039443125
SPEA-II_PC60,3.260000,0.039288968
SPEA-II_PC60,3.290000,0.039220468
SPEA-II_PC60,3.352000,0.039137943
SPEA-II_PC60,3.356000,0.039112629
SPEA-II_PC60,3.386000,0.038863790
SPEA-II_PC60,3.436000,0.038759196
SPEA-II_PC60,3.454000,0.038754520
SPEA-II_PC60,3.458000,0.038648788
SPEA-II_PC60,3.502000,0.038491582
SPEA-II_PC60,3.532000,0.038465766
SPEA-II_PC60,3.542000,0.038387688
SPEA-II_PC60,3.582000,0.038363336
SPEA-II_PC60,3.650000,0.038360944
SPEA-II_PC60,3.668000,0.038180429
SPEA-II_PC60,3.692000,0.038139504
SPEA-II_PC60,3.792000,0.038092807
SPEA-II_PC60,3.814000,0.038049062
SPEA-II_PC60,3.886000,0.038032375
SPEA-II_PC60,3.926000,0.037915961
SPEA-II_PC60,3.984000,0.037894423
SPEA-II_PC60,4.028000,0.037810543
SPEA-II_PC60,4.048000,0.037760761
SPEA-II_PC60,4.074000,0.037743950
SPEA-II_PC60,4.172000,0.037738560
SPEA-II_PC60,4.198000,0.037726953
SPEA-II_PC60,4.216000,0.037648718
SPEA-II_PC60,4.224000,0.037561613
SPEA-II_PC60,4.378000,0.037544924
SPEA-II_PC60,4.670000,0.037533192
SPEA-II_PC60,4.686000,0.037506145
SPEA-II_PC60,4.726000,0.037407090
SPEA-II_PC60,4.944000,0.037397450
SPEA-II_PC60,4.992000,0.037324377
AMOSA_PC60,3.558000,0.044921034
AMOSA_PC60,3.680000,0.044891579
AMOSA_PC60,3.686000,0.044669123
AMOSA_PC60,3.698000,0.044562095
AMOSA_PC60,3.714000,0.044538768
AMOSA_PC60,3.754000,0.044393216
AMOSA_PC60,3.768000,0.044260605
AMOSA_PC60,3.794000,0.044247008
AMOSA_PC60,3.824000,0.044129012
AMOSA_PC60,3.846000,0.043494928
AMOSA_PC60,3.932000,0.043304233
AMOSA_PC60,4.012000,0.043235254
AMOSA_PC60,4.094000,0.043120648
AMOSA_PC60,4.124000,0.043007182
AMOSA_PC60,4.204000,0.042841970
AMOSA_PC60,4.296000,0.042734388
AMOSA_PC60,4.508000,0.042624812
AMOSA_PC60,4.780000,0.042456688
AMOSA_PC60,5.200000,0.042349099
AMOSA_PC60,5.276000,0.042317380
AMOSA_PC60,5.280000,0.042280745
AMOSA_PC60,5.452000,0.042186805
AMOSA_PC60,5.580000,0.042184796
GA_WaitingTime_Dominance_PC50,2.964000,0.044473167
GA_WaitingTime_Dominance_PC50,3.010000,0.044232345
GA_WaitingTime_Dominance_PC50,3.012000,0.044182216
GA_WaitingTime_Dominance_PC50,3.014000,0.044161163
GA_WaitingTime_Dominance_PC50,3.018000,0.044119054
GA_WaitingTime_Dominance_PC50,3.030000,0.044068586
GA_WaitingTime_Dominance_PC50,3.032000,0.044055895
GA_WaitingTime_Dominance_PC50,3.034000,0.043916111
GA_WaitingTime_Dominance_PC50,3.128000,0.043834737
GA_WaitingTime_Dominance_PC50,3.414000,0.043803054
GA_WaitingTime_Dominance_PC50,3.530000,0.043678793
GA_WaitingTime_Dominance_PC50,3.718000,0.043661515
GA_WaitingTime_Dominance_PC50,3.838000,0.043626511
GA_WaitingTime_Dominance_PC50,4.884000,0.043512087
GA_WaitingTime_Dominance_PC50,5.188000,0.043350166
GA_WaitingTime_Dominance_PC50,5.282000,0.043267000
GA_WaitingTime_Dominance_PC50,5.358000,0.043248821
GA_WaitingTime_Dominance_PC50,5.420000,0.043168707
GA_WaitingTime_Dominance_PC50,5.462000,0.043159579
GA_WaitingTime_Dominance_PC50,5.466000,0.043111308
GA_WaitingTime_Dominance_PC50,5.548000,0.043076221
GA_WaitingTime_Dominance_PC50,5.574000,0.043056867
GA_WaitingTime_Dominance_PC50,5.652000,0.042969341
GA_WaitingTime_Dominance_PC50,5.708000,0.042933911
GA_Energy_Dominance_PC50,5.324000,0.045583878
GA_Energy_Dominance_PC50,5.370000,0.043854428
GA_Energy_Dominance_PC50,5.682000,0.043839196
GA_Energy_Dominance_PC50,5.718000,0.043786243
GA_Energy_Dominance_PC50,5.744000,0.043722927
GA_Energy_Dominance_PC50,5.798000,0.043659283
GA_Energy_Dominance_PC50,5.800000,0.043556179
GA_Energy_Dominance_PC50,5.886000,0.043436811
GA_Energy_Dominance_PC50,5.954000,0.043430868
GA_Energy_Dominance_PC50,5.984000,0.043418342
GA_Energy_Dominance_PC50,5.992000,0.043099979
GA_Energy_Dominance_PC50,6.004000,0.041953237
GA_Energy_Dominance_PC50,6.072000,0.041872920
GA_Energy_Dominance_PC50,6.088000,0.041664326
GA_Energy_Dominance_PC50,6.136000,0.041561426
GA_Energy_Dominance_PC50,6.146000,0.041512309
GA_Energy_Dominance_PC50,6.178000,0.041045421
GA_Energy_Dominance_PC50,6.434000,0.041044668
GA_Energy_Dominance_PC50,6.490000,0.041000071
GA_Energy_Dominance_PC50,6.534000,0.040989705
GA_Energy_Dominance_PC50,6.644000,0.040936348
GA_Energy_Dominance_PC50,6.700000,0.040795373
GA_Energy_Dominance_PC50,6.876000,0.040694743
GA_Energy_Dominance_PC50,7.032000,0.040622742
GA_Energy_Dominance_PC50,7.052000,0.040476985
GA_Energy_Dominance_PC50,7.124000,0.040433603
GA_Energy_Dominance_PC50,7.258000,0.040159322
GA_Energy_Dominance_PC50,7.336000,0.040122865
GA_Energy_Dominance_PC50,7.440000,0.040000408
GA_Energy_Dominance_PC50,7.530000,0.039421341
GA_Energy_Dominance_PC50,7.646000,0.039324208
GA_Energy_Dominance_PC50,7.700000,0.039233717
GA_Energy_Dominance_PC50,7.726000,0.039070444
GA_Energy_Dominance_PC50,7.868000,0.038926654
GA_Energy_Dominance_PC50,7.908000,0.038700880
GA_Energy_Dominance_PC50,8.034000,0.038010407
GA_Energy_Dominance_PC50,8.132000,0.037981740
GA_Energy_Dominance_PC50,8.206000,0.037927629
GA_Energy_Dominance_PC50,8.292000,0.037701653
GA_Energy_Dominance_PC50,8.424000,0.037647018
GA_Energy_Dominance_PC50,8.522000,0.037587967
GA_Energy_Dominance_PC50,8.626000,0.037544964
GA_Energy_Dominance_PC50,8.754000,0.037471062
GA_Energy_Dominance_PC50,8.932000,0.037298302
GA_Energy_Dominance_PC50,9.092000,0.037264827
GA_Energy_Dominance_PC50,9.396000,0.037193084
GA_Energy_Dominance_PC50,9.498000,0.037087573
GA_Energy_Dominance_PC50,9.734000,0.037026329
GA_Energy_Dominance_PC50,9.790000,0.037005301
GA_Energy_Dominance_PC50,9.846000,0.036956560
GA_Energy_Dominance_PC50,9.958000,0.036781126
GA_Energy_Dominance_PC50,9.970000,0.036715907
GA_Energy_Dominance_PC50,10.082000,0.036705374
GA_Energy_Dominance_PC50,10.088000,0.036616483
GA_Energy_Dominance_PC50,10.226000,0.036487335
GA_Energy_Dominance_PC50,10.260000,0.036425572
GA_Energy_Dominance_PC50,10.334000,0.036392034
GA_Energy_Dominance_PC50,10.340000,0.036287464
GA_Energy_Dominance_PC50,10.390000,0.036208619
GA_Energy_Dominance_PC50,10.630000,0.036180460
GA_Energy_Dominance_PC50,10.844000,0.036138407
GA_Energy_Dominance_PC50,10.846000,0.036044312
GA_Energy_Dominance_PC50,10.918000,0.035761602
GA_Energy_Dominance_PC50,11.110000,0.035699278
GA_Energy_Dominance_PC50,11.188000,0.035623753
GA_Energy_Dominance_PC50,11.240000,0.035561330
GA_Energy_Dominance_PC50,11.278000,0.035466227
GA_Energy_Dominance_PC50,11.344000,0.035418892
GA_Energy_Dominance_PC50,11.466000,0.035403697
GA_Energy_Dominance_PC50,11.506000,0.035292817
GA_Energy_Dominance_PC50,11.628000,0.035272988
GA_Energy_Dominance_PC50,11.852000,0.035195640
GA_Energy_Dominance_PC50,12.016000,0.035140301
GA_Energy_Dominance_PC50,12.300000,0.035078648
GA_Energy_Dominance_PC50,12.518000,0.035051811
GA_Energy_Dominance_PC50,12.668000,0.034982249
GA_Energy_Dominance_PC50,12.798000,0.034898770
GA_Energy_Dominance_PC50,13.018000,0.034898616
GA_Energy_Dominance_PC50,13.048000,0.034805208
GA_Energy_Dominance_PC50,13.174000,0.034772261
GA_Energy_Dominance_PC50,13.250000,0.034766984
GA_Energy_Dominance_PC50,13.332000,0.034708791
GA_Energy_Dominance_PC50,13.414000,0.034590278
GA_Energy_Dominance_PC50,13.522000,0.034556899
GA_Energy_Dominance_PC50,13.660000,0.034513058
GA_Energy_Dominance_PC50,13.750000,0.034485362
GA_Energy_Dominance_PC50,13.828000,0.034367372
GA_Energy_Dominance_PC50,14.058000,0.034282385
GA_Energy_Dominance_PC50,14.230000,0.034202291
GA_Energy_Dominance_PC50,14.322000,0.034167291
GA_Energy_Dominance_PC50,14.430000,0.034105078
GA_Energy_Dominance_PC50,14.604000,0.034001747
GA_Energy_Dominance_PC50,14.738000,0.033978894
GA_Energy_Dominance_PC50,14.890000,0.033936983
GA_Energy_Dominance_PC50,15.008000,0.033934383
GA_Energy_Dominance_PC50,15.214000,0.033843927
GA_Energy_Dominance_PC50,15.312000,0.033828829
GA_Energy_Dominance_PC50,15.528000,0.033772274
GA_Energy_Dominance_PC50,15.686000,0.033760941
GA_Energy_Dominance_PC50,15.790000,0.033712562
GA_Energy_Dominance_PC50,15.906000,0.033684276
GA_Energy_Dominance_PC50,16.054000,0.033644656
GA_Energy_Dominance_PC50,16.136000,0.033554783
GA_Energy_Dominance_PC50,16.252000,0.033469045
GA_Energy_Dominance_PC50,16.364000,0.033450832
GA_Energy_Dominance_PC50,16.472000,0.033363234
GA_Energy_Dominance_PC50,16.612000,0.033326765
GA_Energy_Dominance_PC50,16.830000,0.033325455
GA_Energy_Dominance_PC50,16.954000,0.033316940
GA_Energy_Dominance_PC50,17.086000,0.033300247
GA_Energy_Dominance_PC50,17.312000,0.033292376
SA_WaitingTime_Dominance_PC50,2.818000,0.044124231
SA_WaitingTime_Dominance_PC50,2.820000,0.044103178
SA_WaitingTime_Dominance_PC50,2.828000,0.044082174
SA_WaitingTime_Dominance_PC50,2.836000,0.044052976
SA_WaitingTime_Dominance_PC50,2.846000,0.044024724
SA_WaitingTime_Dominance_PC50,2.878000,0.044012620
SA_WaitingTime_Dominance_PC50,2.882000,0.043996943
SA_WaitingTime_Dominance_PC50,2.888000,0.043875760
SA_WaitingTime_Dominance_PC50,2.904000,0.043854707
SA_WaitingTime_Dominance_PC50,2.912000,0.043644179
SA_WaitingTime_Dominance_PC50,3.042000,0.043351085
SA_WaitingTime_Dominance_PC50,3.048000,0.043332795
SA_WaitingTime_Dominance_PC50,3.050000,0.043306384
SA_WaitingTime_Dominance_PC50,3.060000,0.043289998
SA_WaitingTime_Dominance_PC50,3.106000,0.043160477
SA_WaitingTime_Dominance_PC50,3.178000,0.043153606
SA_WaitingTime_Dominance_PC50,3.198000,0.043125209
SA_WaitingTime_Dominance_PC50,3.218000,0.043112969
SA_WaitingTime_Dominance_PC50,3.224000,0.043103450
SA_WaitingTime_Dominance_PC50,3.234000,0.043100481
SA_WaitingTime_Dominance_PC50,3.240000,0.043079226
SA_WaitingTime_Dominance_PC50,3.262000,0.042962559
SA_WaitingTime_Dominance_PC50,3.300000,0.042928969
SA_WaitingTime_Dominance_PC50,3.314000,0.042839410
SA_WaitingTime_Dominance_PC50,3.320000,0.042666403
SA_WaitingTime_Dominance_PC50,3.326000,0.042656214
SA_WaitingTime_Dominance_PC50,3.330000,0.042638355
SA_WaitingTime_Dominance_PC50,3.336000,0.042635161
SA_WaitingTime_Dominance_PC50,3.340000,0.042608158
SA_WaitingTime_Dominance_PC50,3.346000,0.042605904
SA_WaitingTime_Dominance_PC50,3.350000,0.042598128
SA_WaitingTime_Dominance_PC50,3.354000,0.042588582
SA_WaitingTime_Dominance_PC50,3.360000,0.042569456
SA_WaitingTime_Dominance_PC50,3.382000,0.042505272
SA_Energy_Dominance_PC50,5.228000,0.045236052
SA_Energy_Dominance_PC50,5.282000,0.043136180
SA_Energy_Dominance_PC50,5.382000,0.043083877
SA_Energy_Dominance_PC50,5.398000,0.043036092
SA_Energy_Dominance_PC50,5.438000,0.043013783
SA_Energy_Dominance_PC50,5.442000,0.042995494
SA_Energy_Dominance_PC50,5.450000,0.042966192
SA_Energy_Dominance_PC50,5.456000,0.042953086
SA_Energy_Dominance_PC50,5.480000,0.042929624
SA_Energy_Dominance_PC50,5.498000,0.042859158
SA_Energy_Dominance_PC50,5.516000,0.042799452
SA_Energy_Dominance_PC50,5.528000,0.042781574
SA_Energy_Dominance_PC50,5.538000,0.042772376
SA_Energy_Dominance_PC50,5.558000,0.042771047
SA_Energy_Dominance_PC50,5.592000,0.042628764
SA_Energy_Dominance_PC50,5.656000,0.042573583
SA_Energy_Dominance_PC50,5.710000,0.042537624
SA_Energy_Dominance_PC50,6.316000,0.042088032
SA_Energy_Dominance_PC50,6.322000,0.042076816
SA_Energy_Dominance_PC50,6.352000,0.042074114
SA_Energy_Dominance_PC50,6.436000,0.042065382
SA_Energy_Dominance_PC50,6.488000,0.041899463
SA_Energy_Dominance_PC50,6.496000,0.041885444
SA_Energy_Dominance_PC50,6.722000,0.041469263
SA_Energy_Dominance_PC50,6.752000,0.041109068
SA_Energy_Dominance_PC50,6.772000,0.041107329
SA_Energy_Dominance_PC50,6.808000,0.041095962
SA_Energy_Dominance_PC50,6.826000,0.041092549
SA_Energy_Dominance_PC50,6.860000,0.041070234
SA_Energy_Dominance_PC50,6.876000,0.041069460
SA_Energy_Dominance_PC50,6.902000,0.041007075
SA_Energy_Dominance_PC50,6.992000,0.041001680
SA_Energy_Dominance_PC50,7.010000,0.040996153
SA_Energy_Dominance_PC50,7.086000,0.040909881
SA_Energy_Dominance_PC50,7.210000,0.040882147
SA_Energy_Dominance_PC50,7.312000,0.040868492
SA_Energy_Dominance_PC50,7.358000,0.040857704
SA_Energy_Dominance_PC50,7.438000,0.040853554
SA_Energy_Dominance_PC50,7.586000,0.040836996
SA_Energy_Dominance_PC50,7.750000,0.040814704
SA_Energy_Dominance_PC50,7.762000,0.040775697
SA_Energy_Dominance_PC50,7.824000,0.040757407
SA_Energy_Dominance_PC50,7.860000,0.040755573
SA_Energy_Dominance_PC50,7.870000,0.040689209
SA_Energy_Dominance_PC50,7.982000,0.040685473
SA_Energy_Dominance_PC50,8.004000,0.040594930
SA_Energy_Dominance_PC50,8.128000,0.040582483
SA_Energy_Dominance_PC50,8.194000,0.039820837
SA_Energy_Dominance_PC50,8.240000,0.039794855
SA_Energy_Dominance_PC50,8.276000,0.039791027
SA_Energy_Dominance_PC50,8.284000,0.039755559
SA_Energy_Dominance_PC50,8.356000,0.039755437
SA_Energy_Dominance_PC50,8.448000,0.039729918
SA_Energy_Dominance_PC50,8.532000,0.039637839
SA_Energy_Dominance_PC50,8.632000,0.039632860
SA_Energy_Dominance_PC50,8.650000,0.039539027
SA_Energy_Dominance_PC50,8.700000,0.039459379
SA_Energy_Dominance_PC50,8.752000,0.039454660
SA_Energy_Dominance_PC50,8.798000,0.039417672
SA_Energy_Dominance_PC50,8.838000,0.039412268
SA_Energy_Dominance_PC50,8.970000,0.039320409
SA_Energy_Dominance_PC50,9.144000,0.039316239
SA_Energy_Dominance_PC50,9.196000,0.039070941
SA_Energy_Dominance_PC50,9.258000,0.039017514
SA_Energy_Dominance_PC50,9.362000,0.038936289
SA_Energy_Dominance_PC50,9.394000,0.038907369
SA_Energy_Dominance_PC50,9.518000,0.038849092
SA_Energy_Dominance_PC50,9.544000,0.038844276
SA_Energy_Dominance_PC50,9.592000,0.038842210
SA_Energy_Dominance_PC50,9.634000,0.038836653
SA_Energy_Dominance_PC50,9.658000,0.038826053
SA_Energy_Dominance_PC50,9.684000,0.038802457
SA_Energy_Dominance_PC50,9.786000,0.038800946
SA_Energy_Dominance_PC50,9.814000,0.038635677
SA_Energy_Dominance_PC50,9.936000,0.038628284
SA_Energy_Dominance_PC50,9.982000,0.038601228
SA_Energy_Dominance_PC50,10.036000,0.038598470
SA_Energy_Dominance_PC50,10.088000,0.038568478
SA_Energy_Dominance_PC50,10.288000,0.038566461
SA_Energy_Dominance_PC50,10.360000,0.038533390
SA_Energy_Dominance_PC50,10.460000,0.038480240
SA_Energy_Dominance_PC50,10.546000,0.038416278
SA_Energy_Dominance_PC50,10.678000,0.038377616
SA_Energy_Dominance_PC50,10.794000,0.037752414
SA_Energy_Dominance_PC50,11.254000,0.037255899
SA_Energy_Dominance_PC50,11.332000,0.037228278
SA_Energy_Dominance_PC50,11.408000,0.037225857
SA_Energy_Dominance_PC50,11.504000,0.037207225
SA_Energy_Dominance_PC50,11.634000,0.037165120
SA_Energy_Dominance_PC50,12.682000,0.037121056
SA_Energy_Dominance_PC50,12.818000,0.037036845
SA_Energy_Dominance_PC50,12.924000,0.037025062
SA_Energy_Dominance_PC50,13.136000,0.036999044
SA_Energy_Dominance_PC50,13.420000,0.036632842
SA_Energy_Dominance_PC50,13.482000,0.036495219
SA_Energy_Dominance_PC50,13.570000,0.036474318
SA_Energy_Dominance_PC50,13.690000,0.036403056
SA_Energy_Dominance_PC50,13.924000,0.036330990
SA_Energy_Dominance_PC50,14.046000,0.036326841
SA_Energy_Dominance_PC50,14.180000,0.036324420
SA_Energy_Dominance_PC50,14.368000,0.036273753
SA_Energy_Dominance_PC50,14.588000,0.036256472
SA_Energy_Dominance_PC50,14.748000,0.036196390
SA_Energy_Dominance_PC50,14.922000,0.036141968
SA_Energy_Dominance_PC50,14.944000,0.035437469
SA_Energy_Dominance_PC50,15.190000,0.035169975
SA_Energy_Dominance_PC50,15.328000,0.035162553
SA_Energy_Dominance_PC50,15.464000,0.034957088
SA_Energy_Dominance_PC50,15.506000,0.034733197
SA_Energy_Dominance_PC50,15.576000,0.034603804
SA_Energy_Dominance_PC50,15.706000,0.034597983
SA_Energy_Dominance_PC50,15.828000,0.034579400
SA_Energy_Dominance_PC50,15.968000,0.034576979
SA_Energy_Dominance_PC50,16.146000,0.034576979
SA_Energy_Dominance_PC50,18.080000,0.034373259
SA_Energy_Dominance_PC50,18.224000,0.034346535
SA_Energy_Dominance_PC50,18.348000,0.034344518
SA_Energy_Dominance_PC50,18.834000,0.034128561
SA_Energy_Dominance_PC50,18.982000,0.033781536
SA_Energy_Dominance_PC50,19.034000,0.033762661
SA_Energy_Dominance_PC50,19.180000,0.033721676
SA_Energy_Dominance_PC50,19.256000,0.033694691
SA_Energy_Dominance_PC50,19.390000,0.033691977
SA_Energy_Dominance_PC50,19.424000,0.033690541
SA_Energy_Dominance_PC50,19.522000,0.033690326
SA_Energy_Dominance_PC50,19.626000,0.033670318
SA_Energy_Dominance_PC50,19.834000,0.033667471
SA_Energy_Dominance_PC50,19.840000,0.033447168
SA_Energy_Dominance_PC50,20.106000,0.033368424
SA_Energy_Dominance_PC50,20.270000,0.033236369
SA_Energy_Dominance_PC50,20.430000,0.033224804
SA_Energy_Dominance_PC50,20.586000,0.033219299
SA_Energy_Dominance_PC50,24.954000,0.033206714
SA_Energy_Dominance_PC50,25.170000,0.033201002
NSGA-II_PC50,3.940000,0.039973785
NSGA-II_PC50,3.964000,0.039923043
NSGA-II_PC50,4.002000,0.039805730
NSGA-II_PC50,4.012000,0.039779614
NSGA-II_PC50,4.046000,0.039496567
NSGA-II_PC50,4.076000,0.039431080
NSGA-II_PC50,4.102000,0.039403029
NSGA-II_PC50,4.186000,0.039352090
NSGA-II_PC50,4.234000,0.039316699
NSGA-II_PC50,4.272000,0.039211395
NSGA-II_PC50,4.276000,0.039085942
NSGA-II_PC50,4.410000,0.039041845
NSGA-II_PC50,4.426000,0.038885495
NSGA-II_PC50,4.506000,0.038871209
NSGA-II_PC50,4.528000,0.038725459
NSGA-II_PC50,4.634000,0.038664287
NSGA-II_PC50,4.676000,0.038660099
NSGA-II_PC50,4.682000,0.038540140
NSGA-II_PC50,4.706000,0.038405625
NSGA-II_PC50,5.026000,0.038180394
NSGA-II_PC50,5.226000,0.038150111
NSGA-II_PC50,5.264000,0.038093732
NSGA-II_PC50,5.440000,0.038069099
NSGA-II_PC50,5.492000,0.038057517
NSGA-II_PC50,5.556000,0.038056080
NSGA-II_PC50,5.558000,0.038004231
NSGA-II_PC50,5.636000,0.037963153
NSGA-II_PC50,5.692000,0.037949824
NSGA-II_PC50,5.704000,0.037886550
NSGA-II_PC50,5.846000,0.037846932
NSGA-II_PC50,6.122000,0.037827867
NSGA-II_PC50,6.154000,0.037809029
NSGA-II_PC50,6.240000,0.037798738
NSGA-II_PC50,6.250000,0.037737731
NSGA-II_PC50,6.408000,0.037601404
NSGA-II_PC50,7.088000,0.037535383
SPEA-II_PC50,3.800000,0.041640101
SPEA-II_PC50,3.806000,0.041231228
SPEA-II_PC50,3.810000,0.039956523
SPEA-II_PC50,3.836000,0.039800086
SPEA-II_PC50,3.842000,0.039588709
SPEA-II_PC50,3.926000,0.039527582
SPEA-II_PC50,3.990000,0.039498237
SPEA-II_PC50,3.994000,0.039445746
SPEA-II_PC50,4.020000,0.039361786
SPEA-II_PC50,4.052000,0.039244047
SPEA-II_PC50,4.088000,0.039237722
SPEA-II_PC50,4.130000,0.039170177
SPEA-II_PC50,4.144000,0.039066503
SPEA-II_PC50,4.196000,0.039026672
SPEA-II_PC50,4.248000,0.039008450
SPEA-II_PC50,4.280000,0.039003479
SPEA-II_PC50,4.340000,0.038948560
SPEA-II_PC50,4.346000,0.038937201
SPEA-II_PC50,4.362000,0.038910281
SPEA-II_PC50,4.438000,0.038868650
SPEA-II_PC50,4.462000,0.038723611
SPEA-II_PC50,4.586000,0.038604169
SPEA-II_PC50,4.742000,0.038600292
SPEA-II_PC50,4.746000,0.038516293
SPEA-II_PC50,5.020000,0.038447893
SPEA-II_PC50,5.068000,0.038446793
SPEA-II_PC50,5.086000,0.038440642
SPEA-II_PC50,5.154000,0.038426051
SPEA-II_PC50,5.198000,0.038395362
SPEA-II_PC50,5.384000,0.038381535
SPEA-II_PC50,5.578000,0.038377111
SPEA-II_PC50,6.188000,0.038342224
SPEA-II_PC50,6.206000,0.038332329
SPEA-II_PC50,6.522000,0.038261784
SPEA-II_PC50,7.202000,0.038188189
AMOSA_PC50,5.208000,0.045022141
AMOSA_PC50,5.256000,0.044613242
AMOSA_PC50,5.262000,0.044574537
AMOSA_PC50,5.284000,0.044006953
AMOSA_PC50,5.628000,0.043988181
AMOSA_PC50,5.630000,0.043860122
AMOSA_PC50,5.752000,0.043796281
AMOSA_PC50,6.038000,0.043708295
AMOSA_PC50,6.112000,0.043661230
AMOSA_PC50,6.142000,0.043548869
AMOSA_PC50,6.170000,0.043482011
AMOSA_PC50,6.340000,0.043291372
